Season,Date,HomeTeam,AwayTeam,FTHG,FTAG,FTR,HTHG,HTAG,HTR,HS,AS,HST,AST,HC,AC,HF,AF,HY,AY,HR,AR,Referee
2014-2015,2014-08-16,West Brom,Sunderland,2.0,2.0,D,1.0,1.0,D,10.0,7.0,5.0,2.0,6.0,3.0,18.0,9.0,3.0,1.0,0.0,0.0,N Swarbrick
2014-2015,2014-08-16,Stoke,Aston Villa,0.0,1.0,A,0.0,0.0,D,12.0,7.0,2.0,2.0,2.0,8.0,14.0,9.0,0.0,3.0,0.0,0.0,A Taylor
2014-2015,2014-08-16,QPR,Hull,0.0,1.0,A,0.0,0.0,D,19.0,11.0,6.0,4.0,8.0,9.0,10.0,10.0,1.0,2.0,0.0,0.0,C Pawson
2014-2015,2014-08-16,West Ham,Tottenham,0.0,1.0,A,0.0,0.0,D,18.0,10.0,4.0,4.0,8.0,5.0,12.0,10.0,1.0,0.0,1.0,1.0,C Foy
2014-2015,2014-08-16,Leicester,Everton,2.0,2.0,D,1.0,2.0,A,11.0,13.0,3.0,3.0,3.0,6.0,16.0,10.0,1.0,1.0,0.0,0.0,M Jones
2014-2015,2014-08-16,Arsenal,Crystal Palace,2.0,1.0,H,1.0,1.0,D,14.0,4.0,6.0,2.0,9.0,3.0,13.0,19.0,2.0,2.0,0.0,1.0,J Moss
2014-2015,2014-08-16,Manchester United,Swansea,1.0,2.0,A,0.0,1.0,A,14.0,5.0,5.0,4.0,4.0,0.0,14.0,20.0,2.0,4.0,0.0,0.0,M Dean
2014-2015,2014-08-17,Liverpool,Southampton,2.0,1.0,H,1.0,0.0,H,12.0,12.0,5.0,6.0,2.0,6.0,8.0,11.0,1.0,2.0,0.0,0.0,M Clattenburg
2014-2015,2014-08-17,Newcastle,Manchester City,0.0,2.0,A,0.0,1.0,A,12.0,13.0,0.0,5.0,3.0,3.0,8.0,11.0,1.0,5.0,0.0,0.0,M Atkinson
2014-2015,2014-08-18,Burnley,Chelsea,1.0,3.0,A,1.0,3.0,A,9.0,11.0,2.0,3.0,4.0,3.0,6.0,7.0,1.0,1.0,0.0,0.0,M Oliver
2014-2015,2014-08-23,Swansea,Burnley,1.0,0.0,H,1.0,0.0,H,10.0,12.0,5.0,1.0,2.0,3.0,14.0,13.0,2.0,1.0,0.0,0.0,C Pawson
2014-2015,2014-08-23,Southampton,West Brom,0.0,0.0,D,0.0,0.0,D,8.0,8.0,2.0,2.0,1.0,5.0,14.0,15.0,1.0,2.0,0.0,0.0,R East
2014-2015,2014-08-23,Everton,Arsenal,2.0,2.0,D,2.0,0.0,H,8.0,13.0,2.0,3.0,3.0,3.0,10.0,18.0,1.0,4.0,0.0,0.0,K Friend
2014-2015,2014-08-23,Chelsea,Leicester,2.0,0.0,H,0.0,0.0,D,27.0,6.0,10.0,4.0,8.0,7.0,11.0,11.0,0.0,1.0,0.0,0.0,L Mason
2014-2015,2014-08-23,Aston Villa,Newcastle,0.0,0.0,D,0.0,0.0,D,9.0,11.0,0.0,4.0,7.0,7.0,11.0,8.0,4.0,0.0,0.0,1.0,M Dean
2014-2015,2014-08-23,Crystal Palace,West Ham,1.0,3.0,A,0.0,2.0,A,9.0,17.0,4.0,8.0,6.0,9.0,14.0,11.0,1.0,3.0,0.0,0.0,M Clattenburg
2014-2015,2014-08-24,Hull,Stoke,1.0,1.0,D,1.0,0.0,H,9.0,19.0,2.0,3.0,4.0,5.0,10.0,10.0,1.0,3.0,1.0,0.0,J Moss
2014-2015,2014-08-24,Sunderland,Manchester United,1.0,1.0,D,1.0,1.0,D,11.0,10.0,3.0,3.0,4.0,4.0,10.0,15.0,0.0,2.0,0.0,0.0,M Atkinson
2014-2015,2014-08-24,Tottenham,QPR,4.0,0.0,H,3.0,0.0,H,18.0,9.0,5.0,1.0,7.0,6.0,12.0,6.0,0.0,1.0,0.0,0.0,A Taylor
2014-2015,2014-08-25,Manchester City,Liverpool,3.0,1.0,H,1.0,0.0,H,9.0,11.0,4.0,3.0,6.0,7.0,13.0,7.0,1.0,1.0,0.0,0.0,M Oliver
2014-2015,2014-08-30,Swansea,West Brom,3.0,0.0,H,2.0,0.0,H,15.0,16.0,8.0,2.0,0.0,7.0,10.0,8.0,1.0,2.0,0.0,0.0,P Tierney
2014-2015,2014-08-30,West Ham,Southampton,1.0,3.0,A,1.0,1.0,D,4.0,18.0,2.0,8.0,2.0,9.0,11.0,13.0,2.0,1.0,0.0,0.0,M Dean
2014-2015,2014-08-30,Newcastle,Crystal Palace,3.0,3.0,D,1.0,1.0,D,18.0,12.0,4.0,7.0,11.0,4.0,12.0,19.0,1.0,3.0,0.0,0.0,M Jones
2014-2015,2014-08-30,QPR,Sunderland,1.0,0.0,H,1.0,0.0,H,18.0,16.0,5.0,6.0,4.0,6.0,8.0,9.0,1.0,2.0,0.0,0.0,R Madley
2014-2015,2014-08-30,Everton,Chelsea,3.0,6.0,A,1.0,2.0,A,17.0,12.0,7.0,8.0,8.0,2.0,7.0,16.0,1.0,3.0,0.0,0.0,J Moss
2014-2015,2014-08-30,Burnley,Manchester United,0.0,0.0,D,0.0,0.0,D,9.0,7.0,3.0,2.0,3.0,6.0,10.0,14.0,2.0,2.0,0.0,0.0,C Foy
2014-2015,2014-08-30,Manchester City,Stoke,0.0,1.0,A,0.0,0.0,D,16.0,7.0,2.0,2.0,11.0,4.0,14.0,5.0,2.0,1.0,0.0,0.0,L Mason
2014-2015,2014-08-31,Aston Villa,Hull,2.0,1.0,H,2.0,0.0,H,11.0,9.0,4.0,3.0,3.0,7.0,9.0,10.0,1.0,4.0,0.0,0.0,M Clattenburg
2014-2015,2014-08-31,Leicester,Arsenal,1.0,1.0,D,1.0,1.0,D,9.0,24.0,3.0,6.0,5.0,10.0,14.0,6.0,3.0,1.0,0.0,0.0,A Taylor
2014-2015,2014-08-31,Tottenham,Liverpool,0.0,3.0,A,0.0,1.0,A,7.0,17.0,1.0,8.0,7.0,3.0,14.0,11.0,0.0,4.0,0.0,0.0,P Dowd
2014-2015,2014-09-13,Liverpool,Aston Villa,0.0,1.0,A,0.0,1.0,A,18.0,5.0,1.0,1.0,7.0,6.0,9.0,10.0,2.0,1.0,0.0,0.0,L Mason
2014-2015,2014-09-13,Arsenal,Manchester City,2.0,2.0,D,0.0,1.0,A,15.0,15.0,6.0,8.0,0.0,3.0,11.0,15.0,3.0,4.0,0.0,0.0,M Clattenburg
2014-2015,2014-09-13,Chelsea,Swansea,4.0,2.0,H,1.0,1.0,D,29.0,11.0,9.0,2.0,7.0,4.0,12.0,11.0,0.0,3.0,0.0,0.0,K Friend
2014-2015,2014-09-13,Crystal Palace,Burnley,0.0,0.0,D,0.0,0.0,D,14.0,11.0,3.0,3.0,5.0,5.0,12.0,10.0,2.0,3.0,0.0,0.0,M Dean
2014-2015,2014-09-13,Southampton,Newcastle,4.0,0.0,H,2.0,0.0,H,10.0,9.0,7.0,4.0,5.0,5.0,15.0,7.0,0.0,2.0,0.0,0.0,C Foy
2014-2015,2014-09-13,Stoke,Leicester,0.0,1.0,A,0.0,0.0,D,24.0,8.0,4.0,1.0,13.0,3.0,8.0,15.0,3.0,0.0,0.0,0.0,M Oliver
2014-2015,2014-09-13,Sunderland,Tottenham,2.0,2.0,D,1.0,1.0,D,6.0,15.0,1.0,6.0,5.0,5.0,10.0,13.0,5.0,1.0,0.0,0.0,C Pawson
2014-2015,2014-09-13,West Brom,Everton,0.0,2.0,A,0.0,1.0,A,11.0,11.0,1.0,4.0,9.0,1.0,12.0,8.0,2.0,3.0,0.0,0.0,A Taylor
2014-2015,2014-09-14,Manchester United,QPR,4.0,0.0,H,3.0,0.0,H,19.0,9.0,9.0,2.0,3.0,1.0,11.0,8.0,1.0,0.0,0.0,0.0,P Dowd
2014-2015,2014-09-15,Hull,West Ham,2.0,2.0,D,1.0,0.0,H,11.0,16.0,6.0,4.0,3.0,10.0,12.0,7.0,3.0,1.0,0.0,0.0,M Atkinson
2014-2015,2014-09-20,Burnley,Sunderland,0.0,0.0,D,0.0,0.0,D,17.0,14.0,6.0,6.0,5.0,1.0,14.0,14.0,1.0,2.0,0.0,0.0,A Taylor
2014-2015,2014-09-20,West Ham,Liverpool,3.0,1.0,H,2.0,1.0,H,13.0,11.0,7.0,5.0,7.0,5.0,16.0,11.0,4.0,1.0,0.0,0.0,C Pawson
2014-2015,2014-09-20,Swansea,Southampton,0.0,1.0,A,0.0,0.0,D,5.0,11.0,2.0,4.0,2.0,4.0,11.0,15.0,0.0,4.0,1.0,0.0,J Moss
2014-2015,2014-09-20,Aston Villa,Arsenal,0.0,3.0,A,0.0,3.0,A,6.0,9.0,2.0,3.0,5.0,5.0,11.0,9.0,1.0,3.0,0.0,0.0,M Jones
2014-2015,2014-09-20,Newcastle,Hull,2.0,2.0,D,0.0,0.0,D,25.0,10.0,7.0,3.0,4.0,2.0,11.0,11.0,4.0,2.0,0.0,0.0,N Swarbrick
2014-2015,2014-09-20,QPR,Stoke,2.0,2.0,D,1.0,1.0,D,21.0,8.0,5.0,4.0,10.0,1.0,6.0,15.0,2.0,4.0,0.0,0.0,M Atkinson
2014-2015,2014-09-21,Everton,Crystal Palace,2.0,3.0,A,1.0,1.0,D,17.0,10.0,6.0,3.0,7.0,1.0,8.0,13.0,2.0,2.0,0.0,0.0,M Oliver
2014-2015,2014-09-21,Leicester,Manchester United,5.0,3.0,H,1.0,2.0,A,15.0,16.0,5.0,5.0,2.0,4.0,11.0,9.0,1.0,1.0,0.0,1.0,M Clattenburg
2014-2015,2014-09-21,Manchester City,Chelsea,1.0,1.0,D,0.0,0.0,D,16.0,6.0,4.0,2.0,14.0,2.0,16.0,12.0,3.0,4.0,1.0,0.0,M Dean
2014-2015,2014-09-21,Tottenham,West Brom,0.0,1.0,A,0.0,0.0,D,7.0,10.0,1.0,4.0,9.0,7.0,12.0,7.0,2.0,2.0,0.0,0.0,K Friend
2014-2015,2014-09-27,Southampton,QPR,2.0,1.0,H,0.0,0.0,D,19.0,10.0,9.0,2.0,6.0,3.0,12.0,11.0,2.0,1.0,0.0,0.0,M Clattenburg
2014-2015,2014-09-27,Arsenal,Tottenham,1.0,1.0,D,0.0,0.0,D,16.0,6.0,6.0,4.0,15.0,5.0,7.0,16.0,3.0,6.0,0.0,0.0,M Oliver
2014-2015,2014-09-27,Chelsea,Aston Villa,3.0,0.0,H,1.0,0.0,H,17.0,7.0,8.0,1.0,9.0,2.0,11.0,9.0,2.0,2.0,0.0,0.0,P Dowd
2014-2015,2014-09-27,Crystal Palace,Leicester,2.0,0.0,H,0.0,0.0,D,16.0,7.0,6.0,1.0,6.0,6.0,14.0,9.0,0.0,2.0,0.0,0.0,K Stroud
2014-2015,2014-09-27,Hull,Manchester City,2.0,4.0,A,2.0,2.0,D,10.0,20.0,5.0,6.0,3.0,8.0,10.0,6.0,0.0,2.0,0.0,0.0,A Taylor
2014-2015,2014-09-27,Liverpool,Everton,1.0,1.0,D,0.0,0.0,D,24.0,11.0,8.0,5.0,8.0,2.0,8.0,9.0,2.0,1.0,0.0,0.0,M Atkinson
2014-2015,2014-09-27,Manchester United,West Ham,2.0,1.0,H,2.0,1.0,H,8.0,13.0,3.0,4.0,7.0,10.0,10.0,12.0,1.0,3.0,1.0,0.0,L Mason
2014-2015,2014-09-27,Sunderland,Swansea,0.0,0.0,D,0.0,0.0,D,15.0,7.0,3.0,1.0,10.0,1.0,13.0,15.0,2.0,1.0,0.0,1.0,C Foy
2014-2015,2014-09-28,West Brom,Burnley,4.0,0.0,H,2.0,0.0,H,20.0,10.0,6.0,2.0,10.0,2.0,7.0,9.0,1.0,2.0,0.0,0.0,J Moss
2014-2015,2014-09-29,Stoke,Newcastle,1.0,0.0,H,1.0,0.0,H,12.0,16.0,3.0,1.0,2.0,10.0,20.0,15.0,1.0,2.0,0.0,0.0,C Pawson
2014-2015,2014-10-04,Swansea,Newcastle,2.0,2.0,D,1.0,1.0,D,11.0,9.0,5.0,4.0,3.0,1.0,11.0,15.0,1.0,3.0,0.0,0.0,L Mason
2014-2015,2014-10-04,Sunderland,Stoke,3.0,1.0,H,2.0,1.0,H,8.0,11.0,3.0,5.0,7.0,4.0,10.0,17.0,3.0,4.0,0.0,0.0,N Swarbrick
2014-2015,2014-10-04,Liverpool,West Brom,2.0,1.0,H,1.0,0.0,H,19.0,8.0,7.0,4.0,5.0,5.0,12.0,15.0,2.0,2.0,0.0,0.0,M Oliver
2014-2015,2014-10-04,Leicester,Burnley,2.0,2.0,D,2.0,1.0,H,15.0,10.0,6.0,4.0,9.0,3.0,16.0,12.0,2.0,2.0,0.0,0.0,P Dowd
2014-2015,2014-10-04,Hull,Crystal Palace,2.0,0.0,H,0.0,0.0,D,15.0,11.0,2.0,2.0,6.0,7.0,6.0,14.0,1.0,2.0,0.0,0.0,M Dean
2014-2015,2014-10-04,Aston Villa,Manchester City,0.0,2.0,A,0.0,0.0,D,6.0,27.0,1.0,7.0,0.0,7.0,4.0,6.0,0.0,1.0,0.0,0.0,C Foy
2014-2015,2014-10-05,Chelsea,Arsenal,2.0,0.0,H,1.0,0.0,H,5.0,10.0,3.0,0.0,2.0,2.0,14.0,10.0,4.0,3.0,0.0,0.0,M Atkinson
2014-2015,2014-10-05,Manchester United,Everton,2.0,1.0,H,1.0,0.0,H,15.0,10.0,4.0,6.0,11.0,6.0,18.0,11.0,4.0,3.0,0.0,0.0,K Friend
2014-2015,2014-10-05,Tottenham,Southampton,1.0,0.0,H,1.0,0.0,H,9.0,7.0,4.0,3.0,10.0,5.0,15.0,9.0,2.0,1.0,0.0,0.0,M Jones
2014-2015,2014-10-05,West Ham,QPR,2.0,0.0,H,1.0,0.0,H,11.0,10.0,3.0,3.0,7.0,5.0,10.0,11.0,2.0,2.0,0.0,0.0,A Taylor
2014-2015,2014-10-18,Southampton,Sunderland,8.0,0.0,H,3.0,0.0,H,20.0,12.0,11.0,1.0,5.0,6.0,11.0,8.0,1.0,3.0,0.0,0.0,A Marriner
2014-2015,2014-10-18,Newcastle,Leicester,1.0,0.0,H,0.0,0.0,D,19.0,7.0,6.0,2.0,10.0,7.0,13.0,15.0,0.0,3.0,0.0,0.0,M Atkinson
2014-2015,2014-10-18,Manchester City,Tottenham,4.0,1.0,H,2.0,1.0,H,20.0,19.0,12.0,7.0,3.0,4.0,11.0,9.0,1.0,2.0,0.0,1.0,J Moss
2014-2015,2014-10-18,Crystal Palace,Chelsea,1.0,2.0,A,0.0,1.0,A,7.0,14.0,4.0,5.0,3.0,2.0,13.0,7.0,1.0,1.0,1.0,1.0,C Pawson
2014-2015,2014-10-18,Burnley,West Ham,1.0,3.0,A,0.0,0.0,D,17.0,22.0,3.0,6.0,5.0,7.0,3.0,10.0,0.0,1.0,0.0,0.0,K Friend
2014-2015,2014-10-18,Arsenal,Hull,2.0,2.0,D,1.0,1.0,D,25.0,4.0,9.0,4.0,10.0,0.0,9.0,13.0,2.0,2.0,0.0,0.0,R East
2014-2015,2014-10-18,Everton,Aston Villa,3.0,0.0,H,1.0,0.0,H,15.0,10.0,6.0,2.0,3.0,4.0,11.0,16.0,2.0,2.0,0.0,0.0,A Taylor
2014-2015,2014-10-19,QPR,Liverpool,2.0,3.0,A,0.0,0.0,D,15.0,15.0,6.0,5.0,7.0,2.0,10.0,15.0,2.0,3.0,0.0,0.0,P Dowd
2014-2015,2014-10-19,Stoke,Swansea,2.0,1.0,H,1.0,1.0,D,17.0,13.0,3.0,5.0,3.0,5.0,17.0,7.0,4.0,1.0,0.0,0.0,M Oliver
2014-2015,2014-10-20,West Brom,Manchester United,2.0,2.0,D,1.0,0.0,H,8.0,22.0,2.0,7.0,0.0,11.0,6.0,8.0,1.0,2.0,0.0,0.0,M Dean
2014-2015,2014-10-25,West Brom,Crystal Palace,2.0,2.0,D,0.0,2.0,A,17.0,8.0,4.0,6.0,6.0,3.0,14.0,8.0,3.0,1.0,0.0,0.0,M Clattenburg
2014-2015,2014-10-25,West Ham,Manchester City,2.0,1.0,H,1.0,0.0,H,12.0,21.0,4.0,5.0,4.0,8.0,12.0,14.0,2.0,1.0,0.0,0.0,M Atkinson
2014-2015,2014-10-25,Swansea,Leicester,2.0,0.0,H,1.0,0.0,H,7.0,9.0,3.0,4.0,2.0,2.0,7.0,10.0,0.0,0.0,0.0,0.0,M Jones
2014-2015,2014-10-25,Liverpool,Hull,0.0,0.0,D,0.0,0.0,D,17.0,6.0,4.0,3.0,14.0,1.0,12.0,17.0,3.0,2.0,0.0,0.0,N Swarbrick
2014-2015,2014-10-25,Southampton,Stoke,1.0,0.0,H,1.0,0.0,H,20.0,8.0,2.0,1.0,6.0,3.0,10.0,12.0,0.0,2.0,0.0,0.0,J Moss
2014-2015,2014-10-25,Sunderland,Arsenal,0.0,2.0,A,0.0,1.0,A,11.0,15.0,3.0,5.0,3.0,3.0,11.0,9.0,3.0,3.0,0.0,0.0,K Friend
2014-2015,2014-10-26,Burnley,Everton,1.0,3.0,A,1.0,2.0,A,14.0,15.0,3.0,6.0,5.0,4.0,12.0,7.0,4.0,2.0,0.0,0.0,A Marriner
2014-2015,2014-10-26,Manchester United,Chelsea,1.0,1.0,D,0.0,0.0,D,19.0,9.0,7.0,4.0,4.0,7.0,13.0,14.0,3.0,5.0,0.0,1.0,P Dowd
2014-2015,2014-10-26,Tottenham,Newcastle,1.0,2.0,A,1.0,0.0,H,17.0,8.0,2.0,2.0,10.0,2.0,9.0,12.0,2.0,4.0,0.0,0.0,A Taylor
2014-2015,2014-10-27,QPR,Aston Villa,2.0,0.0,H,1.0,0.0,H,11.0,15.0,4.0,6.0,2.0,4.0,11.0,14.0,0.0,2.0,0.0,0.0,L Mason
2014-2015,2014-11-01,Stoke,West Ham,2.0,2.0,D,1.0,0.0,H,21.0,10.0,6.0,2.0,9.0,2.0,14.0,13.0,1.0,1.0,0.0,0.0,C Foy
2014-2015,2014-11-01,Arsenal,Burnley,3.0,0.0,H,0.0,0.0,D,32.0,6.0,13.0,2.0,18.0,1.0,5.0,9.0,0.0,1.0,0.0,0.0,C Pawson
2014-2015,2014-11-01,Chelsea,QPR,2.0,1.0,H,1.0,0.0,H,18.0,7.0,8.0,1.0,13.0,2.0,8.0,12.0,0.0,0.0,0.0,0.0,M Jones
2014-2015,2014-11-01,Everton,Swansea,0.0,0.0,D,0.0,0.0,D,17.0,8.0,3.0,0.0,11.0,0.0,10.0,15.0,2.0,3.0,0.0,1.0,K Friend
2014-2015,2014-11-01,Hull,Southampton,0.0,1.0,A,0.0,1.0,A,8.0,10.0,1.0,3.0,7.0,4.0,6.0,9.0,1.0,0.0,0.0,0.0,M Atkinson
2014-2015,2014-11-01,Leicester,West Brom,0.0,1.0,A,0.0,0.0,D,14.0,8.0,5.0,3.0,8.0,3.0,5.0,12.0,0.0,1.0,0.0,0.0,S Attwell
2014-2015,2014-11-01,Newcastle,Liverpool,1.0,0.0,H,0.0,0.0,D,14.0,6.0,3.0,3.0,7.0,2.0,13.0,8.0,4.0,3.0,0.0,0.0,A Marriner
2014-2015,2014-11-02,Manchester City,Manchester United,1.0,0.0,H,0.0,0.0,D,16.0,9.0,6.0,2.0,7.0,4.0,15.0,9.0,3.0,1.0,0.0,1.0,M Oliver
2014-2015,2014-11-02,Aston Villa,Tottenham,1.0,2.0,A,1.0,0.0,H,12.0,18.0,1.0,7.0,3.0,9.0,12.0,11.0,3.0,3.0,1.0,0.0,N Swarbrick
2014-2015,2014-11-03,Crystal Palace,Sunderland,1.0,3.0,A,0.0,1.0,A,9.0,8.0,1.0,7.0,11.0,2.0,12.0,19.0,0.0,3.0,1.0,0.0,P Dowd
2014-2015,2014-11-08,Burnley,Hull,1.0,0.0,H,0.0,0.0,D,14.0,12.0,3.0,1.0,7.0,1.0,17.0,17.0,6.0,4.0,0.0,0.0,M Clattenburg
2014-2015,2014-11-08,Liverpool,Chelsea,1.0,2.0,A,1.0,1.0,D,12.0,15.0,4.0,5.0,5.0,7.0,9.0,12.0,2.0,5.0,0.0,0.0,A Taylor
2014-2015,2014-11-08,Manchester United,Crystal Palace,1.0,0.0,H,0.0,0.0,D,23.0,6.0,5.0,1.0,11.0,4.0,8.0,12.0,1.0,3.0,0.0,0.0,C Foy
2014-2015,2014-11-08,QPR,Manchester City,2.0,2.0,D,1.0,1.0,D,17.0,23.0,4.0,6.0,7.0,7.0,9.0,10.0,4.0,2.0,0.0,0.0,M Dean
2014-2015,2014-11-08,Southampton,Leicester,2.0,0.0,H,0.0,0.0,D,18.0,5.0,6.0,0.0,13.0,4.0,10.0,12.0,2.0,2.0,0.0,0.0,M Oliver
2014-2015,2014-11-08,West Ham,Aston Villa,0.0,0.0,D,0.0,0.0,D,21.0,12.0,5.0,4.0,13.0,2.0,9.0,10.0,0.0,3.0,0.0,0.0,J Moss
2014-2015,2014-11-09,Sunderland,Everton,1.0,1.0,D,0.0,0.0,D,10.0,16.0,3.0,7.0,5.0,4.0,11.0,13.0,1.0,2.0,0.0,0.0,L Mason
2014-2015,2014-11-09,Swansea,Arsenal,2.0,1.0,H,0.0,0.0,D,11.0,12.0,5.0,4.0,6.0,10.0,10.0,16.0,5.0,5.0,0.0,0.0,P Dowd
2014-2015,2014-11-09,Tottenham,Stoke,1.0,2.0,A,0.0,2.0,A,14.0,11.0,4.0,4.0,5.0,5.0,20.0,13.0,3.0,2.0,1.0,0.0,M Jones
2014-2015,2014-11-09,West Brom,Newcastle,0.0,2.0,A,0.0,1.0,A,10.0,8.0,2.0,3.0,7.0,4.0,12.0,6.0,0.0,0.0,0.0,0.0,C Pawson
2014-2015,2014-11-22,Stoke,Burnley,1.0,2.0,A,1.0,2.0,A,25.0,5.0,4.0,4.0,14.0,0.0,10.0,9.0,2.0,2.0,0.0,0.0,M Atkinson
2014-2015,2014-11-22,Manchester City,Swansea,2.0,1.0,H,1.0,1.0,D,23.0,8.0,10.0,3.0,7.0,3.0,13.0,9.0,2.0,1.0,0.0,0.0,N Swarbrick
2014-2015,2014-11-22,Leicester,Sunderland,0.0,0.0,D,0.0,0.0,D,13.0,10.0,4.0,5.0,6.0,9.0,18.0,12.0,2.0,3.0,0.0,0.0,R Madley
2014-2015,2014-11-22,Newcastle,QPR,1.0,0.0,H,0.0,0.0,D,14.0,13.0,6.0,4.0,16.0,7.0,12.0,15.0,2.0,3.0,0.0,0.0,C Foy
2014-2015,2014-11-22,Chelsea,West Brom,2.0,0.0,H,2.0,0.0,H,21.0,5.0,8.0,1.0,15.0,0.0,7.0,9.0,1.0,0.0,0.0,1.0,L Mason
2014-2015,2014-11-22,Arsenal,Manchester United,1.0,2.0,A,0.0,0.0,D,23.0,12.0,9.0,2.0,11.0,5.0,12.0,8.0,2.0,1.0,0.0,0.0,M Dean
2014-2015,2014-11-22,Everton,West Ham,2.0,1.0,H,1.0,0.0,H,14.0,14.0,4.0,3.0,1.0,5.0,10.0,13.0,2.0,3.0,0.0,0.0,M Clattenburg
2014-2015,2014-11-23,Crystal Palace,Liverpool,3.0,1.0,H,1.0,1.0,D,15.0,12.0,5.0,1.0,4.0,3.0,21.0,10.0,1.0,2.0,0.0,0.0,J Moss
2014-2015,2014-11-23,Hull,Tottenham,1.0,2.0,A,1.0,0.0,H,10.0,23.0,2.0,6.0,3.0,9.0,15.0,9.0,3.0,1.0,1.0,0.0,C Pawson
2014-2015,2014-11-24,Aston Villa,Southampton,1.0,1.0,D,1.0,0.0,H,7.0,15.0,1.0,4.0,2.0,8.0,15.0,17.0,1.0,2.0,0.0,0.0,P Dowd
2014-2015,2014-11-29,West Ham,Newcastle,1.0,0.0,H,0.0,0.0,D,12.0,7.0,3.0,1.0,6.0,2.0,9.0,16.0,3.0,2.0,0.0,1.0,M Dean
2014-2015,2014-11-29,West Brom,Arsenal,0.0,1.0,A,0.0,0.0,D,9.0,17.0,1.0,5.0,4.0,4.0,9.0,10.0,2.0,1.0,0.0,0.0,C Foy
2014-2015,2014-11-29,Swansea,Crystal Palace,1.0,1.0,D,1.0,1.0,D,18.0,11.0,4.0,5.0,4.0,6.0,6.0,12.0,0.0,2.0,0.0,0.0,M Atkinson
2014-2015,2014-11-29,Sunderland,Chelsea,0.0,0.0,D,0.0,0.0,D,12.0,24.0,3.0,6.0,2.0,8.0,13.0,10.0,3.0,2.0,0.0,0.0,K Friend
2014-2015,2014-11-29,Manchester United,Hull,3.0,0.0,H,2.0,0.0,H,12.0,4.0,6.0,2.0,7.0,0.0,12.0,12.0,2.0,2.0,0.0,0.0,A Taylor
2014-2015,2014-11-29,Liverpool,Stoke,1.0,0.0,H,0.0,0.0,D,16.0,13.0,3.0,4.0,5.0,5.0,11.0,9.0,0.0,3.0,0.0,0.0,C Pawson
2014-2015,2014-11-29,Burnley,Aston Villa,1.0,1.0,D,0.0,1.0,A,11.0,18.0,4.0,7.0,1.0,5.0,8.0,8.0,3.0,4.0,0.0,0.0,G Scott
2014-2015,2014-11-29,QPR,Leicester,3.0,2.0,H,2.0,1.0,H,32.0,19.0,6.0,5.0,11.0,5.0,8.0,17.0,3.0,2.0,0.0,0.0,R East
2014-2015,2014-11-30,Southampton,Manchester City,0.0,3.0,A,0.0,0.0,D,13.0,15.0,4.0,6.0,8.0,6.0,10.0,13.0,1.0,2.0,0.0,1.0,M Jones
2014-2015,2014-11-30,Tottenham,Everton,2.0,1.0,H,2.0,1.0,H,13.0,10.0,6.0,5.0,3.0,4.0,15.0,5.0,5.0,1.0,0.0,0.0,M Oliver
2014-2015,2014-12-02,Swansea,QPR,2.0,0.0,H,0.0,0.0,D,18.0,5.0,7.0,1.0,9.0,2.0,8.0,12.0,2.0,2.0,0.0,0.0,K Friend
2014-2015,2014-12-02,Manchester United,Stoke,2.0,1.0,H,1.0,1.0,D,10.0,5.0,3.0,4.0,2.0,2.0,8.0,13.0,2.0,4.0,0.0,0.0,J Moss
2014-2015,2014-12-02,West Brom,West Ham,1.0,2.0,A,1.0,2.0,A,23.0,11.0,5.0,6.0,7.0,3.0,11.0,17.0,2.0,1.0,0.0,0.0,M Jones
2014-2015,2014-12-02,Crystal Palace,Aston Villa,0.0,1.0,A,0.0,1.0,A,17.0,5.0,5.0,3.0,8.0,2.0,16.0,15.0,2.0,2.0,0.0,0.0,M Oliver
2014-2015,2014-12-02,Burnley,Newcastle,1.0,1.0,D,1.0,0.0,H,12.0,11.0,2.0,4.0,2.0,5.0,12.0,12.0,2.0,2.0,0.0,0.0,P Dowd
2014-2015,2014-12-02,Leicester,Liverpool,1.0,3.0,A,1.0,1.0,D,20.0,11.0,4.0,3.0,7.0,4.0,11.0,10.0,1.0,2.0,1.0,0.0,L Mason
2014-2015,2014-12-03,Arsenal,Southampton,1.0,0.0,H,0.0,0.0,D,19.0,6.0,8.0,1.0,9.0,4.0,7.0,14.0,0.0,2.0,0.0,0.0,A Marriner
2014-2015,2014-12-03,Chelsea,Tottenham,3.0,0.0,H,2.0,0.0,H,12.0,10.0,8.0,2.0,1.0,6.0,9.0,9.0,1.0,1.0,0.0,0.0,M Dean
2014-2015,2014-12-03,Everton,Hull,1.0,1.0,D,1.0,0.0,H,13.0,8.0,5.0,1.0,6.0,4.0,8.0,12.0,1.0,1.0,0.0,0.0,R Madley
2014-2015,2014-12-03,Sunderland,Manchester City,1.0,4.0,A,1.0,2.0,A,8.0,15.0,2.0,4.0,2.0,0.0,9.0,8.0,1.0,1.0,0.0,0.0,C Pawson
2014-2015,2014-12-06,Tottenham,Crystal Palace,0.0,0.0,D,0.0,0.0,D,14.0,16.0,3.0,4.0,2.0,12.0,11.0,10.0,1.0,0.0,0.0,0.0,L Mason
2014-2015,2014-12-06,Stoke,Arsenal,3.0,2.0,H,3.0,0.0,H,13.0,15.0,4.0,6.0,3.0,9.0,17.0,14.0,3.0,2.0,0.0,1.0,A Taylor
2014-2015,2014-12-06,QPR,Burnley,2.0,0.0,H,0.0,0.0,D,11.0,15.0,6.0,3.0,3.0,11.0,12.0,12.0,1.0,1.0,1.0,0.0,J Moss
2014-2015,2014-12-06,Manchester City,Everton,1.0,0.0,H,1.0,0.0,H,19.0,9.0,3.0,2.0,11.0,7.0,8.0,11.0,3.0,3.0,0.0,0.0,A Marriner
2014-2015,2014-12-06,Liverpool,Sunderland,0.0,0.0,D,0.0,0.0,D,15.0,7.0,2.0,1.0,5.0,7.0,12.0,15.0,1.0,3.0,0.0,0.0,N Swarbrick
2014-2015,2014-12-06,Hull,West Brom,0.0,0.0,D,0.0,0.0,D,12.0,6.0,2.0,3.0,3.0,2.0,10.0,16.0,1.0,1.0,0.0,0.0,M Oliver
2014-2015,2014-12-06,Newcastle,Chelsea,2.0,1.0,H,0.0,0.0,D,9.0,26.0,3.0,8.0,1.0,10.0,8.0,6.0,2.0,3.0,1.0,0.0,M Atkinson
2014-2015,2014-12-07,Aston Villa,Leicester,2.0,1.0,H,1.0,1.0,D,16.0,10.0,7.0,4.0,5.0,5.0,9.0,14.0,4.0,4.0,0.0,1.0,C Pawson
2014-2015,2014-12-07,West Ham,Swansea,3.0,1.0,H,1.0,1.0,D,15.0,11.0,7.0,2.0,7.0,4.0,11.0,18.0,0.0,1.0,0.0,1.0,C Foy
2014-2015,2014-12-08,Southampton,Manchester United,1.0,2.0,A,1.0,1.0,D,15.0,3.0,4.0,2.0,5.0,1.0,12.0,9.0,2.0,1.0,0.0,0.0,K Friend
2014-2015,2014-12-13,Sunderland,West Ham,1.0,1.0,D,1.0,1.0,D,13.0,19.0,4.0,8.0,6.0,8.0,11.0,18.0,2.0,2.0,0.0,0.0,P Dowd
2014-2015,2014-12-13,West Brom,Aston Villa,1.0,0.0,H,0.0,0.0,D,13.0,7.0,5.0,2.0,4.0,2.0,17.0,12.0,4.0,2.0,0.0,1.0,M Dean
2014-2015,2014-12-13,Leicester,Manchester City,0.0,1.0,A,0.0,1.0,A,7.0,9.0,1.0,4.0,8.0,2.0,15.0,13.0,0.0,2.0,0.0,0.0,J Moss
2014-2015,2014-12-13,Crystal Palace,Stoke,1.0,1.0,D,1.0,1.0,D,10.0,7.0,3.0,3.0,9.0,8.0,12.0,11.0,2.0,0.0,0.0,0.0,K Friend
2014-2015,2014-12-13,Chelsea,Hull,2.0,0.0,H,1.0,0.0,H,12.0,8.0,3.0,0.0,5.0,4.0,13.0,13.0,3.0,3.0,0.0,1.0,C Foy
2014-2015,2014-12-13,Burnley,Southampton,1.0,0.0,H,0.0,0.0,D,7.0,15.0,2.0,4.0,2.0,5.0,15.0,11.0,1.0,3.0,0.0,0.0,M Clattenburg
2014-2015,2014-12-13,Arsenal,Newcastle,4.0,1.0,H,1.0,0.0,H,17.0,10.0,4.0,4.0,9.0,6.0,14.0,15.0,2.0,2.0,0.0,0.0,L Mason
2014-2015,2014-12-14,Manchester United,Liverpool,3.0,0.0,H,2.0,0.0,H,11.0,19.0,6.0,9.0,2.0,7.0,13.0,14.0,4.0,3.0,0.0,0.0,M Atkinson
2014-2015,2014-12-14,Swansea,Tottenham,1.0,2.0,A,0.0,1.0,A,15.0,10.0,3.0,4.0,7.0,9.0,7.0,17.0,3.0,4.0,0.0,0.0,R Madley
2014-2015,2014-12-15,Everton,QPR,3.0,1.0,H,2.0,0.0,H,13.0,17.0,5.0,4.0,1.0,8.0,11.0,12.0,1.0,1.0,0.0,0.0,N Swarbrick
2014-2015,2014-12-20,West Ham,Leicester,2.0,0.0,H,1.0,0.0,H,10.0,10.0,2.0,4.0,9.0,4.0,8.0,17.0,0.0,3.0,0.0,0.0,M Atkinson
2014-2015,2014-12-20,Tottenham,Burnley,2.0,1.0,H,2.0,1.0,H,23.0,9.0,6.0,5.0,9.0,6.0,9.0,8.0,1.0,0.0,0.0,0.0,M Jones
2014-2015,2014-12-20,QPR,West Brom,3.0,2.0,H,1.0,2.0,A,17.0,16.0,7.0,6.0,5.0,11.0,16.0,8.0,1.0,0.0,0.0,0.0,C Pawson
2014-2015,2014-12-20,Southampton,Everton,3.0,0.0,H,1.0,0.0,H,11.0,13.0,3.0,4.0,4.0,6.0,11.0,10.0,1.0,1.0,0.0,0.0,J Moss
2014-2015,2014-12-20,Hull,Swansea,0.0,1.0,A,0.0,1.0,A,11.0,13.0,3.0,3.0,4.0,5.0,14.0,16.0,2.0,2.0,0.0,0.0,M Clattenburg
2014-2015,2014-12-20,Aston Villa,Manchester United,1.0,1.0,D,1.0,0.0,H,10.0,16.0,4.0,9.0,3.0,9.0,9.0,10.0,1.0,1.0,1.0,0.0,L Mason
2014-2015,2014-12-20,Manchester City,Crystal Palace,3.0,0.0,H,0.0,0.0,D,15.0,6.0,3.0,1.0,8.0,6.0,17.0,5.0,2.0,1.0,0.0,0.0,P Dowd
2014-2015,2014-12-21,Liverpool,Arsenal,2.0,2.0,D,1.0,1.0,D,27.0,7.0,10.0,3.0,10.0,6.0,6.0,14.0,0.0,3.0,1.0,0.0,M Oliver
2014-2015,2014-12-21,Newcastle,Sunderland,0.0,1.0,A,0.0,0.0,D,15.0,16.0,7.0,3.0,7.0,1.0,15.0,15.0,4.0,4.0,0.0,0.0,A Taylor
2014-2015,2014-12-22,Stoke,Chelsea,0.0,2.0,A,0.0,1.0,A,13.0,15.0,2.0,6.0,6.0,5.0,11.0,4.0,3.0,0.0,0.0,0.0,N Swarbrick
2014-2015,2014-12-26,Manchester United,Newcastle,3.0,1.0,H,2.0,0.0,H,9.0,8.0,4.0,4.0,4.0,5.0,16.0,9.0,1.0,2.0,0.0,0.0,M Jones
2014-2015,2014-12-26,West Brom,Manchester City,1.0,3.0,A,0.0,3.0,A,18.0,9.0,6.0,5.0,10.0,6.0,5.0,9.0,0.0,1.0,0.0,0.0,M Clattenburg
2014-2015,2014-12-26,Swansea,Aston Villa,1.0,0.0,H,1.0,0.0,H,7.0,11.0,2.0,3.0,4.0,0.0,17.0,12.0,1.0,4.0,0.0,0.0,R East
2014-2015,2014-12-26,Sunderland,Hull,1.0,3.0,A,1.0,1.0,D,12.0,13.0,3.0,5.0,10.0,4.0,12.0,6.0,4.0,2.0,0.0,0.0,A Marriner
2014-2015,2014-12-26,Leicester,Tottenham,1.0,2.0,A,0.0,1.0,A,22.0,8.0,6.0,3.0,11.0,1.0,10.0,14.0,1.0,2.0,0.0,0.0,N Swarbrick
2014-2015,2014-12-26,Arsenal,QPR,2.0,1.0,H,1.0,0.0,H,15.0,16.0,5.0,2.0,6.0,2.0,6.0,15.0,1.0,4.0,1.0,0.0,M Atkinson
2014-2015,2014-12-26,Crystal Palace,Southampton,1.0,3.0,A,0.0,1.0,A,11.0,13.0,4.0,6.0,8.0,4.0,15.0,10.0,1.0,0.0,0.0,0.0,M Dean
2014-2015,2014-12-26,Chelsea,West Ham,2.0,0.0,H,1.0,0.0,H,28.0,6.0,9.0,0.0,8.0,6.0,8.0,14.0,0.0,3.0,0.0,0.0,M Oliver
2014-2015,2014-12-26,Burnley,Liverpool,0.0,1.0,A,0.0,0.0,D,16.0,10.0,0.0,3.0,8.0,2.0,7.0,5.0,0.0,1.0,0.0,0.0,A Taylor
2014-2015,2014-12-26,Everton,Stoke,0.0,1.0,A,0.0,1.0,A,16.0,12.0,5.0,2.0,9.0,3.0,9.0,15.0,2.0,3.0,0.0,0.0,L Mason
2014-2015,2014-12-28,West Ham,Arsenal,1.0,2.0,A,0.0,2.0,A,14.0,21.0,4.0,7.0,7.0,8.0,12.0,13.0,3.0,3.0,0.0,0.0,N Swarbrick
2014-2015,2014-12-28,Tottenham,Manchester United,0.0,0.0,D,0.0,0.0,D,9.0,9.0,4.0,5.0,3.0,6.0,11.0,19.0,2.0,4.0,0.0,0.0,J Moss
2014-2015,2014-12-28,Stoke,West Brom,2.0,0.0,H,0.0,0.0,D,13.0,15.0,3.0,4.0,5.0,3.0,11.0,14.0,0.0,2.0,0.0,0.0,R East
2014-2015,2014-12-28,QPR,Crystal Palace,0.0,0.0,D,0.0,0.0,D,11.0,10.0,3.0,3.0,9.0,4.0,11.0,17.0,2.0,1.0,0.0,0.0,M Jones
2014-2015,2014-12-28,Southampton,Chelsea,1.0,1.0,D,1.0,1.0,D,9.0,7.0,1.0,1.0,4.0,6.0,23.0,14.0,2.0,2.0,1.0,0.0,A Taylor
2014-2015,2014-12-28,Manchester City,Burnley,2.0,2.0,D,2.0,0.0,H,17.0,12.0,6.0,3.0,10.0,3.0,18.0,9.0,4.0,1.0,0.0,0.0,K Friend
2014-2015,2014-12-28,Hull,Leicester,0.0,1.0,A,0.0,1.0,A,18.0,4.0,5.0,2.0,7.0,1.0,12.0,12.0,0.0,1.0,1.0,1.0,P Dowd
2014-2015,2014-12-28,Aston Villa,Sunderland,0.0,0.0,D,0.0,0.0,D,14.0,15.0,3.0,3.0,4.0,4.0,4.0,11.0,1.0,4.0,1.0,0.0,M Atkinson
2014-2015,2014-12-28,Newcastle,Everton,3.0,2.0,H,1.0,1.0,D,13.0,9.0,6.0,2.0,8.0,3.0,13.0,8.0,2.0,2.0,0.0,0.0,C Pawson
2014-2015,2014-12-29,Liverpool,Swansea,4.0,1.0,H,1.0,0.0,H,21.0,11.0,11.0,4.0,6.0,3.0,8.0,5.0,1.0,0.0,0.0,0.0,A Marriner
2014-2015,2015-01-01,Southampton,Arsenal,2.0,0.0,H,1.0,0.0,H,13.0,11.0,6.0,6.0,2.0,7.0,14.0,7.0,2.0,1.0,0.0,0.0,C Pawson
2014-2015,2015-01-01,Tottenham,Chelsea,5.0,3.0,H,3.0,1.0,H,11.0,19.0,8.0,7.0,5.0,3.0,14.0,10.0,3.0,1.0,0.0,0.0,P Dowd
2014-2015,2015-01-01,West Ham,West Brom,1.0,1.0,D,1.0,1.0,D,8.0,14.0,3.0,3.0,0.0,1.0,6.0,13.0,1.0,0.0,0.0,0.0,J Moss
2014-2015,2015-01-01,Stoke,Manchester United,1.0,1.0,D,1.0,1.0,D,11.0,6.0,2.0,2.0,11.0,7.0,8.0,12.0,0.0,0.0,0.0,0.0,M Oliver
2014-2015,2015-01-01,QPR,Swansea,1.0,1.0,D,1.0,0.0,H,24.0,25.0,6.0,6.0,4.0,9.0,22.0,5.0,4.0,0.0,0.0,1.0,A Taylor
2014-2015,2015-01-01,Hull,Everton,2.0,0.0,H,2.0,0.0,H,14.0,9.0,5.0,3.0,4.0,8.0,16.0,15.0,2.0,3.0,0.0,1.0,K Friend
2014-2015,2015-01-01,Manchester City,Sunderland,3.0,2.0,H,0.0,0.0,D,32.0,4.0,12.0,4.0,10.0,4.0,14.0,7.0,2.0,3.0,0.0,0.0,R East
2014-2015,2015-01-01,Liverpool,Leicester,2.0,2.0,D,2.0,0.0,H,18.0,16.0,6.0,3.0,4.0,5.0,13.0,10.0,2.0,2.0,0.0,0.0,M Jones
2014-2015,2015-01-01,Aston Villa,Crystal Palace,0.0,0.0,D,0.0,0.0,D,14.0,6.0,3.0,0.0,5.0,2.0,11.0,12.0,1.0,1.0,0.0,0.0,R Madley
2014-2015,2015-01-01,Newcastle,Burnley,3.0,3.0,D,2.0,1.0,H,10.0,15.0,4.0,4.0,5.0,5.0,12.0,13.0,2.0,4.0,0.0,0.0,M Dean
2014-2015,2015-01-10,Swansea,West Ham,1.0,1.0,D,0.0,1.0,A,19.0,11.0,3.0,5.0,4.0,5.0,9.0,7.0,0.0,1.0,0.0,0.0,M Dean
2014-2015,2015-01-10,Burnley,QPR,2.0,1.0,H,2.0,1.0,H,18.0,17.0,7.0,7.0,10.0,6.0,14.0,9.0,2.0,2.0,0.0,0.0,A Marriner
2014-2015,2015-01-10,Chelsea,Newcastle,2.0,0.0,H,1.0,0.0,H,9.0,11.0,5.0,5.0,7.0,4.0,13.0,13.0,2.0,3.0,0.0,0.0,R East
2014-2015,2015-01-10,Crystal Palace,Tottenham,2.0,1.0,H,0.0,0.0,D,21.0,9.0,7.0,5.0,4.0,6.0,9.0,14.0,5.0,3.0,0.0,0.0,A Taylor
2014-2015,2015-01-10,Everton,Manchester City,1.0,1.0,D,0.0,0.0,D,11.0,18.0,4.0,2.0,4.0,9.0,9.0,10.0,1.0,2.0,0.0,0.0,M Atkinson
2014-2015,2015-01-10,Leicester,Aston Villa,1.0,0.0,H,1.0,0.0,H,11.0,12.0,3.0,1.0,6.0,6.0,18.0,6.0,1.0,1.0,1.0,1.0,M Oliver
2014-2015,2015-01-10,Sunderland,Liverpool,0.0,1.0,A,0.0,1.0,A,5.0,21.0,1.0,4.0,6.0,6.0,12.0,11.0,1.0,4.0,1.0,0.0,C Pawson
2014-2015,2015-01-10,West Brom,Hull,1.0,0.0,H,0.0,0.0,D,9.0,12.0,3.0,2.0,5.0,2.0,5.0,13.0,1.0,0.0,0.0,0.0,N Swarbrick
2014-2015,2015-01-11,Manchester United,Southampton,0.0,1.0,A,0.0,0.0,D,10.0,9.0,0.0,1.0,3.0,5.0,9.0,10.0,2.0,3.0,0.0,0.0,P Dowd
2014-2015,2015-01-11,Arsenal,Stoke,3.0,0.0,H,2.0,0.0,H,14.0,7.0,6.0,2.0,9.0,1.0,11.0,11.0,0.0,3.0,0.0,0.0,J Moss
2014-2015,2015-01-17,Aston Villa,Liverpool,0.0,2.0,A,0.0,1.0,A,15.0,12.0,4.0,5.0,9.0,5.0,13.0,11.0,1.0,1.0,0.0,0.0,M Clattenburg
2014-2015,2015-01-17,Burnley,Crystal Palace,2.0,3.0,A,2.0,1.0,H,7.0,11.0,4.0,4.0,5.0,7.0,10.0,20.0,1.0,3.0,0.0,0.0,P Dowd
2014-2015,2015-01-17,Leicester,Stoke,0.0,1.0,A,0.0,0.0,D,7.0,13.0,3.0,3.0,6.0,5.0,9.0,6.0,1.0,0.0,0.0,0.0,A Marriner
2014-2015,2015-01-17,Newcastle,Southampton,1.0,2.0,A,1.0,1.0,D,16.0,5.0,3.0,3.0,9.0,0.0,9.0,8.0,0.0,2.0,0.0,0.0,R Madley
2014-2015,2015-01-17,QPR,Manchester United,0.0,2.0,A,0.0,0.0,D,18.0,12.0,4.0,7.0,3.0,3.0,12.0,10.0,3.0,2.0,0.0,0.0,N Swarbrick
2014-2015,2015-01-17,Swansea,Chelsea,0.0,5.0,A,0.0,4.0,A,11.0,21.0,0.0,11.0,1.0,2.0,9.0,13.0,0.0,0.0,0.0,0.0,J Moss
2014-2015,2015-01-17,Tottenham,Sunderland,2.0,1.0,H,1.0,1.0,D,25.0,8.0,8.0,4.0,6.0,6.0,14.0,8.0,1.0,2.0,0.0,0.0,C Foy
2014-2015,2015-01-18,Manchester City,Arsenal,0.0,2.0,A,0.0,1.0,A,12.0,9.0,4.0,3.0,16.0,3.0,12.0,5.0,3.0,3.0,0.0,0.0,M Dean
2014-2015,2015-01-18,West Ham,Hull,3.0,0.0,H,0.0,0.0,D,17.0,9.0,6.0,3.0,4.0,7.0,5.0,14.0,1.0,3.0,0.0,0.0,M Atkinson
2014-2015,2015-01-19,Everton,West Brom,0.0,0.0,D,0.0,0.0,D,17.0,5.0,4.0,0.0,8.0,1.0,11.0,12.0,3.0,2.0,0.0,0.0,M Oliver
2014-2015,2015-01-31,Sunderland,Burnley,2.0,0.0,H,2.0,0.0,H,8.0,13.0,3.0,4.0,6.0,3.0,12.0,12.0,3.0,1.0,0.0,0.0,L Mason
2014-2015,2015-01-31,Stoke,QPR,3.0,1.0,H,2.0,1.0,H,15.0,14.0,3.0,4.0,3.0,5.0,11.0,12.0,2.0,2.0,0.0,0.0,M Dean
2014-2015,2015-01-31,Manchester United,Leicester,3.0,1.0,H,3.0,0.0,H,12.0,4.0,5.0,1.0,4.0,3.0,8.0,12.0,0.0,1.0,0.0,0.0,M Atkinson
2014-2015,2015-01-31,West Brom,Tottenham,0.0,3.0,A,0.0,2.0,A,13.0,14.0,4.0,4.0,6.0,3.0,8.0,13.0,2.0,1.0,0.0,0.0,K Friend
2014-2015,2015-01-31,Hull,Newcastle,0.0,3.0,A,0.0,1.0,A,13.0,12.0,8.0,5.0,3.0,3.0,15.0,13.0,4.0,1.0,0.0,0.0,P Dowd
2014-2015,2015-01-31,Crystal Palace,Everton,0.0,1.0,A,0.0,1.0,A,13.0,14.0,3.0,2.0,6.0,1.0,12.0,14.0,0.0,3.0,0.0,0.0,R East
2014-2015,2015-01-31,Chelsea,Manchester City,1.0,1.0,D,1.0,1.0,D,3.0,10.0,2.0,5.0,1.0,4.0,12.0,14.0,0.0,2.0,0.0,0.0,M Clattenburg
2014-2015,2015-01-31,Liverpool,West Ham,2.0,0.0,H,0.0,0.0,D,21.0,7.0,7.0,2.0,5.0,7.0,12.0,12.0,1.0,1.0,0.0,0.0,A Marriner
2014-2015,2015-02-01,Arsenal,Aston Villa,5.0,0.0,H,1.0,0.0,H,13.0,9.0,8.0,2.0,7.0,7.0,6.0,10.0,0.0,2.0,0.0,0.0,A Taylor
2014-2015,2015-02-01,Southampton,Swansea,0.0,1.0,A,0.0,0.0,D,15.0,6.0,6.0,1.0,9.0,0.0,11.0,9.0,1.0,1.0,1.0,0.0,M Oliver
2014-2015,2015-02-07,Tottenham,Arsenal,2.0,1.0,H,0.0,1.0,A,23.0,7.0,8.0,3.0,10.0,3.0,8.0,12.0,3.0,5.0,0.0,0.0,M Atkinson
2014-2015,2015-02-07,QPR,Southampton,0.0,1.0,A,0.0,0.0,D,12.0,16.0,3.0,5.0,3.0,4.0,13.0,16.0,2.0,2.0,0.0,0.0,R East
2014-2015,2015-02-07,Manchester City,Hull,1.0,1.0,D,0.0,1.0,A,18.0,7.0,5.0,3.0,13.0,1.0,9.0,8.0,2.0,4.0,0.0,0.0,J Moss
2014-2015,2015-02-07,Swansea,Sunderland,1.0,1.0,D,0.0,1.0,A,16.0,4.0,7.0,1.0,7.0,1.0,11.0,13.0,3.0,4.0,0.0,0.0,P Dowd
2014-2015,2015-02-07,Everton,Liverpool,0.0,0.0,D,0.0,0.0,D,6.0,17.0,1.0,6.0,3.0,6.0,11.0,7.0,4.0,1.0,0.0,0.0,A Taylor
2014-2015,2015-02-07,Aston Villa,Chelsea,1.0,2.0,A,0.0,1.0,A,8.0,12.0,1.0,5.0,7.0,7.0,8.0,7.0,3.0,2.0,0.0,0.0,N Swarbrick
2014-2015,2015-02-07,Leicester,Crystal Palace,0.0,1.0,A,0.0,0.0,D,19.0,14.0,5.0,2.0,8.0,6.0,15.0,6.0,4.0,1.0,0.0,0.0,L Mason
2014-2015,2015-02-08,Burnley,West Brom,2.0,2.0,D,2.0,1.0,H,12.0,12.0,5.0,5.0,5.0,6.0,10.0,15.0,0.0,4.0,0.0,0.0,M Dean
2014-2015,2015-02-08,Newcastle,Stoke,1.0,1.0,D,0.0,0.0,D,9.0,7.0,3.0,3.0,5.0,8.0,14.0,17.0,2.0,4.0,0.0,0.0,K Friend
2014-2015,2015-02-08,West Ham,Manchester United,1.0,1.0,D,0.0,0.0,D,13.0,18.0,6.0,6.0,9.0,9.0,7.0,13.0,2.0,2.0,0.0,1.0,M Clattenburg
2014-2015,2015-02-10,Arsenal,Leicester,2.0,1.0,H,2.0,0.0,H,17.0,11.0,7.0,4.0,6.0,6.0,13.0,14.0,2.0,2.0,0.0,0.0,M Jones
2014-2015,2015-02-10,Hull,Aston Villa,2.0,0.0,H,1.0,0.0,H,10.0,11.0,4.0,4.0,3.0,7.0,16.0,11.0,1.0,2.0,0.0,0.0,M Oliver
2014-2015,2015-02-10,Liverpool,Tottenham,3.0,2.0,H,1.0,1.0,D,16.0,14.0,7.0,5.0,5.0,7.0,13.0,17.0,3.0,6.0,0.0,0.0,P Dowd
2014-2015,2015-02-10,Sunderland,QPR,0.0,2.0,A,0.0,2.0,A,16.0,19.0,5.0,4.0,8.0,4.0,8.0,12.0,2.0,3.0,0.0,0.0,M Atkinson
2014-2015,2015-02-11,Stoke,Manchester City,1.0,4.0,A,1.0,1.0,D,17.0,14.0,5.0,8.0,3.0,2.0,6.0,11.0,1.0,2.0,0.0,0.0,L Mason
2014-2015,2015-02-11,West Brom,Swansea,2.0,0.0,H,0.0,0.0,D,11.0,10.0,4.0,3.0,5.0,4.0,11.0,12.0,2.0,1.0,0.0,0.0,R Madley
2014-2015,2015-02-11,Southampton,West Ham,0.0,0.0,D,0.0,0.0,D,21.0,4.0,7.0,1.0,8.0,2.0,12.0,11.0,2.0,1.0,0.0,1.0,C Pawson
2014-2015,2015-02-11,Crystal Palace,Newcastle,1.0,1.0,D,0.0,1.0,A,7.0,5.0,3.0,1.0,5.0,2.0,10.0,11.0,1.0,2.0,0.0,0.0,A Marriner
2014-2015,2015-02-11,Chelsea,Everton,1.0,0.0,H,0.0,0.0,D,21.0,7.0,7.0,4.0,10.0,2.0,8.0,13.0,3.0,3.0,0.0,1.0,J Moss
2014-2015,2015-02-11,Manchester United,Burnley,3.0,1.0,H,2.0,1.0,H,11.0,13.0,7.0,3.0,5.0,8.0,15.0,8.0,4.0,3.0,0.0,0.0,K Friend
2014-2015,2015-02-21,Aston Villa,Stoke,1.0,2.0,A,1.0,1.0,D,3.0,11.0,2.0,6.0,11.0,3.0,11.0,14.0,1.0,3.0,1.0,0.0,R East
2014-2015,2015-02-21,Chelsea,Burnley,1.0,1.0,D,1.0,0.0,H,14.0,10.0,5.0,5.0,7.0,7.0,9.0,9.0,1.0,2.0,1.0,0.0,M Atkinson
2014-2015,2015-02-21,Crystal Palace,Arsenal,1.0,2.0,A,0.0,2.0,A,22.0,12.0,3.0,4.0,10.0,1.0,15.0,14.0,1.0,3.0,0.0,0.0,M Clattenburg
2014-2015,2015-02-21,Hull,QPR,2.0,1.0,H,1.0,1.0,D,16.0,8.0,6.0,3.0,5.0,7.0,18.0,16.0,0.0,4.0,0.0,1.0,A Taylor
2014-2015,2015-02-21,Manchester City,Newcastle,5.0,0.0,H,3.0,0.0,H,16.0,8.0,9.0,1.0,7.0,3.0,9.0,8.0,3.0,2.0,0.0,0.0,C Foy
2014-2015,2015-02-21,Sunderland,West Brom,0.0,0.0,D,0.0,0.0,D,13.0,5.0,2.0,1.0,11.0,2.0,11.0,12.0,1.0,2.0,0.0,0.0,M Jones
2014-2015,2015-02-21,Swansea,Manchester United,2.0,1.0,H,1.0,1.0,D,11.0,18.0,6.0,3.0,4.0,10.0,6.0,15.0,2.0,4.0,0.0,0.0,N Swarbrick
2014-2015,2015-02-22,Everton,Leicester,2.0,2.0,D,0.0,0.0,D,18.0,15.0,3.0,4.0,4.0,7.0,7.0,6.0,0.0,1.0,0.0,0.0,P Dowd
2014-2015,2015-02-22,Southampton,Liverpool,0.0,2.0,A,0.0,1.0,A,13.0,6.0,5.0,4.0,6.0,1.0,11.0,14.0,2.0,3.0,0.0,0.0,K Friend
2014-2015,2015-02-22,Tottenham,West Ham,2.0,2.0,D,0.0,1.0,A,27.0,12.0,8.0,5.0,7.0,9.0,6.0,12.0,0.0,2.0,0.0,0.0,J Moss
2014-2015,2015-02-28,West Brom,Southampton,1.0,0.0,H,1.0,0.0,H,7.0,12.0,3.0,2.0,2.0,3.0,10.0,17.0,2.0,1.0,0.0,0.0,P Dowd
2014-2015,2015-02-28,West Ham,Crystal Palace,1.0,3.0,A,0.0,1.0,A,22.0,12.0,5.0,5.0,11.0,7.0,12.0,19.0,2.0,2.0,0.0,1.0,M Dean
2014-2015,2015-02-28,Stoke,Hull,1.0,0.0,H,0.0,0.0,D,17.0,1.0,2.0,0.0,5.0,2.0,9.0,10.0,2.0,2.0,0.0,0.0,N Swarbrick
2014-2015,2015-02-28,Manchester United,Sunderland,2.0,0.0,H,0.0,0.0,D,30.0,5.0,10.0,3.0,13.0,1.0,6.0,11.0,1.0,1.0,0.0,1.0,R East
2014-2015,2015-02-28,Burnley,Swansea,0.0,1.0,A,0.0,0.0,D,13.0,8.0,6.0,2.0,6.0,4.0,14.0,8.0,0.0,0.0,0.0,0.0,J Moss
2014-2015,2015-02-28,Newcastle,Aston Villa,1.0,0.0,H,1.0,0.0,H,14.0,13.0,5.0,3.0,9.0,5.0,6.0,16.0,1.0,5.0,0.0,0.0,L Mason
2014-2015,2015-03-01,Arsenal,Everton,2.0,0.0,H,1.0,0.0,H,17.0,8.0,4.0,2.0,8.0,9.0,12.0,5.0,2.0,0.0,0.0,0.0,A Marriner
2014-2015,2015-03-01,Liverpool,Manchester City,2.0,1.0,H,1.0,1.0,D,11.0,8.0,5.0,1.0,3.0,0.0,8.0,16.0,1.0,3.0,0.0,0.0,M Clattenburg
2014-2015,2015-03-03,Aston Villa,West Brom,2.0,1.0,H,1.0,0.0,H,16.0,3.0,8.0,1.0,0.0,3.0,15.0,13.0,2.0,4.0,0.0,0.0,J Moss
2014-2015,2015-03-03,Hull,Sunderland,1.0,1.0,D,1.0,0.0,H,15.0,9.0,5.0,3.0,6.0,4.0,9.0,15.0,2.0,6.0,0.0,0.0,M Dean
2014-2015,2015-03-03,Southampton,Crystal Palace,1.0,0.0,H,0.0,0.0,D,23.0,9.0,3.0,3.0,10.0,2.0,11.0,10.0,0.0,2.0,0.0,0.0,M Atkinson
2014-2015,2015-03-04,West Ham,Chelsea,0.0,1.0,A,0.0,1.0,A,18.0,12.0,5.0,3.0,5.0,4.0,10.0,10.0,3.0,4.0,0.0,0.0,A Marriner
2014-2015,2015-03-04,Liverpool,Burnley,2.0,0.0,H,1.0,0.0,H,20.0,9.0,8.0,1.0,6.0,5.0,8.0,14.0,0.0,1.0,0.0,0.0,L Mason
2014-2015,2015-03-04,Manchester City,Leicester,2.0,0.0,H,1.0,0.0,H,22.0,6.0,9.0,2.0,10.0,3.0,11.0,3.0,0.0,1.0,0.0,0.0,R Madley
2014-2015,2015-03-04,Newcastle,Manchester United,0.0,1.0,A,0.0,0.0,D,9.0,11.0,2.0,5.0,4.0,1.0,6.0,14.0,1.0,2.0,0.0,0.0,A Taylor
2014-2015,2015-03-04,QPR,Arsenal,1.0,2.0,A,0.0,0.0,D,10.0,20.0,3.0,9.0,1.0,6.0,10.0,8.0,2.0,1.0,0.0,0.0,K Friend
2014-2015,2015-03-04,Stoke,Everton,2.0,0.0,H,1.0,0.0,H,11.0,10.0,3.0,5.0,5.0,6.0,11.0,14.0,2.0,2.0,0.0,0.0,M Clattenburg
2014-2015,2015-03-04,Tottenham,Swansea,3.0,2.0,H,1.0,1.0,D,20.0,10.0,7.0,5.0,6.0,4.0,14.0,7.0,1.0,0.0,0.0,0.0,M Oliver
2014-2015,2015-03-07,QPR,Tottenham,1.0,2.0,A,0.0,1.0,A,17.0,13.0,6.0,6.0,3.0,5.0,15.0,12.0,1.0,2.0,0.0,0.0,C Pawson
2014-2015,2015-03-14,Sunderland,Aston Villa,0.0,4.0,A,0.0,4.0,A,12.0,14.0,2.0,8.0,2.0,5.0,10.0,9.0,1.0,1.0,0.0,0.0,N Swarbrick
2014-2015,2015-03-14,West Brom,Stoke,1.0,0.0,H,1.0,0.0,H,14.0,9.0,5.0,2.0,7.0,5.0,7.0,16.0,1.0,2.0,0.0,0.0,M Oliver
2014-2015,2015-03-14,Leicester,Hull,0.0,0.0,D,0.0,0.0,D,15.0,12.0,3.0,5.0,7.0,5.0,10.0,15.0,0.0,4.0,0.0,1.0,J Moss
2014-2015,2015-03-14,Burnley,Manchester City,1.0,0.0,H,0.0,0.0,D,10.0,21.0,4.0,5.0,2.0,6.0,6.0,9.0,2.0,1.0,0.0,0.0,A Marriner
2014-2015,2015-03-14,Crystal Palace,QPR,3.0,1.0,H,3.0,0.0,H,15.0,11.0,4.0,4.0,6.0,3.0,17.0,16.0,1.0,3.0,0.0,0.0,L Mason
2014-2015,2015-03-14,Arsenal,West Ham,3.0,0.0,H,1.0,0.0,H,19.0,7.0,9.0,1.0,7.0,5.0,10.0,9.0,1.0,1.0,0.0,0.0,A Taylor
2014-2015,2015-03-15,Chelsea,Southampton,1.0,1.0,D,1.0,1.0,D,22.0,12.0,7.0,5.0,9.0,2.0,10.0,11.0,3.0,3.0,0.0,0.0,M Dean
2014-2015,2015-03-15,Everton,Newcastle,3.0,0.0,H,1.0,0.0,H,15.0,12.0,9.0,4.0,3.0,4.0,11.0,9.0,1.0,2.0,0.0,1.0,M Atkinson
2014-2015,2015-03-15,Manchester United,Tottenham,3.0,0.0,H,3.0,0.0,H,11.0,5.0,3.0,1.0,4.0,2.0,12.0,10.0,1.0,1.0,0.0,0.0,M Clattenburg
2014-2015,2015-03-16,Swansea,Liverpool,0.0,1.0,A,0.0,0.0,D,10.0,16.0,3.0,5.0,4.0,5.0,13.0,16.0,0.0,3.0,0.0,0.0,R East
2014-2015,2015-03-21,West Ham,Sunderland,1.0,0.0,H,0.0,0.0,D,15.0,7.0,4.0,3.0,6.0,4.0,14.0,11.0,0.0,1.0,0.0,0.0,L Mason
2014-2015,2015-03-21,Tottenham,Leicester,4.0,3.0,H,2.0,1.0,H,10.0,14.0,4.0,5.0,4.0,4.0,8.0,9.0,2.0,1.0,0.0,0.0,M Dean
2014-2015,2015-03-21,Stoke,Crystal Palace,1.0,2.0,A,1.0,2.0,A,17.0,12.0,4.0,3.0,8.0,4.0,15.0,14.0,3.0,4.0,0.0,0.0,A Marriner
2014-2015,2015-03-21,Southampton,Burnley,2.0,0.0,H,1.0,0.0,H,20.0,15.0,3.0,3.0,10.0,5.0,10.0,7.0,0.0,0.0,0.0,0.0,R East
2014-2015,2015-03-21,Newcastle,Arsenal,1.0,2.0,A,0.0,2.0,A,16.0,7.0,4.0,3.0,9.0,4.0,11.0,7.0,0.0,0.0,0.0,0.0,M Jones
2014-2015,2015-03-21,Manchester City,West Brom,3.0,0.0,H,2.0,0.0,H,43.0,3.0,16.0,0.0,9.0,2.0,6.0,5.0,0.0,0.0,0.0,1.0,N Swarbrick
2014-2015,2015-03-21,Aston Villa,Swansea,0.0,1.0,A,0.0,0.0,D,12.0,9.0,3.0,6.0,4.0,9.0,13.0,9.0,0.0,0.0,0.0,0.0,R Madley
2014-2015,2015-03-22,Hull,Chelsea,2.0,3.0,A,2.0,2.0,D,19.0,8.0,8.0,3.0,6.0,6.0,14.0,11.0,0.0,2.0,0.0,0.0,M Oliver
2014-2015,2015-03-22,Liverpool,Manchester United,1.0,2.0,A,0.0,1.0,A,7.0,6.0,1.0,4.0,2.0,3.0,14.0,17.0,2.0,2.0,1.0,0.0,M Atkinson
2014-2015,2015-03-22,QPR,Everton,1.0,2.0,A,0.0,1.0,A,14.0,8.0,1.0,3.0,1.0,3.0,11.0,12.0,2.0,1.0,0.0,0.0,J Moss
2014-2015,2015-04-04,West Brom,QPR,1.0,4.0,A,0.0,3.0,A,21.0,12.0,6.0,7.0,2.0,4.0,6.0,15.0,2.0,3.0,1.0,0.0,L Probert
2014-2015,2015-04-04,Swansea,Hull,3.0,1.0,H,2.0,0.0,H,9.0,10.0,4.0,1.0,4.0,7.0,11.0,14.0,1.0,5.0,0.0,1.0,A Marriner
2014-2015,2015-04-04,Manchester United,Aston Villa,3.0,1.0,H,1.0,0.0,H,19.0,4.0,7.0,2.0,10.0,2.0,15.0,12.0,0.0,1.0,0.0,0.0,R East
2014-2015,2015-04-04,Chelsea,Stoke,2.0,1.0,H,1.0,1.0,D,19.0,7.0,10.0,2.0,9.0,0.0,5.0,22.0,1.0,6.0,0.0,0.0,J Moss
2014-2015,2015-04-04,Everton,Southampton,1.0,0.0,H,1.0,0.0,H,11.0,11.0,1.0,2.0,4.0,10.0,12.0,17.0,0.0,1.0,0.0,0.0,L Mason
2014-2015,2015-04-04,Arsenal,Liverpool,4.0,1.0,H,3.0,0.0,H,16.0,13.0,10.0,2.0,6.0,5.0,7.0,9.0,1.0,0.0,0.0,1.0,A Taylor
2014-2015,2015-04-04,Leicester,West Ham,2.0,1.0,H,1.0,1.0,D,20.0,14.0,7.0,7.0,7.0,6.0,12.0,10.0,0.0,3.0,0.0,0.0,M Clattenburg
2014-2015,2015-04-05,Burnley,Tottenham,0.0,0.0,D,0.0,0.0,D,15.0,12.0,4.0,2.0,5.0,3.0,9.0,5.0,2.0,0.0,0.0,0.0,M Atkinson
2014-2015,2015-04-05,Sunderland,Newcastle,1.0,0.0,H,1.0,0.0,H,16.0,10.0,4.0,1.0,8.0,4.0,14.0,18.0,5.0,2.0,0.0,0.0,M Dean
2014-2015,2015-04-06,Crystal Palace,Manchester City,2.0,1.0,H,1.0,0.0,H,5.0,22.0,3.0,4.0,4.0,13.0,11.0,11.0,2.0,1.0,0.0,0.0,M Oliver
2014-2015,2015-04-07,Aston Villa,QPR,3.0,3.0,D,2.0,1.0,H,21.0,11.0,7.0,5.0,7.0,3.0,8.0,12.0,0.0,4.0,0.0,0.0,C Pawson
2014-2015,2015-04-11,West Ham,Stoke,1.0,1.0,D,1.0,0.0,H,11.0,18.0,3.0,2.0,4.0,10.0,17.0,13.0,3.0,1.0,0.0,0.0,R East
2014-2015,2015-04-11,Burnley,Arsenal,0.0,1.0,A,0.0,1.0,A,8.0,17.0,4.0,5.0,1.0,6.0,15.0,7.0,2.0,0.0,0.0,0.0,M Dean
2014-2015,2015-04-11,Southampton,Hull,2.0,0.0,H,0.0,0.0,D,9.0,15.0,4.0,4.0,2.0,5.0,7.0,11.0,2.0,0.0,0.0,0.0,K Friend
2014-2015,2015-04-11,Sunderland,Crystal Palace,1.0,4.0,A,0.0,0.0,D,12.0,14.0,3.0,5.0,8.0,4.0,15.0,17.0,2.0,2.0,0.0,0.0,A Taylor
2014-2015,2015-04-11,Swansea,Everton,1.0,1.0,D,0.0,1.0,A,11.0,12.0,3.0,8.0,3.0,6.0,18.0,12.0,3.0,3.0,0.0,0.0,M Oliver
2014-2015,2015-04-11,Tottenham,Aston Villa,0.0,1.0,A,0.0,1.0,A,14.0,10.0,3.0,3.0,9.0,6.0,11.0,12.0,3.0,2.0,0.0,1.0,L Probert
2014-2015,2015-04-11,West Brom,Leicester,2.0,3.0,A,2.0,1.0,H,8.0,12.0,5.0,4.0,4.0,6.0,15.0,15.0,2.0,2.0,0.0,0.0,M Atkinson
2014-2015,2015-04-12,QPR,Chelsea,0.0,1.0,A,0.0,0.0,D,15.0,9.0,4.0,1.0,5.0,6.0,12.0,6.0,2.0,1.0,0.0,0.0,A Marriner
2014-2015,2015-04-12,Manchester United,Manchester City,4.0,2.0,H,2.0,1.0,H,11.0,10.0,7.0,3.0,1.0,5.0,9.0,16.0,0.0,3.0,0.0,0.0,M Clattenburg
2014-2015,2015-04-13,Liverpool,Newcastle,2.0,0.0,H,1.0,0.0,H,14.0,10.0,6.0,3.0,6.0,6.0,8.0,17.0,2.0,0.0,0.0,1.0,L Mason
2014-2015,2015-04-18,Chelsea,Manchester United,1.0,0.0,H,1.0,0.0,H,7.0,15.0,2.0,2.0,3.0,7.0,13.0,11.0,7.0,1.0,0.0,0.0,M Dean
2014-2015,2015-04-18,Crystal Palace,West Brom,0.0,2.0,A,0.0,1.0,A,19.0,8.0,4.0,4.0,7.0,6.0,17.0,17.0,3.0,3.0,0.0,0.0,J Moss
2014-2015,2015-04-18,Everton,Burnley,1.0,0.0,H,1.0,0.0,H,21.0,10.0,8.0,1.0,5.0,6.0,12.0,15.0,1.0,2.0,0.0,1.0,M Jones
2014-2015,2015-04-18,Leicester,Swansea,2.0,0.0,H,1.0,0.0,H,18.0,10.0,6.0,6.0,6.0,3.0,6.0,5.0,0.0,2.0,0.0,0.0,L Probert
2014-2015,2015-04-18,Stoke,Southampton,2.0,1.0,H,0.0,1.0,A,15.0,12.0,2.0,6.0,2.0,5.0,17.0,17.0,0.0,4.0,0.0,0.0,M Clattenburg
2014-2015,2015-04-19,Manchester City,West Ham,2.0,0.0,H,2.0,0.0,H,18.0,9.0,3.0,3.0,6.0,3.0,10.0,6.0,2.0,2.0,0.0,0.0,A Taylor
2014-2015,2015-04-19,Newcastle,Tottenham,1.0,3.0,A,0.0,1.0,A,11.0,14.0,5.0,8.0,4.0,3.0,11.0,13.0,2.0,4.0,0.0,0.0,K Friend
2014-2015,2015-04-25,West Brom,Liverpool,0.0,0.0,D,0.0,0.0,D,10.0,22.0,4.0,5.0,2.0,4.0,12.0,11.0,1.0,0.0,0.0,0.0,R East
2014-2015,2015-04-25,Southampton,Tottenham,2.0,2.0,D,1.0,1.0,D,13.0,7.0,4.0,2.0,8.0,3.0,9.0,10.0,1.0,3.0,0.0,0.0,J Moss
2014-2015,2015-04-25,QPR,West Ham,0.0,0.0,D,0.0,0.0,D,18.0,8.0,7.0,2.0,6.0,6.0,14.0,12.0,1.0,0.0,0.0,0.0,M Jones
2014-2015,2015-04-25,Stoke,Sunderland,1.0,1.0,D,1.0,1.0,D,23.0,15.0,8.0,5.0,9.0,8.0,14.0,15.0,2.0,3.0,0.0,0.0,M Atkinson
2014-2015,2015-04-25,Manchester City,Aston Villa,3.0,2.0,H,1.0,0.0,H,11.0,13.0,4.0,4.0,7.0,6.0,13.0,11.0,1.0,2.0,0.0,0.0,M Dean
2014-2015,2015-04-25,Crystal Palace,Hull,0.0,2.0,A,0.0,0.0,D,7.0,21.0,3.0,7.0,0.0,9.0,15.0,10.0,0.0,0.0,0.0,0.0,M Clattenburg
2014-2015,2015-04-25,Burnley,Leicester,0.0,1.0,A,0.0,0.0,D,12.0,8.0,4.0,4.0,6.0,4.0,16.0,16.0,3.0,0.0,0.0,0.0,A Taylor
2014-2015,2015-04-25,Newcastle,Swansea,2.0,3.0,A,1.0,1.0,D,12.0,11.0,4.0,6.0,9.0,6.0,14.0,9.0,1.0,2.0,0.0,0.0,N Swarbrick
2014-2015,2015-04-26,Arsenal,Chelsea,0.0,0.0,D,0.0,0.0,D,12.0,7.0,1.0,3.0,6.0,2.0,17.0,11.0,4.0,3.0,0.0,0.0,M Oliver
2014-2015,2015-04-26,Everton,Manchester United,3.0,0.0,H,2.0,0.0,H,9.0,17.0,7.0,4.0,7.0,7.0,6.0,10.0,0.0,2.0,0.0,0.0,A Marriner
2014-2015,2015-04-28,Hull,Liverpool,1.0,0.0,H,1.0,0.0,H,7.0,12.0,4.0,9.0,7.0,7.0,10.0,10.0,2.0,0.0,0.0,0.0,L Probert
2014-2015,2015-04-29,Leicester,Chelsea,1.0,3.0,A,1.0,0.0,H,8.0,11.0,2.0,4.0,2.0,6.0,10.0,1.0,1.0,0.0,0.0,0.0,M Clattenburg
2014-2015,2015-05-02,West Ham,Burnley,1.0,0.0,H,1.0,0.0,H,29.0,8.0,7.0,2.0,13.0,3.0,11.0,7.0,3.0,2.0,0.0,1.0,J Moss
2014-2015,2015-05-02,Swansea,Stoke,2.0,0.0,H,0.0,0.0,D,16.0,9.0,4.0,3.0,6.0,2.0,9.0,18.0,1.0,2.0,0.0,1.0,C Pawson
2014-2015,2015-05-02,Sunderland,Southampton,2.0,1.0,H,1.0,1.0,D,12.0,11.0,6.0,2.0,1.0,1.0,12.0,13.0,2.0,2.0,0.0,1.0,M Jones
2014-2015,2015-05-02,Aston Villa,Everton,3.0,2.0,H,2.0,0.0,H,11.0,9.0,4.0,5.0,5.0,3.0,13.0,12.0,2.0,1.0,0.0,0.0,M Clattenburg
2014-2015,2015-05-02,Liverpool,QPR,2.0,1.0,H,1.0,0.0,H,25.0,10.0,8.0,2.0,9.0,6.0,9.0,18.0,2.0,3.0,0.0,1.0,M Atkinson
2014-2015,2015-05-02,Leicester,Newcastle,3.0,0.0,H,2.0,0.0,H,19.0,12.0,7.0,3.0,10.0,7.0,10.0,13.0,1.0,2.0,0.0,2.0,M Dean
2014-2015,2015-05-02,Manchester United,West Brom,0.0,1.0,A,0.0,0.0,D,26.0,6.0,9.0,3.0,9.0,3.0,10.0,11.0,1.0,0.0,0.0,0.0,A Taylor
2014-2015,2015-05-03,Tottenham,Manchester City,0.0,1.0,A,0.0,1.0,A,21.0,15.0,5.0,4.0,8.0,7.0,6.0,11.0,3.0,4.0,0.0,0.0,A Marriner
2014-2015,2015-05-03,Chelsea,Crystal Palace,1.0,0.0,H,1.0,0.0,H,17.0,8.0,7.0,1.0,3.0,6.0,12.0,13.0,2.0,2.0,0.0,0.0,K Friend
2014-2015,2015-05-04,Hull,Arsenal,1.0,3.0,A,0.0,3.0,A,8.0,22.0,1.0,9.0,0.0,5.0,8.0,11.0,2.0,0.0,0.0,0.0,L Mason
2014-2015,2015-05-09,Leicester,Southampton,2.0,0.0,H,2.0,0.0,H,10.0,10.0,3.0,3.0,4.0,8.0,12.0,10.0,1.0,0.0,0.0,0.0,R East
2014-2015,2015-05-09,Newcastle,West Brom,1.0,1.0,D,1.0,1.0,D,15.0,8.0,5.0,3.0,7.0,2.0,11.0,17.0,2.0,3.0,0.0,0.0,C Foy
2014-2015,2015-05-09,Hull,Burnley,0.0,1.0,A,0.0,0.0,D,21.0,8.0,3.0,2.0,9.0,3.0,16.0,12.0,1.0,1.0,0.0,0.0,M Atkinson
2014-2015,2015-05-09,Stoke,Tottenham,3.0,0.0,H,2.0,0.0,H,17.0,9.0,9.0,3.0,6.0,8.0,14.0,12.0,0.0,0.0,0.0,1.0,M Clattenburg
2014-2015,2015-05-09,Crystal Palace,Manchester United,1.0,2.0,A,0.0,1.0,A,13.0,13.0,4.0,4.0,7.0,6.0,13.0,12.0,0.0,1.0,0.0,0.0,M Oliver
2014-2015,2015-05-09,Aston Villa,West Ham,1.0,0.0,H,1.0,0.0,H,15.0,5.0,5.0,1.0,2.0,6.0,6.0,13.0,1.0,1.0,0.0,0.0,L Mason
2014-2015,2015-05-09,Everton,Sunderland,0.0,2.0,A,0.0,0.0,D,22.0,10.0,4.0,3.0,15.0,1.0,10.0,9.0,2.0,3.0,0.0,0.0,L Probert
2014-2015,2015-05-10,Manchester City,QPR,6.0,0.0,H,2.0,0.0,H,23.0,9.0,11.0,3.0,7.0,4.0,12.0,7.0,0.0,1.0,0.0,0.0,M Dean
2014-2015,2015-05-10,Chelsea,Liverpool,1.0,1.0,D,1.0,1.0,D,8.0,15.0,3.0,4.0,6.0,4.0,13.0,11.0,4.0,3.0,0.0,0.0,A Marriner
2014-2015,2015-05-11,Arsenal,Swansea,0.0,1.0,A,0.0,0.0,D,23.0,8.0,9.0,3.0,6.0,1.0,7.0,10.0,0.0,1.0,0.0,0.0,K Friend
2014-2015,2015-05-16,Burnley,Stoke,0.0,0.0,D,0.0,0.0,D,11.0,11.0,4.0,3.0,7.0,6.0,14.0,9.0,1.0,2.0,0.0,0.0,M Oliver
2014-2015,2015-05-16,Liverpool,Crystal Palace,1.0,3.0,A,1.0,1.0,D,18.0,15.0,3.0,6.0,4.0,5.0,10.0,17.0,2.0,3.0,0.0,0.0,J Moss
2014-2015,2015-05-16,QPR,Newcastle,2.0,1.0,H,0.0,1.0,A,8.0,22.0,4.0,8.0,3.0,12.0,12.0,8.0,2.0,0.0,0.0,0.0,L Probert
2014-2015,2015-05-16,Southampton,Aston Villa,6.0,1.0,H,5.0,1.0,H,18.0,9.0,11.0,4.0,6.0,3.0,19.0,7.0,1.0,1.0,0.0,0.0,R Madley
2014-2015,2015-05-16,Sunderland,Leicester,0.0,0.0,D,0.0,0.0,D,13.0,11.0,3.0,0.0,8.0,9.0,14.0,15.0,4.0,1.0,0.0,0.0,M Atkinson
2014-2015,2015-05-16,Tottenham,Hull,2.0,0.0,H,0.0,0.0,D,10.0,14.0,3.0,2.0,6.0,8.0,10.0,6.0,3.0,1.0,0.0,0.0,A Taylor
2014-2015,2015-05-16,West Ham,Everton,1.0,2.0,A,0.0,0.0,D,13.0,21.0,3.0,5.0,7.0,8.0,12.0,14.0,1.0,4.0,0.0,0.0,K Friend
2014-2015,2015-05-17,Manchester United,Arsenal,1.0,1.0,D,1.0,0.0,H,12.0,5.0,4.0,3.0,5.0,5.0,16.0,8.0,1.0,0.0,0.0,0.0,M Dean
2014-2015,2015-05-17,Swansea,Manchester City,2.0,4.0,A,1.0,2.0,A,13.0,22.0,9.0,11.0,11.0,7.0,8.0,8.0,0.0,3.0,0.0,0.0,M Clattenburg
2014-2015,2015-05-18,West Brom,Chelsea,3.0,0.0,H,1.0,0.0,H,9.0,12.0,5.0,3.0,3.0,4.0,12.0,11.0,3.0,2.0,0.0,1.0,M Jones
2014-2015,2015-05-20,Arsenal,Sunderland,0.0,0.0,D,0.0,0.0,D,28.0,7.0,8.0,3.0,5.0,2.0,6.0,8.0,1.0,0.0,0.0,0.0,A Taylor
2014-2015,2015-05-24,Stoke,Liverpool,6.0,1.0,H,5.0,0.0,H,15.0,13.0,9.0,4.0,3.0,9.0,13.0,4.0,4.0,2.0,0.0,0.0,A Taylor
2014-2015,2015-05-24,Newcastle,West Ham,2.0,0.0,H,0.0,0.0,D,17.0,4.0,4.0,1.0,2.0,3.0,9.0,9.0,2.0,1.0,0.0,0.0,M Atkinson
2014-2015,2015-05-24,Manchester City,Southampton,2.0,0.0,H,1.0,0.0,H,15.0,13.0,6.0,4.0,8.0,4.0,13.0,8.0,1.0,1.0,0.0,0.0,C Foy
2014-2015,2015-05-24,Leicester,QPR,5.0,1.0,H,2.0,0.0,H,22.0,18.0,7.0,2.0,5.0,6.0,7.0,6.0,0.0,0.0,0.0,0.0,M Oliver
2014-2015,2015-05-24,Hull,Manchester United,0.0,0.0,D,0.0,0.0,D,16.0,7.0,6.0,1.0,8.0,1.0,12.0,15.0,2.0,2.0,0.0,1.0,L Probert
2014-2015,2015-05-24,Crystal Palace,Swansea,1.0,0.0,H,0.0,0.0,D,13.0,5.0,7.0,2.0,7.0,3.0,22.0,13.0,3.0,0.0,0.0,0.0,C Pawson
2014-2015,2015-05-24,Chelsea,Sunderland,3.0,1.0,H,1.0,1.0,D,24.0,17.0,8.0,9.0,11.0,3.0,12.0,8.0,2.0,1.0,0.0,0.0,L Mason
2014-2015,2015-05-24,Aston Villa,Burnley,0.0,1.0,A,0.0,1.0,A,16.0,6.0,5.0,3.0,7.0,2.0,9.0,6.0,1.0,2.0,0.0,0.0,M Jones
2014-2015,2015-05-24,Arsenal,West Brom,4.0,1.0,H,4.0,0.0,H,24.0,14.0,13.0,5.0,7.0,3.0,6.0,7.0,1.0,0.0,0.0,0.0,R Madley
2014-2015,2015-05-24,Everton,Tottenham,0.0,1.0,A,0.0,1.0,A,9.0,16.0,1.0,3.0,3.0,5.0,12.0,8.0,1.0,2.0,0.0,0.0,J Moss
2015-2016,2015-08-08,Leicester,Sunderland,4.0,2.0,H,3.0,0.0,H,19.0,10.0,8.0,5.0,6.0,3.0,13.0,17.0,2.0,4.0,0.0,0.0,L Mason
2015-2016,2015-08-08,Bournemouth,Aston Villa,0.0,1.0,A,0.0,0.0,D,11.0,7.0,2.0,3.0,6.0,3.0,13.0,13.0,3.0,4.0,0.0,0.0,M Clattenburg
2015-2016,2015-08-08,Chelsea,Swansea,2.0,2.0,D,2.0,1.0,H,11.0,18.0,3.0,10.0,4.0,8.0,15.0,16.0,1.0,3.0,1.0,0.0,M Oliver
2015-2016,2015-08-08,Everton,Watford,2.0,2.0,D,0.0,1.0,A,10.0,11.0,5.0,5.0,8.0,2.0,7.0,13.0,1.0,2.0,0.0,0.0,M Jones
2015-2016,2015-08-08,Manchester United,Tottenham,1.0,0.0,H,1.0,0.0,H,9.0,9.0,1.0,4.0,1.0,2.0,12.0,12.0,2.0,3.0,0.0,0.0,J Moss
2015-2016,2015-08-08,Norwich,Crystal Palace,1.0,3.0,A,0.0,1.0,A,17.0,11.0,6.0,7.0,1.0,4.0,14.0,20.0,1.0,0.0,0.0,0.0,S Hooper
2015-2016,2015-08-09,Arsenal,West Ham,0.0,2.0,A,0.0,1.0,A,22.0,8.0,6.0,4.0,5.0,4.0,12.0,9.0,1.0,3.0,0.0,0.0,M Atkinson
2015-2016,2015-08-09,Newcastle,Southampton,2.0,2.0,D,1.0,1.0,D,9.0,15.0,4.0,5.0,6.0,6.0,9.0,12.0,2.0,4.0,0.0,0.0,C Pawson
2015-2016,2015-08-09,Stoke,Liverpool,0.0,1.0,A,0.0,0.0,D,7.0,8.0,1.0,3.0,3.0,5.0,9.0,16.0,2.0,4.0,0.0,0.0,A Taylor
2015-2016,2015-08-10,West Brom,Manchester City,0.0,3.0,A,0.0,2.0,A,9.0,19.0,2.0,7.0,6.0,6.0,12.0,9.0,4.0,1.0,0.0,0.0,M Dean
2015-2016,2015-08-14,Aston Villa,Manchester United,0.0,1.0,A,0.0,1.0,A,5.0,9.0,1.0,2.0,3.0,5.0,14.0,10.0,2.0,2.0,0.0,0.0,M Dean
2015-2016,2015-08-15,West Ham,Leicester,1.0,2.0,A,0.0,2.0,A,10.0,11.0,3.0,6.0,8.0,4.0,11.0,12.0,1.0,3.0,1.0,0.0,A Taylor
2015-2016,2015-08-15,Tottenham,Stoke,2.0,2.0,D,2.0,0.0,H,13.0,16.0,7.0,7.0,4.0,3.0,15.0,11.0,2.0,2.0,0.0,0.0,R Madley
2015-2016,2015-08-15,Watford,West Brom,0.0,0.0,D,0.0,0.0,D,16.0,6.0,5.0,0.0,2.0,4.0,13.0,10.0,1.0,2.0,0.0,0.0,P Tierney
2015-2016,2015-08-15,Sunderland,Norwich,1.0,3.0,A,0.0,2.0,A,6.0,19.0,2.0,6.0,6.0,6.0,7.0,7.0,1.0,2.0,0.0,0.0,K Friend
2015-2016,2015-08-15,Southampton,Everton,0.0,3.0,A,0.0,2.0,A,17.0,10.0,4.0,4.0,9.0,9.0,11.0,10.0,4.0,2.0,0.0,0.0,M Oliver
2015-2016,2015-08-15,Swansea,Newcastle,2.0,0.0,H,1.0,0.0,H,19.0,4.0,6.0,2.0,4.0,4.0,11.0,8.0,2.0,1.0,0.0,1.0,M Jones
2015-2016,2015-08-16,Crystal Palace,Arsenal,1.0,2.0,A,1.0,1.0,D,11.0,20.0,4.0,7.0,6.0,6.0,14.0,12.0,1.0,1.0,0.0,0.0,L Mason
2015-2016,2015-08-16,Manchester City,Chelsea,3.0,0.0,H,1.0,0.0,H,18.0,10.0,8.0,3.0,5.0,1.0,19.0,13.0,4.0,2.0,0.0,0.0,M Atkinson
2015-2016,2015-08-17,Liverpool,Bournemouth,1.0,0.0,H,1.0,0.0,H,18.0,13.0,2.0,2.0,6.0,8.0,11.0,18.0,1.0,4.0,0.0,0.0,C Pawson
2015-2016,2015-08-22,Sunderland,Swansea,1.0,1.0,D,0.0,1.0,A,10.0,20.0,2.0,9.0,3.0,4.0,16.0,9.0,4.0,2.0,0.0,0.0,N Swarbrick
2015-2016,2015-08-22,Manchester United,Newcastle,0.0,0.0,D,0.0,0.0,D,20.0,7.0,8.0,0.0,11.0,5.0,15.0,11.0,2.0,2.0,0.0,0.0,C Pawson
2015-2016,2015-08-22,West Ham,Bournemouth,3.0,4.0,A,0.0,2.0,A,10.0,15.0,4.0,7.0,5.0,4.0,8.0,11.0,0.0,0.0,1.0,0.0,J Moss
2015-2016,2015-08-22,Crystal Palace,Aston Villa,2.0,1.0,H,0.0,0.0,D,16.0,11.0,6.0,2.0,6.0,4.0,12.0,15.0,3.0,3.0,0.0,0.0,K Stroud
2015-2016,2015-08-22,Leicester,Tottenham,1.0,1.0,D,0.0,0.0,D,13.0,19.0,2.0,6.0,2.0,7.0,7.0,14.0,1.0,4.0,0.0,0.0,M Atkinson
2015-2016,2015-08-22,Norwich,Stoke,1.0,1.0,D,1.0,1.0,D,21.0,6.0,7.0,1.0,9.0,0.0,16.0,5.0,4.0,1.0,0.0,0.0,M Dean
2015-2016,2015-08-23,Everton,Manchester City,0.0,2.0,A,0.0,0.0,D,10.0,16.0,1.0,9.0,8.0,7.0,5.0,7.0,0.0,3.0,0.0,0.0,A Taylor
2015-2016,2015-08-23,Watford,Southampton,0.0,0.0,D,0.0,0.0,D,13.0,14.0,0.0,5.0,5.0,2.0,10.0,11.0,0.0,2.0,0.0,0.0,A Marriner
2015-2016,2015-08-23,West Brom,Chelsea,2.0,3.0,A,1.0,3.0,A,15.0,15.0,6.0,5.0,8.0,7.0,9.0,12.0,2.0,1.0,0.0,1.0,M Clattenburg
2015-2016,2015-08-24,Arsenal,Liverpool,0.0,0.0,D,0.0,0.0,D,19.0,15.0,5.0,8.0,7.0,8.0,2.0,13.0,1.0,4.0,0.0,0.0,M Oliver
2015-2016,2015-08-29,Manchester City,Watford,2.0,0.0,H,0.0,0.0,D,18.0,7.0,5.0,0.0,9.0,3.0,9.0,12.0,1.0,2.0,0.0,0.0,M Clattenburg
2015-2016,2015-08-29,Tottenham,Everton,0.0,0.0,D,0.0,0.0,D,20.0,8.0,6.0,3.0,6.0,2.0,20.0,9.0,4.0,1.0,0.0,0.0,M Jones
2015-2016,2015-08-29,Stoke,West Brom,0.0,1.0,A,0.0,1.0,A,13.0,15.0,5.0,5.0,6.0,5.0,4.0,9.0,1.0,4.0,2.0,0.0,M Oliver
2015-2016,2015-08-29,Newcastle,Arsenal,0.0,1.0,A,0.0,0.0,D,1.0,22.0,0.0,9.0,0.0,9.0,15.0,8.0,6.0,1.0,1.0,0.0,A Marriner
2015-2016,2015-08-29,Liverpool,West Ham,0.0,3.0,A,0.0,2.0,A,13.0,12.0,1.0,5.0,5.0,7.0,17.0,11.0,3.0,1.0,1.0,1.0,K Friend
2015-2016,2015-08-29,Bournemouth,Leicester,1.0,1.0,D,1.0,0.0,H,5.0,4.0,2.0,2.0,4.0,4.0,9.0,19.0,2.0,4.0,0.0,0.0,N Swarbrick
2015-2016,2015-08-29,Aston Villa,Sunderland,2.0,2.0,D,2.0,1.0,H,21.0,7.0,6.0,3.0,5.0,4.0,10.0,14.0,2.0,1.0,0.0,0.0,R Madley
2015-2016,2015-08-29,Chelsea,Crystal Palace,1.0,2.0,A,0.0,0.0,D,26.0,13.0,9.0,6.0,7.0,7.0,9.0,15.0,1.0,1.0,0.0,0.0,C Pawson
2015-2016,2015-08-30,Southampton,Norwich,3.0,0.0,H,1.0,0.0,H,23.0,6.0,8.0,1.0,6.0,4.0,4.0,12.0,0.0,0.0,0.0,1.0,J Moss
2015-2016,2015-08-30,Swansea,Manchester United,2.0,1.0,H,0.0,0.0,D,9.0,11.0,4.0,4.0,0.0,1.0,6.0,15.0,2.0,2.0,0.0,0.0,M Atkinson
2015-2016,2015-09-12,West Brom,Southampton,0.0,0.0,D,0.0,0.0,D,8.0,14.0,1.0,4.0,4.0,5.0,5.0,5.0,1.0,0.0,0.0,0.0,S Attwell
2015-2016,2015-09-12,Watford,Swansea,1.0,0.0,H,0.0,0.0,D,17.0,8.0,6.0,3.0,1.0,3.0,11.0,14.0,1.0,1.0,1.0,0.0,R Madley
2015-2016,2015-09-12,Norwich,Bournemouth,3.0,1.0,H,1.0,0.0,H,12.0,7.0,4.0,2.0,4.0,4.0,10.0,11.0,2.0,3.0,0.0,0.0,M Atkinson
2015-2016,2015-09-12,Manchester United,Liverpool,3.0,1.0,H,0.0,0.0,D,9.0,8.0,3.0,4.0,4.0,4.0,6.0,11.0,1.0,2.0,0.0,0.0,M Oliver
2015-2016,2015-09-12,Crystal Palace,Manchester City,0.0,1.0,A,0.0,0.0,D,10.0,21.0,2.0,7.0,4.0,4.0,13.0,13.0,2.0,3.0,0.0,0.0,M Jones
2015-2016,2015-09-12,Arsenal,Stoke,2.0,0.0,H,1.0,0.0,H,29.0,9.0,12.0,4.0,13.0,1.0,6.0,13.0,1.0,1.0,0.0,0.0,J Moss
2015-2016,2015-09-12,Everton,Chelsea,3.0,1.0,H,2.0,1.0,H,14.0,15.0,9.0,2.0,7.0,14.0,12.0,12.0,2.0,2.0,0.0,0.0,A Marriner
2015-2016,2015-09-13,Leicester,Aston Villa,3.0,2.0,H,0.0,1.0,A,21.0,11.0,6.0,4.0,4.0,5.0,8.0,13.0,2.0,1.0,0.0,0.0,M Dean
2015-2016,2015-09-13,Sunderland,Tottenham,0.0,1.0,A,0.0,0.0,D,12.0,15.0,2.0,4.0,6.0,8.0,11.0,12.0,2.0,1.0,0.0,0.0,C Pawson
2015-2016,2015-09-14,West Ham,Newcastle,2.0,0.0,H,1.0,0.0,H,17.0,14.0,3.0,4.0,6.0,7.0,8.0,11.0,0.0,2.0,0.0,0.0,A Taylor
2015-2016,2015-09-19,Stoke,Leicester,2.0,2.0,D,2.0,0.0,H,11.0,12.0,4.0,5.0,3.0,4.0,7.0,12.0,1.0,4.0,0.0,0.0,A Marriner
2015-2016,2015-09-19,Swansea,Everton,0.0,0.0,D,0.0,0.0,D,12.0,17.0,3.0,2.0,2.0,4.0,12.0,11.0,2.0,2.0,0.0,1.0,S Attwell
2015-2016,2015-09-19,Newcastle,Watford,1.0,2.0,A,0.0,2.0,A,15.0,13.0,5.0,4.0,5.0,5.0,8.0,12.0,1.0,2.0,0.0,0.0,R East
2015-2016,2015-09-19,Aston Villa,West Brom,0.0,1.0,A,0.0,1.0,A,13.0,11.0,3.0,6.0,2.0,7.0,10.0,11.0,2.0,3.0,0.0,0.0,M Atkinson
2015-2016,2015-09-19,Chelsea,Arsenal,2.0,0.0,H,0.0,0.0,D,22.0,9.0,7.0,2.0,5.0,5.0,12.0,11.0,3.0,1.0,0.0,2.0,M Dean
2015-2016,2015-09-19,Bournemouth,Sunderland,2.0,0.0,H,2.0,0.0,H,15.0,9.0,5.0,2.0,7.0,3.0,14.0,15.0,2.0,4.0,0.0,1.0,K Friend
2015-2016,2015-09-19,Manchester City,West Ham,1.0,2.0,A,1.0,2.0,A,27.0,6.0,8.0,3.0,16.0,3.0,10.0,7.0,1.0,2.0,0.0,0.0,R Madley
2015-2016,2015-09-20,Liverpool,Norwich,1.0,1.0,D,0.0,0.0,D,23.0,7.0,7.0,2.0,6.0,2.0,4.0,13.0,1.0,2.0,0.0,0.0,A Taylor
2015-2016,2015-09-20,Southampton,Manchester United,2.0,3.0,A,1.0,1.0,D,15.0,10.0,8.0,3.0,5.0,5.0,6.0,13.0,2.0,0.0,0.0,0.0,M Clattenburg
2015-2016,2015-09-20,Tottenham,Crystal Palace,1.0,0.0,H,0.0,0.0,D,22.0,12.0,6.0,4.0,6.0,5.0,9.0,11.0,1.0,2.0,0.0,0.0,M Oliver
2015-2016,2015-09-26,West Ham,Norwich,2.0,2.0,D,1.0,1.0,D,19.0,16.0,7.0,7.0,7.0,5.0,7.0,17.0,0.0,0.0,0.0,0.0,M Dean
2015-2016,2015-09-26,Tottenham,Manchester City,4.0,1.0,H,1.0,1.0,D,15.0,22.0,8.0,8.0,5.0,9.0,17.0,6.0,5.0,1.0,0.0,0.0,M Clattenburg
2015-2016,2015-09-26,Stoke,Bournemouth,2.0,1.0,H,1.0,0.0,H,8.0,11.0,5.0,6.0,3.0,7.0,13.0,11.0,1.0,0.0,0.0,0.0,L Mason
2015-2016,2015-09-26,Southampton,Swansea,3.0,1.0,H,1.0,0.0,H,18.0,11.0,7.0,4.0,4.0,3.0,18.0,14.0,3.0,1.0,0.0,0.0,R East
2015-2016,2015-09-26,Newcastle,Chelsea,2.0,2.0,D,1.0,0.0,H,11.0,16.0,5.0,4.0,4.0,6.0,12.0,15.0,1.0,2.0,0.0,0.0,M Atkinson
2015-2016,2015-09-26,Manchester United,Sunderland,3.0,0.0,H,1.0,0.0,H,12.0,9.0,7.0,4.0,5.0,2.0,12.0,17.0,0.0,3.0,0.0,0.0,M Jones
2015-2016,2015-09-26,Liverpool,Aston Villa,3.0,2.0,H,1.0,0.0,H,21.0,10.0,12.0,4.0,11.0,1.0,8.0,13.0,0.0,0.0,0.0,0.0,J Moss
2015-2016,2015-09-26,Leicester,Arsenal,2.0,5.0,A,1.0,2.0,A,16.0,26.0,7.0,12.0,6.0,5.0,9.0,12.0,1.0,1.0,0.0,0.0,C Pawson
2015-2016,2015-09-27,Watford,Crystal Palace,0.0,1.0,A,0.0,0.0,D,15.0,16.0,2.0,3.0,6.0,4.0,17.0,22.0,4.0,4.0,0.0,0.0,A Taylor
2015-2016,2015-09-28,West Brom,Everton,2.0,3.0,A,1.0,0.0,H,9.0,12.0,4.0,4.0,6.0,4.0,9.0,8.0,0.0,3.0,0.0,0.0,R Madley
2015-2016,2015-10-03,Sunderland,West Ham,2.0,2.0,D,2.0,1.0,H,12.0,20.0,3.0,6.0,1.0,8.0,14.0,11.0,2.0,4.0,1.0,0.0,N Swarbrick
2015-2016,2015-10-03,Norwich,Leicester,1.0,2.0,A,0.0,1.0,A,17.0,16.0,2.0,5.0,16.0,8.0,4.0,4.0,0.0,1.0,0.0,0.0,M Clattenburg
2015-2016,2015-10-03,Manchester City,Newcastle,6.0,1.0,H,1.0,1.0,D,23.0,6.0,11.0,4.0,6.0,3.0,13.0,8.0,3.0,1.0,0.0,0.0,K Friend
2015-2016,2015-10-03,Aston Villa,Stoke,0.0,1.0,A,0.0,0.0,D,13.0,12.0,2.0,5.0,9.0,5.0,12.0,12.0,1.0,0.0,0.0,0.0,M Jones
2015-2016,2015-10-03,Chelsea,Southampton,1.0,3.0,A,1.0,1.0,D,10.0,13.0,3.0,5.0,4.0,6.0,14.0,14.0,2.0,5.0,0.0,0.0,R Madley
2015-2016,2015-10-03,Bournemouth,Watford,1.0,1.0,D,1.0,1.0,D,12.0,11.0,6.0,2.0,5.0,3.0,8.0,13.0,1.0,1.0,0.0,0.0,M Oliver
2015-2016,2015-10-03,Crystal Palace,West Brom,2.0,0.0,H,0.0,0.0,D,21.0,7.0,8.0,2.0,8.0,3.0,14.0,13.0,3.0,3.0,0.0,0.0,J Moss
2015-2016,2015-10-04,Arsenal,Manchester United,3.0,0.0,H,3.0,0.0,H,12.0,9.0,5.0,5.0,3.0,6.0,8.0,17.0,1.0,3.0,0.0,0.0,A Taylor
2015-2016,2015-10-04,Everton,Liverpool,1.0,1.0,D,1.0,1.0,D,14.0,13.0,4.0,4.0,5.0,11.0,10.0,19.0,3.0,3.0,0.0,0.0,M Atkinson
2015-2016,2015-10-04,Swansea,Tottenham,2.0,2.0,D,2.0,1.0,H,11.0,19.0,2.0,11.0,5.0,6.0,8.0,19.0,1.0,4.0,0.0,0.0,M Dean
2015-2016,2015-10-17,Watford,Arsenal,0.0,3.0,A,0.0,0.0,D,8.0,17.0,1.0,6.0,3.0,9.0,11.0,12.0,2.0,1.0,0.0,0.0,M Jones
2015-2016,2015-10-17,Chelsea,Aston Villa,2.0,0.0,H,1.0,0.0,H,9.0,8.0,3.0,1.0,4.0,4.0,22.0,17.0,1.0,3.0,0.0,0.0,R East
2015-2016,2015-10-17,Crystal Palace,West Ham,1.0,3.0,A,1.0,1.0,D,6.0,24.0,1.0,4.0,1.0,9.0,9.0,11.0,1.0,3.0,1.0,0.0,M Clattenburg
2015-2016,2015-10-17,Everton,Manchester United,0.0,3.0,A,0.0,2.0,A,12.0,10.0,3.0,7.0,5.0,3.0,12.0,14.0,2.0,2.0,0.0,0.0,J Moss
2015-2016,2015-10-17,Manchester City,Bournemouth,5.0,1.0,H,4.0,1.0,H,15.0,5.0,11.0,1.0,1.0,7.0,11.0,5.0,2.0,1.0,0.0,0.0,M Dean
2015-2016,2015-10-17,Southampton,Leicester,2.0,2.0,D,2.0,0.0,H,14.0,26.0,6.0,7.0,6.0,7.0,16.0,10.0,2.0,0.0,0.0,0.0,P Tierney
2015-2016,2015-10-17,Tottenham,Liverpool,0.0,0.0,D,0.0,0.0,D,13.0,12.0,4.0,3.0,8.0,6.0,15.0,11.0,1.0,2.0,0.0,0.0,C Pawson
2015-2016,2015-10-17,West Brom,Sunderland,1.0,0.0,H,0.0,0.0,D,8.0,9.0,1.0,2.0,1.0,5.0,12.0,13.0,2.0,2.0,0.0,0.0,M Atkinson
2015-2016,2015-10-18,Newcastle,Norwich,6.0,2.0,H,3.0,2.0,H,11.0,18.0,6.0,6.0,3.0,7.0,10.0,10.0,1.0,1.0,0.0,0.0,A Taylor
2015-2016,2015-10-19,Swansea,Stoke,0.0,1.0,A,0.0,1.0,A,14.0,9.0,2.0,2.0,1.0,2.0,6.0,14.0,2.0,2.0,0.0,0.0,R Madley
2015-2016,2015-10-24,Arsenal,Everton,2.0,1.0,H,2.0,1.0,H,20.0,10.0,5.0,5.0,7.0,5.0,11.0,14.0,2.0,0.0,0.0,1.0,L Mason
2015-2016,2015-10-24,Aston Villa,Swansea,1.0,2.0,A,0.0,0.0,D,9.0,11.0,3.0,4.0,4.0,6.0,10.0,8.0,2.0,3.0,0.0,0.0,N Swarbrick
2015-2016,2015-10-24,Leicester,Crystal Palace,1.0,0.0,H,0.0,0.0,D,12.0,9.0,3.0,4.0,3.0,2.0,7.0,11.0,3.0,1.0,0.0,0.0,M Dean
2015-2016,2015-10-24,Norwich,West Brom,0.0,1.0,A,0.0,0.0,D,16.0,7.0,3.0,4.0,13.0,3.0,11.0,6.0,1.0,2.0,0.0,0.0,K Friend
2015-2016,2015-10-24,Stoke,Watford,0.0,2.0,A,0.0,1.0,A,12.0,13.0,1.0,3.0,11.0,5.0,10.0,18.0,3.0,1.0,0.0,0.0,M Atkinson
2015-2016,2015-10-24,West Ham,Chelsea,2.0,1.0,H,1.0,0.0,H,12.0,8.0,5.0,4.0,7.0,4.0,10.0,12.0,1.0,5.0,0.0,1.0,J Moss
2015-2016,2015-10-25,Bournemouth,Tottenham,1.0,5.0,A,1.0,3.0,A,11.0,14.0,3.0,9.0,4.0,5.0,8.0,15.0,0.0,1.0,0.0,0.0,R East
2015-2016,2015-10-25,Liverpool,Southampton,1.0,1.0,D,0.0,0.0,D,15.0,8.0,2.0,3.0,10.0,7.0,8.0,11.0,1.0,0.0,0.0,1.0,A Marriner
2015-2016,2015-10-25,Manchester United,Manchester City,0.0,0.0,D,0.0,0.0,D,6.0,6.0,1.0,1.0,6.0,4.0,17.0,13.0,2.0,2.0,0.0,0.0,M Clattenburg
2015-2016,2015-10-25,Sunderland,Newcastle,3.0,0.0,H,1.0,0.0,H,9.0,21.0,3.0,8.0,1.0,10.0,12.0,10.0,0.0,2.0,0.0,1.0,R Madley
2015-2016,2015-10-31,Watford,West Ham,2.0,0.0,H,1.0,0.0,H,20.0,8.0,5.0,3.0,7.0,2.0,16.0,12.0,3.0,0.0,0.0,1.0,K Stroud
2015-2016,2015-10-31,Swansea,Arsenal,0.0,3.0,A,0.0,0.0,D,8.0,15.0,3.0,5.0,4.0,4.0,12.0,7.0,2.0,0.0,0.0,0.0,K Friend
2015-2016,2015-10-31,Newcastle,Stoke,0.0,0.0,D,0.0,0.0,D,15.0,9.0,6.0,2.0,11.0,4.0,6.0,16.0,1.0,3.0,0.0,0.0,R East
2015-2016,2015-10-31,West Brom,Leicester,2.0,3.0,A,1.0,0.0,H,14.0,13.0,6.0,5.0,6.0,4.0,3.0,11.0,0.0,2.0,0.0,0.0,A Taylor
2015-2016,2015-10-31,Crystal Palace,Manchester United,0.0,0.0,D,0.0,0.0,D,10.0,5.0,5.0,1.0,7.0,3.0,12.0,15.0,3.0,3.0,0.0,0.0,M Jones
2015-2016,2015-10-31,Chelsea,Liverpool,1.0,3.0,A,1.0,1.0,D,8.0,16.0,2.0,7.0,1.0,7.0,9.0,21.0,1.0,4.0,0.0,0.0,M Clattenburg
2015-2016,2015-10-31,Manchester City,Norwich,2.0,1.0,H,0.0,0.0,D,21.0,5.0,5.0,3.0,12.0,4.0,4.0,13.0,2.0,2.0,0.0,1.0,R Madley
2015-2016,2015-11-01,Everton,Sunderland,6.0,2.0,H,2.0,1.0,H,15.0,17.0,8.0,9.0,6.0,1.0,6.0,5.0,3.0,2.0,0.0,0.0,A Marriner
2015-2016,2015-11-01,Southampton,Bournemouth,2.0,0.0,H,2.0,0.0,H,11.0,16.0,2.0,2.0,4.0,6.0,5.0,5.0,0.0,2.0,1.0,0.0,C Pawson
2015-2016,2015-11-02,Tottenham,Aston Villa,3.0,1.0,H,2.0,0.0,H,17.0,13.0,6.0,2.0,4.0,3.0,6.0,15.0,0.0,3.0,0.0,0.0,M Dean
2015-2016,2015-11-07,West Ham,Everton,1.0,1.0,D,1.0,1.0,D,16.0,13.0,5.0,4.0,3.0,5.0,11.0,12.0,1.0,2.0,0.0,0.0,P Tierney
2015-2016,2015-11-07,Sunderland,Southampton,0.0,1.0,A,0.0,0.0,D,9.0,11.0,3.0,4.0,10.0,11.0,3.0,7.0,1.0,3.0,0.0,0.0,M Jones
2015-2016,2015-11-07,Stoke,Chelsea,1.0,0.0,H,0.0,0.0,D,8.0,19.0,2.0,4.0,1.0,9.0,13.0,10.0,3.0,1.0,0.0,0.0,A Taylor
2015-2016,2015-11-07,Norwich,Swansea,1.0,0.0,H,0.0,0.0,D,9.0,8.0,5.0,0.0,5.0,2.0,12.0,7.0,1.0,0.0,0.0,0.0,M Clattenburg
2015-2016,2015-11-07,Leicester,Watford,2.0,1.0,H,0.0,0.0,D,12.0,8.0,6.0,4.0,4.0,2.0,10.0,10.0,0.0,1.0,0.0,0.0,R East
2015-2016,2015-11-07,Bournemouth,Newcastle,0.0,1.0,A,0.0,1.0,A,20.0,2.0,5.0,1.0,16.0,0.0,9.0,11.0,2.0,2.0,0.0,0.0,L Mason
2015-2016,2015-11-07,Manchester United,West Brom,2.0,0.0,H,0.0,0.0,D,13.0,4.0,3.0,0.0,5.0,1.0,11.0,10.0,1.0,3.0,0.0,1.0,M Dean
2015-2016,2015-11-08,Arsenal,Tottenham,1.0,1.0,D,0.0,1.0,A,10.0,14.0,4.0,4.0,7.0,6.0,12.0,17.0,0.0,1.0,0.0,0.0,M Atkinson
2015-2016,2015-11-08,Aston Villa,Manchester City,0.0,0.0,D,0.0,0.0,D,3.0,13.0,0.0,3.0,3.0,8.0,7.0,7.0,1.0,1.0,0.0,0.0,C Pawson
2015-2016,2015-11-08,Liverpool,Crystal Palace,1.0,2.0,A,1.0,1.0,D,22.0,9.0,4.0,4.0,14.0,6.0,7.0,6.0,1.0,2.0,0.0,0.0,N Swarbrick
2015-2016,2015-11-21,Swansea,Bournemouth,2.0,2.0,D,2.0,2.0,D,11.0,16.0,4.0,4.0,4.0,5.0,7.0,9.0,3.0,2.0,0.0,0.0,A Marriner
2015-2016,2015-11-21,West Brom,Arsenal,2.0,1.0,H,2.0,1.0,H,4.0,11.0,1.0,3.0,3.0,5.0,14.0,10.0,3.0,2.0,0.0,0.0,M Clattenburg
2015-2016,2015-11-21,Watford,Manchester United,1.0,2.0,A,0.0,1.0,A,10.0,13.0,5.0,6.0,4.0,10.0,6.0,12.0,1.0,2.0,0.0,0.0,R Madley
2015-2016,2015-11-21,Southampton,Stoke,0.0,1.0,A,0.0,1.0,A,16.0,16.0,1.0,4.0,7.0,3.0,8.0,8.0,2.0,0.0,0.0,0.0,L Mason
2015-2016,2015-11-21,Manchester City,Liverpool,1.0,4.0,A,1.0,3.0,A,11.0,14.0,3.0,9.0,11.0,5.0,5.0,13.0,0.0,3.0,0.0,0.0,J Moss
2015-2016,2015-11-21,Newcastle,Leicester,0.0,3.0,A,0.0,1.0,A,9.0,18.0,1.0,7.0,4.0,9.0,9.0,12.0,4.0,1.0,0.0,0.0,M Jones
2015-2016,2015-11-21,Everton,Aston Villa,4.0,0.0,H,3.0,0.0,H,16.0,10.0,9.0,3.0,2.0,3.0,6.0,9.0,0.0,0.0,0.0,0.0,M Oliver
2015-2016,2015-11-21,Chelsea,Norwich,1.0,0.0,H,0.0,0.0,D,21.0,4.0,7.0,2.0,6.0,5.0,4.0,12.0,1.0,4.0,0.0,0.0,C Pawson
2015-2016,2015-11-22,Tottenham,West Ham,4.0,1.0,H,2.0,0.0,H,22.0,10.0,12.0,4.0,7.0,6.0,13.0,9.0,2.0,2.0,0.0,0.0,A Taylor
2015-2016,2015-11-23,Crystal Palace,Sunderland,0.0,1.0,A,0.0,0.0,D,19.0,12.0,7.0,4.0,11.0,2.0,18.0,11.0,1.0,3.0,0.0,0.0,M Atkinson
2015-2016,2015-11-28,Sunderland,Stoke,2.0,0.0,H,0.0,0.0,D,18.0,7.0,5.0,3.0,9.0,5.0,4.0,10.0,0.0,2.0,0.0,1.0,M Dean
2015-2016,2015-11-28,Leicester,Manchester United,1.0,1.0,D,1.0,1.0,D,7.0,10.0,3.0,2.0,1.0,8.0,5.0,7.0,0.0,1.0,0.0,0.0,C Pawson
2015-2016,2015-11-28,Manchester City,Southampton,3.0,1.0,H,2.0,0.0,H,16.0,12.0,9.0,8.0,6.0,4.0,14.0,11.0,2.0,1.0,0.0,0.0,R East
2015-2016,2015-11-28,Bournemouth,Everton,3.0,3.0,D,0.0,2.0,A,19.0,11.0,10.0,6.0,10.0,5.0,6.0,6.0,2.0,0.0,0.0,0.0,K Friend
2015-2016,2015-11-28,Aston Villa,Watford,2.0,3.0,A,1.0,1.0,D,12.0,14.0,6.0,6.0,10.0,10.0,6.0,13.0,2.0,3.0,0.0,0.0,L Mason
2015-2016,2015-11-28,Crystal Palace,Newcastle,5.0,1.0,H,3.0,1.0,H,19.0,7.0,8.0,2.0,7.0,5.0,7.0,13.0,1.0,1.0,0.0,0.0,S Attwell
2015-2016,2015-11-29,Liverpool,Swansea,1.0,0.0,H,0.0,0.0,D,10.0,8.0,2.0,0.0,8.0,7.0,12.0,6.0,3.0,1.0,0.0,0.0,A Taylor
2015-2016,2015-11-29,Norwich,Arsenal,1.0,1.0,D,1.0,1.0,D,7.0,12.0,2.0,3.0,3.0,6.0,8.0,6.0,1.0,1.0,0.0,0.0,J Moss
2015-2016,2015-11-29,Tottenham,Chelsea,0.0,0.0,D,0.0,0.0,D,9.0,5.0,4.0,1.0,4.0,4.0,14.0,9.0,4.0,2.0,0.0,0.0,M Oliver
2015-2016,2015-11-29,West Ham,West Brom,1.0,1.0,D,1.0,0.0,H,17.0,7.0,6.0,3.0,5.0,2.0,15.0,16.0,0.0,2.0,0.0,0.0,M Atkinson
2015-2016,2015-12-05,Swansea,Leicester,0.0,3.0,A,0.0,2.0,A,10.0,16.0,2.0,5.0,3.0,8.0,3.0,19.0,2.0,3.0,0.0,0.0,M Oliver
2015-2016,2015-12-05,West Brom,Tottenham,1.0,1.0,D,1.0,1.0,D,11.0,9.0,4.0,3.0,3.0,6.0,13.0,10.0,3.0,2.0,0.0,0.0,J Moss
2015-2016,2015-12-05,Watford,Norwich,2.0,0.0,H,1.0,0.0,H,14.0,6.0,7.0,1.0,4.0,1.0,11.0,10.0,3.0,3.0,0.0,0.0,M Dean
2015-2016,2015-12-05,Stoke,Manchester City,2.0,0.0,H,2.0,0.0,H,7.0,11.0,4.0,4.0,1.0,6.0,9.0,10.0,0.0,1.0,0.0,0.0,M Atkinson
2015-2016,2015-12-05,Arsenal,Sunderland,3.0,1.0,H,1.0,1.0,D,16.0,11.0,7.0,4.0,3.0,2.0,7.0,11.0,1.0,1.0,0.0,0.0,R Madley
2015-2016,2015-12-05,Manchester United,West Ham,0.0,0.0,D,0.0,0.0,D,21.0,9.0,1.0,2.0,6.0,2.0,9.0,13.0,1.0,0.0,0.0,0.0,M Clattenburg
2015-2016,2015-12-05,Chelsea,Bournemouth,0.0,1.0,A,0.0,0.0,D,19.0,15.0,6.0,5.0,11.0,4.0,10.0,13.0,2.0,1.0,0.0,0.0,M Jones
2015-2016,2015-12-05,Southampton,Aston Villa,1.0,1.0,D,0.0,1.0,A,23.0,9.0,5.0,2.0,10.0,4.0,4.0,9.0,1.0,2.0,0.0,0.0,A Taylor
2015-2016,2015-12-06,Newcastle,Liverpool,2.0,0.0,H,0.0,0.0,D,6.0,10.0,1.0,1.0,2.0,7.0,6.0,10.0,3.0,1.0,0.0,0.0,A Marriner
2015-2016,2015-12-07,Everton,Crystal Palace,1.0,1.0,D,0.0,0.0,D,19.0,14.0,4.0,5.0,13.0,6.0,4.0,11.0,1.0,2.0,0.0,0.0,C Pawson
2015-2016,2015-12-12,West Ham,Stoke,0.0,0.0,D,0.0,0.0,D,22.0,12.0,9.0,3.0,11.0,7.0,7.0,9.0,1.0,2.0,0.0,0.0,A Marriner
2015-2016,2015-12-12,Bournemouth,Manchester United,2.0,1.0,H,1.0,1.0,D,11.0,11.0,5.0,5.0,5.0,7.0,12.0,12.0,2.0,1.0,0.0,0.0,A Taylor
2015-2016,2015-12-12,Crystal Palace,Southampton,1.0,0.0,H,1.0,0.0,H,12.0,15.0,5.0,3.0,8.0,5.0,11.0,13.0,0.0,0.0,0.0,0.0,M Dean
2015-2016,2015-12-12,Manchester City,Swansea,2.0,1.0,H,1.0,0.0,H,13.0,13.0,5.0,7.0,5.0,5.0,13.0,15.0,3.0,1.0,0.0,0.0,R Madley
2015-2016,2015-12-12,Norwich,Everton,1.0,1.0,D,0.0,1.0,A,9.0,15.0,2.0,3.0,5.0,4.0,9.0,6.0,1.0,0.0,0.0,0.0,M Atkinson
2015-2016,2015-12-12,Sunderland,Watford,0.0,1.0,A,0.0,1.0,A,14.0,13.0,2.0,6.0,8.0,3.0,6.0,9.0,1.0,0.0,0.0,0.0,G Scott
2015-2016,2015-12-13,Tottenham,Newcastle,1.0,2.0,A,1.0,0.0,H,20.0,8.0,8.0,4.0,6.0,2.0,13.0,14.0,2.0,2.0,0.0,0.0,R East
2015-2016,2015-12-13,Liverpool,West Brom,2.0,2.0,D,1.0,1.0,D,28.0,4.0,8.0,2.0,4.0,4.0,7.0,10.0,0.0,0.0,0.0,0.0,C Pawson
2015-2016,2015-12-13,Aston Villa,Arsenal,0.0,2.0,A,0.0,2.0,A,18.0,8.0,2.0,4.0,5.0,5.0,8.0,7.0,0.0,0.0,0.0,0.0,K Friend
2015-2016,2015-12-14,Leicester,Chelsea,2.0,1.0,H,1.0,0.0,H,9.0,11.0,5.0,5.0,1.0,8.0,16.0,8.0,2.0,0.0,0.0,0.0,M Clattenburg
2015-2016,2015-12-19,Stoke,Crystal Palace,1.0,2.0,A,0.0,1.0,A,26.0,12.0,5.0,3.0,7.0,3.0,6.0,12.0,2.0,0.0,0.0,0.0,R Madley
2015-2016,2015-12-19,Southampton,Tottenham,0.0,2.0,A,0.0,2.0,A,11.0,13.0,4.0,6.0,4.0,7.0,18.0,9.0,1.0,1.0,0.0,0.0,K Friend
2015-2016,2015-12-19,Newcastle,Aston Villa,1.0,1.0,D,1.0,0.0,H,8.0,10.0,4.0,7.0,3.0,7.0,9.0,14.0,1.0,3.0,0.0,0.0,M Atkinson
2015-2016,2015-12-19,West Brom,Bournemouth,1.0,2.0,A,0.0,0.0,D,6.0,16.0,2.0,7.0,4.0,8.0,12.0,9.0,2.0,1.0,2.0,0.0,M Dean
2015-2016,2015-12-19,Everton,Leicester,2.0,3.0,A,1.0,1.0,D,13.0,10.0,5.0,5.0,10.0,2.0,6.0,14.0,2.0,1.0,0.0,0.0,J Moss
2015-2016,2015-12-19,Chelsea,Sunderland,3.0,1.0,H,2.0,0.0,H,17.0,11.0,7.0,3.0,2.0,2.0,12.0,12.0,1.0,3.0,0.0,0.0,R East
2015-2016,2015-12-19,Manchester United,Norwich,1.0,2.0,A,0.0,1.0,A,11.0,6.0,2.0,4.0,11.0,0.0,4.0,10.0,0.0,2.0,0.0,0.0,M Oliver
2015-2016,2015-12-20,Swansea,West Ham,0.0,0.0,D,0.0,0.0,D,21.0,11.0,2.0,2.0,8.0,9.0,6.0,9.0,0.0,1.0,0.0,0.0,L Mason
2015-2016,2015-12-20,Watford,Liverpool,3.0,0.0,H,2.0,0.0,H,6.0,12.0,5.0,4.0,7.0,9.0,6.0,9.0,1.0,0.0,0.0,0.0,M Clattenburg
2015-2016,2015-12-21,Arsenal,Manchester City,2.0,1.0,H,2.0,0.0,H,8.0,20.0,5.0,6.0,4.0,8.0,5.0,16.0,0.0,2.0,0.0,0.0,A Marriner
2015-2016,2015-12-26,Southampton,Arsenal,4.0,0.0,H,1.0,0.0,H,15.0,7.0,5.0,4.0,3.0,4.0,10.0,9.0,1.0,0.0,0.0,0.0,J Moss
2015-2016,2015-12-26,Tottenham,Norwich,3.0,0.0,H,2.0,0.0,H,15.0,11.0,10.0,3.0,9.0,4.0,4.0,13.0,1.0,2.0,0.0,0.0,M Jones
2015-2016,2015-12-26,Swansea,West Brom,1.0,0.0,H,1.0,0.0,H,7.0,9.0,2.0,3.0,0.0,7.0,10.0,13.0,1.0,3.0,0.0,0.0,R East
2015-2016,2015-12-26,Stoke,Manchester United,2.0,0.0,H,2.0,0.0,H,13.0,11.0,3.0,6.0,1.0,12.0,13.0,16.0,1.0,2.0,0.0,0.0,K Friend
2015-2016,2015-12-26,Newcastle,Everton,0.0,1.0,A,0.0,0.0,D,10.0,20.0,1.0,7.0,1.0,7.0,16.0,12.0,2.0,2.0,0.0,0.0,L Mason
2015-2016,2015-12-26,Liverpool,Leicester,1.0,0.0,H,0.0,0.0,D,25.0,7.0,4.0,3.0,7.0,6.0,11.0,8.0,2.0,1.0,0.0,0.0,M Atkinson
2015-2016,2015-12-26,Chelsea,Watford,2.0,2.0,D,1.0,1.0,D,17.0,12.0,2.0,3.0,9.0,4.0,7.0,15.0,1.0,4.0,0.0,0.0,A Marriner
2015-2016,2015-12-26,Bournemouth,Crystal Palace,0.0,0.0,D,0.0,0.0,D,10.0,8.0,4.0,0.0,8.0,9.0,10.0,13.0,1.0,0.0,0.0,0.0,M Oliver
2015-2016,2015-12-26,Aston Villa,West Ham,1.0,1.0,D,0.0,1.0,A,15.0,10.0,8.0,4.0,9.0,6.0,14.0,13.0,3.0,3.0,0.0,0.0,M Dean
2015-2016,2015-12-26,Manchester City,Sunderland,4.0,1.0,H,3.0,0.0,H,19.0,11.0,9.0,3.0,5.0,1.0,10.0,11.0,1.0,1.0,0.0,0.0,A Taylor
2015-2016,2015-12-28,Arsenal,Bournemouth,2.0,0.0,H,1.0,0.0,H,13.0,10.0,6.0,3.0,9.0,3.0,7.0,8.0,2.0,0.0,0.0,0.0,R East
2015-2016,2015-12-28,Crystal Palace,Swansea,0.0,0.0,D,0.0,0.0,D,10.0,5.0,2.0,3.0,7.0,4.0,11.0,16.0,3.0,2.0,0.0,0.0,N Swarbrick
2015-2016,2015-12-28,Everton,Stoke,3.0,4.0,A,1.0,2.0,A,15.0,8.0,3.0,5.0,6.0,2.0,10.0,12.0,2.0,1.0,0.0,0.0,M Clattenburg
2015-2016,2015-12-28,Manchester United,Chelsea,0.0,0.0,D,0.0,0.0,D,12.0,8.0,2.0,3.0,5.0,3.0,16.0,6.0,4.0,2.0,0.0,0.0,M Atkinson
2015-2016,2015-12-28,Norwich,Aston Villa,2.0,0.0,H,1.0,0.0,H,9.0,6.0,4.0,3.0,3.0,7.0,10.0,21.0,2.0,5.0,0.0,0.0,G Scott
2015-2016,2015-12-28,Watford,Tottenham,1.0,2.0,A,1.0,1.0,D,9.0,10.0,1.0,3.0,5.0,3.0,11.0,13.0,4.0,2.0,1.0,0.0,A Taylor
2015-2016,2015-12-28,West Brom,Newcastle,1.0,0.0,H,0.0,0.0,D,22.0,7.0,5.0,2.0,18.0,6.0,7.0,13.0,0.0,0.0,0.0,0.0,M Jones
2015-2016,2015-12-28,West Ham,Southampton,2.0,1.0,H,0.0,1.0,A,13.0,15.0,5.0,4.0,4.0,7.0,6.0,12.0,1.0,3.0,0.0,0.0,M Oliver
2015-2016,2015-12-29,Leicester,Manchester City,0.0,0.0,D,0.0,0.0,D,11.0,21.0,4.0,5.0,1.0,13.0,11.0,8.0,1.0,3.0,0.0,0.0,C Pawson
2015-2016,2015-12-30,Sunderland,Liverpool,0.0,1.0,A,0.0,0.0,D,8.0,17.0,3.0,6.0,6.0,4.0,8.0,16.0,1.0,3.0,0.0,0.0,K Friend
2015-2016,2016-01-02,West Brom,Stoke,2.0,1.0,H,0.0,0.0,D,16.0,10.0,5.0,3.0,4.0,6.0,7.0,15.0,1.0,1.0,0.0,1.0,L Mason
2015-2016,2016-01-02,West Ham,Liverpool,2.0,0.0,H,1.0,0.0,H,18.0,23.0,10.0,2.0,3.0,9.0,11.0,8.0,1.0,1.0,0.0,0.0,R Madley
2015-2016,2016-01-02,Sunderland,Aston Villa,3.0,1.0,H,1.0,0.0,H,13.0,8.0,6.0,3.0,3.0,3.0,8.0,13.0,3.0,4.0,0.0,0.0,C Pawson
2015-2016,2016-01-02,Watford,Manchester City,1.0,2.0,A,0.0,0.0,D,11.0,16.0,3.0,5.0,4.0,5.0,6.0,10.0,1.0,0.0,0.0,0.0,M Atkinson
2015-2016,2016-01-02,Manchester United,Swansea,2.0,1.0,H,0.0,0.0,D,19.0,9.0,6.0,4.0,4.0,2.0,14.0,10.0,2.0,1.0,0.0,0.0,J Moss
2015-2016,2016-01-02,Norwich,Southampton,1.0,0.0,H,0.0,0.0,D,10.0,10.0,1.0,4.0,4.0,9.0,9.0,7.0,1.0,0.0,0.0,1.0,M Clattenburg
2015-2016,2016-01-02,Leicester,Bournemouth,0.0,0.0,D,0.0,0.0,D,16.0,9.0,2.0,0.0,7.0,1.0,9.0,5.0,1.0,1.0,0.0,1.0,A Marriner
2015-2016,2016-01-02,Arsenal,Newcastle,1.0,0.0,H,0.0,0.0,D,16.0,15.0,3.0,6.0,7.0,4.0,10.0,9.0,2.0,2.0,0.0,0.0,A Taylor
2015-2016,2016-01-03,Crystal Palace,Chelsea,0.0,3.0,A,0.0,1.0,A,8.0,10.0,4.0,4.0,5.0,7.0,12.0,15.0,3.0,0.0,0.0,0.0,K Friend
2015-2016,2016-01-03,Everton,Tottenham,1.0,1.0,D,1.0,1.0,D,12.0,19.0,3.0,4.0,4.0,4.0,8.0,11.0,1.0,2.0,0.0,0.0,M Oliver
2015-2016,2016-01-12,Aston Villa,Crystal Palace,1.0,0.0,H,0.0,0.0,D,13.0,9.0,3.0,1.0,9.0,0.0,15.0,9.0,2.0,1.0,0.0,0.0,M Clattenburg
2015-2016,2016-01-12,Bournemouth,West Ham,1.0,3.0,A,1.0,0.0,H,11.0,10.0,4.0,5.0,4.0,7.0,8.0,5.0,1.0,1.0,0.0,0.0,M Atkinson
2015-2016,2016-01-12,Newcastle,Manchester United,3.0,3.0,D,1.0,2.0,A,14.0,12.0,6.0,4.0,5.0,3.0,10.0,12.0,1.0,3.0,0.0,0.0,M Dean
2015-2016,2016-01-13,Tottenham,Leicester,0.0,1.0,A,0.0,0.0,D,21.0,10.0,5.0,2.0,16.0,8.0,13.0,10.0,1.0,0.0,0.0,0.0,L Mason
2015-2016,2016-01-13,Swansea,Sunderland,2.0,4.0,A,2.0,1.0,H,10.0,7.0,5.0,5.0,8.0,6.0,9.0,12.0,2.0,0.0,1.0,0.0,G Scott
2015-2016,2016-01-13,Stoke,Norwich,3.0,1.0,H,0.0,0.0,D,14.0,5.0,4.0,2.0,7.0,3.0,5.0,8.0,0.0,1.0,0.0,1.0,N Swarbrick
2015-2016,2016-01-13,Chelsea,West Brom,2.0,2.0,D,1.0,1.0,D,14.0,13.0,2.0,6.0,7.0,7.0,13.0,8.0,3.0,3.0,0.0,0.0,A Taylor
2015-2016,2016-01-13,Manchester City,Everton,0.0,0.0,D,0.0,0.0,D,22.0,7.0,5.0,2.0,12.0,5.0,5.0,6.0,0.0,1.0,0.0,0.0,R East
2015-2016,2016-01-13,Liverpool,Arsenal,3.0,3.0,D,2.0,2.0,D,22.0,14.0,6.0,5.0,9.0,3.0,9.0,7.0,2.0,0.0,0.0,0.0,M Jones
2015-2016,2016-01-13,Southampton,Watford,2.0,0.0,H,1.0,0.0,H,15.0,4.0,7.0,1.0,8.0,1.0,9.0,11.0,1.0,2.0,0.0,0.0,C Pawson
2015-2016,2016-01-16,Southampton,West Brom,3.0,0.0,H,2.0,0.0,H,9.0,9.0,5.0,0.0,1.0,3.0,10.0,11.0,0.0,0.0,0.0,0.0,M Atkinson
2015-2016,2016-01-16,Tottenham,Sunderland,4.0,1.0,H,1.0,1.0,D,26.0,5.0,11.0,2.0,11.0,3.0,8.0,13.0,0.0,2.0,0.0,0.0,M Dean
2015-2016,2016-01-16,Newcastle,West Ham,2.0,1.0,H,2.0,0.0,H,23.0,10.0,10.0,3.0,3.0,3.0,9.0,4.0,1.0,0.0,0.0,0.0,N Swarbrick
2015-2016,2016-01-16,Aston Villa,Leicester,1.0,1.0,D,0.0,1.0,A,14.0,12.0,5.0,5.0,3.0,4.0,13.0,15.0,3.0,2.0,0.0,0.0,R East
2015-2016,2016-01-16,Chelsea,Everton,3.0,3.0,D,0.0,0.0,D,14.0,9.0,7.0,4.0,6.0,4.0,12.0,5.0,1.0,1.0,0.0,0.0,M Jones
2015-2016,2016-01-16,Bournemouth,Norwich,3.0,0.0,H,1.0,0.0,H,15.0,10.0,8.0,3.0,5.0,3.0,8.0,13.0,1.0,1.0,0.0,0.0,R Madley
2015-2016,2016-01-16,Manchester City,Crystal Palace,4.0,0.0,H,2.0,0.0,H,17.0,9.0,4.0,3.0,5.0,6.0,10.0,11.0,0.0,2.0,0.0,0.0,J Moss
2015-2016,2016-01-17,Liverpool,Manchester United,0.0,1.0,A,0.0,0.0,D,19.0,7.0,4.0,1.0,5.0,4.0,6.0,18.0,0.0,2.0,0.0,0.0,M Clattenburg
2015-2016,2016-01-17,Stoke,Arsenal,0.0,0.0,D,0.0,0.0,D,14.0,8.0,6.0,3.0,6.0,6.0,16.0,10.0,0.0,0.0,0.0,0.0,C Pawson
2015-2016,2016-01-18,Swansea,Watford,1.0,0.0,H,1.0,0.0,H,10.0,13.0,2.0,2.0,6.0,3.0,8.0,11.0,2.0,2.0,0.0,0.0,M Oliver
2015-2016,2016-01-23,West Brom,Aston Villa,0.0,0.0,D,0.0,0.0,D,4.0,15.0,0.0,4.0,2.0,6.0,7.0,13.0,0.0,1.0,0.0,0.0,R Madley
2015-2016,2016-01-23,Crystal Palace,Tottenham,1.0,3.0,A,1.0,0.0,H,11.0,24.0,3.0,11.0,3.0,10.0,11.0,12.0,2.0,2.0,0.0,0.0,M Atkinson
2015-2016,2016-01-23,Leicester,Stoke,3.0,0.0,H,1.0,0.0,H,15.0,3.0,5.0,2.0,8.0,4.0,10.0,13.0,0.0,1.0,0.0,0.0,M Dean
2015-2016,2016-01-23,Manchester United,Southampton,0.0,1.0,A,0.0,0.0,D,8.0,7.0,1.0,2.0,4.0,4.0,11.0,8.0,0.0,0.0,0.0,0.0,M Jones
2015-2016,2016-01-23,Norwich,Liverpool,4.0,5.0,A,2.0,1.0,H,6.0,13.0,5.0,7.0,3.0,3.0,10.0,14.0,0.0,1.0,0.0,0.0,L Mason
2015-2016,2016-01-23,Sunderland,Bournemouth,1.0,1.0,D,1.0,1.0,D,10.0,15.0,5.0,5.0,3.0,4.0,5.0,9.0,1.0,1.0,0.0,0.0,R East
2015-2016,2016-01-23,Watford,Newcastle,2.0,1.0,H,0.0,0.0,D,13.0,11.0,5.0,2.0,2.0,7.0,10.0,12.0,2.0,1.0,0.0,0.0,A Marriner
2015-2016,2016-01-23,West Ham,Manchester City,2.0,2.0,D,1.0,1.0,D,10.0,16.0,3.0,3.0,5.0,2.0,11.0,15.0,2.0,3.0,0.0,0.0,C Pawson
2015-2016,2016-01-24,Everton,Swansea,1.0,2.0,A,1.0,2.0,A,20.0,7.0,2.0,5.0,7.0,1.0,5.0,12.0,0.0,3.0,0.0,0.0,A Taylor
2015-2016,2016-01-24,Arsenal,Chelsea,0.0,1.0,A,0.0,1.0,A,9.0,12.0,1.0,6.0,6.0,7.0,14.0,13.0,1.0,3.0,1.0,0.0,M Clattenburg
2015-2016,2016-02-02,Arsenal,Southampton,0.0,0.0,D,0.0,0.0,D,21.0,14.0,11.0,3.0,13.0,3.0,11.0,19.0,2.0,1.0,0.0,0.0,L Mason
2015-2016,2016-02-02,Crystal Palace,Bournemouth,1.0,2.0,A,1.0,1.0,D,14.0,8.0,3.0,4.0,5.0,3.0,11.0,15.0,3.0,4.0,0.0,0.0,M Jones
2015-2016,2016-02-02,Leicester,Liverpool,2.0,0.0,H,0.0,0.0,D,13.0,14.0,6.0,2.0,3.0,12.0,6.0,7.0,0.0,1.0,0.0,0.0,A Marriner
2015-2016,2016-02-02,Manchester United,Stoke,3.0,0.0,H,2.0,0.0,H,15.0,10.0,5.0,0.0,2.0,5.0,13.0,13.0,2.0,1.0,0.0,0.0,R East
2015-2016,2016-02-02,Norwich,Tottenham,0.0,3.0,A,0.0,2.0,A,10.0,17.0,2.0,6.0,6.0,8.0,8.0,9.0,2.0,2.0,0.0,0.0,K Friend
2015-2016,2016-02-02,Sunderland,Manchester City,0.0,1.0,A,0.0,1.0,A,11.0,6.0,2.0,2.0,8.0,4.0,6.0,15.0,1.0,4.0,0.0,0.0,S Attwell
2015-2016,2016-02-02,West Brom,Swansea,1.0,1.0,D,0.0,0.0,D,17.0,18.0,7.0,4.0,7.0,7.0,12.0,13.0,0.0,0.0,0.0,0.0,N Swarbrick
2015-2016,2016-02-02,West Ham,Aston Villa,2.0,0.0,H,0.0,0.0,D,25.0,6.0,6.0,2.0,5.0,5.0,9.0,11.0,3.0,0.0,0.0,1.0,J Moss
2015-2016,2016-02-03,Everton,Newcastle,3.0,0.0,H,1.0,0.0,H,18.0,7.0,7.0,3.0,3.0,3.0,8.0,15.0,1.0,2.0,0.0,1.0,C Pawson
2015-2016,2016-02-03,Watford,Chelsea,0.0,0.0,D,0.0,0.0,D,12.0,12.0,3.0,4.0,7.0,7.0,10.0,13.0,2.0,1.0,0.0,0.0,M Dean
2015-2016,2016-02-06,Tottenham,Watford,1.0,0.0,H,0.0,0.0,D,26.0,3.0,9.0,0.0,15.0,1.0,12.0,9.0,0.0,1.0,0.0,0.0,R East
2015-2016,2016-02-06,Swansea,Crystal Palace,1.0,1.0,D,1.0,0.0,H,19.0,12.0,3.0,2.0,9.0,5.0,11.0,14.0,1.0,2.0,0.0,0.0,M Dean
2015-2016,2016-02-06,Southampton,West Ham,1.0,0.0,H,1.0,0.0,H,8.0,18.0,2.0,2.0,4.0,5.0,17.0,10.0,1.0,2.0,1.0,0.0,M Clattenburg
2015-2016,2016-02-06,Stoke,Everton,0.0,3.0,A,0.0,3.0,A,11.0,14.0,3.0,6.0,6.0,4.0,11.0,8.0,1.0,0.0,0.0,0.0,A Marriner
2015-2016,2016-02-06,Manchester City,Leicester,1.0,3.0,A,0.0,1.0,A,22.0,14.0,4.0,7.0,11.0,4.0,9.0,15.0,2.0,2.0,0.0,0.0,A Taylor
2015-2016,2016-02-06,Liverpool,Sunderland,2.0,2.0,D,0.0,0.0,D,16.0,7.0,5.0,2.0,7.0,2.0,4.0,12.0,1.0,1.0,0.0,0.0,R Madley
2015-2016,2016-02-06,Aston Villa,Norwich,2.0,0.0,H,1.0,0.0,H,10.0,12.0,3.0,4.0,2.0,11.0,10.0,11.0,0.0,2.0,0.0,0.0,M Atkinson
2015-2016,2016-02-06,Newcastle,West Brom,1.0,0.0,H,1.0,0.0,H,19.0,7.0,7.0,0.0,8.0,4.0,12.0,12.0,0.0,3.0,0.0,0.0,L Mason
2015-2016,2016-02-07,Bournemouth,Arsenal,0.0,2.0,A,0.0,2.0,A,17.0,10.0,4.0,5.0,7.0,3.0,6.0,8.0,0.0,1.0,0.0,0.0,K Friend
2015-2016,2016-02-07,Chelsea,Manchester United,1.0,1.0,D,0.0,0.0,D,16.0,17.0,5.0,7.0,10.0,11.0,6.0,9.0,0.0,3.0,0.0,0.0,M Oliver
2015-2016,2016-02-13,Swansea,Southampton,0.0,1.0,A,0.0,0.0,D,13.0,13.0,2.0,5.0,5.0,4.0,10.0,12.0,0.0,3.0,0.0,0.0,J Moss
2015-2016,2016-02-13,Sunderland,Manchester United,2.0,1.0,H,1.0,1.0,D,21.0,12.0,5.0,6.0,6.0,8.0,7.0,15.0,2.0,3.0,0.0,0.0,A Marriner
2015-2016,2016-02-13,Norwich,West Ham,2.0,2.0,D,0.0,0.0,D,13.0,11.0,3.0,6.0,3.0,3.0,16.0,11.0,2.0,2.0,0.0,0.0,M Jones
2015-2016,2016-02-13,Crystal Palace,Watford,1.0,2.0,A,1.0,1.0,D,14.0,10.0,7.0,3.0,8.0,5.0,11.0,16.0,0.0,2.0,0.0,0.0,R East
2015-2016,2016-02-13,Chelsea,Newcastle,5.0,1.0,H,3.0,0.0,H,15.0,10.0,5.0,4.0,8.0,3.0,16.0,14.0,0.0,1.0,1.0,0.0,R Madley
2015-2016,2016-02-13,Bournemouth,Stoke,1.0,3.0,A,0.0,1.0,A,11.0,11.0,2.0,6.0,9.0,2.0,7.0,18.0,4.0,2.0,0.0,0.0,G Scott
2015-2016,2016-02-13,Everton,West Brom,0.0,1.0,A,0.0,1.0,A,34.0,5.0,6.0,1.0,14.0,1.0,9.0,12.0,1.0,3.0,0.0,0.0,M Oliver
2015-2016,2016-02-14,Arsenal,Leicester,2.0,1.0,H,0.0,1.0,A,24.0,7.0,6.0,3.0,11.0,1.0,9.0,10.0,4.0,3.0,0.0,1.0,M Atkinson
2015-2016,2016-02-14,Aston Villa,Liverpool,0.0,6.0,A,0.0,2.0,A,6.0,11.0,1.0,9.0,0.0,6.0,10.0,9.0,3.0,1.0,0.0,0.0,N Swarbrick
2015-2016,2016-02-14,Manchester City,Tottenham,1.0,2.0,A,0.0,0.0,D,19.0,6.0,4.0,3.0,7.0,1.0,12.0,17.0,1.0,3.0,0.0,0.0,M Clattenburg
2015-2016,2016-02-27,Watford,Bournemouth,0.0,0.0,D,0.0,0.0,D,14.0,11.0,1.0,3.0,4.0,5.0,14.0,17.0,3.0,1.0,0.0,0.0,A Taylor
2015-2016,2016-02-27,Stoke,Aston Villa,2.0,1.0,H,0.0,0.0,D,11.0,5.0,3.0,1.0,11.0,0.0,7.0,15.0,0.0,3.0,0.0,0.0,K Friend
2015-2016,2016-02-27,West Brom,Crystal Palace,3.0,2.0,H,3.0,0.0,H,11.0,15.0,5.0,2.0,3.0,6.0,14.0,16.0,2.0,2.0,0.0,0.0,J Moss
2015-2016,2016-02-27,Leicester,Norwich,1.0,0.0,H,0.0,0.0,D,13.0,9.0,3.0,1.0,3.0,4.0,9.0,11.0,0.0,2.0,0.0,0.0,N Swarbrick
2015-2016,2016-02-27,Southampton,Chelsea,1.0,2.0,A,1.0,0.0,H,7.0,16.0,2.0,4.0,7.0,8.0,10.0,11.0,3.0,1.0,0.0,0.0,M Atkinson
2015-2016,2016-02-27,West Ham,Sunderland,1.0,0.0,H,1.0,0.0,H,9.0,13.0,3.0,4.0,5.0,6.0,11.0,9.0,1.0,0.0,0.0,0.0,M Dean
2015-2016,2016-02-28,Tottenham,Swansea,2.0,1.0,H,0.0,1.0,A,34.0,10.0,14.0,4.0,7.0,7.0,11.0,14.0,2.0,3.0,0.0,0.0,M Jones
2015-2016,2016-02-28,Manchester United,Arsenal,3.0,2.0,H,2.0,1.0,H,7.0,13.0,5.0,5.0,2.0,3.0,21.0,15.0,4.0,3.0,0.0,0.0,C Pawson
2015-2016,2016-03-01,Norwich,Chelsea,1.0,2.0,A,0.0,2.0,A,13.0,10.0,2.0,2.0,4.0,4.0,17.0,5.0,3.0,2.0,0.0,0.0,L Mason
2015-2016,2016-03-01,Leicester,West Brom,2.0,2.0,D,2.0,1.0,H,22.0,11.0,5.0,3.0,11.0,3.0,10.0,8.0,0.0,2.0,0.0,0.0,M Clattenburg
2015-2016,2016-03-01,Sunderland,Crystal Palace,2.0,2.0,D,1.0,0.0,H,17.0,13.0,6.0,5.0,4.0,5.0,11.0,14.0,1.0,1.0,0.0,0.0,A Taylor
2015-2016,2016-03-01,Aston Villa,Everton,1.0,3.0,A,0.0,2.0,A,14.0,10.0,5.0,7.0,9.0,8.0,8.0,7.0,3.0,1.0,0.0,0.0,R East
2015-2016,2016-03-01,Bournemouth,Southampton,2.0,0.0,H,1.0,0.0,H,9.0,6.0,4.0,1.0,10.0,2.0,11.0,18.0,0.0,0.0,0.0,0.0,M Dean
2015-2016,2016-03-02,Arsenal,Swansea,1.0,2.0,A,1.0,1.0,D,18.0,11.0,4.0,2.0,7.0,3.0,8.0,11.0,0.0,2.0,0.0,0.0,R Madley
2015-2016,2016-03-02,Liverpool,Manchester City,3.0,0.0,H,2.0,0.0,H,11.0,4.0,7.0,2.0,3.0,2.0,14.0,14.0,0.0,1.0,0.0,0.0,M Atkinson
2015-2016,2016-03-02,Manchester United,Watford,1.0,0.0,H,0.0,0.0,D,14.0,13.0,3.0,3.0,9.0,7.0,7.0,17.0,1.0,2.0,0.0,0.0,M Jones
2015-2016,2016-03-02,Stoke,Newcastle,1.0,0.0,H,0.0,0.0,D,9.0,5.0,2.0,3.0,5.0,2.0,11.0,6.0,1.0,0.0,0.0,0.0,N Swarbrick
2015-2016,2016-03-02,West Ham,Tottenham,1.0,0.0,H,1.0,0.0,H,14.0,9.0,3.0,2.0,6.0,3.0,10.0,11.0,0.0,3.0,0.0,0.0,A Marriner
2015-2016,2016-03-05,Watford,Leicester,0.0,1.0,A,0.0,0.0,D,11.0,14.0,4.0,7.0,3.0,8.0,10.0,11.0,2.0,2.0,0.0,0.0,J Moss
2015-2016,2016-03-05,Tottenham,Arsenal,2.0,2.0,D,0.0,1.0,A,26.0,10.0,11.0,4.0,9.0,2.0,9.0,10.0,2.0,2.0,0.0,1.0,M Oliver
2015-2016,2016-03-05,Swansea,Norwich,1.0,0.0,H,0.0,0.0,D,10.0,8.0,3.0,3.0,5.0,0.0,14.0,15.0,2.0,5.0,0.0,0.0,C Pawson
2015-2016,2016-03-05,Southampton,Sunderland,1.0,1.0,D,0.0,0.0,D,16.0,11.0,5.0,3.0,12.0,2.0,9.0,9.0,2.0,1.0,1.0,0.0,N Swarbrick
2015-2016,2016-03-05,Everton,West Ham,2.0,3.0,A,1.0,0.0,H,15.0,17.0,8.0,5.0,9.0,6.0,12.0,13.0,2.0,3.0,1.0,0.0,A Taylor
2015-2016,2016-03-05,Manchester City,Aston Villa,4.0,0.0,H,0.0,0.0,D,22.0,2.0,9.0,1.0,9.0,1.0,10.0,10.0,0.0,1.0,0.0,0.0,L Mason
2015-2016,2016-03-05,Chelsea,Stoke,1.0,1.0,D,1.0,0.0,H,20.0,16.0,7.0,5.0,8.0,4.0,9.0,10.0,1.0,2.0,0.0,0.0,M Clattenburg
2015-2016,2016-03-05,Newcastle,Bournemouth,1.0,3.0,A,0.0,1.0,A,14.0,16.0,3.0,5.0,5.0,4.0,13.0,8.0,1.0,3.0,0.0,0.0,P Tierney
2015-2016,2016-03-06,West Brom,Manchester United,1.0,0.0,H,0.0,0.0,D,9.0,7.0,2.0,1.0,4.0,5.0,8.0,7.0,1.0,0.0,0.0,1.0,M Dean
2015-2016,2016-03-06,Crystal Palace,Liverpool,1.0,2.0,A,0.0,0.0,D,14.0,19.0,4.0,5.0,6.0,6.0,12.0,16.0,1.0,2.0,0.0,1.0,A Marriner
2015-2016,2016-03-12,Stoke,Southampton,1.0,2.0,A,0.0,2.0,A,13.0,11.0,2.0,4.0,1.0,4.0,13.0,12.0,1.0,2.0,0.0,1.0,L Mason
2015-2016,2016-03-12,Bournemouth,Swansea,3.0,2.0,H,1.0,1.0,D,12.0,12.0,4.0,4.0,5.0,3.0,12.0,11.0,1.0,0.0,0.0,0.0,R East
2015-2016,2016-03-12,Norwich,Manchester City,0.0,0.0,D,0.0,0.0,D,5.0,15.0,0.0,3.0,3.0,8.0,15.0,10.0,3.0,1.0,0.0,0.0,J Moss
2015-2016,2016-03-13,Aston Villa,Tottenham,0.0,2.0,A,0.0,1.0,A,11.0,19.0,2.0,8.0,5.0,8.0,6.0,6.0,0.0,0.0,0.0,0.0,A Taylor
2015-2016,2016-03-14,Leicester,Newcastle,1.0,0.0,H,1.0,0.0,H,10.0,13.0,1.0,2.0,8.0,4.0,4.0,9.0,0.0,0.0,0.0,0.0,C Pawson
2015-2016,2016-03-19,West Brom,Norwich,0.0,1.0,A,0.0,0.0,D,10.0,7.0,0.0,1.0,4.0,3.0,8.0,13.0,1.0,2.0,0.0,0.0,A Taylor
2015-2016,2016-03-19,Chelsea,West Ham,2.0,2.0,D,1.0,1.0,D,22.0,13.0,5.0,6.0,10.0,9.0,13.0,14.0,3.0,5.0,0.0,0.0,R Madley
2015-2016,2016-03-19,Crystal Palace,Leicester,0.0,1.0,A,0.0,1.0,A,12.0,8.0,4.0,3.0,10.0,7.0,9.0,13.0,1.0,1.0,0.0,0.0,M Jones
2015-2016,2016-03-19,Everton,Arsenal,0.0,2.0,A,0.0,2.0,A,8.0,11.0,2.0,3.0,7.0,5.0,7.0,10.0,0.0,0.0,0.0,0.0,M Clattenburg
2015-2016,2016-03-19,Swansea,Aston Villa,1.0,0.0,H,0.0,0.0,D,10.0,12.0,1.0,2.0,4.0,6.0,9.0,10.0,3.0,2.0,0.0,0.0,M Dean
2015-2016,2016-03-19,Watford,Stoke,1.0,2.0,A,0.0,1.0,A,9.0,9.0,4.0,6.0,9.0,2.0,10.0,14.0,3.0,1.0,0.0,0.0,C Pawson
2015-2016,2016-03-20,Manchester City,Manchester United,0.0,1.0,A,0.0,1.0,A,26.0,5.0,2.0,3.0,11.0,5.0,9.0,12.0,1.0,1.0,0.0,0.0,M Oliver
2015-2016,2016-03-20,Newcastle,Sunderland,1.0,1.0,D,0.0,1.0,A,17.0,14.0,8.0,4.0,2.0,5.0,14.0,7.0,4.0,1.0,0.0,0.0,M Atkinson
2015-2016,2016-03-20,Southampton,Liverpool,3.0,2.0,H,0.0,2.0,A,16.0,18.0,5.0,9.0,3.0,5.0,10.0,13.0,1.0,3.0,0.0,0.0,R East
2015-2016,2016-03-20,Tottenham,Bournemouth,3.0,0.0,H,2.0,0.0,H,17.0,2.0,8.0,0.0,4.0,5.0,11.0,6.0,0.0,1.0,0.0,0.0,N Swarbrick
2015-2016,2016-04-02,Sunderland,West Brom,0.0,0.0,D,0.0,0.0,D,22.0,3.0,7.0,0.0,9.0,3.0,11.0,13.0,1.0,1.0,0.0,0.0,R East
2015-2016,2016-04-02,Stoke,Swansea,2.0,2.0,D,1.0,0.0,H,12.0,12.0,5.0,3.0,5.0,5.0,6.0,16.0,0.0,1.0,0.0,0.0,M Atkinson
2015-2016,2016-04-02,West Ham,Crystal Palace,2.0,2.0,D,2.0,1.0,H,18.0,12.0,6.0,5.0,4.0,5.0,12.0,19.0,2.0,2.0,1.0,0.0,M Clattenburg
2015-2016,2016-04-02,Norwich,Newcastle,3.0,2.0,H,1.0,0.0,H,13.0,13.0,6.0,5.0,6.0,5.0,6.0,11.0,0.0,0.0,0.0,0.0,M Dean
2015-2016,2016-04-02,Bournemouth,Manchester City,0.0,4.0,A,0.0,3.0,A,11.0,15.0,2.0,7.0,4.0,4.0,9.0,8.0,0.0,1.0,0.0,0.0,R Madley
2015-2016,2016-04-02,Aston Villa,Chelsea,0.0,4.0,A,0.0,2.0,A,15.0,11.0,4.0,8.0,7.0,2.0,12.0,8.0,4.0,1.0,1.0,0.0,N Swarbrick
2015-2016,2016-04-02,Arsenal,Watford,4.0,0.0,H,2.0,0.0,H,19.0,6.0,12.0,2.0,8.0,3.0,7.0,10.0,1.0,1.0,0.0,0.0,A Taylor
2015-2016,2016-04-02,Liverpool,Tottenham,1.0,1.0,D,0.0,0.0,D,15.0,18.0,7.0,5.0,12.0,9.0,11.0,11.0,2.0,0.0,0.0,0.0,J Moss
2015-2016,2016-04-03,Leicester,Southampton,1.0,0.0,H,1.0,0.0,H,11.0,10.0,4.0,2.0,7.0,8.0,12.0,13.0,2.0,2.0,0.0,0.0,M Oliver
2015-2016,2016-04-03,Manchester United,Everton,1.0,0.0,H,0.0,0.0,D,10.0,7.0,2.0,1.0,5.0,5.0,15.0,6.0,2.0,0.0,0.0,0.0,A Marriner
2015-2016,2016-04-09,Aston Villa,Bournemouth,1.0,2.0,A,0.0,1.0,A,6.0,12.0,1.0,3.0,3.0,8.0,13.0,11.0,2.0,2.0,0.0,0.0,M Atkinson
2015-2016,2016-04-09,Crystal Palace,Norwich,1.0,0.0,H,0.0,0.0,D,13.0,13.0,6.0,4.0,10.0,4.0,13.0,10.0,2.0,1.0,0.0,0.0,M Oliver
2015-2016,2016-04-09,Manchester City,West Brom,2.0,1.0,H,1.0,1.0,D,13.0,13.0,4.0,2.0,8.0,8.0,10.0,7.0,0.0,1.0,0.0,0.0,M Jones
2015-2016,2016-04-09,Southampton,Newcastle,3.0,1.0,H,2.0,0.0,H,20.0,5.0,6.0,3.0,11.0,2.0,8.0,7.0,0.0,0.0,0.0,0.0,R Madley
2015-2016,2016-04-09,Swansea,Chelsea,1.0,0.0,H,1.0,0.0,H,12.0,8.0,6.0,2.0,1.0,9.0,15.0,13.0,5.0,4.0,0.0,0.0,A Marriner
2015-2016,2016-04-09,Watford,Everton,1.0,1.0,D,1.0,1.0,D,13.0,12.0,5.0,7.0,7.0,6.0,13.0,10.0,2.0,1.0,0.0,0.0,K Friend
2015-2016,2016-04-09,West Ham,Arsenal,3.0,3.0,D,2.0,2.0,D,19.0,11.0,7.0,6.0,7.0,4.0,11.0,8.0,2.0,0.0,0.0,0.0,C Pawson
2015-2016,2016-04-10,Tottenham,Manchester United,3.0,0.0,H,0.0,0.0,D,16.0,5.0,8.0,1.0,2.0,7.0,10.0,10.0,3.0,3.0,0.0,0.0,M Dean
2015-2016,2016-04-10,Liverpool,Stoke,4.0,1.0,H,2.0,1.0,H,14.0,10.0,6.0,3.0,6.0,3.0,14.0,14.0,0.0,2.0,0.0,0.0,M Clattenburg
2015-2016,2016-04-10,Sunderland,Leicester,0.0,2.0,A,0.0,0.0,D,15.0,17.0,1.0,7.0,1.0,7.0,9.0,9.0,1.0,1.0,0.0,0.0,A Taylor
2015-2016,2016-04-13,Crystal Palace,Everton,0.0,0.0,D,0.0,0.0,D,18.0,9.0,6.0,5.0,10.0,7.0,7.0,9.0,0.0,1.0,0.0,1.0,M Jones
2015-2016,2016-04-16,Chelsea,Manchester City,0.0,3.0,A,0.0,1.0,A,11.0,11.0,4.0,8.0,11.0,3.0,12.0,15.0,2.0,3.0,1.0,0.0,M Dean
2015-2016,2016-04-16,Everton,Southampton,1.0,1.0,D,0.0,0.0,D,7.0,18.0,2.0,4.0,3.0,10.0,8.0,14.0,1.0,1.0,0.0,0.0,C Pawson
2015-2016,2016-04-16,Manchester United,Aston Villa,1.0,0.0,H,1.0,0.0,H,13.0,7.0,4.0,1.0,14.0,3.0,9.0,10.0,0.0,1.0,0.0,0.0,K Friend
2015-2016,2016-04-16,Newcastle,Swansea,3.0,0.0,H,1.0,0.0,H,12.0,11.0,7.0,1.0,3.0,7.0,13.0,9.0,2.0,1.0,0.0,0.0,L Mason
2015-2016,2016-04-16,Norwich,Sunderland,0.0,3.0,A,0.0,1.0,A,19.0,8.0,6.0,3.0,14.0,0.0,7.0,11.0,2.0,2.0,0.0,0.0,A Marriner
2015-2016,2016-04-16,West Brom,Watford,0.0,1.0,A,0.0,1.0,A,16.0,11.0,4.0,4.0,9.0,3.0,11.0,17.0,0.0,3.0,0.0,0.0,M Oliver
2015-2016,2016-04-17,Arsenal,Crystal Palace,1.0,1.0,D,1.0,0.0,H,21.0,7.0,6.0,2.0,10.0,5.0,7.0,13.0,0.0,2.0,0.0,0.0,R East
2015-2016,2016-04-17,Bournemouth,Liverpool,1.0,2.0,A,0.0,2.0,A,18.0,19.0,5.0,6.0,5.0,4.0,9.0,9.0,0.0,0.0,0.0,0.0,M Jones
2015-2016,2016-04-17,Leicester,West Ham,2.0,2.0,D,1.0,0.0,H,6.0,19.0,2.0,4.0,0.0,5.0,14.0,14.0,1.0,3.0,1.0,0.0,J Moss
2015-2016,2016-04-18,Stoke,Tottenham,0.0,4.0,A,0.0,1.0,A,12.0,23.0,2.0,6.0,5.0,3.0,12.0,12.0,2.0,0.0,0.0,0.0,N Swarbrick
2015-2016,2016-04-19,Newcastle,Manchester City,1.0,1.0,D,1.0,1.0,D,5.0,9.0,3.0,5.0,5.0,3.0,13.0,8.0,3.0,2.0,0.0,0.0,K Friend
2015-2016,2016-04-20,Liverpool,Everton,4.0,0.0,H,2.0,0.0,H,37.0,3.0,13.0,0.0,9.0,1.0,8.0,11.0,1.0,1.0,0.0,1.0,R Madley
2015-2016,2016-04-20,Manchester United,Crystal Palace,2.0,0.0,H,1.0,0.0,H,16.0,5.0,10.0,0.0,10.0,2.0,13.0,7.0,1.0,2.0,0.0,0.0,L Mason
2015-2016,2016-04-20,West Ham,Watford,3.0,1.0,H,2.0,0.0,H,18.0,7.0,7.0,4.0,4.0,2.0,11.0,17.0,0.0,2.0,0.0,1.0,M Dean
2015-2016,2016-04-21,Arsenal,West Brom,2.0,0.0,H,2.0,0.0,H,16.0,8.0,7.0,1.0,2.0,6.0,14.0,14.0,0.0,1.0,0.0,0.0,J Moss
2015-2016,2016-04-23,Manchester City,Stoke,4.0,0.0,H,2.0,0.0,H,11.0,14.0,6.0,2.0,9.0,4.0,8.0,8.0,0.0,0.0,0.0,0.0,R Madley
2015-2016,2016-04-23,Liverpool,Newcastle,2.0,2.0,D,2.0,0.0,H,13.0,6.0,4.0,3.0,5.0,4.0,8.0,17.0,1.0,1.0,0.0,0.0,A Marriner
2015-2016,2016-04-23,Aston Villa,Southampton,2.0,4.0,A,1.0,2.0,A,16.0,17.0,7.0,7.0,6.0,11.0,8.0,9.0,2.0,0.0,0.0,0.0,N Swarbrick
2015-2016,2016-04-23,Bournemouth,Chelsea,1.0,4.0,A,1.0,2.0,A,13.0,16.0,4.0,4.0,10.0,7.0,11.0,4.0,1.0,0.0,0.0,0.0,R East
2015-2016,2016-04-24,Leicester,Swansea,4.0,0.0,H,2.0,0.0,H,18.0,9.0,9.0,1.0,4.0,6.0,15.0,10.0,1.0,2.0,0.0,0.0,M Clattenburg
2015-2016,2016-04-24,Sunderland,Arsenal,0.0,0.0,D,0.0,0.0,D,12.0,20.0,3.0,7.0,7.0,7.0,10.0,8.0,2.0,4.0,0.0,0.0,M Dean
2015-2016,2016-04-25,Tottenham,West Brom,1.0,1.0,D,1.0,0.0,H,19.0,16.0,2.0,3.0,9.0,7.0,8.0,13.0,0.0,1.0,0.0,0.0,M Jones
2015-2016,2016-04-30,Stoke,Sunderland,1.0,1.0,D,0.0,0.0,D,11.0,14.0,3.0,5.0,2.0,8.0,13.0,13.0,2.0,2.0,0.0,0.0,C Pawson
2015-2016,2016-04-30,Arsenal,Norwich,1.0,0.0,H,0.0,0.0,D,14.0,12.0,3.0,3.0,7.0,3.0,8.0,7.0,1.0,0.0,0.0,0.0,M Jones
2015-2016,2016-04-30,Everton,Bournemouth,2.0,1.0,H,1.0,1.0,D,12.0,16.0,5.0,2.0,3.0,5.0,4.0,8.0,1.0,0.0,0.0,0.0,N Swarbrick
2015-2016,2016-04-30,Newcastle,Crystal Palace,1.0,0.0,H,0.0,0.0,D,10.0,9.0,4.0,3.0,4.0,8.0,11.0,12.0,2.0,0.0,0.0,0.0,M Dean
2015-2016,2016-04-30,Watford,Aston Villa,3.0,2.0,H,1.0,1.0,D,18.0,7.0,6.0,2.0,8.0,4.0,14.0,10.0,2.0,3.0,0.0,1.0,A Taylor
2015-2016,2016-04-30,West Brom,West Ham,0.0,3.0,A,0.0,2.0,A,15.0,8.0,5.0,4.0,8.0,6.0,14.0,7.0,0.0,0.0,0.0,0.0,L Mason
2015-2016,2016-05-01,Manchester United,Leicester,1.0,1.0,D,1.0,1.0,D,21.0,14.0,6.0,3.0,6.0,5.0,16.0,10.0,3.0,0.0,0.0,1.0,M Oliver
2015-2016,2016-05-01,Southampton,Manchester City,4.0,2.0,H,2.0,1.0,H,14.0,6.0,7.0,5.0,8.0,2.0,12.0,9.0,2.0,1.0,0.0,0.0,A Marriner
2015-2016,2016-05-01,Swansea,Liverpool,3.0,1.0,H,2.0,0.0,H,18.0,11.0,9.0,3.0,4.0,7.0,12.0,13.0,2.0,2.0,0.0,1.0,R East
2015-2016,2016-05-02,Chelsea,Tottenham,2.0,2.0,D,0.0,2.0,A,13.0,16.0,5.0,5.0,7.0,8.0,9.0,20.0,3.0,9.0,0.0,0.0,M Clattenburg
2015-2016,2016-05-07,Sunderland,Chelsea,3.0,2.0,H,1.0,2.0,A,15.0,9.0,4.0,8.0,3.0,3.0,11.0,9.0,4.0,1.0,0.0,1.0,M Jones
2015-2016,2016-05-07,West Ham,Swansea,1.0,4.0,A,0.0,2.0,A,25.0,13.0,7.0,6.0,13.0,3.0,11.0,8.0,3.0,0.0,0.0,0.0,M Oliver
2015-2016,2016-05-07,Norwich,Manchester United,0.0,1.0,A,0.0,0.0,D,8.0,15.0,2.0,2.0,1.0,6.0,11.0,10.0,1.0,0.0,0.0,0.0,C Pawson
2015-2016,2016-05-07,Bournemouth,West Brom,1.0,1.0,D,0.0,1.0,A,12.0,12.0,4.0,4.0,5.0,3.0,5.0,8.0,2.0,1.0,0.0,0.0,M Clattenburg
2015-2016,2016-05-07,Crystal Palace,Stoke,2.0,1.0,H,0.0,1.0,A,17.0,12.0,4.0,3.0,4.0,3.0,8.0,18.0,2.0,3.0,0.0,0.0,K Friend
2015-2016,2016-05-07,Aston Villa,Newcastle,0.0,0.0,D,0.0,0.0,D,2.0,9.0,0.0,3.0,0.0,5.0,8.0,13.0,1.0,1.0,0.0,0.0,R Madley
2015-2016,2016-05-07,Leicester,Everton,3.0,1.0,H,2.0,0.0,H,32.0,9.0,8.0,5.0,12.0,4.0,4.0,12.0,0.0,3.0,0.0,0.0,A Marriner
2015-2016,2016-05-08,Liverpool,Watford,2.0,0.0,H,1.0,0.0,H,19.0,14.0,5.0,3.0,8.0,8.0,10.0,15.0,1.0,2.0,0.0,0.0,L Mason
2015-2016,2016-05-08,Manchester City,Arsenal,2.0,2.0,D,1.0,1.0,D,14.0,5.0,3.0,2.0,7.0,2.0,16.0,10.0,2.0,1.0,0.0,0.0,A Taylor
2015-2016,2016-05-08,Tottenham,Southampton,1.0,2.0,A,1.0,1.0,D,20.0,10.0,6.0,2.0,10.0,2.0,8.0,16.0,0.0,3.0,0.0,0.0,J Moss
2015-2016,2016-05-10,West Ham,Manchester United,3.0,2.0,H,1.0,0.0,H,20.0,3.0,6.0,2.0,6.0,2.0,6.0,18.0,1.0,3.0,0.0,0.0,M Dean
2015-2016,2016-05-11,Sunderland,Everton,3.0,0.0,H,2.0,0.0,H,14.0,17.0,8.0,6.0,5.0,5.0,15.0,7.0,1.0,0.0,0.0,0.0,A Taylor
2015-2016,2016-05-11,Liverpool,Chelsea,1.0,1.0,D,0.0,1.0,A,28.0,13.0,9.0,7.0,7.0,3.0,11.0,12.0,3.0,1.0,0.0,0.0,M Oliver
2015-2016,2016-05-11,Norwich,Watford,4.0,2.0,H,3.0,1.0,H,18.0,12.0,6.0,7.0,5.0,1.0,8.0,12.0,2.0,3.0,0.0,0.0,R East
2015-2016,2016-05-15,Watford,Sunderland,2.0,2.0,D,0.0,1.0,A,21.0,6.0,6.0,4.0,7.0,4.0,11.0,10.0,1.0,0.0,0.0,0.0,K Friend
2015-2016,2016-05-15,Swansea,Manchester City,1.0,1.0,D,1.0,1.0,D,4.0,18.0,1.0,5.0,4.0,4.0,4.0,19.0,1.0,3.0,0.0,0.0,M Dean
2015-2016,2016-05-15,West Brom,Liverpool,1.0,1.0,D,1.0,1.0,D,13.0,7.0,1.0,3.0,7.0,5.0,11.0,14.0,3.0,1.0,0.0,0.0,R Madley
2015-2016,2016-05-15,Southampton,Crystal Palace,4.0,1.0,H,1.0,0.0,H,18.0,16.0,5.0,4.0,2.0,5.0,7.0,14.0,1.0,2.0,0.0,0.0,M Oliver
2015-2016,2016-05-15,Stoke,West Ham,2.0,1.0,H,0.0,1.0,A,7.0,20.0,4.0,7.0,4.0,10.0,8.0,12.0,3.0,1.0,0.0,0.0,M Jones
2015-2016,2016-05-15,Everton,Norwich,3.0,0.0,H,2.0,0.0,H,15.0,10.0,8.0,2.0,4.0,11.0,7.0,11.0,0.0,0.0,0.0,0.0,L Mason
2015-2016,2016-05-15,Chelsea,Leicester,1.0,1.0,D,0.0,0.0,D,17.0,18.0,4.0,5.0,7.0,6.0,4.0,12.0,0.0,0.0,0.0,0.0,C Pawson
2015-2016,2016-05-15,Arsenal,Aston Villa,4.0,0.0,H,1.0,0.0,H,16.0,5.0,7.0,2.0,5.0,4.0,12.0,6.0,0.0,1.0,0.0,0.0,M Clattenburg
2015-2016,2016-05-15,Newcastle,Tottenham,5.0,1.0,H,2.0,0.0,H,19.0,17.0,10.0,5.0,3.0,8.0,7.0,6.0,1.0,2.0,1.0,0.0,A Taylor
2015-2016,2016-05-17,Manchester United,Bournemouth,3.0,1.0,H,1.0,0.0,H,12.0,7.0,5.0,0.0,7.0,1.0,9.0,8.0,1.0,0.0,0.0,0.0,J Moss
2016-2017,2016-08-13,Manchester City,Sunderland,2.0,1.0,H,1.0,0.0,H,16.0,7.0,4.0,3.0,9.0,6.0,11.0,14.0,1.0,2.0,0.0,0.0,R Madley
2016-2017,2016-08-13,Burnley,Swansea,0.0,1.0,A,0.0,0.0,D,10.0,17.0,3.0,9.0,7.0,4.0,10.0,14.0,3.0,2.0,0.0,0.0,J Moss
2016-2017,2016-08-13,Crystal Palace,West Brom,0.0,1.0,A,0.0,0.0,D,14.0,13.0,4.0,3.0,3.0,6.0,12.0,15.0,2.0,2.0,0.0,0.0,C Pawson
2016-2017,2016-08-13,Everton,Tottenham,1.0,1.0,D,1.0,0.0,H,12.0,13.0,6.0,4.0,5.0,6.0,10.0,14.0,0.0,0.0,0.0,0.0,M Atkinson
2016-2017,2016-08-13,Hull,Leicester,2.0,1.0,H,1.0,0.0,H,14.0,18.0,5.0,5.0,5.0,3.0,8.0,17.0,2.0,2.0,0.0,0.0,M Dean
2016-2017,2016-08-13,Middlesbrough,Stoke,1.0,1.0,D,1.0,0.0,H,12.0,12.0,2.0,1.0,9.0,6.0,18.0,14.0,3.0,5.0,0.0,0.0,K Friend
2016-2017,2016-08-13,Southampton,Watford,1.0,1.0,D,0.0,1.0,A,24.0,5.0,6.0,1.0,6.0,2.0,8.0,12.0,1.0,2.0,0.0,1.0,R East
2016-2017,2016-08-14,Arsenal,Liverpool,3.0,4.0,A,1.0,1.0,D,9.0,16.0,5.0,7.0,5.0,4.0,13.0,17.0,3.0,3.0,0.0,0.0,M Oliver
2016-2017,2016-08-14,Bournemouth,Manchester United,1.0,3.0,A,0.0,1.0,A,9.0,11.0,3.0,7.0,4.0,2.0,7.0,10.0,0.0,1.0,0.0,0.0,A Marriner
2016-2017,2016-08-15,Chelsea,West Ham,2.0,1.0,H,0.0,0.0,D,16.0,7.0,6.0,3.0,7.0,1.0,16.0,16.0,5.0,2.0,0.0,0.0,A Taylor
2016-2017,2016-08-19,Manchester United,Southampton,2.0,0.0,H,1.0,0.0,H,12.0,13.0,5.0,1.0,4.0,0.0,11.0,8.0,0.0,0.0,0.0,0.0,A Taylor
2016-2017,2016-08-20,Leicester,Arsenal,0.0,0.0,D,0.0,0.0,D,8.0,13.0,1.0,4.0,2.0,7.0,11.0,7.0,1.0,2.0,0.0,0.0,M Clattenburg
2016-2017,2016-08-20,Watford,Chelsea,1.0,2.0,A,0.0,0.0,D,6.0,13.0,2.0,4.0,0.0,5.0,20.0,10.0,4.0,3.0,0.0,0.0,J Moss
2016-2017,2016-08-20,West Brom,Everton,1.0,2.0,A,1.0,1.0,D,11.0,13.0,4.0,7.0,7.0,4.0,16.0,10.0,3.0,1.0,0.0,0.0,N Swarbrick
2016-2017,2016-08-20,Tottenham,Crystal Palace,1.0,0.0,H,0.0,0.0,D,20.0,10.0,5.0,2.0,10.0,4.0,19.0,9.0,3.0,3.0,0.0,0.0,M Oliver
2016-2017,2016-08-20,Burnley,Liverpool,2.0,0.0,H,2.0,0.0,H,3.0,26.0,2.0,5.0,1.0,12.0,14.0,5.0,0.0,1.0,0.0,0.0,L Mason
2016-2017,2016-08-20,Stoke,Manchester City,1.0,4.0,A,0.0,2.0,A,8.0,12.0,3.0,6.0,7.0,7.0,12.0,13.0,3.0,4.0,0.0,0.0,M Dean
2016-2017,2016-08-20,Swansea,Hull,0.0,2.0,A,0.0,0.0,D,13.0,12.0,3.0,4.0,8.0,3.0,7.0,10.0,0.0,0.0,0.0,0.0,S Attwell
2016-2017,2016-08-21,Sunderland,Middlesbrough,1.0,2.0,A,0.0,2.0,A,18.0,8.0,5.0,3.0,8.0,1.0,11.0,14.0,1.0,1.0,0.0,0.0,M Atkinson
2016-2017,2016-08-21,West Ham,Bournemouth,1.0,0.0,H,0.0,0.0,D,15.0,8.0,2.0,5.0,1.0,6.0,15.0,15.0,3.0,1.0,0.0,1.0,C Pawson
2016-2017,2016-08-27,Tottenham,Liverpool,1.0,1.0,D,0.0,1.0,A,11.0,13.0,4.0,3.0,5.0,5.0,11.0,17.0,3.0,5.0,0.0,0.0,R Madley
2016-2017,2016-08-27,Chelsea,Burnley,3.0,0.0,H,2.0,0.0,H,22.0,6.0,10.0,0.0,9.0,5.0,6.0,9.0,2.0,2.0,0.0,0.0,M Clattenburg
2016-2017,2016-08-27,Crystal Palace,Bournemouth,1.0,1.0,D,0.0,1.0,A,24.0,10.0,5.0,3.0,10.0,4.0,15.0,10.0,2.0,1.0,0.0,0.0,M Dean
2016-2017,2016-08-27,Everton,Stoke,1.0,0.0,H,0.0,0.0,D,21.0,8.0,9.0,1.0,9.0,2.0,14.0,11.0,2.0,1.0,0.0,0.0,M Oliver
2016-2017,2016-08-27,Hull,Manchester United,0.0,1.0,A,0.0,0.0,D,8.0,29.0,2.0,9.0,1.0,6.0,9.0,6.0,2.0,3.0,0.0,0.0,J Moss
2016-2017,2016-08-27,Leicester,Swansea,2.0,1.0,H,1.0,0.0,H,13.0,9.0,6.0,3.0,4.0,6.0,14.0,10.0,2.0,2.0,0.0,0.0,R East
2016-2017,2016-08-27,Southampton,Sunderland,1.0,1.0,D,0.0,0.0,D,16.0,5.0,7.0,2.0,5.0,5.0,15.0,8.0,2.0,2.0,0.0,0.0,L Mason
2016-2017,2016-08-27,Watford,Arsenal,1.0,3.0,A,0.0,3.0,A,14.0,10.0,6.0,7.0,3.0,2.0,18.0,15.0,6.0,1.0,0.0,0.0,K Friend
2016-2017,2016-08-28,Manchester City,West Ham,3.0,1.0,H,2.0,0.0,H,22.0,9.0,5.0,2.0,5.0,4.0,5.0,10.0,1.0,3.0,0.0,0.0,A Marriner
2016-2017,2016-08-28,West Brom,Middlesbrough,0.0,0.0,D,0.0,0.0,D,13.0,7.0,2.0,2.0,5.0,4.0,12.0,11.0,1.0,3.0,0.0,0.0,A Taylor
2016-2017,2016-09-10,Middlesbrough,Crystal Palace,1.0,2.0,A,1.0,1.0,D,12.0,12.0,4.0,4.0,6.0,6.0,5.0,9.0,1.0,2.0,0.0,0.0,N Swarbrick
2016-2017,2016-09-10,Stoke,Tottenham,0.0,4.0,A,0.0,1.0,A,15.0,20.0,2.0,8.0,10.0,8.0,13.0,18.0,3.0,2.0,0.0,0.0,A Taylor
2016-2017,2016-09-10,Manchester United,Manchester City,1.0,2.0,A,1.0,2.0,A,14.0,18.0,3.0,6.0,4.0,4.0,15.0,10.0,4.0,2.0,0.0,0.0,M Clattenburg
2016-2017,2016-09-10,West Ham,Watford,2.0,4.0,A,2.0,2.0,D,19.0,13.0,4.0,8.0,4.0,4.0,10.0,15.0,2.0,2.0,0.0,0.0,M Atkinson
2016-2017,2016-09-10,Burnley,Hull,1.0,1.0,D,0.0,0.0,D,13.0,11.0,2.0,3.0,5.0,9.0,13.0,3.0,2.0,0.0,0.0,0.0,P Tierney
2016-2017,2016-09-10,Bournemouth,West Brom,1.0,0.0,H,0.0,0.0,D,12.0,12.0,5.0,2.0,10.0,5.0,9.0,11.0,1.0,3.0,0.0,0.0,K Friend
2016-2017,2016-09-10,Arsenal,Southampton,2.0,1.0,H,1.0,1.0,D,17.0,11.0,2.0,5.0,6.0,1.0,10.0,8.0,2.0,5.0,0.0,0.0,R Madley
2016-2017,2016-09-10,Liverpool,Leicester,4.0,1.0,H,2.0,1.0,H,17.0,12.0,11.0,3.0,1.0,7.0,4.0,8.0,1.0,2.0,0.0,0.0,C Pawson
2016-2017,2016-09-11,Swansea,Chelsea,2.0,2.0,D,0.0,1.0,A,6.0,28.0,2.0,7.0,1.0,11.0,17.0,8.0,3.0,4.0,0.0,0.0,A Marriner
2016-2017,2016-09-12,Sunderland,Everton,0.0,3.0,A,0.0,0.0,D,11.0,20.0,2.0,9.0,5.0,4.0,11.0,8.0,1.0,1.0,0.0,0.0,M Jones
2016-2017,2016-09-16,Chelsea,Liverpool,1.0,2.0,A,0.0,2.0,A,12.0,13.0,4.0,5.0,6.0,4.0,6.0,13.0,1.0,1.0,0.0,0.0,M Atkinson
2016-2017,2016-09-17,West Brom,West Ham,4.0,2.0,H,3.0,0.0,H,8.0,23.0,6.0,5.0,2.0,6.0,14.0,6.0,2.0,1.0,0.0,0.0,M Clattenburg
2016-2017,2016-09-17,Manchester City,Bournemouth,4.0,0.0,H,2.0,0.0,H,20.0,6.0,12.0,2.0,5.0,5.0,8.0,11.0,1.0,1.0,1.0,0.0,J Moss
2016-2017,2016-09-17,Leicester,Burnley,3.0,0.0,H,1.0,0.0,H,14.0,7.0,6.0,2.0,7.0,1.0,10.0,9.0,0.0,1.0,0.0,0.0,A Taylor
2016-2017,2016-09-17,Hull,Arsenal,1.0,4.0,A,0.0,1.0,A,6.0,24.0,2.0,9.0,2.0,4.0,9.0,12.0,0.0,2.0,1.0,0.0,R East
2016-2017,2016-09-17,Everton,Middlesbrough,3.0,1.0,H,3.0,1.0,H,11.0,7.0,6.0,0.0,6.0,3.0,5.0,15.0,2.0,1.0,0.0,0.0,L Mason
2016-2017,2016-09-18,Crystal Palace,Stoke,4.0,1.0,H,2.0,0.0,H,14.0,11.0,8.0,4.0,10.0,5.0,15.0,9.0,2.0,1.0,0.0,0.0,C Pawson
2016-2017,2016-09-18,Southampton,Swansea,1.0,0.0,H,0.0,0.0,D,19.0,9.0,6.0,3.0,7.0,1.0,14.0,9.0,1.0,1.0,0.0,0.0,M Jones
2016-2017,2016-09-18,Tottenham,Sunderland,1.0,0.0,H,0.0,0.0,D,31.0,6.0,9.0,2.0,14.0,1.0,7.0,16.0,1.0,5.0,0.0,1.0,M Dean
2016-2017,2016-09-18,Watford,Manchester United,3.0,1.0,H,1.0,0.0,H,10.0,15.0,5.0,2.0,5.0,7.0,14.0,19.0,3.0,4.0,0.0,0.0,M Oliver
2016-2017,2016-09-24,Swansea,Manchester City,1.0,3.0,A,1.0,1.0,D,13.0,18.0,5.0,4.0,2.0,7.0,15.0,9.0,2.0,4.0,0.0,0.0,N Swarbrick
2016-2017,2016-09-24,Sunderland,Crystal Palace,2.0,3.0,A,1.0,0.0,H,11.0,20.0,4.0,4.0,3.0,5.0,15.0,12.0,0.0,2.0,0.0,0.0,A Taylor
2016-2017,2016-09-24,Stoke,West Brom,1.0,1.0,D,0.0,0.0,D,12.0,9.0,2.0,3.0,6.0,6.0,9.0,13.0,3.0,4.0,0.0,0.0,M Atkinson
2016-2017,2016-09-24,Middlesbrough,Tottenham,1.0,2.0,A,0.0,2.0,A,6.0,19.0,2.0,5.0,2.0,10.0,14.0,9.0,2.0,1.0,0.0,0.0,G Scott
2016-2017,2016-09-24,Manchester United,Leicester,4.0,1.0,H,4.0,0.0,H,16.0,10.0,7.0,3.0,8.0,6.0,9.0,12.0,0.0,2.0,0.0,0.0,M Dean
2016-2017,2016-09-24,Liverpool,Hull,5.0,1.0,H,3.0,0.0,H,32.0,2.0,12.0,1.0,13.0,2.0,8.0,8.0,1.0,2.0,0.0,1.0,A Marriner
2016-2017,2016-09-24,Bournemouth,Everton,1.0,0.0,H,1.0,0.0,H,12.0,13.0,1.0,2.0,5.0,3.0,10.0,14.0,2.0,2.0,0.0,0.0,R Madley
2016-2017,2016-09-24,Arsenal,Chelsea,3.0,0.0,H,3.0,0.0,H,14.0,9.0,5.0,2.0,9.0,1.0,9.0,11.0,0.0,2.0,0.0,0.0,M Oliver
2016-2017,2016-09-25,West Ham,Southampton,0.0,3.0,A,0.0,1.0,A,13.0,18.0,1.0,9.0,6.0,2.0,9.0,14.0,5.0,2.0,0.0,0.0,J Moss
2016-2017,2016-09-26,Burnley,Watford,2.0,0.0,H,1.0,0.0,H,13.0,12.0,4.0,3.0,7.0,6.0,11.0,15.0,1.0,3.0,0.0,0.0,M Jones
2016-2017,2016-09-30,Everton,Crystal Palace,1.0,1.0,D,1.0,0.0,H,13.0,10.0,3.0,2.0,10.0,9.0,16.0,11.0,5.0,4.0,0.0,0.0,J Moss
2016-2017,2016-10-01,West Ham,Middlesbrough,1.0,1.0,D,0.0,0.0,D,19.0,9.0,2.0,3.0,4.0,5.0,13.0,12.0,2.0,3.0,0.0,0.0,N Swarbrick
2016-2017,2016-10-01,Watford,Bournemouth,2.0,2.0,D,0.0,1.0,A,17.0,11.0,7.0,2.0,4.0,5.0,17.0,12.0,3.0,4.0,0.0,0.0,M Dean
2016-2017,2016-10-01,Swansea,Liverpool,1.0,2.0,A,1.0,0.0,H,8.0,18.0,3.0,6.0,3.0,10.0,11.0,9.0,2.0,2.0,0.0,0.0,M Oliver
2016-2017,2016-10-01,Sunderland,West Brom,1.0,1.0,D,0.0,1.0,A,7.0,17.0,2.0,7.0,6.0,5.0,7.0,13.0,1.0,3.0,0.0,0.0,S Attwell
2016-2017,2016-10-01,Hull,Chelsea,0.0,2.0,A,0.0,0.0,D,8.0,22.0,3.0,9.0,5.0,7.0,13.0,15.0,2.0,2.0,0.0,0.0,A Taylor
2016-2017,2016-10-02,Burnley,Arsenal,0.0,1.0,A,0.0,0.0,D,10.0,18.0,1.0,3.0,2.0,6.0,2.0,3.0,0.0,0.0,0.0,0.0,C Pawson
2016-2017,2016-10-02,Leicester,Southampton,0.0,0.0,D,0.0,0.0,D,9.0,11.0,1.0,5.0,3.0,6.0,9.0,9.0,1.0,0.0,0.0,0.0,M Atkinson
2016-2017,2016-10-02,Manchester United,Stoke,1.0,1.0,D,0.0,0.0,D,24.0,7.0,9.0,6.0,13.0,2.0,14.0,9.0,3.0,0.0,0.0,0.0,R Madley
2016-2017,2016-10-02,Tottenham,Manchester City,2.0,0.0,H,2.0,0.0,H,13.0,12.0,7.0,6.0,4.0,3.0,20.0,10.0,2.0,2.0,0.0,0.0,A Marriner
2016-2017,2016-10-15,West Brom,Tottenham,1.0,1.0,D,0.0,0.0,D,8.0,20.0,4.0,8.0,5.0,8.0,14.0,10.0,2.0,2.0,0.0,0.0,K Friend
2016-2017,2016-10-15,Stoke,Sunderland,2.0,0.0,H,2.0,0.0,H,18.0,11.0,6.0,1.0,6.0,4.0,10.0,13.0,1.0,1.0,0.0,0.0,M Jones
2016-2017,2016-10-15,Manchester City,Everton,1.0,1.0,D,0.0,0.0,D,19.0,3.0,8.0,2.0,13.0,1.0,7.0,9.0,0.0,2.0,0.0,0.0,M Oliver
2016-2017,2016-10-15,Arsenal,Swansea,3.0,2.0,H,2.0,1.0,H,16.0,13.0,6.0,6.0,5.0,6.0,7.0,10.0,0.0,1.0,1.0,0.0,J Moss
2016-2017,2016-10-15,Chelsea,Leicester,3.0,0.0,H,2.0,0.0,H,16.0,5.0,6.0,0.0,8.0,5.0,6.0,12.0,1.0,1.0,0.0,0.0,A Marriner
2016-2017,2016-10-15,Bournemouth,Hull,6.0,1.0,H,3.0,1.0,H,22.0,11.0,10.0,4.0,5.0,4.0,8.0,14.0,0.0,3.0,0.0,0.0,L Mason
2016-2017,2016-10-15,Crystal Palace,West Ham,0.0,1.0,A,0.0,1.0,A,12.0,12.0,3.0,4.0,7.0,6.0,12.0,13.0,1.0,3.0,0.0,1.0,M Atkinson
2016-2017,2016-10-16,Middlesbrough,Watford,0.0,1.0,A,0.0,0.0,D,10.0,4.0,3.0,2.0,4.0,6.0,15.0,10.0,4.0,1.0,0.0,0.0,R East
2016-2017,2016-10-16,Southampton,Burnley,3.0,1.0,H,0.0,0.0,D,34.0,6.0,14.0,1.0,8.0,4.0,11.0,10.0,1.0,2.0,0.0,0.0,M Dean
2016-2017,2016-10-17,Liverpool,Manchester United,0.0,0.0,D,0.0,0.0,D,9.0,7.0,3.0,1.0,3.0,1.0,14.0,20.0,0.0,4.0,0.0,0.0,A Taylor
2016-2017,2016-10-22,West Ham,Sunderland,1.0,0.0,H,0.0,0.0,D,20.0,10.0,3.0,2.0,6.0,2.0,10.0,13.0,2.0,5.0,0.0,0.0,R Madley
2016-2017,2016-10-22,Swansea,Watford,0.0,0.0,D,0.0,0.0,D,11.0,10.0,5.0,2.0,7.0,2.0,15.0,16.0,2.0,1.0,0.0,0.0,P Tierney
2016-2017,2016-10-22,Liverpool,West Brom,2.0,1.0,H,2.0,0.0,H,21.0,6.0,7.0,1.0,3.0,2.0,9.0,13.0,1.0,3.0,0.0,0.0,N Swarbrick
2016-2017,2016-10-22,Leicester,Crystal Palace,3.0,1.0,H,1.0,0.0,H,17.0,23.0,4.0,7.0,8.0,8.0,10.0,8.0,0.0,0.0,0.0,0.0,M Oliver
2016-2017,2016-10-22,Hull,Stoke,0.0,2.0,A,0.0,1.0,A,9.0,12.0,2.0,6.0,5.0,7.0,16.0,8.0,2.0,3.0,0.0,0.0,K Friend
2016-2017,2016-10-22,Burnley,Everton,2.0,1.0,H,1.0,0.0,H,9.0,20.0,3.0,8.0,2.0,8.0,16.0,15.0,2.0,3.0,0.0,0.0,M Jones
2016-2017,2016-10-22,Bournemouth,Tottenham,0.0,0.0,D,0.0,0.0,D,8.0,16.0,1.0,4.0,7.0,4.0,10.0,15.0,2.0,4.0,0.0,0.0,C Pawson
2016-2017,2016-10-22,Arsenal,Middlesbrough,0.0,0.0,D,0.0,0.0,D,9.0,11.0,5.0,4.0,8.0,3.0,6.0,13.0,1.0,0.0,0.0,0.0,M Dean
2016-2017,2016-10-23,Chelsea,Manchester United,4.0,0.0,H,2.0,0.0,H,14.0,16.0,6.0,5.0,5.0,7.0,7.0,17.0,3.0,2.0,0.0,0.0,M Atkinson
2016-2017,2016-10-23,Manchester City,Southampton,1.0,1.0,D,0.0,1.0,A,14.0,6.0,3.0,2.0,10.0,3.0,11.0,10.0,3.0,3.0,0.0,0.0,M Clattenburg
2016-2017,2016-10-29,West Brom,Manchester City,0.0,4.0,A,0.0,2.0,A,9.0,21.0,1.0,8.0,1.0,7.0,17.0,10.0,4.0,3.0,0.0,0.0,L Mason
2016-2017,2016-10-29,Watford,Hull,1.0,0.0,H,0.0,0.0,D,22.0,8.0,0.0,2.0,7.0,2.0,13.0,8.0,1.0,2.0,0.0,0.0,J Moss
2016-2017,2016-10-29,Tottenham,Leicester,1.0,1.0,D,1.0,0.0,H,22.0,6.0,5.0,1.0,8.0,1.0,11.0,20.0,3.0,4.0,0.0,0.0,R Madley
2016-2017,2016-10-29,Crystal Palace,Liverpool,2.0,4.0,A,2.0,3.0,A,7.0,17.0,6.0,10.0,3.0,3.0,15.0,5.0,1.0,2.0,0.0,0.0,A Marriner
2016-2017,2016-10-29,Middlesbrough,Bournemouth,2.0,0.0,H,1.0,0.0,H,10.0,15.0,3.0,3.0,4.0,7.0,3.0,5.0,1.0,1.0,0.0,0.0,S Attwell
2016-2017,2016-10-29,Manchester United,Burnley,0.0,0.0,D,0.0,0.0,D,37.0,7.0,11.0,1.0,19.0,1.0,12.0,9.0,1.0,3.0,1.0,0.0,M Clattenburg
2016-2017,2016-10-29,Sunderland,Arsenal,1.0,4.0,A,0.0,1.0,A,3.0,21.0,1.0,7.0,0.0,8.0,9.0,13.0,4.0,3.0,0.0,0.0,M Atkinson
2016-2017,2016-10-30,Everton,West Ham,2.0,0.0,H,0.0,0.0,D,17.0,13.0,6.0,3.0,8.0,8.0,15.0,12.0,2.0,3.0,0.0,0.0,A Taylor
2016-2017,2016-10-30,Southampton,Chelsea,0.0,2.0,A,0.0,1.0,A,9.0,13.0,1.0,7.0,7.0,3.0,13.0,16.0,0.0,0.0,0.0,0.0,M Jones
2016-2017,2016-10-31,Stoke,Swansea,3.0,1.0,H,1.0,1.0,D,17.0,14.0,4.0,6.0,6.0,4.0,7.0,14.0,2.0,0.0,0.0,0.0,M Oliver
2016-2017,2016-11-05,Bournemouth,Sunderland,1.0,2.0,A,1.0,1.0,D,22.0,9.0,7.0,4.0,12.0,2.0,14.0,17.0,3.0,2.0,0.0,1.0,M Dean
2016-2017,2016-11-05,Burnley,Crystal Palace,3.0,2.0,H,2.0,0.0,H,14.0,16.0,7.0,5.0,4.0,7.0,11.0,12.0,1.0,2.0,0.0,0.0,A Taylor
2016-2017,2016-11-05,Chelsea,Everton,5.0,0.0,H,3.0,0.0,H,21.0,1.0,9.0,0.0,4.0,2.0,5.0,16.0,0.0,3.0,0.0,0.0,R Madley
2016-2017,2016-11-05,Manchester City,Middlesbrough,1.0,1.0,D,1.0,0.0,H,25.0,5.0,7.0,3.0,8.0,2.0,7.0,15.0,1.0,3.0,0.0,0.0,K Friend
2016-2017,2016-11-05,West Ham,Stoke,1.0,1.0,D,0.0,0.0,D,9.0,12.0,2.0,4.0,6.0,4.0,11.0,10.0,4.0,1.0,0.0,0.0,A Marriner
2016-2017,2016-11-06,Swansea,Manchester United,1.0,3.0,A,0.0,3.0,A,6.0,9.0,1.0,3.0,2.0,0.0,9.0,16.0,0.0,2.0,0.0,0.0,N Swarbrick
2016-2017,2016-11-06,Leicester,West Brom,1.0,2.0,A,0.0,0.0,D,5.0,11.0,2.0,5.0,5.0,6.0,8.0,8.0,0.0,2.0,0.0,0.0,C Pawson
2016-2017,2016-11-06,Liverpool,Watford,6.0,1.0,H,3.0,0.0,H,28.0,11.0,17.0,8.0,6.0,3.0,14.0,10.0,1.0,2.0,0.0,0.0,M Oliver
2016-2017,2016-11-06,Arsenal,Tottenham,1.0,1.0,D,1.0,0.0,H,15.0,10.0,2.0,3.0,7.0,2.0,11.0,17.0,1.0,2.0,0.0,0.0,M Clattenburg
2016-2017,2016-11-06,Hull,Southampton,2.0,1.0,H,0.0,1.0,A,6.0,19.0,2.0,7.0,1.0,10.0,13.0,15.0,0.0,5.0,0.0,0.0,G Scott
2016-2017,2016-11-19,Crystal Palace,Manchester City,1.0,2.0,A,0.0,1.0,A,9.0,10.0,2.0,4.0,2.0,7.0,12.0,15.0,1.0,2.0,0.0,0.0,R Madley
2016-2017,2016-11-19,Everton,Swansea,1.0,1.0,D,0.0,1.0,A,14.0,5.0,6.0,3.0,10.0,3.0,13.0,12.0,4.0,2.0,0.0,0.0,M Atkinson
2016-2017,2016-11-19,Manchester United,Arsenal,1.0,1.0,D,0.0,0.0,D,12.0,5.0,5.0,1.0,10.0,4.0,14.0,11.0,3.0,3.0,0.0,0.0,A Marriner
2016-2017,2016-11-19,Southampton,Liverpool,0.0,0.0,D,0.0,0.0,D,3.0,15.0,0.0,2.0,1.0,8.0,8.0,11.0,1.0,1.0,0.0,0.0,M Clattenburg
2016-2017,2016-11-19,Stoke,Bournemouth,0.0,1.0,A,0.0,1.0,A,14.0,9.0,6.0,2.0,3.0,4.0,17.0,10.0,3.0,2.0,0.0,0.0,R East
2016-2017,2016-11-19,Sunderland,Hull,3.0,0.0,H,1.0,0.0,H,11.0,17.0,4.0,7.0,2.0,8.0,9.0,8.0,1.0,0.0,1.0,0.0,L Mason
2016-2017,2016-11-19,Tottenham,West Ham,3.0,2.0,H,0.0,1.0,A,14.0,11.0,6.0,3.0,4.0,5.0,13.0,16.0,3.0,2.0,0.0,1.0,M Dean
2016-2017,2016-11-19,Watford,Leicester,2.0,1.0,H,2.0,1.0,H,10.0,10.0,3.0,2.0,4.0,6.0,12.0,18.0,2.0,3.0,0.0,0.0,N Swarbrick
2016-2017,2016-11-20,Middlesbrough,Chelsea,0.0,1.0,A,0.0,1.0,A,12.0,13.0,1.0,3.0,2.0,3.0,13.0,10.0,2.0,3.0,0.0,0.0,J Moss
2016-2017,2016-11-21,West Brom,Burnley,4.0,0.0,H,3.0,0.0,H,16.0,5.0,6.0,2.0,4.0,3.0,12.0,12.0,0.0,0.0,0.0,0.0,M Jones
2016-2017,2016-11-26,Swansea,Crystal Palace,5.0,4.0,H,1.0,1.0,D,18.0,12.0,9.0,4.0,10.0,6.0,12.0,24.0,4.0,5.0,0.0,0.0,K Friend
2016-2017,2016-11-26,Leicester,Middlesbrough,2.0,2.0,D,1.0,1.0,D,11.0,6.0,3.0,2.0,2.0,3.0,15.0,12.0,4.0,4.0,0.0,0.0,L Mason
2016-2017,2016-11-26,Liverpool,Sunderland,2.0,0.0,H,0.0,0.0,D,27.0,6.0,7.0,1.0,9.0,4.0,5.0,9.0,1.0,3.0,0.0,0.0,A Taylor
2016-2017,2016-11-26,Chelsea,Tottenham,2.0,1.0,H,1.0,1.0,D,9.0,12.0,5.0,6.0,3.0,8.0,13.0,16.0,2.0,1.0,0.0,0.0,M Oliver
2016-2017,2016-11-26,Burnley,Manchester City,1.0,2.0,A,1.0,1.0,D,10.0,21.0,5.0,5.0,5.0,8.0,5.0,15.0,2.0,3.0,0.0,0.0,A Marriner
2016-2017,2016-11-26,Hull,West Brom,1.0,1.0,D,0.0,1.0,A,10.0,11.0,4.0,2.0,2.0,6.0,7.0,10.0,3.0,2.0,0.0,0.0,P Tierney
2016-2017,2016-11-27,Arsenal,Bournemouth,3.0,1.0,H,1.0,1.0,D,16.0,9.0,3.0,3.0,3.0,10.0,12.0,13.0,3.0,5.0,0.0,0.0,M Jones
2016-2017,2016-11-27,Manchester United,West Ham,1.0,1.0,D,1.0,1.0,D,17.0,6.0,8.0,2.0,8.0,4.0,16.0,16.0,3.0,1.0,0.0,0.0,J Moss
2016-2017,2016-11-27,Southampton,Everton,1.0,0.0,H,1.0,0.0,H,17.0,13.0,7.0,1.0,5.0,2.0,11.0,15.0,0.0,2.0,0.0,0.0,C Pawson
2016-2017,2016-11-27,Watford,Stoke,0.0,1.0,A,0.0,1.0,A,11.0,14.0,2.0,1.0,3.0,3.0,24.0,14.0,3.0,0.0,1.0,0.0,R Madley
2016-2017,2016-12-03,West Ham,Arsenal,1.0,5.0,A,0.0,1.0,A,10.0,19.0,3.0,10.0,3.0,2.0,10.0,11.0,3.0,3.0,0.0,0.0,C Pawson
2016-2017,2016-12-03,West Brom,Watford,3.0,1.0,H,2.0,0.0,H,11.0,17.0,3.0,5.0,3.0,4.0,12.0,8.0,2.0,1.0,0.0,1.0,G Scott
2016-2017,2016-12-03,Tottenham,Swansea,5.0,0.0,H,2.0,0.0,H,28.0,1.0,15.0,0.0,5.0,0.0,11.0,17.0,0.0,4.0,0.0,0.0,J Moss
2016-2017,2016-12-03,Stoke,Burnley,2.0,0.0,H,2.0,0.0,H,10.0,14.0,4.0,4.0,4.0,9.0,7.0,13.0,3.0,2.0,0.0,0.0,M Clattenburg
2016-2017,2016-12-03,Manchester City,Chelsea,1.0,3.0,A,1.0,0.0,H,14.0,10.0,5.0,4.0,9.0,2.0,14.0,9.0,2.0,3.0,2.0,0.0,A Taylor
2016-2017,2016-12-03,Crystal Palace,Southampton,3.0,0.0,H,2.0,0.0,H,9.0,17.0,4.0,3.0,4.0,9.0,11.0,13.0,3.0,1.0,0.0,0.0,N Swarbrick
2016-2017,2016-12-03,Sunderland,Leicester,2.0,1.0,H,0.0,0.0,D,22.0,17.0,6.0,5.0,3.0,4.0,8.0,12.0,3.0,1.0,0.0,0.0,A Marriner
2016-2017,2016-12-04,Bournemouth,Liverpool,4.0,3.0,H,0.0,2.0,A,12.0,10.0,8.0,3.0,4.0,9.0,9.0,17.0,2.0,2.0,0.0,0.0,R Madley
2016-2017,2016-12-04,Everton,Manchester United,1.0,1.0,D,0.0,1.0,A,13.0,10.0,6.0,2.0,6.0,3.0,13.0,11.0,2.0,3.0,0.0,0.0,M Oliver
2016-2017,2016-12-05,Middlesbrough,Hull,1.0,0.0,H,0.0,0.0,D,16.0,6.0,4.0,2.0,13.0,7.0,6.0,11.0,1.0,1.0,0.0,0.0,M Dean
2016-2017,2016-12-10,Swansea,Sunderland,3.0,0.0,H,0.0,0.0,D,14.0,11.0,5.0,2.0,7.0,4.0,10.0,8.0,1.0,2.0,0.0,0.0,C Pawson
2016-2017,2016-12-10,Leicester,Manchester City,4.0,2.0,H,3.0,0.0,H,10.0,19.0,6.0,4.0,3.0,11.0,10.0,7.0,2.0,1.0,0.0,0.0,M Oliver
2016-2017,2016-12-10,Watford,Everton,3.0,2.0,H,1.0,1.0,D,11.0,11.0,6.0,4.0,2.0,4.0,11.0,16.0,2.0,2.0,0.0,0.0,A Taylor
2016-2017,2016-12-10,Burnley,Bournemouth,3.0,2.0,H,2.0,1.0,H,16.0,17.0,7.0,4.0,4.0,11.0,14.0,18.0,2.0,2.0,0.0,0.0,M Atkinson
2016-2017,2016-12-10,Hull,Crystal Palace,3.0,3.0,D,1.0,0.0,H,15.0,14.0,6.0,6.0,4.0,7.0,16.0,14.0,2.0,4.0,0.0,0.0,M Jones
2016-2017,2016-12-10,Arsenal,Stoke,3.0,1.0,H,1.0,1.0,D,21.0,12.0,6.0,5.0,7.0,7.0,9.0,6.0,0.0,0.0,0.0,0.0,L Mason
2016-2017,2016-12-11,Chelsea,West Brom,1.0,0.0,H,0.0,0.0,D,12.0,6.0,2.0,1.0,3.0,1.0,6.0,10.0,2.0,4.0,0.0,0.0,M Dean
2016-2017,2016-12-11,Liverpool,West Ham,2.0,2.0,D,1.0,2.0,A,18.0,7.0,3.0,3.0,11.0,4.0,7.0,8.0,2.0,0.0,0.0,0.0,M Clattenburg
2016-2017,2016-12-11,Manchester United,Tottenham,1.0,0.0,H,1.0,0.0,H,15.0,12.0,5.0,4.0,3.0,8.0,19.0,17.0,3.0,3.0,0.0,0.0,R Madley
2016-2017,2016-12-11,Southampton,Middlesbrough,1.0,0.0,H,0.0,0.0,D,14.0,6.0,3.0,2.0,4.0,2.0,14.0,12.0,4.0,3.0,0.0,0.0,S Attwell
2016-2017,2016-12-13,Bournemouth,Leicester,1.0,0.0,H,1.0,0.0,H,9.0,12.0,3.0,4.0,4.0,11.0,5.0,15.0,0.0,3.0,0.0,0.0,P Tierney
2016-2017,2016-12-13,Everton,Arsenal,2.0,1.0,H,1.0,1.0,D,14.0,9.0,4.0,3.0,8.0,3.0,10.0,10.0,1.0,1.0,1.0,0.0,M Clattenburg
2016-2017,2016-12-14,Manchester City,Watford,2.0,0.0,H,1.0,0.0,H,13.0,5.0,7.0,2.0,5.0,2.0,16.0,20.0,1.0,2.0,0.0,0.0,K Friend
2016-2017,2016-12-14,West Ham,Burnley,1.0,0.0,H,1.0,0.0,H,20.0,8.0,7.0,2.0,6.0,1.0,12.0,15.0,0.0,2.0,0.0,0.0,R Madley
2016-2017,2016-12-14,West Brom,Swansea,3.0,1.0,H,0.0,0.0,D,13.0,8.0,4.0,4.0,0.0,11.0,8.0,8.0,0.0,0.0,0.0,0.0,M Oliver
2016-2017,2016-12-14,Tottenham,Hull,3.0,0.0,H,1.0,0.0,H,27.0,10.0,9.0,5.0,5.0,5.0,6.0,14.0,0.0,2.0,0.0,0.0,A Marriner
2016-2017,2016-12-14,Crystal Palace,Manchester United,1.0,2.0,A,0.0,1.0,A,6.0,16.0,3.0,6.0,1.0,8.0,16.0,10.0,2.0,2.0,0.0,0.0,C Pawson
2016-2017,2016-12-14,Stoke,Southampton,0.0,0.0,D,0.0,0.0,D,5.0,15.0,3.0,4.0,3.0,11.0,9.0,10.0,1.0,2.0,1.0,0.0,A Taylor
2016-2017,2016-12-14,Middlesbrough,Liverpool,0.0,3.0,A,0.0,1.0,A,8.0,15.0,3.0,4.0,5.0,2.0,11.0,14.0,1.0,0.0,0.0,0.0,J Moss
2016-2017,2016-12-14,Sunderland,Chelsea,0.0,1.0,A,0.0,1.0,A,8.0,19.0,3.0,6.0,5.0,5.0,15.0,10.0,3.0,2.0,0.0,0.0,N Swarbrick
2016-2017,2016-12-17,West Brom,Manchester United,0.0,2.0,A,0.0,1.0,A,10.0,10.0,1.0,5.0,2.0,3.0,9.0,13.0,3.0,3.0,0.0,0.0,A Taylor
2016-2017,2016-12-17,West Ham,Hull,1.0,0.0,H,0.0,0.0,D,18.0,16.0,6.0,5.0,10.0,6.0,13.0,9.0,2.0,4.0,0.0,0.0,L Mason
2016-2017,2016-12-17,Sunderland,Watford,1.0,0.0,H,0.0,0.0,D,12.0,9.0,4.0,4.0,4.0,11.0,10.0,9.0,1.0,2.0,0.0,0.0,R Madley
2016-2017,2016-12-17,Middlesbrough,Swansea,3.0,0.0,H,2.0,0.0,H,10.0,14.0,4.0,2.0,3.0,8.0,10.0,11.0,1.0,0.0,0.0,0.0,N Swarbrick
2016-2017,2016-12-17,Crystal Palace,Chelsea,0.0,1.0,A,0.0,1.0,A,6.0,13.0,2.0,6.0,5.0,3.0,12.0,15.0,2.0,3.0,0.0,0.0,J Moss
2016-2017,2016-12-17,Stoke,Leicester,2.0,2.0,D,2.0,0.0,H,16.0,14.0,7.0,8.0,9.0,9.0,9.0,12.0,2.0,6.0,0.0,1.0,C Pawson
2016-2017,2016-12-18,Bournemouth,Southampton,1.0,3.0,A,1.0,1.0,D,10.0,14.0,5.0,8.0,7.0,4.0,6.0,12.0,0.0,2.0,0.0,0.0,M Clattenburg
2016-2017,2016-12-18,Manchester City,Arsenal,2.0,1.0,H,0.0,1.0,A,14.0,6.0,5.0,1.0,8.0,1.0,9.0,13.0,4.0,2.0,0.0,0.0,M Atkinson
2016-2017,2016-12-18,Tottenham,Burnley,2.0,1.0,H,1.0,1.0,D,30.0,5.0,9.0,2.0,11.0,2.0,10.0,11.0,1.0,2.0,0.0,0.0,K Friend
2016-2017,2016-12-19,Everton,Liverpool,0.0,1.0,A,0.0,0.0,D,6.0,11.0,1.0,4.0,1.0,6.0,13.0,9.0,3.0,1.0,0.0,0.0,M Dean
2016-2017,2016-12-26,Watford,Crystal Palace,1.0,1.0,D,0.0,1.0,A,9.0,10.0,3.0,4.0,7.0,3.0,18.0,17.0,2.0,4.0,0.0,0.0,M Clattenburg
2016-2017,2016-12-26,Swansea,West Ham,1.0,4.0,A,0.0,1.0,A,14.0,14.0,7.0,7.0,8.0,4.0,10.0,12.0,0.0,0.0,0.0,0.0,A Marriner
2016-2017,2016-12-26,Manchester United,Sunderland,3.0,1.0,H,1.0,0.0,H,26.0,7.0,9.0,4.0,5.0,5.0,6.0,9.0,1.0,1.0,0.0,0.0,M Atkinson
2016-2017,2016-12-26,Leicester,Everton,0.0,2.0,A,0.0,0.0,D,7.0,8.0,2.0,3.0,3.0,4.0,14.0,7.0,3.0,0.0,0.0,0.0,S Attwell
2016-2017,2016-12-26,Hull,Manchester City,0.0,3.0,A,0.0,0.0,D,10.0,16.0,3.0,6.0,4.0,7.0,11.0,14.0,1.0,0.0,0.0,0.0,R Madley
2016-2017,2016-12-26,Burnley,Middlesbrough,1.0,0.0,H,0.0,0.0,D,6.0,8.0,4.0,2.0,7.0,3.0,17.0,18.0,6.0,5.0,0.0,0.0,C Pawson
2016-2017,2016-12-26,Arsenal,West Brom,1.0,0.0,H,0.0,0.0,D,26.0,3.0,11.0,1.0,6.0,5.0,11.0,7.0,2.0,1.0,0.0,0.0,N Swarbrick
2016-2017,2016-12-26,Chelsea,Bournemouth,3.0,0.0,H,1.0,0.0,H,14.0,7.0,4.0,3.0,5.0,5.0,13.0,14.0,1.0,1.0,0.0,0.0,M Jones
2016-2017,2016-12-27,Liverpool,Stoke,4.0,1.0,H,2.0,1.0,H,20.0,6.0,6.0,2.0,8.0,2.0,9.0,6.0,0.0,1.0,0.0,0.0,M Oliver
2016-2017,2016-12-28,Southampton,Tottenham,1.0,4.0,A,1.0,1.0,D,9.0,17.0,2.0,5.0,2.0,10.0,7.0,16.0,1.0,4.0,1.0,0.0,M Dean
2016-2017,2016-12-30,Hull,Everton,2.0,2.0,D,1.0,1.0,D,13.0,20.0,4.0,7.0,5.0,5.0,10.0,13.0,2.0,2.0,0.0,0.0,J Moss
2016-2017,2016-12-31,Southampton,West Brom,1.0,2.0,A,1.0,1.0,D,10.0,7.0,1.0,3.0,8.0,3.0,13.0,17.0,1.0,3.0,1.0,0.0,M Jones
2016-2017,2016-12-31,Swansea,Bournemouth,0.0,3.0,A,0.0,2.0,A,14.0,11.0,5.0,6.0,4.0,3.0,14.0,9.0,2.0,0.0,0.0,0.0,K Friend
2016-2017,2016-12-31,Manchester United,Middlesbrough,2.0,1.0,H,0.0,0.0,D,32.0,9.0,12.0,2.0,12.0,2.0,9.0,14.0,1.0,1.0,0.0,0.0,L Mason
2016-2017,2016-12-31,Leicester,West Ham,1.0,0.0,H,1.0,0.0,H,12.0,25.0,4.0,5.0,7.0,7.0,11.0,8.0,5.0,3.0,0.0,0.0,A Taylor
2016-2017,2016-12-31,Liverpool,Manchester City,1.0,0.0,H,1.0,0.0,H,5.0,9.0,1.0,2.0,4.0,6.0,12.0,12.0,2.0,1.0,0.0,0.0,C Pawson
2016-2017,2016-12-31,Chelsea,Stoke,4.0,2.0,H,1.0,0.0,H,18.0,5.0,7.0,2.0,8.0,3.0,12.0,10.0,3.0,2.0,0.0,0.0,R Madley
2016-2017,2016-12-31,Burnley,Sunderland,4.0,1.0,H,1.0,0.0,H,16.0,11.0,6.0,3.0,6.0,2.0,10.0,8.0,1.0,1.0,0.0,0.0,G Scott
2016-2017,2017-01-01,Arsenal,Crystal Palace,2.0,0.0,H,1.0,0.0,H,22.0,7.0,7.0,4.0,8.0,4.0,9.0,7.0,1.0,1.0,0.0,0.0,A Marriner
2016-2017,2017-01-01,Watford,Tottenham,1.0,4.0,A,0.0,3.0,A,6.0,19.0,2.0,6.0,0.0,3.0,11.0,6.0,3.0,0.0,0.0,0.0,M Oliver
2016-2017,2017-01-02,West Ham,Manchester United,0.0,2.0,A,0.0,0.0,D,8.0,13.0,2.0,6.0,2.0,1.0,9.0,13.0,1.0,2.0,1.0,0.0,M Dean
2016-2017,2017-01-02,Sunderland,Liverpool,2.0,2.0,D,1.0,1.0,D,10.0,21.0,5.0,15.0,2.0,5.0,10.0,10.0,2.0,3.0,0.0,0.0,A Taylor
2016-2017,2017-01-02,West Brom,Hull,3.0,1.0,H,0.0,1.0,A,8.0,17.0,5.0,6.0,7.0,9.0,5.0,4.0,0.0,0.0,0.0,0.0,M Clattenburg
2016-2017,2017-01-02,Manchester City,Burnley,2.0,1.0,H,0.0,0.0,D,14.0,11.0,3.0,3.0,8.0,8.0,11.0,11.0,4.0,3.0,1.0,0.0,L Mason
2016-2017,2017-01-02,Everton,Southampton,3.0,0.0,H,0.0,0.0,D,17.0,12.0,6.0,3.0,10.0,8.0,5.0,14.0,0.0,1.0,0.0,0.0,K Friend
2016-2017,2017-01-02,Middlesbrough,Leicester,0.0,0.0,D,0.0,0.0,D,9.0,10.0,1.0,4.0,2.0,2.0,10.0,9.0,3.0,0.0,0.0,0.0,R Madley
2016-2017,2017-01-03,Bournemouth,Arsenal,3.0,3.0,D,2.0,0.0,H,12.0,14.0,6.0,4.0,4.0,7.0,10.0,12.0,3.0,3.0,1.0,0.0,M Oliver
2016-2017,2017-01-03,Crystal Palace,Swansea,1.0,2.0,A,0.0,1.0,A,7.0,11.0,3.0,4.0,4.0,5.0,13.0,14.0,2.0,1.0,0.0,0.0,P Tierney
2016-2017,2017-01-03,Stoke,Watford,2.0,0.0,H,1.0,0.0,H,17.0,9.0,5.0,2.0,7.0,6.0,10.0,15.0,1.0,2.0,0.0,0.0,N Swarbrick
2016-2017,2017-01-04,Tottenham,Chelsea,2.0,0.0,H,1.0,0.0,H,9.0,11.0,2.0,2.0,1.0,6.0,9.0,8.0,3.0,2.0,0.0,0.0,M Atkinson
2016-2017,2017-01-14,Tottenham,West Brom,4.0,0.0,H,2.0,0.0,H,21.0,3.0,11.0,0.0,8.0,0.0,11.0,12.0,0.0,2.0,0.0,0.0,A Taylor
2016-2017,2017-01-14,West Ham,Crystal Palace,3.0,0.0,H,0.0,0.0,D,14.0,10.0,3.0,1.0,2.0,2.0,10.0,14.0,4.0,2.0,0.0,0.0,N Swarbrick
2016-2017,2017-01-14,Watford,Middlesbrough,0.0,0.0,D,0.0,0.0,D,12.0,5.0,5.0,1.0,3.0,1.0,15.0,15.0,3.0,1.0,0.0,0.0,J Moss
2016-2017,2017-01-14,Swansea,Arsenal,0.0,4.0,A,0.0,1.0,A,12.0,14.0,3.0,6.0,3.0,2.0,12.0,8.0,2.0,0.0,0.0,0.0,M Jones
2016-2017,2017-01-14,Sunderland,Stoke,1.0,3.0,A,1.0,3.0,A,14.0,14.0,3.0,6.0,5.0,2.0,16.0,11.0,3.0,1.0,0.0,0.0,M Dean
2016-2017,2017-01-14,Leicester,Chelsea,0.0,3.0,A,0.0,1.0,A,7.0,8.0,2.0,3.0,3.0,5.0,8.0,9.0,1.0,0.0,0.0,0.0,A Marriner
2016-2017,2017-01-14,Hull,Bournemouth,3.0,1.0,H,1.0,1.0,D,14.0,8.0,3.0,6.0,4.0,5.0,13.0,11.0,0.0,1.0,0.0,0.0,M Atkinson
2016-2017,2017-01-14,Burnley,Southampton,1.0,0.0,H,0.0,0.0,D,9.0,20.0,3.0,5.0,2.0,7.0,14.0,14.0,1.0,2.0,0.0,0.0,P Tierney
2016-2017,2017-01-15,Everton,Manchester City,4.0,0.0,H,1.0,0.0,H,6.0,13.0,4.0,5.0,3.0,6.0,17.0,7.0,2.0,2.0,0.0,0.0,M Clattenburg
2016-2017,2017-01-15,Manchester United,Liverpool,1.0,1.0,D,0.0,1.0,A,9.0,13.0,3.0,4.0,5.0,7.0,17.0,13.0,1.0,3.0,0.0,0.0,M Oliver
2016-2017,2017-01-21,West Brom,Sunderland,2.0,0.0,H,2.0,0.0,H,14.0,9.0,5.0,3.0,1.0,4.0,15.0,12.0,1.0,1.0,0.0,0.0,C Pawson
2016-2017,2017-01-21,Stoke,Manchester United,1.0,1.0,D,1.0,0.0,H,6.0,25.0,1.0,8.0,1.0,7.0,12.0,13.0,4.0,0.0,0.0,0.0,M Clattenburg
2016-2017,2017-01-21,Middlesbrough,West Ham,1.0,3.0,A,1.0,2.0,A,11.0,13.0,2.0,5.0,7.0,5.0,7.0,14.0,2.0,1.0,0.0,0.0,M Atkinson
2016-2017,2017-01-21,Manchester City,Tottenham,2.0,2.0,D,0.0,0.0,D,17.0,6.0,7.0,2.0,5.0,4.0,10.0,7.0,2.0,4.0,0.0,0.0,A Marriner
2016-2017,2017-01-21,Liverpool,Swansea,2.0,3.0,A,0.0,0.0,D,16.0,6.0,5.0,3.0,6.0,3.0,7.0,7.0,1.0,1.0,0.0,0.0,K Friend
2016-2017,2017-01-21,Crystal Palace,Everton,0.0,1.0,A,0.0,0.0,D,8.0,16.0,2.0,8.0,8.0,7.0,10.0,15.0,0.0,1.0,0.0,0.0,A Taylor
2016-2017,2017-01-21,Bournemouth,Watford,2.0,2.0,D,0.0,1.0,A,15.0,10.0,5.0,3.0,9.0,4.0,6.0,16.0,1.0,1.0,0.0,0.0,L Mason
2016-2017,2017-01-22,Arsenal,Burnley,2.0,1.0,H,0.0,0.0,D,24.0,13.0,8.0,7.0,10.0,4.0,12.0,11.0,1.0,3.0,1.0,0.0,J Moss
2016-2017,2017-01-22,Chelsea,Hull,2.0,0.0,H,1.0,0.0,H,9.0,9.0,5.0,4.0,9.0,7.0,12.0,10.0,1.0,3.0,0.0,0.0,N Swarbrick
2016-2017,2017-01-22,Southampton,Leicester,3.0,0.0,H,2.0,0.0,H,20.0,11.0,7.0,2.0,7.0,2.0,8.0,10.0,0.0,1.0,0.0,0.0,M Oliver
2016-2017,2017-01-31,Swansea,Southampton,2.0,1.0,H,1.0,0.0,H,11.0,10.0,5.0,2.0,5.0,4.0,10.0,19.0,2.0,0.0,0.0,0.0,R East
2016-2017,2017-01-31,Sunderland,Tottenham,0.0,0.0,D,0.0,0.0,D,3.0,14.0,1.0,3.0,2.0,12.0,9.0,13.0,2.0,1.0,0.0,0.0,L Mason
2016-2017,2017-01-31,Middlesbrough,West Brom,1.0,1.0,D,1.0,1.0,D,11.0,16.0,3.0,5.0,4.0,2.0,12.0,13.0,2.0,1.0,0.0,0.0,S Attwell
2016-2017,2017-01-31,Arsenal,Watford,1.0,2.0,A,0.0,2.0,A,20.0,10.0,5.0,6.0,9.0,5.0,12.0,15.0,3.0,3.0,0.0,0.0,A Marriner
2016-2017,2017-01-31,Burnley,Leicester,1.0,0.0,H,0.0,0.0,D,24.0,13.0,3.0,5.0,10.0,2.0,4.0,8.0,1.0,0.0,0.0,0.0,M Dean
2016-2017,2017-01-31,Bournemouth,Crystal Palace,0.0,2.0,A,0.0,0.0,D,10.0,11.0,2.0,4.0,2.0,3.0,14.0,23.0,0.0,4.0,0.0,0.0,J Moss
2016-2017,2017-01-31,Liverpool,Chelsea,1.0,1.0,D,0.0,1.0,A,7.0,8.0,3.0,2.0,3.0,3.0,13.0,8.0,2.0,1.0,0.0,0.0,M Clattenburg
2016-2017,2017-02-01,Manchester United,Hull,0.0,0.0,D,0.0,0.0,D,15.0,6.0,6.0,2.0,7.0,1.0,20.0,16.0,1.0,4.0,0.0,0.0,M Jones
2016-2017,2017-02-01,Stoke,Everton,1.0,1.0,D,1.0,1.0,D,14.0,14.0,7.0,5.0,5.0,5.0,21.0,12.0,1.0,0.0,0.0,0.0,C Pawson
2016-2017,2017-02-01,West Ham,Manchester City,0.0,4.0,A,0.0,3.0,A,6.0,11.0,1.0,4.0,2.0,4.0,11.0,14.0,3.0,3.0,0.0,0.0,K Friend
2016-2017,2017-02-04,West Brom,Stoke,1.0,0.0,H,1.0,0.0,H,16.0,12.0,4.0,2.0,5.0,6.0,6.0,13.0,2.0,2.0,0.0,0.0,K Friend
2016-2017,2017-02-04,Watford,Burnley,2.0,1.0,H,2.0,0.0,H,16.0,11.0,7.0,7.0,3.0,6.0,12.0,10.0,5.0,0.0,0.0,1.0,M Oliver
2016-2017,2017-02-04,Tottenham,Middlesbrough,1.0,0.0,H,0.0,0.0,D,17.0,8.0,5.0,0.0,11.0,2.0,8.0,11.0,0.0,1.0,0.0,0.0,M Clattenburg
2016-2017,2017-02-04,Southampton,West Ham,1.0,3.0,A,1.0,2.0,A,21.0,6.0,7.0,4.0,3.0,2.0,12.0,15.0,0.0,2.0,0.0,0.0,G Scott
2016-2017,2017-02-04,Hull,Liverpool,2.0,0.0,H,1.0,0.0,H,7.0,22.0,4.0,5.0,1.0,15.0,9.0,12.0,2.0,1.0,0.0,0.0,L Mason
2016-2017,2017-02-04,Everton,Bournemouth,6.0,3.0,H,3.0,0.0,H,15.0,18.0,10.0,8.0,4.0,8.0,14.0,4.0,3.0,1.0,0.0,0.0,M Jones
2016-2017,2017-02-04,Crystal Palace,Sunderland,0.0,4.0,A,0.0,4.0,A,21.0,10.0,9.0,7.0,6.0,1.0,8.0,8.0,3.0,3.0,0.0,0.0,A Marriner
2016-2017,2017-02-04,Chelsea,Arsenal,3.0,1.0,H,1.0,0.0,H,13.0,9.0,6.0,5.0,10.0,13.0,14.0,8.0,1.0,1.0,0.0,0.0,M Atkinson
2016-2017,2017-02-05,Leicester,Manchester United,0.0,3.0,A,0.0,2.0,A,11.0,15.0,1.0,9.0,10.0,3.0,12.0,13.0,2.0,4.0,0.0,0.0,A Taylor
2016-2017,2017-02-05,Manchester City,Swansea,2.0,1.0,H,1.0,0.0,H,17.0,4.0,5.0,2.0,10.0,3.0,9.0,13.0,2.0,3.0,0.0,0.0,M Dean
2016-2017,2017-02-11,West Ham,West Brom,2.0,2.0,D,0.0,1.0,A,16.0,8.0,4.0,3.0,7.0,5.0,7.0,14.0,3.0,2.0,0.0,0.0,M Oliver
2016-2017,2017-02-11,Sunderland,Southampton,0.0,4.0,A,0.0,2.0,A,6.0,15.0,1.0,8.0,6.0,2.0,12.0,14.0,1.0,0.0,0.0,0.0,P Tierney
2016-2017,2017-02-11,Stoke,Crystal Palace,1.0,0.0,H,0.0,0.0,D,7.0,6.0,4.0,1.0,5.0,5.0,10.0,14.0,1.0,3.0,0.0,0.0,M Atkinson
2016-2017,2017-02-11,Arsenal,Hull,2.0,0.0,H,1.0,0.0,H,17.0,9.0,7.0,4.0,3.0,8.0,12.0,9.0,3.0,1.0,0.0,1.0,M Clattenburg
2016-2017,2017-02-11,Manchester United,Watford,2.0,0.0,H,1.0,0.0,H,22.0,9.0,11.0,3.0,5.0,1.0,10.0,12.0,1.0,0.0,0.0,0.0,R Madley
2016-2017,2017-02-11,Liverpool,Tottenham,2.0,0.0,H,2.0,0.0,H,17.0,7.0,9.0,2.0,10.0,3.0,14.0,14.0,3.0,4.0,0.0,0.0,A Taylor
2016-2017,2017-02-11,Middlesbrough,Everton,0.0,0.0,D,0.0,0.0,D,9.0,7.0,3.0,3.0,5.0,2.0,14.0,9.0,2.0,0.0,0.0,0.0,M Dean
2016-2017,2017-02-12,Burnley,Chelsea,1.0,1.0,D,1.0,1.0,D,6.0,13.0,4.0,2.0,1.0,1.0,12.0,11.0,3.0,2.0,0.0,0.0,K Friend
2016-2017,2017-02-12,Swansea,Leicester,2.0,0.0,H,2.0,0.0,H,10.0,9.0,4.0,1.0,7.0,3.0,7.0,14.0,2.0,2.0,0.0,0.0,J Moss
2016-2017,2017-02-13,Bournemouth,Manchester City,0.0,2.0,A,0.0,1.0,A,5.0,17.0,1.0,5.0,3.0,7.0,8.0,11.0,2.0,3.0,0.0,0.0,N Swarbrick
2016-2017,2017-02-25,West Brom,Bournemouth,2.0,1.0,H,2.0,1.0,H,13.0,12.0,4.0,4.0,8.0,6.0,12.0,5.0,2.0,0.0,0.0,0.0,M Clattenburg
2016-2017,2017-02-25,Chelsea,Swansea,3.0,1.0,H,1.0,1.0,D,16.0,3.0,5.0,2.0,8.0,1.0,11.0,14.0,1.0,3.0,0.0,0.0,N Swarbrick
2016-2017,2017-02-25,Crystal Palace,Middlesbrough,1.0,0.0,H,1.0,0.0,H,15.0,11.0,3.0,4.0,4.0,2.0,13.0,15.0,3.0,1.0,0.0,0.0,R Madley
2016-2017,2017-02-25,Everton,Sunderland,2.0,0.0,H,1.0,0.0,H,20.0,10.0,8.0,1.0,10.0,6.0,10.0,16.0,0.0,2.0,0.0,0.0,S Attwell
2016-2017,2017-02-25,Hull,Burnley,1.0,1.0,D,0.0,0.0,D,15.0,10.0,1.0,3.0,6.0,3.0,8.0,13.0,1.0,1.0,0.0,1.0,M Atkinson
2016-2017,2017-02-25,Watford,West Ham,1.0,1.0,D,1.0,0.0,H,9.0,13.0,1.0,2.0,4.0,6.0,18.0,14.0,4.0,1.0,0.0,1.0,C Pawson
2016-2017,2017-02-26,Tottenham,Stoke,4.0,0.0,H,4.0,0.0,H,21.0,5.0,9.0,3.0,8.0,5.0,11.0,14.0,2.0,3.0,0.0,0.0,J Moss
2016-2017,2017-02-27,Leicester,Liverpool,3.0,1.0,H,2.0,0.0,H,13.0,17.0,7.0,7.0,5.0,12.0,8.0,5.0,0.0,0.0,0.0,0.0,M Oliver
2016-2017,2017-03-04,Leicester,Hull,3.0,1.0,H,1.0,1.0,D,17.0,10.0,5.0,4.0,10.0,4.0,12.0,13.0,1.0,1.0,0.0,0.0,M Dean
2016-2017,2017-03-04,Liverpool,Arsenal,3.0,1.0,H,2.0,0.0,H,18.0,7.0,7.0,3.0,9.0,3.0,8.0,15.0,1.0,2.0,0.0,0.0,R Madley
2016-2017,2017-03-04,Manchester United,Bournemouth,1.0,1.0,D,1.0,1.0,D,20.0,3.0,7.0,1.0,15.0,2.0,9.0,11.0,3.0,2.0,0.0,1.0,K Friend
2016-2017,2017-03-04,Stoke,Middlesbrough,2.0,0.0,H,2.0,0.0,H,13.0,8.0,8.0,2.0,6.0,1.0,16.0,20.0,1.0,2.0,0.0,0.0,C Pawson
2016-2017,2017-03-04,Swansea,Burnley,3.0,2.0,H,1.0,1.0,D,23.0,6.0,10.0,4.0,9.0,2.0,7.0,13.0,2.0,2.0,0.0,0.0,A Taylor
2016-2017,2017-03-04,Watford,Southampton,3.0,4.0,A,1.0,2.0,A,16.0,20.0,4.0,11.0,6.0,5.0,16.0,9.0,3.0,2.0,0.0,0.0,J Moss
2016-2017,2017-03-04,West Brom,Crystal Palace,0.0,2.0,A,0.0,0.0,D,11.0,10.0,1.0,4.0,5.0,5.0,8.0,12.0,0.0,1.0,0.0,0.0,M Jones
2016-2017,2017-03-05,Tottenham,Everton,3.0,2.0,H,1.0,0.0,H,20.0,8.0,7.0,4.0,7.0,2.0,9.0,14.0,1.0,2.0,0.0,0.0,M Oliver
2016-2017,2017-03-05,Sunderland,Manchester City,0.0,2.0,A,0.0,1.0,A,11.0,14.0,3.0,7.0,6.0,4.0,11.0,4.0,1.0,0.0,0.0,0.0,M Atkinson
2016-2017,2017-03-06,West Ham,Chelsea,1.0,2.0,A,0.0,1.0,A,11.0,9.0,2.0,4.0,6.0,4.0,8.0,8.0,0.0,1.0,0.0,0.0,A Marriner
2016-2017,2017-03-08,Manchester City,Stoke,0.0,0.0,D,0.0,0.0,D,12.0,5.0,1.0,2.0,8.0,1.0,8.0,11.0,1.0,3.0,0.0,0.0,N Swarbrick
2016-2017,2017-03-11,Bournemouth,West Ham,3.0,2.0,H,1.0,1.0,D,21.0,15.0,9.0,7.0,5.0,6.0,20.0,15.0,4.0,2.0,0.0,0.0,R Madley
2016-2017,2017-03-11,Everton,West Brom,3.0,0.0,H,2.0,0.0,H,16.0,5.0,5.0,2.0,4.0,6.0,8.0,12.0,1.0,2.0,0.0,0.0,G Scott
2016-2017,2017-03-11,Hull,Swansea,2.0,1.0,H,0.0,0.0,D,15.0,11.0,7.0,3.0,2.0,7.0,14.0,5.0,3.0,1.0,0.0,0.0,A Marriner
2016-2017,2017-03-12,Liverpool,Burnley,2.0,1.0,H,1.0,1.0,D,10.0,11.0,3.0,1.0,11.0,1.0,12.0,16.0,2.0,2.0,0.0,0.0,C Pawson
2016-2017,2017-03-18,West Brom,Arsenal,3.0,1.0,H,1.0,1.0,D,12.0,11.0,8.0,2.0,4.0,5.0,5.0,6.0,1.0,0.0,0.0,0.0,N Swarbrick
2016-2017,2017-03-18,West Ham,Leicester,2.0,3.0,A,1.0,3.0,A,20.0,11.0,7.0,5.0,6.0,5.0,10.0,14.0,0.0,1.0,0.0,0.0,R East
2016-2017,2017-03-18,Sunderland,Burnley,0.0,0.0,D,0.0,0.0,D,14.0,17.0,5.0,3.0,3.0,5.0,14.0,7.0,2.0,1.0,0.0,0.0,R Madley
2016-2017,2017-03-18,Stoke,Chelsea,1.0,2.0,A,1.0,1.0,D,5.0,20.0,1.0,7.0,5.0,11.0,16.0,11.0,4.0,2.0,1.0,0.0,A Taylor
2016-2017,2017-03-18,Everton,Hull,4.0,0.0,H,1.0,0.0,H,14.0,6.0,8.0,0.0,5.0,8.0,9.0,7.0,2.0,0.0,0.0,1.0,P Tierney
2016-2017,2017-03-18,Crystal Palace,Watford,1.0,0.0,H,0.0,0.0,D,7.0,6.0,0.0,2.0,3.0,2.0,8.0,15.0,0.0,2.0,0.0,0.0,M Atkinson
2016-2017,2017-03-18,Bournemouth,Swansea,2.0,0.0,H,1.0,0.0,H,12.0,10.0,6.0,1.0,2.0,4.0,10.0,9.0,0.0,2.0,0.0,0.0,M Dean
2016-2017,2017-03-19,Manchester City,Liverpool,1.0,1.0,D,0.0,0.0,D,13.0,13.0,3.0,4.0,9.0,8.0,14.0,7.0,3.0,3.0,0.0,0.0,M Oliver
2016-2017,2017-03-19,Middlesbrough,Manchester United,1.0,3.0,A,0.0,1.0,A,10.0,14.0,3.0,6.0,8.0,3.0,9.0,8.0,1.0,1.0,0.0,0.0,J Moss
2016-2017,2017-03-19,Tottenham,Southampton,2.0,1.0,H,2.0,0.0,H,12.0,8.0,6.0,3.0,5.0,1.0,12.0,13.0,3.0,3.0,0.0,0.0,A Marriner
2016-2017,2017-04-01,Watford,Sunderland,1.0,0.0,H,0.0,0.0,D,23.0,11.0,10.0,3.0,13.0,9.0,12.0,8.0,1.0,3.0,0.0,0.0,L Probert
2016-2017,2017-04-01,Southampton,Bournemouth,0.0,0.0,D,0.0,0.0,D,14.0,12.0,4.0,3.0,6.0,3.0,14.0,8.0,1.0,0.0,0.0,0.0,J Moss
2016-2017,2017-04-01,Manchester United,West Brom,0.0,0.0,D,0.0,0.0,D,18.0,3.0,3.0,1.0,6.0,1.0,15.0,13.0,3.0,3.0,0.0,0.0,M Dean
2016-2017,2017-04-01,Liverpool,Everton,3.0,1.0,H,2.0,1.0,H,10.0,9.0,6.0,4.0,2.0,3.0,17.0,10.0,1.0,3.0,0.0,0.0,A Taylor
2016-2017,2017-04-01,Hull,West Ham,2.0,1.0,H,0.0,1.0,A,7.0,12.0,3.0,4.0,5.0,5.0,16.0,9.0,2.0,2.0,0.0,0.0,M Jones
2016-2017,2017-04-01,Chelsea,Crystal Palace,1.0,2.0,A,1.0,2.0,A,24.0,8.0,11.0,3.0,9.0,3.0,12.0,14.0,3.0,2.0,0.0,0.0,C Pawson
2016-2017,2017-04-01,Burnley,Tottenham,0.0,2.0,A,0.0,0.0,D,13.0,19.0,2.0,7.0,3.0,7.0,9.0,6.0,2.0,0.0,0.0,0.0,S Attwell
2016-2017,2017-04-01,Leicester,Stoke,2.0,0.0,H,1.0,0.0,H,23.0,10.0,10.0,2.0,10.0,4.0,7.0,11.0,1.0,4.0,0.0,0.0,L Mason
2016-2017,2017-04-02,Arsenal,Manchester City,2.0,2.0,D,1.0,2.0,A,8.0,14.0,3.0,5.0,3.0,8.0,8.0,15.0,3.0,2.0,0.0,0.0,A Marriner
2016-2017,2017-04-02,Swansea,Middlesbrough,0.0,0.0,D,0.0,0.0,D,15.0,8.0,3.0,1.0,11.0,3.0,9.0,16.0,2.0,3.0,0.0,0.0,R Madley
2016-2017,2017-04-04,Watford,West Brom,2.0,0.0,H,1.0,0.0,H,9.0,18.0,2.0,2.0,5.0,6.0,11.0,14.0,1.0,4.0,1.0,0.0,P Tierney
2016-2017,2017-04-04,Manchester United,Everton,1.0,1.0,D,0.0,1.0,A,18.0,11.0,3.0,4.0,6.0,5.0,10.0,18.0,1.0,4.0,0.0,1.0,N Swarbrick
2016-2017,2017-04-04,Leicester,Sunderland,2.0,0.0,H,0.0,0.0,D,19.0,15.0,8.0,3.0,5.0,6.0,12.0,13.0,0.0,1.0,0.0,0.0,G Scott
2016-2017,2017-04-04,Burnley,Stoke,1.0,0.0,H,0.0,0.0,D,7.0,15.0,3.0,2.0,3.0,5.0,9.0,16.0,3.0,2.0,0.0,0.0,K Friend
2016-2017,2017-04-05,Arsenal,West Ham,3.0,0.0,H,0.0,0.0,D,21.0,7.0,8.0,2.0,5.0,0.0,11.0,5.0,2.0,2.0,0.0,0.0,M Atkinson
2016-2017,2017-04-05,Chelsea,Manchester City,2.0,1.0,H,2.0,1.0,H,10.0,17.0,4.0,7.0,2.0,9.0,10.0,14.0,1.0,3.0,0.0,0.0,M Dean
2016-2017,2017-04-05,Hull,Middlesbrough,4.0,2.0,H,3.0,2.0,H,17.0,12.0,5.0,4.0,8.0,4.0,13.0,12.0,2.0,1.0,0.0,0.0,M Oliver
2016-2017,2017-04-05,Liverpool,Bournemouth,2.0,2.0,D,1.0,1.0,D,20.0,7.0,8.0,2.0,7.0,2.0,11.0,8.0,1.0,1.0,0.0,0.0,L Mason
2016-2017,2017-04-05,Southampton,Crystal Palace,3.0,1.0,H,1.0,1.0,D,25.0,17.0,9.0,3.0,11.0,11.0,16.0,11.0,2.0,1.0,0.0,0.0,R East
2016-2017,2017-04-05,Swansea,Tottenham,1.0,3.0,A,1.0,0.0,H,4.0,18.0,1.0,8.0,5.0,7.0,7.0,8.0,1.0,1.0,0.0,0.0,J Moss
2016-2017,2017-04-08,West Ham,Swansea,1.0,0.0,H,1.0,0.0,H,14.0,4.0,6.0,1.0,4.0,3.0,12.0,12.0,5.0,1.0,0.0,0.0,K Friend
2016-2017,2017-04-08,West Brom,Southampton,0.0,1.0,A,0.0,1.0,A,17.0,10.0,6.0,3.0,7.0,3.0,12.0,12.0,2.0,2.0,0.0,0.0,C Kavanagh
2016-2017,2017-04-08,Tottenham,Watford,4.0,0.0,H,3.0,0.0,H,19.0,8.0,6.0,2.0,7.0,5.0,12.0,12.0,0.0,1.0,0.0,0.0,A Taylor
2016-2017,2017-04-08,Middlesbrough,Burnley,0.0,0.0,D,0.0,0.0,D,12.0,7.0,5.0,2.0,4.0,3.0,9.0,12.0,0.0,3.0,0.0,0.0,M Atkinson
2016-2017,2017-04-08,Manchester City,Hull,3.0,1.0,H,1.0,0.0,H,23.0,6.0,7.0,1.0,7.0,3.0,6.0,8.0,0.0,2.0,0.0,0.0,J Moss
2016-2017,2017-04-08,Bournemouth,Chelsea,1.0,3.0,A,1.0,2.0,A,12.0,15.0,1.0,5.0,4.0,4.0,7.0,11.0,2.0,3.0,0.0,0.0,A Marriner
2016-2017,2017-04-08,Stoke,Liverpool,1.0,2.0,A,1.0,0.0,H,9.0,14.0,4.0,4.0,5.0,8.0,7.0,11.0,0.0,2.0,0.0,0.0,M Dean
2016-2017,2017-04-09,Everton,Leicester,4.0,2.0,H,3.0,2.0,H,12.0,6.0,7.0,4.0,4.0,6.0,8.0,15.0,2.0,2.0,0.0,0.0,R Madley
2016-2017,2017-04-09,Sunderland,Manchester United,0.0,3.0,A,0.0,1.0,A,9.0,18.0,4.0,9.0,4.0,5.0,14.0,20.0,1.0,5.0,1.0,0.0,C Pawson
2016-2017,2017-04-10,Crystal Palace,Arsenal,3.0,0.0,H,1.0,0.0,H,17.0,11.0,6.0,3.0,5.0,8.0,11.0,10.0,0.0,1.0,0.0,0.0,M Oliver
2016-2017,2017-04-15,Tottenham,Bournemouth,4.0,0.0,H,2.0,0.0,H,24.0,5.0,14.0,1.0,13.0,1.0,8.0,10.0,0.0,1.0,0.0,0.0,M Oliver
2016-2017,2017-04-15,Watford,Swansea,1.0,0.0,H,1.0,0.0,H,15.0,13.0,7.0,4.0,6.0,2.0,8.0,13.0,0.0,0.0,0.0,0.0,L Mason
2016-2017,2017-04-15,Sunderland,West Ham,2.0,2.0,D,1.0,1.0,D,14.0,7.0,4.0,3.0,8.0,1.0,14.0,10.0,1.0,0.0,0.0,1.0,A Marriner
2016-2017,2017-04-15,Crystal Palace,Leicester,2.0,2.0,D,0.0,1.0,A,15.0,6.0,4.0,2.0,8.0,5.0,10.0,16.0,0.0,2.0,0.0,0.0,M Dean
2016-2017,2017-04-15,Southampton,Manchester City,0.0,3.0,A,0.0,0.0,D,8.0,18.0,1.0,5.0,3.0,8.0,9.0,8.0,3.0,0.0,0.0,0.0,N Swarbrick
2016-2017,2017-04-15,Everton,Burnley,3.0,1.0,H,0.0,0.0,D,29.0,13.0,7.0,6.0,6.0,7.0,15.0,14.0,2.0,0.0,0.0,0.0,M Clattenburg
2016-2017,2017-04-15,Stoke,Hull,3.0,1.0,H,1.0,0.0,H,14.0,14.0,4.0,3.0,3.0,7.0,12.0,5.0,0.0,2.0,0.0,0.0,S Attwell
2016-2017,2017-04-16,Manchester United,Chelsea,2.0,0.0,H,1.0,0.0,H,9.0,5.0,3.0,0.0,1.0,3.0,16.0,20.0,3.0,3.0,0.0,0.0,R Madley
2016-2017,2017-04-16,West Brom,Liverpool,0.0,1.0,A,0.0,1.0,A,7.0,15.0,2.0,2.0,4.0,4.0,15.0,9.0,3.0,1.0,0.0,0.0,J Moss
2016-2017,2017-04-17,Middlesbrough,Arsenal,1.0,2.0,A,0.0,1.0,A,13.0,12.0,5.0,4.0,2.0,4.0,11.0,16.0,2.0,2.0,0.0,0.0,A Taylor
2016-2017,2017-04-22,Bournemouth,Middlesbrough,4.0,0.0,H,2.0,0.0,H,20.0,5.0,10.0,2.0,4.0,3.0,4.0,14.0,0.0,2.0,0.0,1.0,G Scott
2016-2017,2017-04-22,Hull,Watford,2.0,0.0,H,0.0,0.0,D,8.0,13.0,3.0,2.0,4.0,7.0,10.0,11.0,3.0,1.0,1.0,0.0,R Madley
2016-2017,2017-04-22,Swansea,Stoke,2.0,0.0,H,1.0,0.0,H,10.0,9.0,6.0,3.0,11.0,4.0,5.0,14.0,2.0,2.0,0.0,0.0,M Oliver
2016-2017,2017-04-22,West Ham,Everton,0.0,0.0,D,0.0,0.0,D,15.0,4.0,3.0,0.0,8.0,4.0,9.0,15.0,2.0,3.0,0.0,0.0,R East
2016-2017,2017-04-23,Burnley,Manchester United,0.0,2.0,A,0.0,2.0,A,8.0,12.0,0.0,6.0,3.0,3.0,17.0,16.0,2.0,1.0,0.0,0.0,A Taylor
2016-2017,2017-04-23,Liverpool,Crystal Palace,1.0,2.0,A,1.0,1.0,D,14.0,7.0,1.0,3.0,4.0,3.0,8.0,10.0,1.0,2.0,0.0,0.0,A Marriner
2016-2017,2017-04-25,Chelsea,Southampton,4.0,2.0,H,2.0,1.0,H,17.0,12.0,7.0,4.0,6.0,7.0,13.0,9.0,2.0,2.0,0.0,0.0,L Mason
2016-2017,2017-04-26,Middlesbrough,Sunderland,1.0,0.0,H,1.0,0.0,H,6.0,10.0,2.0,4.0,3.0,5.0,15.0,11.0,3.0,3.0,0.0,0.0,M Dean
2016-2017,2017-04-26,Arsenal,Leicester,1.0,0.0,H,0.0,0.0,D,12.0,7.0,5.0,3.0,12.0,1.0,9.0,13.0,2.0,4.0,0.0,0.0,M Jones
2016-2017,2017-04-26,Crystal Palace,Tottenham,0.0,1.0,A,0.0,0.0,D,6.0,18.0,1.0,4.0,2.0,11.0,13.0,15.0,3.0,3.0,0.0,0.0,J Moss
2016-2017,2017-04-27,Manchester City,Manchester United,0.0,0.0,D,0.0,0.0,D,19.0,3.0,6.0,1.0,7.0,4.0,10.0,8.0,1.0,0.0,0.0,1.0,M Atkinson
2016-2017,2017-04-29,Crystal Palace,Burnley,0.0,2.0,A,0.0,1.0,A,15.0,9.0,5.0,3.0,14.0,4.0,11.0,12.0,2.0,0.0,0.0,0.0,R Madley
2016-2017,2017-04-29,Southampton,Hull,0.0,0.0,D,0.0,0.0,D,11.0,9.0,2.0,1.0,6.0,6.0,9.0,13.0,0.0,3.0,0.0,0.0,M Dean
2016-2017,2017-04-29,Stoke,West Ham,0.0,0.0,D,0.0,0.0,D,19.0,12.0,4.0,4.0,5.0,3.0,12.0,3.0,1.0,0.0,0.0,0.0,L Probert
2016-2017,2017-04-29,Sunderland,Bournemouth,0.0,1.0,A,0.0,0.0,D,17.0,15.0,5.0,7.0,6.0,5.0,13.0,9.0,3.0,2.0,0.0,0.0,S Attwell
2016-2017,2017-04-29,West Brom,Leicester,0.0,1.0,A,0.0,1.0,A,16.0,6.0,4.0,1.0,5.0,6.0,14.0,9.0,2.0,2.0,0.0,0.0,M Clattenburg
2016-2017,2017-04-30,Everton,Chelsea,0.0,3.0,A,0.0,0.0,D,12.0,11.0,4.0,5.0,2.0,4.0,13.0,11.0,3.0,4.0,0.0,0.0,J Moss
2016-2017,2017-04-30,Manchester United,Swansea,1.0,1.0,D,1.0,0.0,H,12.0,12.0,6.0,4.0,5.0,2.0,11.0,13.0,2.0,2.0,0.0,0.0,N Swarbrick
2016-2017,2017-04-30,Middlesbrough,Manchester City,2.0,2.0,D,1.0,0.0,H,14.0,22.0,6.0,4.0,4.0,11.0,9.0,9.0,4.0,4.0,0.0,0.0,K Friend
2016-2017,2017-04-30,Tottenham,Arsenal,2.0,0.0,H,0.0,0.0,D,20.0,12.0,11.0,4.0,14.0,5.0,7.0,15.0,1.0,3.0,0.0,0.0,M Oliver
2016-2017,2017-05-01,Watford,Liverpool,0.0,1.0,A,0.0,1.0,A,9.0,12.0,2.0,8.0,3.0,5.0,11.0,9.0,3.0,1.0,0.0,0.0,C Pawson
2016-2017,2017-05-05,West Ham,Tottenham,1.0,0.0,H,0.0,0.0,D,13.0,11.0,5.0,5.0,3.0,7.0,8.0,9.0,4.0,2.0,0.0,0.0,A Taylor
2016-2017,2017-05-06,Swansea,Everton,1.0,0.0,H,1.0,0.0,H,9.0,8.0,4.0,2.0,9.0,5.0,5.0,13.0,0.0,0.0,0.0,0.0,M Atkinson
2016-2017,2017-05-06,Manchester City,Crystal Palace,5.0,0.0,H,1.0,0.0,H,26.0,5.0,12.0,2.0,9.0,3.0,12.0,8.0,1.0,3.0,0.0,0.0,M Oliver
2016-2017,2017-05-06,Leicester,Watford,3.0,0.0,H,1.0,0.0,H,11.0,14.0,5.0,7.0,10.0,1.0,8.0,10.0,0.0,0.0,0.0,0.0,R East
2016-2017,2017-05-06,Burnley,West Brom,2.0,2.0,D,0.0,0.0,D,14.0,11.0,4.0,3.0,5.0,8.0,9.0,14.0,1.0,3.0,0.0,0.0,M Jones
2016-2017,2017-05-06,Bournemouth,Stoke,2.0,2.0,D,0.0,1.0,A,12.0,14.0,2.0,3.0,0.0,7.0,10.0,15.0,2.0,0.0,0.0,0.0,P Tierney
2016-2017,2017-05-06,Hull,Sunderland,0.0,2.0,A,0.0,0.0,D,16.0,12.0,6.0,5.0,7.0,4.0,10.0,8.0,3.0,1.0,0.0,0.0,N Swarbrick
2016-2017,2017-05-07,Arsenal,Manchester United,2.0,0.0,H,0.0,0.0,D,9.0,10.0,4.0,4.0,5.0,9.0,14.0,10.0,1.0,0.0,0.0,0.0,A Marriner
2016-2017,2017-05-07,Liverpool,Southampton,0.0,0.0,D,0.0,0.0,D,17.0,4.0,8.0,0.0,3.0,6.0,9.0,4.0,1.0,3.0,0.0,0.0,R Madley
2016-2017,2017-05-08,Chelsea,Middlesbrough,3.0,0.0,H,2.0,0.0,H,21.0,2.0,7.0,1.0,8.0,1.0,8.0,21.0,0.0,2.0,0.0,0.0,C Pawson
2016-2017,2017-05-10,Southampton,Arsenal,0.0,2.0,A,0.0,0.0,D,14.0,11.0,3.0,4.0,8.0,5.0,5.0,5.0,1.0,2.0,0.0,0.0,J Moss
2016-2017,2017-05-12,West Brom,Chelsea,0.0,1.0,A,0.0,0.0,D,7.0,24.0,2.0,5.0,5.0,8.0,13.0,8.0,3.0,0.0,0.0,0.0,M Oliver
2016-2017,2017-05-12,Everton,Watford,1.0,0.0,H,0.0,0.0,D,15.0,14.0,6.0,2.0,9.0,8.0,7.0,11.0,0.0,3.0,0.0,0.0,K Friend
2016-2017,2017-05-13,Bournemouth,Burnley,2.0,1.0,H,1.0,0.0,H,18.0,14.0,6.0,3.0,7.0,1.0,6.0,11.0,0.0,1.0,0.0,0.0,L Probert
2016-2017,2017-05-13,Manchester City,Leicester,2.0,1.0,H,2.0,1.0,H,17.0,9.0,5.0,4.0,9.0,3.0,12.0,16.0,3.0,3.0,0.0,0.0,R Madley
2016-2017,2017-05-13,Middlesbrough,Southampton,1.0,2.0,A,0.0,1.0,A,14.0,14.0,3.0,4.0,6.0,3.0,19.0,11.0,3.0,0.0,0.0,0.0,A Taylor
2016-2017,2017-05-13,Stoke,Arsenal,1.0,4.0,A,0.0,1.0,A,10.0,10.0,4.0,6.0,7.0,6.0,13.0,7.0,1.0,2.0,0.0,0.0,M Dean
2016-2017,2017-05-13,Sunderland,Swansea,0.0,2.0,A,0.0,2.0,A,13.0,3.0,4.0,3.0,8.0,4.0,13.0,6.0,4.0,0.0,0.0,0.0,A Marriner
2016-2017,2017-05-14,Tottenham,Manchester United,2.0,1.0,H,1.0,0.0,H,14.0,8.0,7.0,2.0,8.0,3.0,14.0,15.0,1.0,2.0,0.0,0.0,J Moss
2016-2017,2017-05-14,West Ham,Liverpool,0.0,4.0,A,0.0,1.0,A,10.0,26.0,3.0,11.0,4.0,6.0,5.0,10.0,2.0,0.0,0.0,0.0,N Swarbrick
2016-2017,2017-05-14,Crystal Palace,Hull,4.0,0.0,H,2.0,0.0,H,12.0,9.0,4.0,0.0,3.0,7.0,13.0,14.0,3.0,5.0,0.0,0.0,M Atkinson
2016-2017,2017-05-15,Chelsea,Watford,4.0,3.0,H,2.0,1.0,H,24.0,9.0,9.0,3.0,8.0,3.0,7.0,12.0,2.0,4.0,0.0,1.0,L Mason
2016-2017,2017-05-16,Manchester City,West Brom,3.0,1.0,H,2.0,0.0,H,21.0,5.0,10.0,2.0,7.0,1.0,8.0,11.0,1.0,2.0,0.0,0.0,C Pawson
2016-2017,2017-05-16,Arsenal,Sunderland,2.0,0.0,H,0.0,0.0,D,36.0,6.0,13.0,2.0,17.0,3.0,15.0,10.0,4.0,2.0,0.0,0.0,R East
2016-2017,2017-05-17,Southampton,Manchester United,0.0,0.0,D,0.0,0.0,D,17.0,11.0,6.0,1.0,7.0,3.0,7.0,10.0,2.0,1.0,0.0,0.0,M Dean
2016-2017,2017-05-18,Leicester,Tottenham,1.0,6.0,A,0.0,2.0,A,12.0,26.0,5.0,12.0,4.0,4.0,11.0,8.0,3.0,1.0,0.0,0.0,M Oliver
2016-2017,2017-05-21,Liverpool,Middlesbrough,3.0,0.0,H,1.0,0.0,H,25.0,9.0,10.0,3.0,3.0,3.0,13.0,8.0,0.0,1.0,0.0,0.0,M Atkinson
2016-2017,2017-05-21,Arsenal,Everton,3.0,1.0,H,2.0,0.0,H,17.0,22.0,9.0,7.0,4.0,6.0,10.0,15.0,2.0,4.0,1.0,0.0,M Oliver
2016-2017,2017-05-21,Burnley,West Ham,1.0,2.0,A,1.0,1.0,D,9.0,14.0,1.0,4.0,2.0,5.0,11.0,14.0,2.0,2.0,0.0,0.0,R Madley
2016-2017,2017-05-21,Chelsea,Sunderland,5.0,1.0,H,1.0,1.0,D,28.0,7.0,8.0,3.0,11.0,1.0,8.0,15.0,1.0,1.0,0.0,0.0,N Swarbrick
2016-2017,2017-05-21,Hull,Tottenham,1.0,7.0,A,0.0,3.0,A,10.0,19.0,4.0,14.0,2.0,3.0,14.0,5.0,0.0,0.0,0.0,0.0,A Marriner
2016-2017,2017-05-21,Leicester,Bournemouth,1.0,1.0,D,0.0,1.0,A,21.0,10.0,5.0,4.0,9.0,1.0,11.0,10.0,4.0,1.0,0.0,0.0,l Mason
2016-2017,2017-05-21,Manchester United,Crystal Palace,2.0,0.0,H,2.0,0.0,H,9.0,6.0,2.0,1.0,3.0,6.0,16.0,10.0,2.0,0.0,0.0,0.0,A Taylor
2016-2017,2017-05-21,Southampton,Stoke,0.0,1.0,A,0.0,0.0,D,14.0,14.0,6.0,3.0,4.0,10.0,12.0,10.0,2.0,4.0,0.0,0.0,L Probert
2016-2017,2017-05-21,Swansea,West Brom,2.0,1.0,H,0.0,1.0,A,12.0,16.0,2.0,5.0,7.0,4.0,8.0,10.0,1.0,1.0,0.0,0.0,M Dean
2016-2017,2017-05-21,Watford,Manchester City,0.0,5.0,A,0.0,4.0,A,6.0,15.0,3.0,9.0,4.0,5.0,12.0,10.0,1.0,0.0,0.0,0.0,J Moss
2017-2018,2017-08-11,Arsenal,Leicester,4.0,3.0,H,2.0,2.0,D,27.0,6.0,10.0,3.0,9.0,4.0,9.0,12.0,0.0,1.0,0.0,0.0,M Dean
2017-2018,2017-08-12,Watford,Liverpool,3.0,3.0,D,2.0,1.0,H,9.0,14.0,4.0,5.0,3.0,3.0,14.0,8.0,0.0,3.0,0.0,0.0,A Taylor
2017-2018,2017-08-12,Crystal Palace,Huddersfield,0.0,3.0,A,0.0,2.0,A,14.0,8.0,4.0,6.0,12.0,9.0,7.0,19.0,1.0,3.0,0.0,0.0,J Moss
2017-2018,2017-08-12,West Brom,Bournemouth,1.0,0.0,H,1.0,0.0,H,16.0,9.0,6.0,2.0,8.0,2.0,15.0,3.0,3.0,1.0,0.0,0.0,R Madley
2017-2018,2017-08-12,Southampton,Swansea,0.0,0.0,D,0.0,0.0,D,29.0,4.0,2.0,0.0,13.0,0.0,10.0,13.0,2.0,1.0,0.0,0.0,M Jones
2017-2018,2017-08-12,Brighton,Manchester City,0.0,2.0,A,0.0,0.0,D,6.0,14.0,2.0,4.0,3.0,10.0,6.0,9.0,0.0,2.0,0.0,0.0,M Oliver
2017-2018,2017-08-12,Chelsea,Burnley,2.0,3.0,A,0.0,3.0,A,19.0,10.0,6.0,5.0,8.0,5.0,16.0,11.0,3.0,3.0,2.0,0.0,C Pawson
2017-2018,2017-08-12,Everton,Stoke,1.0,0.0,H,1.0,0.0,H,9.0,9.0,4.0,1.0,6.0,7.0,13.0,10.0,1.0,1.0,0.0,0.0,N Swarbrick
2017-2018,2017-08-13,Manchester United,West Ham,4.0,0.0,H,1.0,0.0,H,22.0,9.0,6.0,1.0,11.0,1.0,19.0,7.0,2.0,2.0,0.0,0.0,M Atkinson
2017-2018,2017-08-13,Newcastle,Tottenham,0.0,2.0,A,0.0,0.0,D,6.0,18.0,3.0,6.0,5.0,7.0,6.0,10.0,1.0,2.0,1.0,0.0,A Marriner
2017-2018,2017-08-19,Stoke,Arsenal,1.0,0.0,H,0.0,0.0,D,11.0,18.0,4.0,6.0,2.0,9.0,6.0,11.0,0.0,0.0,0.0,0.0,A Marriner
2017-2018,2017-08-19,Bournemouth,Watford,0.0,2.0,A,0.0,0.0,D,6.0,19.0,2.0,7.0,8.0,5.0,6.0,14.0,1.0,3.0,0.0,0.0,R East
2017-2018,2017-08-19,Burnley,West Brom,0.0,1.0,A,0.0,0.0,D,20.0,8.0,0.0,1.0,5.0,5.0,11.0,11.0,1.0,0.0,0.0,1.0,M Atkinson
2017-2018,2017-08-19,Leicester,Brighton,2.0,0.0,H,1.0,0.0,H,14.0,5.0,4.0,2.0,6.0,2.0,8.0,10.0,1.0,0.0,0.0,0.0,L Probert
2017-2018,2017-08-19,Liverpool,Crystal Palace,1.0,0.0,H,0.0,0.0,D,23.0,4.0,13.0,1.0,4.0,2.0,12.0,13.0,1.0,3.0,0.0,0.0,K Friend
2017-2018,2017-08-19,Southampton,West Ham,3.0,2.0,H,2.0,1.0,H,14.0,16.0,5.0,8.0,7.0,2.0,18.0,10.0,1.0,1.0,0.0,1.0,L Mason
2017-2018,2017-08-19,Swansea,Manchester United,0.0,4.0,A,0.0,1.0,A,6.0,17.0,1.0,8.0,3.0,5.0,12.0,11.0,1.0,1.0,0.0,0.0,J Moss
2017-2018,2017-08-20,Tottenham,Chelsea,1.0,2.0,A,0.0,1.0,A,18.0,9.0,6.0,2.0,14.0,3.0,14.0,21.0,3.0,3.0,0.0,0.0,A Taylor
2017-2018,2017-08-20,Huddersfield,Newcastle,1.0,0.0,H,0.0,0.0,D,7.0,13.0,3.0,5.0,7.0,3.0,13.0,10.0,3.0,4.0,0.0,0.0,C Pawson
2017-2018,2017-08-21,Manchester City,Everton,1.0,1.0,D,0.0,1.0,A,19.0,7.0,6.0,2.0,7.0,1.0,7.0,9.0,1.0,2.0,1.0,1.0,R Madley
2017-2018,2017-08-26,Crystal Palace,Swansea,0.0,2.0,A,0.0,1.0,A,16.0,7.0,3.0,3.0,1.0,1.0,9.0,6.0,4.0,1.0,0.0,0.0,A Marriner
2017-2018,2017-08-26,Watford,Brighton,0.0,0.0,D,0.0,0.0,D,8.0,16.0,0.0,2.0,3.0,11.0,7.0,18.0,0.0,1.0,1.0,0.0,G Scott
2017-2018,2017-08-26,Newcastle,West Ham,3.0,0.0,H,1.0,0.0,H,16.0,8.0,8.0,3.0,7.0,5.0,17.0,11.0,1.0,3.0,0.0,0.0,N Swarbrick
2017-2018,2017-08-26,Bournemouth,Manchester City,1.0,2.0,A,1.0,1.0,D,9.0,19.0,3.0,8.0,2.0,5.0,13.0,14.0,5.0,4.0,0.0,1.0,M Dean
2017-2018,2017-08-26,Huddersfield,Southampton,0.0,0.0,D,0.0,0.0,D,16.0,6.0,6.0,3.0,5.0,4.0,10.0,10.0,0.0,1.0,0.0,0.0,S Attwell
2017-2018,2017-08-26,Manchester United,Leicester,2.0,0.0,H,0.0,0.0,D,22.0,11.0,7.0,4.0,9.0,3.0,8.0,7.0,1.0,2.0,0.0,0.0,M Oliver
2017-2018,2017-08-27,Chelsea,Everton,2.0,0.0,H,2.0,0.0,H,18.0,7.0,7.0,0.0,6.0,3.0,12.0,7.0,2.0,2.0,0.0,0.0,J Moss
2017-2018,2017-08-27,Liverpool,Arsenal,4.0,0.0,H,2.0,0.0,H,18.0,8.0,10.0,0.0,4.0,3.0,6.0,9.0,2.0,4.0,0.0,0.0,C Pawson
2017-2018,2017-08-27,Tottenham,Burnley,1.0,1.0,D,0.0,0.0,D,28.0,13.0,5.0,3.0,10.0,7.0,9.0,9.0,0.0,0.0,0.0,0.0,L Mason
2017-2018,2017-08-27,West Brom,Stoke,1.0,1.0,D,0.0,0.0,D,10.0,16.0,2.0,2.0,10.0,4.0,10.0,9.0,2.0,2.0,0.0,0.0,A Taylor
2017-2018,2017-09-09,Arsenal,Bournemouth,3.0,0.0,H,2.0,0.0,H,17.0,7.0,9.0,2.0,10.0,3.0,14.0,10.0,0.0,1.0,0.0,0.0,A Taylor
2017-2018,2017-09-09,Brighton,West Brom,3.0,1.0,H,1.0,0.0,H,12.0,12.0,6.0,3.0,2.0,6.0,9.0,4.0,2.0,0.0,0.0,0.0,C Kavanagh
2017-2018,2017-09-09,Everton,Tottenham,0.0,3.0,A,0.0,2.0,A,12.0,15.0,1.0,6.0,7.0,3.0,14.0,14.0,3.0,1.0,0.0,0.0,G Scott
2017-2018,2017-09-09,Leicester,Chelsea,1.0,2.0,A,0.0,1.0,A,8.0,16.0,2.0,6.0,2.0,9.0,11.0,8.0,1.0,0.0,0.0,0.0,L Mason
2017-2018,2017-09-09,Manchester City,Liverpool,5.0,0.0,H,2.0,0.0,H,13.0,10.0,7.0,3.0,8.0,3.0,10.0,9.0,2.0,2.0,0.0,1.0,J Moss
2017-2018,2017-09-09,Southampton,Watford,0.0,2.0,A,0.0,1.0,A,9.0,12.0,1.0,3.0,7.0,4.0,8.0,11.0,0.0,0.0,0.0,0.0,L Probert
2017-2018,2017-09-09,Stoke,Manchester United,2.0,2.0,D,1.0,1.0,D,10.0,18.0,5.0,8.0,5.0,11.0,10.0,10.0,0.0,0.0,0.0,0.0,N Swarbrick
2017-2018,2017-09-10,Swansea,Newcastle,0.0,1.0,A,0.0,0.0,D,10.0,16.0,4.0,8.0,7.0,5.0,11.0,15.0,2.0,3.0,0.0,0.0,M Jones
2017-2018,2017-09-10,Burnley,Crystal Palace,1.0,0.0,H,1.0,0.0,H,4.0,23.0,2.0,5.0,3.0,13.0,7.0,14.0,1.0,1.0,0.0,0.0,M Oliver
2017-2018,2017-09-11,West Ham,Huddersfield,2.0,0.0,H,0.0,0.0,D,19.0,10.0,3.0,2.0,10.0,3.0,11.0,14.0,1.0,2.0,0.0,0.0,K Friend
2017-2018,2017-09-15,Bournemouth,Brighton,2.0,1.0,H,0.0,0.0,D,15.0,9.0,3.0,2.0,6.0,4.0,5.0,12.0,0.0,0.0,0.0,0.0,C Pawson
2017-2018,2017-09-16,Crystal Palace,Southampton,0.0,1.0,A,0.0,1.0,A,14.0,13.0,3.0,4.0,5.0,5.0,14.0,13.0,5.0,1.0,0.0,0.0,R Madley
2017-2018,2017-09-16,Huddersfield,Leicester,1.0,1.0,D,0.0,0.0,D,15.0,10.0,3.0,1.0,8.0,4.0,6.0,6.0,1.0,1.0,0.0,0.0,J Moss
2017-2018,2017-09-16,Liverpool,Burnley,1.0,1.0,D,1.0,1.0,D,35.0,5.0,9.0,4.0,12.0,2.0,7.0,9.0,1.0,2.0,0.0,0.0,R East
2017-2018,2017-09-16,Newcastle,Stoke,2.0,1.0,H,1.0,0.0,H,14.0,13.0,3.0,4.0,7.0,5.0,13.0,11.0,3.0,1.0,0.0,0.0,S Attwell
2017-2018,2017-09-16,Tottenham,Swansea,0.0,0.0,D,0.0,0.0,D,26.0,4.0,8.0,0.0,11.0,1.0,11.0,9.0,1.0,3.0,0.0,0.0,M Dean
2017-2018,2017-09-16,Watford,Manchester City,0.0,6.0,A,0.0,3.0,A,7.0,28.0,1.0,10.0,3.0,11.0,8.0,6.0,2.0,0.0,0.0,0.0,A Taylor
2017-2018,2017-09-16,West Brom,West Ham,0.0,0.0,D,0.0,0.0,D,6.0,9.0,1.0,1.0,2.0,3.0,15.0,7.0,2.0,2.0,0.0,0.0,P Tierney
2017-2018,2017-09-17,Chelsea,Arsenal,0.0,0.0,D,0.0,0.0,D,13.0,11.0,4.0,2.0,5.0,1.0,11.0,15.0,1.0,3.0,1.0,0.0,M Oliver
2017-2018,2017-09-17,Manchester United,Everton,4.0,0.0,H,1.0,0.0,H,16.0,7.0,7.0,3.0,4.0,1.0,15.0,14.0,1.0,1.0,0.0,0.0,A Marriner
2017-2018,2017-09-23,Stoke,Chelsea,0.0,4.0,A,0.0,2.0,A,13.0,7.0,2.0,4.0,5.0,0.0,5.0,14.0,2.0,2.0,0.0,0.0,M Dean
2017-2018,2017-09-23,West Ham,Tottenham,2.0,3.0,A,0.0,2.0,A,10.0,15.0,4.0,5.0,4.0,3.0,10.0,20.0,4.0,2.0,0.0,1.0,M Oliver
2017-2018,2017-09-23,Southampton,Manchester United,0.0,1.0,A,0.0,1.0,A,14.0,9.0,4.0,4.0,8.0,4.0,12.0,9.0,1.0,4.0,0.0,0.0,C Pawson
2017-2018,2017-09-23,Swansea,Watford,1.0,2.0,A,0.0,1.0,A,10.0,8.0,3.0,4.0,5.0,4.0,9.0,16.0,1.0,3.0,0.0,0.0,L Mason
2017-2018,2017-09-23,Leicester,Liverpool,2.0,3.0,A,1.0,2.0,A,12.0,23.0,7.0,6.0,3.0,6.0,13.0,14.0,3.0,3.0,0.0,0.0,A Taylor
2017-2018,2017-09-23,Everton,Bournemouth,2.0,1.0,H,0.0,0.0,D,12.0,8.0,4.0,4.0,4.0,6.0,12.0,11.0,3.0,1.0,0.0,0.0,M Atkinson
2017-2018,2017-09-23,Burnley,Huddersfield,0.0,0.0,D,0.0,0.0,D,5.0,9.0,3.0,2.0,3.0,4.0,9.0,13.0,3.0,2.0,0.0,0.0,C Kavanagh
2017-2018,2017-09-23,Manchester City,Crystal Palace,5.0,0.0,H,1.0,0.0,H,25.0,5.0,9.0,0.0,8.0,2.0,6.0,7.0,3.0,1.0,0.0,0.0,N Swarbrick
2017-2018,2017-09-24,Brighton,Newcastle,1.0,0.0,H,0.0,0.0,D,7.0,17.0,3.0,5.0,2.0,8.0,6.0,8.0,2.0,1.0,0.0,0.0,A Marriner
2017-2018,2017-09-25,Arsenal,West Brom,2.0,0.0,H,1.0,0.0,H,16.0,7.0,6.0,3.0,7.0,4.0,8.0,17.0,1.0,4.0,0.0,0.0,R Madley
2017-2018,2017-09-30,West Ham,Swansea,1.0,0.0,H,0.0,0.0,D,9.0,6.0,4.0,1.0,2.0,1.0,15.0,13.0,3.0,2.0,0.0,0.0,R East
2017-2018,2017-09-30,West Brom,Watford,2.0,2.0,D,2.0,1.0,H,9.0,15.0,4.0,3.0,7.0,6.0,12.0,11.0,3.0,0.0,0.0,0.0,M Oliver
2017-2018,2017-09-30,Stoke,Southampton,2.0,1.0,H,1.0,0.0,H,17.0,21.0,6.0,3.0,5.0,6.0,11.0,10.0,1.0,2.0,0.0,0.0,M Jones
2017-2018,2017-09-30,Manchester United,Crystal Palace,4.0,0.0,H,2.0,0.0,H,18.0,6.0,7.0,1.0,6.0,5.0,6.0,9.0,0.0,0.0,0.0,0.0,M Dean
2017-2018,2017-09-30,Chelsea,Manchester City,0.0,1.0,A,0.0,0.0,D,4.0,17.0,2.0,6.0,4.0,8.0,8.0,13.0,0.0,2.0,0.0,0.0,M Atkinson
2017-2018,2017-09-30,Bournemouth,Leicester,0.0,0.0,D,0.0,0.0,D,19.0,8.0,4.0,1.0,7.0,5.0,6.0,10.0,1.0,0.0,0.0,0.0,G Scott
2017-2018,2017-09-30,Huddersfield,Tottenham,0.0,4.0,A,0.0,3.0,A,6.0,14.0,1.0,7.0,4.0,7.0,7.0,4.0,1.0,1.0,0.0,0.0,N Swarbrick
2017-2018,2017-10-01,Arsenal,Brighton,2.0,0.0,H,1.0,0.0,H,25.0,9.0,12.0,1.0,6.0,5.0,7.0,8.0,0.0,2.0,0.0,0.0,K Friend
2017-2018,2017-10-01,Everton,Burnley,0.0,1.0,A,0.0,1.0,A,23.0,5.0,4.0,2.0,9.0,3.0,14.0,7.0,2.0,2.0,0.0,0.0,J Moss
2017-2018,2017-10-01,Newcastle,Liverpool,1.0,1.0,D,1.0,1.0,D,8.0,17.0,5.0,2.0,1.0,5.0,11.0,6.0,1.0,1.0,0.0,0.0,C Pawson
2017-2018,2017-10-14,Watford,Arsenal,2.0,1.0,H,0.0,1.0,A,11.0,9.0,2.0,6.0,2.0,5.0,8.0,10.0,1.0,0.0,0.0,0.0,N Swarbrick
2017-2018,2017-10-14,Tottenham,Bournemouth,1.0,0.0,H,0.0,0.0,D,18.0,5.0,6.0,1.0,9.0,5.0,9.0,7.0,1.0,3.0,0.0,0.0,R Madley
2017-2018,2017-10-14,Swansea,Huddersfield,2.0,0.0,H,1.0,0.0,H,7.0,7.0,3.0,2.0,5.0,3.0,12.0,16.0,1.0,5.0,0.0,0.0,P Tierney
2017-2018,2017-10-14,Crystal Palace,Chelsea,2.0,1.0,H,2.0,1.0,H,14.0,15.0,5.0,5.0,5.0,8.0,7.0,6.0,2.0,1.0,0.0,0.0,A Marriner
2017-2018,2017-10-14,Liverpool,Manchester United,0.0,0.0,D,0.0,0.0,D,19.0,6.0,5.0,1.0,7.0,3.0,7.0,13.0,0.0,2.0,0.0,0.0,M Atkinson
2017-2018,2017-10-14,Burnley,West Ham,1.0,1.0,D,0.0,1.0,A,20.0,8.0,5.0,6.0,7.0,4.0,11.0,14.0,2.0,2.0,0.0,1.0,S Attwell
2017-2018,2017-10-14,Manchester City,Stoke,7.0,2.0,H,3.0,1.0,H,20.0,5.0,11.0,1.0,5.0,0.0,5.0,8.0,0.0,1.0,0.0,0.0,C Pawson
2017-2018,2017-10-15,Brighton,Everton,1.0,1.0,D,0.0,0.0,D,12.0,13.0,3.0,6.0,7.0,1.0,12.0,10.0,4.0,1.0,0.0,0.0,M Oliver
2017-2018,2017-10-15,Southampton,Newcastle,2.0,2.0,D,0.0,1.0,A,12.0,19.0,2.0,5.0,3.0,8.0,11.0,12.0,1.0,2.0,0.0,0.0,K Friend
2017-2018,2017-10-16,Leicester,West Brom,1.0,1.0,D,0.0,0.0,D,11.0,5.0,3.0,1.0,4.0,1.0,13.0,6.0,2.0,2.0,0.0,0.0,M Dean
2017-2018,2017-10-20,West Ham,Brighton,0.0,3.0,A,0.0,2.0,A,16.0,7.0,2.0,5.0,10.0,3.0,5.0,13.0,1.0,0.0,0.0,0.0,M Atkinson
2017-2018,2017-10-21,Chelsea,Watford,4.0,2.0,H,1.0,1.0,D,14.0,16.0,8.0,5.0,6.0,6.0,13.0,16.0,2.0,3.0,0.0,0.0,J Moss
2017-2018,2017-10-21,Huddersfield,Manchester United,2.0,1.0,H,2.0,0.0,H,5.0,9.0,3.0,3.0,4.0,7.0,10.0,12.0,4.0,2.0,0.0,0.0,L Mason
2017-2018,2017-10-21,Manchester City,Burnley,3.0,0.0,H,1.0,0.0,H,15.0,6.0,10.0,0.0,4.0,5.0,10.0,6.0,2.0,3.0,0.0,0.0,R East
2017-2018,2017-10-21,Newcastle,Crystal Palace,1.0,0.0,H,0.0,0.0,D,7.0,10.0,3.0,0.0,3.0,5.0,12.0,14.0,4.0,2.0,0.0,0.0,S Attwell
2017-2018,2017-10-21,Southampton,West Brom,1.0,0.0,H,0.0,0.0,D,20.0,7.0,6.0,2.0,8.0,3.0,10.0,8.0,0.0,1.0,0.0,0.0,G Scott
2017-2018,2017-10-21,Stoke,Bournemouth,1.0,2.0,A,0.0,2.0,A,10.0,7.0,2.0,3.0,8.0,3.0,17.0,10.0,0.0,1.0,0.0,0.0,L Probert
2017-2018,2017-10-21,Swansea,Leicester,1.0,2.0,A,0.0,1.0,A,19.0,11.0,4.0,6.0,7.0,6.0,6.0,9.0,0.0,1.0,0.0,0.0,M Oliver
2017-2018,2017-10-22,Everton,Arsenal,2.0,5.0,A,1.0,1.0,D,8.0,30.0,3.0,14.0,0.0,7.0,14.0,14.0,1.0,1.0,1.0,0.0,C Pawson
2017-2018,2017-10-22,Tottenham,Liverpool,4.0,1.0,H,3.0,1.0,H,14.0,12.0,6.0,7.0,3.0,5.0,2.0,8.0,0.0,1.0,0.0,0.0,A Marriner
2017-2018,2017-10-28,Manchester United,Tottenham,1.0,0.0,H,0.0,0.0,D,11.0,13.0,3.0,4.0,6.0,3.0,12.0,14.0,1.0,0.0,0.0,0.0,J Moss
2017-2018,2017-10-28,Liverpool,Huddersfield,3.0,0.0,H,0.0,0.0,D,16.0,1.0,8.0,0.0,9.0,2.0,10.0,8.0,0.0,1.0,0.0,0.0,K Friend
2017-2018,2017-10-28,Watford,Stoke,0.0,1.0,A,0.0,1.0,A,13.0,6.0,0.0,2.0,8.0,1.0,10.0,9.0,4.0,4.0,0.0,0.0,M Oliver
2017-2018,2017-10-28,Bournemouth,Chelsea,0.0,1.0,A,0.0,0.0,D,7.0,18.0,1.0,5.0,5.0,5.0,5.0,5.0,2.0,0.0,0.0,0.0,C Pawson
2017-2018,2017-10-28,Arsenal,Swansea,2.0,1.0,H,0.0,1.0,A,17.0,4.0,5.0,2.0,5.0,2.0,9.0,9.0,0.0,0.0,0.0,0.0,L Mason
2017-2018,2017-10-28,Crystal Palace,West Ham,2.0,2.0,D,0.0,2.0,A,19.0,6.0,9.0,2.0,11.0,2.0,18.0,15.0,1.0,2.0,0.0,0.0,R Madley
2017-2018,2017-10-28,West Brom,Manchester City,2.0,3.0,A,1.0,2.0,A,6.0,15.0,4.0,5.0,1.0,2.0,10.0,7.0,2.0,3.0,0.0,0.0,M Jones
2017-2018,2017-10-29,Leicester,Everton,2.0,0.0,H,2.0,0.0,H,9.0,16.0,3.0,2.0,3.0,10.0,6.0,10.0,0.0,2.0,0.0,0.0,A Marriner
2017-2018,2017-10-29,Brighton,Southampton,1.0,1.0,D,0.0,1.0,A,7.0,6.0,2.0,1.0,2.0,7.0,9.0,10.0,3.0,1.0,0.0,0.0,N Swarbrick
2017-2018,2017-10-30,Burnley,Newcastle,1.0,0.0,H,0.0,0.0,D,12.0,12.0,5.0,5.0,5.0,3.0,9.0,10.0,3.0,0.0,0.0,0.0,M Dean
2017-2018,2017-11-04,Huddersfield,West Brom,1.0,0.0,H,1.0,0.0,H,7.0,9.0,3.0,3.0,3.0,5.0,8.0,15.0,1.0,4.0,1.0,0.0,R East
2017-2018,2017-11-04,Newcastle,Bournemouth,0.0,1.0,A,0.0,0.0,D,16.0,16.0,4.0,6.0,11.0,9.0,11.0,12.0,2.0,2.0,0.0,0.0,P Tierney
2017-2018,2017-11-04,Southampton,Burnley,0.0,1.0,A,0.0,0.0,D,13.0,5.0,3.0,1.0,9.0,1.0,4.0,4.0,0.0,0.0,0.0,0.0,L Probert
2017-2018,2017-11-04,Stoke,Leicester,2.0,2.0,D,1.0,1.0,D,11.0,14.0,7.0,4.0,4.0,10.0,12.0,8.0,0.0,0.0,0.0,0.0,R Madley
2017-2018,2017-11-04,Swansea,Brighton,0.0,1.0,A,0.0,1.0,A,12.0,5.0,2.0,2.0,8.0,7.0,13.0,12.0,2.0,1.0,0.0,0.0,M Dean
2017-2018,2017-11-04,West Ham,Liverpool,1.0,4.0,A,0.0,2.0,A,6.0,15.0,1.0,7.0,2.0,3.0,9.0,13.0,3.0,0.0,0.0,0.0,N Swarbrick
2017-2018,2017-11-05,Chelsea,Manchester United,1.0,0.0,H,0.0,0.0,D,18.0,10.0,8.0,2.0,4.0,7.0,16.0,20.0,1.0,3.0,0.0,0.0,A Taylor
2017-2018,2017-11-05,Everton,Watford,3.0,2.0,H,0.0,0.0,D,10.0,11.0,5.0,3.0,2.0,5.0,14.0,12.0,0.0,2.0,0.0,0.0,G Scott
2017-2018,2017-11-05,Manchester City,Arsenal,3.0,1.0,H,1.0,0.0,H,9.0,6.0,5.0,3.0,5.0,5.0,15.0,15.0,1.0,6.0,0.0,0.0,M Oliver
2017-2018,2017-11-05,Tottenham,Crystal Palace,1.0,0.0,H,0.0,0.0,D,12.0,11.0,2.0,3.0,10.0,9.0,6.0,7.0,0.0,2.0,0.0,0.0,K Friend
2017-2018,2017-11-18,Manchester United,Newcastle,4.0,1.0,H,2.0,1.0,H,16.0,12.0,7.0,5.0,11.0,4.0,10.0,9.0,1.0,1.0,0.0,0.0,C Pawson
2017-2018,2017-11-18,Liverpool,Southampton,3.0,0.0,H,2.0,0.0,H,21.0,5.0,8.0,0.0,10.0,2.0,15.0,9.0,1.0,1.0,0.0,0.0,M Jones
2017-2018,2017-11-18,Leicester,Manchester City,0.0,2.0,A,0.0,1.0,A,2.0,12.0,0.0,4.0,1.0,7.0,8.0,10.0,1.0,1.0,0.0,0.0,G Scott
2017-2018,2017-11-18,West Brom,Chelsea,0.0,4.0,A,0.0,3.0,A,7.0,11.0,2.0,7.0,3.0,4.0,13.0,12.0,2.0,3.0,0.0,0.0,J Moss
2017-2018,2017-11-18,Burnley,Swansea,2.0,0.0,H,2.0,0.0,H,16.0,13.0,7.0,1.0,8.0,6.0,12.0,12.0,1.0,1.0,0.0,0.0,M Atkinson
2017-2018,2017-11-18,Bournemouth,Huddersfield,4.0,0.0,H,2.0,0.0,H,11.0,20.0,5.0,3.0,8.0,11.0,13.0,10.0,3.0,2.0,1.0,0.0,L Probert
2017-2018,2017-11-18,Arsenal,Tottenham,2.0,0.0,H,2.0,0.0,H,14.0,14.0,5.0,4.0,7.0,4.0,11.0,16.0,4.0,1.0,0.0,0.0,M Dean
2017-2018,2017-11-18,Crystal Palace,Everton,2.0,2.0,D,2.0,2.0,D,16.0,8.0,7.0,5.0,9.0,4.0,9.0,26.0,2.0,3.0,0.0,0.0,A Taylor
2017-2018,2017-11-19,Watford,West Ham,2.0,0.0,H,1.0,0.0,H,17.0,10.0,7.0,6.0,3.0,1.0,13.0,10.0,1.0,4.0,0.0,0.0,A Marriner
2017-2018,2017-11-20,Brighton,Stoke,2.0,2.0,D,1.0,2.0,A,9.0,13.0,3.0,6.0,6.0,7.0,13.0,5.0,1.0,0.0,0.0,0.0,L Mason
2017-2018,2017-11-24,West Ham,Leicester,1.0,1.0,D,1.0,1.0,D,8.0,7.0,4.0,2.0,5.0,5.0,9.0,12.0,1.0,1.0,0.0,0.0,M Atkinson
2017-2018,2017-11-25,Tottenham,West Brom,1.0,1.0,D,0.0,1.0,A,24.0,5.0,5.0,2.0,8.0,0.0,10.0,13.0,1.0,4.0,0.0,0.0,M Jones
2017-2018,2017-11-25,Newcastle,Watford,0.0,3.0,A,0.0,2.0,A,12.0,12.0,2.0,4.0,6.0,3.0,8.0,13.0,1.0,2.0,0.0,0.0,C Kavanagh
2017-2018,2017-11-25,Swansea,Bournemouth,0.0,0.0,D,0.0,0.0,D,10.0,9.0,1.0,5.0,4.0,5.0,18.0,6.0,4.0,2.0,0.0,0.0,S Attwell
2017-2018,2017-11-25,Liverpool,Chelsea,1.0,1.0,D,0.0,0.0,D,16.0,11.0,4.0,3.0,7.0,8.0,10.0,7.0,0.0,0.0,0.0,0.0,M Oliver
2017-2018,2017-11-25,Crystal Palace,Stoke,2.0,1.0,H,0.0,0.0,D,10.0,9.0,5.0,3.0,5.0,2.0,9.0,5.0,1.0,1.0,0.0,0.0,M Dean
2017-2018,2017-11-25,Manchester United,Brighton,1.0,0.0,H,0.0,0.0,D,15.0,8.0,4.0,2.0,5.0,0.0,9.0,9.0,0.0,2.0,0.0,0.0,N Swarbrick
2017-2018,2017-11-26,Burnley,Arsenal,0.0,1.0,A,0.0,0.0,D,8.0,17.0,2.0,2.0,5.0,5.0,8.0,14.0,2.0,0.0,0.0,0.0,L Mason
2017-2018,2017-11-26,Huddersfield,Manchester City,1.0,2.0,A,1.0,0.0,H,4.0,14.0,0.0,5.0,3.0,7.0,10.0,10.0,2.0,3.0,1.0,0.0,C Pawson
2017-2018,2017-11-26,Southampton,Everton,4.0,1.0,H,1.0,1.0,D,17.0,5.0,5.0,2.0,7.0,2.0,6.0,13.0,0.0,0.0,0.0,0.0,K Friend
2017-2018,2017-11-28,Brighton,Crystal Palace,0.0,0.0,D,0.0,0.0,D,10.0,10.0,4.0,4.0,10.0,5.0,13.0,8.0,2.0,0.0,0.0,0.0,A Marriner
2017-2018,2017-11-28,Leicester,Tottenham,2.0,1.0,H,2.0,0.0,H,7.0,18.0,4.0,6.0,4.0,9.0,7.0,10.0,1.0,2.0,0.0,0.0,A Taylor
2017-2018,2017-11-28,Watford,Manchester United,2.0,4.0,A,0.0,3.0,A,12.0,15.0,3.0,7.0,5.0,5.0,12.0,10.0,2.0,1.0,0.0,0.0,J Moss
2017-2018,2017-11-28,West Brom,Newcastle,2.0,2.0,D,1.0,0.0,H,8.0,14.0,4.0,4.0,1.0,6.0,13.0,12.0,0.0,0.0,0.0,0.0,L Probert
2017-2018,2017-11-29,Manchester City,Southampton,2.0,1.0,H,0.0,0.0,D,26.0,7.0,12.0,2.0,6.0,5.0,12.0,11.0,1.0,1.0,0.0,0.0,P Tierney
2017-2018,2017-11-29,Stoke,Liverpool,0.0,3.0,A,0.0,1.0,A,10.0,14.0,1.0,7.0,5.0,9.0,8.0,10.0,1.0,5.0,0.0,0.0,M Atkinson
2017-2018,2017-11-29,Everton,West Ham,4.0,0.0,H,2.0,0.0,H,8.0,7.0,5.0,3.0,2.0,6.0,16.0,6.0,2.0,1.0,0.0,0.0,M Oliver
2017-2018,2017-11-29,Bournemouth,Burnley,1.0,2.0,A,0.0,1.0,A,10.0,10.0,2.0,4.0,4.0,6.0,9.0,11.0,0.0,1.0,0.0,0.0,R East
2017-2018,2017-11-29,Arsenal,Huddersfield,5.0,0.0,H,1.0,0.0,H,21.0,7.0,7.0,2.0,7.0,2.0,10.0,12.0,0.0,1.0,0.0,0.0,G Scott
2017-2018,2017-11-29,Chelsea,Swansea,1.0,0.0,H,0.0,0.0,D,21.0,2.0,10.0,0.0,15.0,1.0,10.0,7.0,1.0,0.0,0.0,0.0,N Swarbrick
2017-2018,2017-12-02,Arsenal,Manchester United,1.0,3.0,A,0.0,2.0,A,33.0,8.0,15.0,4.0,12.0,1.0,11.0,10.0,3.0,2.0,0.0,1.0,A Marriner
2017-2018,2017-12-02,Brighton,Liverpool,1.0,5.0,A,0.0,2.0,A,6.0,12.0,2.0,6.0,2.0,2.0,8.0,7.0,1.0,0.0,0.0,0.0,G Scott
2017-2018,2017-12-02,Chelsea,Newcastle,3.0,1.0,H,2.0,1.0,H,23.0,8.0,9.0,2.0,11.0,4.0,8.0,13.0,0.0,1.0,0.0,0.0,K Friend
2017-2018,2017-12-02,Everton,Huddersfield,2.0,0.0,H,0.0,0.0,D,6.0,5.0,4.0,3.0,2.0,5.0,12.0,9.0,2.0,1.0,0.0,0.0,C Kavanagh
2017-2018,2017-12-02,Leicester,Burnley,1.0,0.0,H,1.0,0.0,H,16.0,14.0,3.0,4.0,10.0,7.0,3.0,11.0,0.0,2.0,0.0,0.0,P Tierney
2017-2018,2017-12-02,Stoke,Swansea,2.0,1.0,H,2.0,1.0,H,10.0,10.0,3.0,3.0,2.0,6.0,12.0,10.0,2.0,0.0,0.0,0.0,C Pawson
2017-2018,2017-12-02,Watford,Tottenham,1.0,1.0,D,1.0,1.0,D,6.0,8.0,2.0,2.0,7.0,2.0,16.0,8.0,4.0,1.0,0.0,1.0,M Atkinson
2017-2018,2017-12-02,West Brom,Crystal Palace,0.0,0.0,D,0.0,0.0,D,20.0,10.0,6.0,2.0,3.0,7.0,11.0,10.0,3.0,1.0,0.0,0.0,M Oliver
2017-2018,2017-12-03,Bournemouth,Southampton,1.0,1.0,D,1.0,0.0,H,16.0,15.0,5.0,4.0,5.0,4.0,6.0,12.0,2.0,1.0,0.0,0.0,J Moss
2017-2018,2017-12-03,Manchester City,West Ham,2.0,1.0,H,0.0,1.0,A,24.0,7.0,8.0,4.0,10.0,4.0,5.0,7.0,2.0,2.0,0.0,0.0,M Dean
2017-2018,2017-12-09,Tottenham,Stoke,5.0,1.0,H,1.0,0.0,H,20.0,4.0,11.0,3.0,12.0,6.0,12.0,9.0,1.0,0.0,0.0,0.0,R East
2017-2018,2017-12-09,West Ham,Chelsea,1.0,0.0,H,1.0,0.0,H,5.0,19.0,2.0,2.0,4.0,3.0,10.0,10.0,6.0,1.0,0.0,0.0,A Taylor
2017-2018,2017-12-09,Swansea,West Brom,1.0,0.0,H,0.0,0.0,D,18.0,7.0,3.0,1.0,6.0,3.0,8.0,18.0,2.0,5.0,0.0,0.0,M Dean
2017-2018,2017-12-09,Newcastle,Leicester,2.0,3.0,A,1.0,1.0,D,10.0,13.0,4.0,5.0,6.0,5.0,10.0,9.0,2.0,1.0,0.0,0.0,N Swarbrick
2017-2018,2017-12-09,Huddersfield,Brighton,2.0,0.0,H,2.0,0.0,H,19.0,7.0,6.0,2.0,8.0,1.0,6.0,10.0,0.0,0.0,0.0,0.0,S Attwell
2017-2018,2017-12-09,Crystal Palace,Bournemouth,2.0,2.0,D,2.0,2.0,D,24.0,11.0,8.0,5.0,6.0,3.0,14.0,14.0,5.0,2.0,0.0,0.0,K Friend
2017-2018,2017-12-09,Burnley,Watford,1.0,0.0,H,1.0,0.0,H,8.0,11.0,5.0,2.0,3.0,5.0,10.0,12.0,1.0,0.0,0.0,1.0,L Probert
2017-2018,2017-12-10,Liverpool,Everton,1.0,1.0,D,1.0,0.0,H,23.0,3.0,3.0,2.0,12.0,1.0,8.0,11.0,1.0,3.0,0.0,0.0,C Pawson
2017-2018,2017-12-10,Manchester United,Manchester City,1.0,2.0,A,1.0,1.0,D,8.0,14.0,5.0,7.0,2.0,8.0,16.0,10.0,4.0,2.0,0.0,0.0,M Oliver
2017-2018,2017-12-10,Southampton,Arsenal,1.0,1.0,D,1.0,0.0,H,6.0,11.0,3.0,6.0,4.0,5.0,12.0,10.0,2.0,2.0,0.0,0.0,R Madley
2017-2018,2017-12-12,Burnley,Stoke,1.0,0.0,H,0.0,0.0,D,10.0,14.0,2.0,7.0,6.0,4.0,6.0,14.0,0.0,0.0,0.0,0.0,M Jones
2017-2018,2017-12-12,Crystal Palace,Watford,2.0,1.0,H,0.0,1.0,A,14.0,7.0,4.0,2.0,4.0,6.0,14.0,18.0,2.0,1.0,0.0,1.0,L Mason
2017-2018,2017-12-12,Huddersfield,Chelsea,1.0,3.0,A,0.0,2.0,A,7.0,12.0,2.0,5.0,1.0,3.0,11.0,4.0,0.0,0.0,0.0,0.0,A Marriner
2017-2018,2017-12-13,Liverpool,West Brom,0.0,0.0,D,0.0,0.0,D,14.0,6.0,5.0,1.0,5.0,7.0,16.0,6.0,1.0,0.0,0.0,0.0,P Tierney
2017-2018,2017-12-13,Manchester United,Bournemouth,1.0,0.0,H,1.0,0.0,H,9.0,14.0,2.0,7.0,4.0,9.0,14.0,12.0,1.0,2.0,0.0,0.0,G Scott
2017-2018,2017-12-13,Newcastle,Everton,0.0,1.0,A,0.0,1.0,A,16.0,7.0,4.0,4.0,4.0,1.0,10.0,11.0,1.0,2.0,1.0,0.0,M Atkinson
2017-2018,2017-12-13,Southampton,Leicester,1.0,4.0,A,0.0,3.0,A,12.0,16.0,4.0,11.0,9.0,9.0,13.0,9.0,1.0,0.0,0.0,0.0,C Kavanagh
2017-2018,2017-12-13,Swansea,Manchester City,0.0,4.0,A,0.0,2.0,A,7.0,23.0,3.0,10.0,2.0,5.0,12.0,6.0,0.0,0.0,0.0,0.0,A Taylor
2017-2018,2017-12-13,Tottenham,Brighton,2.0,0.0,H,1.0,0.0,H,25.0,7.0,8.0,4.0,10.0,2.0,5.0,10.0,1.0,1.0,0.0,0.0,R Madley
2017-2018,2017-12-13,West Ham,Arsenal,0.0,0.0,D,0.0,0.0,D,6.0,22.0,0.0,3.0,1.0,7.0,9.0,9.0,1.0,0.0,0.0,0.0,J Moss
2017-2018,2017-12-16,Stoke,West Ham,0.0,3.0,A,0.0,1.0,A,17.0,14.0,0.0,7.0,7.0,9.0,12.0,13.0,2.0,1.0,0.0,0.0,G Scott
2017-2018,2017-12-16,Watford,Huddersfield,1.0,4.0,A,0.0,2.0,A,13.0,15.0,3.0,9.0,8.0,7.0,12.0,17.0,2.0,1.0,1.0,1.0,M Oliver
2017-2018,2017-12-16,Manchester City,Tottenham,4.0,1.0,H,1.0,0.0,H,20.0,7.0,11.0,2.0,5.0,1.0,13.0,20.0,2.0,4.0,0.0,0.0,C Pawson
2017-2018,2017-12-16,Brighton,Burnley,0.0,0.0,D,0.0,0.0,D,12.0,11.0,2.0,6.0,8.0,2.0,13.0,13.0,4.0,2.0,0.0,0.0,C Kavanagh
2017-2018,2017-12-16,Chelsea,Southampton,1.0,0.0,H,1.0,0.0,H,24.0,6.0,8.0,2.0,8.0,4.0,8.0,16.0,1.0,3.0,0.0,0.0,R East
2017-2018,2017-12-16,Arsenal,Newcastle,1.0,0.0,H,1.0,0.0,H,23.0,10.0,5.0,2.0,7.0,5.0,13.0,9.0,2.0,1.0,0.0,0.0,S Attwell
2017-2018,2017-12-16,Leicester,Crystal Palace,0.0,3.0,A,0.0,2.0,A,11.0,13.0,2.0,6.0,6.0,4.0,12.0,13.0,2.0,2.0,1.0,0.0,M Atkinson
2017-2018,2017-12-17,Bournemouth,Liverpool,0.0,4.0,A,0.0,3.0,A,6.0,21.0,2.0,7.0,2.0,3.0,5.0,10.0,1.0,1.0,0.0,0.0,A Marriner
2017-2018,2017-12-17,West Brom,Manchester United,1.0,2.0,A,0.0,2.0,A,12.0,8.0,5.0,3.0,6.0,3.0,14.0,7.0,1.0,3.0,0.0,0.0,A Taylor
2017-2018,2017-12-18,Everton,Swansea,3.0,1.0,H,1.0,1.0,D,12.0,8.0,7.0,3.0,6.0,3.0,12.0,12.0,2.0,3.0,0.0,0.0,J Moss
2017-2018,2017-12-22,Arsenal,Liverpool,3.0,3.0,D,0.0,1.0,A,11.0,14.0,4.0,9.0,7.0,8.0,9.0,11.0,1.0,0.0,0.0,0.0,M Atkinson
2017-2018,2017-12-23,West Ham,Newcastle,2.0,3.0,A,1.0,1.0,D,19.0,11.0,6.0,4.0,6.0,3.0,9.0,12.0,1.0,1.0,0.0,0.0,L Mason
2017-2018,2017-12-23,Swansea,Crystal Palace,1.0,1.0,D,0.0,0.0,D,7.0,13.0,2.0,5.0,6.0,3.0,13.0,11.0,2.0,3.0,0.0,0.0,C Pawson
2017-2018,2017-12-23,Stoke,West Brom,3.0,1.0,H,2.0,0.0,H,9.0,17.0,5.0,7.0,1.0,11.0,9.0,11.0,1.0,0.0,0.0,0.0,N Swarbrick
2017-2018,2017-12-23,Southampton,Huddersfield,1.0,1.0,D,1.0,0.0,H,12.0,10.0,6.0,3.0,9.0,1.0,16.0,9.0,2.0,1.0,0.0,0.0,L Probert
2017-2018,2017-12-23,Everton,Chelsea,0.0,0.0,D,0.0,0.0,D,5.0,25.0,0.0,8.0,2.0,7.0,8.0,4.0,3.0,0.0,0.0,0.0,R Madley
2017-2018,2017-12-23,Leicester,Manchester United,2.0,2.0,D,1.0,1.0,D,11.0,19.0,3.0,6.0,4.0,6.0,19.0,8.0,2.0,2.0,1.0,0.0,J Moss
2017-2018,2017-12-23,Burnley,Tottenham,0.0,3.0,A,0.0,1.0,A,5.0,18.0,2.0,8.0,4.0,4.0,10.0,10.0,1.0,2.0,0.0,0.0,M Oliver
2017-2018,2017-12-23,Brighton,Watford,1.0,0.0,H,0.0,0.0,D,14.0,13.0,3.0,1.0,6.0,4.0,8.0,11.0,0.0,0.0,0.0,0.0,P Tierney
2017-2018,2017-12-23,Manchester City,Bournemouth,4.0,0.0,H,1.0,0.0,H,14.0,5.0,5.0,1.0,4.0,6.0,8.0,7.0,0.0,1.0,0.0,0.0,M Jones
2017-2018,2017-12-26,West Brom,Everton,0.0,0.0,D,0.0,0.0,D,17.0,7.0,3.0,3.0,10.0,2.0,14.0,13.0,2.0,0.0,0.0,0.0,R East
2017-2018,2017-12-26,Watford,Leicester,2.0,1.0,H,1.0,1.0,D,11.0,11.0,1.0,5.0,8.0,8.0,7.0,13.0,3.0,3.0,0.0,0.0,C Kavanagh
2017-2018,2017-12-26,Tottenham,Southampton,5.0,2.0,H,2.0,0.0,H,16.0,16.0,7.0,6.0,3.0,8.0,8.0,15.0,0.0,2.0,0.0,0.0,G Scott
2017-2018,2017-12-26,Manchester United,Burnley,2.0,2.0,D,0.0,2.0,A,23.0,3.0,6.0,2.0,12.0,2.0,10.0,14.0,3.0,7.0,0.0,0.0,M Atkinson
2017-2018,2017-12-26,Huddersfield,Stoke,1.0,1.0,D,1.0,0.0,H,18.0,15.0,8.0,7.0,8.0,5.0,9.0,12.0,2.0,4.0,0.0,0.0,A Taylor
2017-2018,2017-12-26,Chelsea,Brighton,2.0,0.0,H,0.0,0.0,D,25.0,8.0,8.0,1.0,13.0,1.0,8.0,8.0,0.0,1.0,0.0,0.0,M Dean
2017-2018,2017-12-26,Bournemouth,West Ham,3.0,3.0,D,1.0,1.0,D,26.0,10.0,10.0,5.0,7.0,4.0,12.0,14.0,3.0,4.0,0.0,0.0,S Attwell
2017-2018,2017-12-26,Liverpool,Swansea,5.0,0.0,H,1.0,0.0,H,22.0,7.0,9.0,4.0,4.0,2.0,5.0,8.0,0.0,1.0,0.0,0.0,K Friend
2017-2018,2017-12-27,Newcastle,Manchester City,0.0,1.0,A,0.0,1.0,A,6.0,22.0,2.0,6.0,3.0,8.0,11.0,6.0,1.0,0.0,0.0,0.0,A Marriner
2017-2018,2017-12-28,Crystal Palace,Arsenal,2.0,3.0,A,0.0,1.0,A,16.0,16.0,2.0,9.0,5.0,4.0,12.0,7.0,0.0,1.0,0.0,0.0,M Oliver
2017-2018,2017-12-30,Bournemouth,Everton,2.0,1.0,H,1.0,0.0,H,19.0,6.0,7.0,1.0,4.0,4.0,8.0,13.0,0.0,0.0,0.0,0.0,L Probert
2017-2018,2017-12-30,Chelsea,Stoke,5.0,0.0,H,3.0,0.0,H,21.0,1.0,12.0,1.0,7.0,0.0,5.0,10.0,1.0,1.0,0.0,0.0,K Friend
2017-2018,2017-12-30,Huddersfield,Burnley,0.0,0.0,D,0.0,0.0,D,3.0,11.0,1.0,4.0,5.0,4.0,14.0,14.0,2.0,1.0,0.0,0.0,P Tierney
2017-2018,2017-12-30,Liverpool,Leicester,2.0,1.0,H,0.0,1.0,A,17.0,7.0,6.0,1.0,7.0,1.0,7.0,3.0,3.0,2.0,0.0,0.0,N Swarbrick
2017-2018,2017-12-30,Manchester United,Southampton,0.0,0.0,D,0.0,0.0,D,15.0,8.0,3.0,3.0,10.0,7.0,12.0,13.0,2.0,4.0,0.0,0.0,C Pawson
2017-2018,2017-12-30,Newcastle,Brighton,0.0,0.0,D,0.0,0.0,D,11.0,10.0,2.0,3.0,3.0,6.0,11.0,10.0,2.0,2.0,0.0,0.0,A Taylor
2017-2018,2017-12-30,Watford,Swansea,1.0,2.0,A,1.0,0.0,H,9.0,9.0,4.0,4.0,1.0,8.0,14.0,13.0,4.0,2.0,0.0,0.0,M Atkinson
2017-2018,2017-12-31,Crystal Palace,Manchester City,0.0,0.0,D,0.0,0.0,D,10.0,15.0,1.0,4.0,7.0,8.0,14.0,11.0,5.0,4.0,0.0,0.0,J Moss
2017-2018,2017-12-31,West Brom,Arsenal,1.0,1.0,D,0.0,0.0,D,14.0,14.0,3.0,4.0,5.0,6.0,14.0,9.0,3.0,3.0,0.0,0.0,M Dean
2017-2018,2018-01-01,Stoke,Newcastle,0.0,1.0,A,0.0,0.0,D,11.0,14.0,4.0,6.0,10.0,5.0,10.0,11.0,3.0,1.0,0.0,0.0,C Kavanagh
2017-2018,2018-01-01,Leicester,Huddersfield,3.0,0.0,H,0.0,0.0,D,11.0,6.0,5.0,1.0,4.0,1.0,7.0,9.0,1.0,1.0,0.0,0.0,G Scott
2017-2018,2018-01-01,Brighton,Bournemouth,2.0,2.0,D,1.0,1.0,D,15.0,26.0,6.0,8.0,5.0,12.0,13.0,9.0,2.0,1.0,0.0,0.0,M Oliver
2017-2018,2018-01-01,Burnley,Liverpool,1.0,2.0,A,0.0,0.0,D,13.0,19.0,4.0,5.0,3.0,9.0,4.0,12.0,0.0,0.0,0.0,0.0,R East
2017-2018,2018-01-01,Everton,Manchester United,0.0,2.0,A,0.0,0.0,D,12.0,21.0,0.0,6.0,6.0,6.0,11.0,10.0,2.0,0.0,0.0,0.0,A Marriner
2017-2018,2018-01-02,Manchester City,Watford,3.0,1.0,H,2.0,0.0,H,17.0,7.0,7.0,4.0,9.0,1.0,8.0,12.0,1.0,1.0,0.0,0.0,L Mason
2017-2018,2018-01-02,Southampton,Crystal Palace,1.0,2.0,A,1.0,0.0,H,10.0,11.0,3.0,4.0,4.0,7.0,8.0,11.0,0.0,1.0,0.0,0.0,S Attwell
2017-2018,2018-01-02,Swansea,Tottenham,0.0,2.0,A,0.0,1.0,A,8.0,12.0,1.0,5.0,6.0,5.0,12.0,9.0,2.0,2.0,0.0,0.0,R Madley
2017-2018,2018-01-02,West Ham,West Brom,2.0,1.0,H,0.0,1.0,A,13.0,10.0,5.0,3.0,3.0,4.0,12.0,12.0,3.0,2.0,0.0,0.0,M Jones
2017-2018,2018-01-03,Arsenal,Chelsea,2.0,2.0,D,0.0,0.0,D,14.0,19.0,6.0,6.0,10.0,8.0,11.0,11.0,3.0,2.0,0.0,0.0,A Taylor
2017-2018,2018-01-04,Tottenham,West Ham,1.0,1.0,D,0.0,0.0,D,31.0,3.0,8.0,1.0,7.0,1.0,10.0,6.0,0.0,2.0,0.0,0.0,M Dean
2017-2018,2018-01-13,Chelsea,Leicester,0.0,0.0,D,0.0,0.0,D,17.0,14.0,7.0,1.0,6.0,3.0,14.0,13.0,2.0,2.0,0.0,1.0,M Jones
2017-2018,2018-01-13,Crystal Palace,Burnley,1.0,0.0,H,1.0,0.0,H,17.0,8.0,2.0,2.0,3.0,2.0,16.0,10.0,0.0,3.0,0.0,0.0,M Oliver
2017-2018,2018-01-13,Huddersfield,West Ham,1.0,4.0,A,1.0,1.0,D,8.0,8.0,2.0,6.0,7.0,3.0,7.0,9.0,1.0,1.0,0.0,0.0,J Moss
2017-2018,2018-01-13,Newcastle,Swansea,1.0,1.0,D,0.0,0.0,D,12.0,8.0,4.0,5.0,4.0,5.0,11.0,10.0,0.0,3.0,0.0,0.0,G Scott
2017-2018,2018-01-13,Tottenham,Everton,4.0,0.0,H,1.0,0.0,H,20.0,7.0,10.0,0.0,3.0,3.0,11.0,15.0,0.0,2.0,0.0,0.0,C Pawson
2017-2018,2018-01-13,Watford,Southampton,2.0,2.0,D,0.0,2.0,A,16.0,10.0,4.0,4.0,5.0,4.0,11.0,13.0,0.0,5.0,0.0,0.0,R East
2017-2018,2018-01-13,West Brom,Brighton,2.0,0.0,H,1.0,0.0,H,15.0,13.0,4.0,1.0,9.0,6.0,8.0,15.0,0.0,0.0,0.0,0.0,M Atkinson
2017-2018,2018-01-14,Liverpool,Manchester City,4.0,3.0,H,1.0,1.0,D,16.0,11.0,7.0,4.0,5.0,6.0,10.0,7.0,2.0,3.0,0.0,0.0,A Marriner
2017-2018,2018-01-14,Bournemouth,Arsenal,2.0,1.0,H,0.0,0.0,D,13.0,12.0,5.0,3.0,4.0,5.0,8.0,10.0,2.0,2.0,0.0,0.0,K Friend
2017-2018,2018-01-15,Manchester United,Stoke,3.0,0.0,H,2.0,0.0,H,20.0,11.0,9.0,5.0,6.0,1.0,14.0,10.0,2.0,1.0,0.0,0.0,A Taylor
2017-2018,2018-01-20,Stoke,Huddersfield,2.0,0.0,H,0.0,0.0,D,11.0,6.0,6.0,3.0,3.0,2.0,18.0,13.0,1.0,1.0,0.0,0.0,M Oliver
2017-2018,2018-01-20,Arsenal,Crystal Palace,4.0,1.0,H,4.0,0.0,H,16.0,9.0,10.0,5.0,5.0,10.0,6.0,8.0,0.0,0.0,0.0,0.0,C Kavanagh
2017-2018,2018-01-20,Brighton,Chelsea,0.0,4.0,A,0.0,2.0,A,10.0,14.0,3.0,10.0,5.0,3.0,12.0,5.0,3.0,0.0,0.0,0.0,J Moss
2017-2018,2018-01-20,Burnley,Manchester United,0.0,1.0,A,0.0,0.0,D,13.0,12.0,2.0,2.0,5.0,4.0,7.0,12.0,3.0,3.0,0.0,0.0,M Dean
2017-2018,2018-01-20,Everton,West Brom,1.0,1.0,D,0.0,1.0,A,9.0,15.0,4.0,5.0,0.0,3.0,15.0,10.0,2.0,1.0,0.0,0.0,S Attwell
2017-2018,2018-01-20,Leicester,Watford,2.0,0.0,H,1.0,0.0,H,9.0,11.0,5.0,3.0,4.0,5.0,11.0,10.0,0.0,0.0,0.0,0.0,L Probert
2017-2018,2018-01-20,Manchester City,Newcastle,3.0,1.0,H,1.0,0.0,H,21.0,6.0,9.0,4.0,18.0,0.0,5.0,10.0,0.0,1.0,0.0,0.0,P Tierney
2017-2018,2018-01-20,West Ham,Bournemouth,1.0,1.0,D,0.0,0.0,D,12.0,8.0,4.0,3.0,6.0,3.0,8.0,7.0,3.0,1.0,0.0,0.0,M Atkinson
2017-2018,2018-01-21,Southampton,Tottenham,1.0,1.0,D,1.0,1.0,D,10.0,17.0,4.0,2.0,2.0,9.0,8.0,15.0,2.0,3.0,0.0,0.0,K Friend
2017-2018,2018-01-22,Swansea,Liverpool,1.0,0.0,H,1.0,0.0,H,3.0,21.0,2.0,4.0,3.0,9.0,5.0,9.0,0.0,2.0,0.0,0.0,N Swarbrick
2017-2018,2018-01-30,Huddersfield,Liverpool,0.0,3.0,A,0.0,2.0,A,5.0,14.0,1.0,7.0,1.0,4.0,8.0,8.0,0.0,0.0,0.0,0.0,K Friend
2017-2018,2018-01-30,Swansea,Arsenal,3.0,1.0,H,1.0,1.0,D,12.0,9.0,4.0,4.0,4.0,3.0,4.0,8.0,0.0,3.0,0.0,0.0,L Mason
2017-2018,2018-01-30,West Ham,Crystal Palace,1.0,1.0,D,1.0,1.0,D,8.0,9.0,3.0,3.0,5.0,3.0,11.0,15.0,1.0,3.0,0.0,0.0,N Swarbrick
2017-2018,2018-01-31,Stoke,Watford,0.0,0.0,D,0.0,0.0,D,11.0,12.0,4.0,2.0,2.0,6.0,12.0,12.0,4.0,3.0,0.0,0.0,J Moss
2017-2018,2018-01-31,Tottenham,Manchester United,2.0,0.0,H,2.0,0.0,H,22.0,6.0,6.0,3.0,6.0,3.0,10.0,13.0,2.0,2.0,0.0,0.0,A Marriner
2017-2018,2018-01-31,Southampton,Brighton,1.0,1.0,D,0.0,1.0,A,18.0,9.0,3.0,2.0,7.0,2.0,8.0,10.0,3.0,1.0,0.0,0.0,M Dean
2017-2018,2018-01-31,Manchester City,West Brom,3.0,0.0,H,1.0,0.0,H,19.0,3.0,10.0,1.0,9.0,1.0,10.0,10.0,1.0,3.0,0.0,0.0,R Madley
2017-2018,2018-01-31,Newcastle,Burnley,1.0,1.0,D,0.0,0.0,D,14.0,11.0,4.0,2.0,7.0,4.0,15.0,15.0,1.0,2.0,0.0,0.0,S Hooper
2017-2018,2018-01-31,Everton,Leicester,2.0,1.0,H,2.0,0.0,H,9.0,8.0,4.0,1.0,5.0,5.0,9.0,10.0,0.0,2.0,0.0,0.0,C Kavanagh
2017-2018,2018-01-31,Chelsea,Bournemouth,0.0,3.0,A,0.0,0.0,D,21.0,11.0,5.0,5.0,8.0,5.0,5.0,12.0,1.0,0.0,0.0,0.0,L Probert
2017-2018,2018-02-03,Arsenal,Everton,5.0,1.0,H,4.0,0.0,H,15.0,11.0,7.0,2.0,4.0,6.0,8.0,8.0,2.0,0.0,0.0,0.0,N Swarbrick
2017-2018,2018-02-03,Bournemouth,Stoke,2.0,1.0,H,0.0,1.0,A,15.0,13.0,8.0,4.0,8.0,1.0,14.0,19.0,2.0,3.0,0.0,0.0,P Tierney
2017-2018,2018-02-03,Brighton,West Ham,3.0,1.0,H,1.0,1.0,D,21.0,4.0,5.0,1.0,4.0,1.0,11.0,7.0,3.0,1.0,0.0,0.0,R East
2017-2018,2018-02-03,Burnley,Manchester City,1.0,1.0,D,0.0,1.0,A,8.0,20.0,3.0,7.0,3.0,13.0,9.0,6.0,4.0,1.0,0.0,0.0,M Atkinson
2017-2018,2018-02-03,Leicester,Swansea,1.0,1.0,D,1.0,0.0,H,13.0,3.0,5.0,1.0,3.0,3.0,9.0,8.0,1.0,0.0,0.0,0.0,A Taylor
2017-2018,2018-02-03,Manchester United,Huddersfield,2.0,0.0,H,0.0,0.0,D,16.0,4.0,7.0,0.0,5.0,2.0,5.0,19.0,2.0,4.0,0.0,0.0,S Attwell
2017-2018,2018-02-03,West Brom,Southampton,2.0,3.0,A,1.0,2.0,A,9.0,13.0,3.0,5.0,5.0,7.0,12.0,10.0,2.0,1.0,0.0,0.0,M Oliver
2017-2018,2018-02-04,Crystal Palace,Newcastle,1.0,1.0,D,0.0,1.0,A,21.0,11.0,6.0,8.0,5.0,6.0,11.0,8.0,1.0,1.0,0.0,0.0,A Marriner
2017-2018,2018-02-04,Liverpool,Tottenham,2.0,2.0,D,1.0,0.0,H,9.0,13.0,3.0,6.0,3.0,7.0,15.0,9.0,3.0,1.0,0.0,0.0,J Moss
2017-2018,2018-02-05,Watford,Chelsea,4.0,1.0,H,1.0,0.0,H,21.0,7.0,8.0,3.0,6.0,2.0,11.0,8.0,2.0,2.0,0.0,1.0,M Dean
2017-2018,2018-02-10,West Ham,Watford,2.0,0.0,H,1.0,0.0,H,8.0,11.0,4.0,4.0,8.0,7.0,11.0,7.0,1.0,1.0,0.0,0.0,G Scott
2017-2018,2018-02-10,Swansea,Burnley,1.0,0.0,H,0.0,0.0,D,12.0,13.0,4.0,1.0,5.0,2.0,10.0,9.0,2.0,1.0,0.0,0.0,A Marriner
2017-2018,2018-02-10,Tottenham,Arsenal,1.0,0.0,H,0.0,0.0,D,18.0,6.0,6.0,1.0,10.0,2.0,13.0,9.0,2.0,1.0,0.0,0.0,A Taylor
2017-2018,2018-02-10,Manchester City,Leicester,5.0,1.0,H,1.0,1.0,D,19.0,2.0,11.0,2.0,8.0,2.0,10.0,12.0,2.0,3.0,0.0,0.0,M Jones
2017-2018,2018-02-10,Everton,Crystal Palace,3.0,1.0,H,0.0,0.0,D,11.0,16.0,5.0,4.0,8.0,7.0,14.0,15.0,1.0,1.0,0.0,0.0,J Moss
2017-2018,2018-02-10,Stoke,Brighton,1.0,1.0,D,0.0,1.0,A,15.0,14.0,3.0,6.0,7.0,4.0,6.0,10.0,0.0,0.0,0.0,0.0,R Madley
2017-2018,2018-02-11,Huddersfield,Bournemouth,4.0,1.0,H,2.0,1.0,H,15.0,7.0,4.0,2.0,2.0,6.0,12.0,12.0,0.0,3.0,0.0,0.0,M Oliver
2017-2018,2018-02-11,Newcastle,Manchester United,1.0,0.0,H,0.0,0.0,D,10.0,13.0,3.0,6.0,0.0,10.0,12.0,15.0,0.0,2.0,0.0,0.0,C Pawson
2017-2018,2018-02-11,Southampton,Liverpool,0.0,2.0,A,0.0,2.0,A,6.0,16.0,4.0,4.0,3.0,1.0,5.0,8.0,1.0,2.0,0.0,0.0,M Atkinson
2017-2018,2018-02-12,Chelsea,West Brom,3.0,0.0,H,1.0,0.0,H,20.0,8.0,8.0,1.0,8.0,7.0,11.0,11.0,0.0,2.0,0.0,0.0,L Mason
2017-2018,2018-02-24,West Brom,Huddersfield,1.0,2.0,A,0.0,0.0,D,10.0,16.0,3.0,7.0,6.0,3.0,11.0,9.0,1.0,1.0,0.0,0.0,J Moss
2017-2018,2018-02-24,Watford,Everton,1.0,0.0,H,0.0,0.0,D,13.0,7.0,5.0,2.0,6.0,5.0,10.0,9.0,3.0,1.0,0.0,0.0,A Taylor
2017-2018,2018-02-24,Liverpool,West Ham,4.0,1.0,H,1.0,0.0,H,21.0,7.0,12.0,4.0,8.0,2.0,7.0,7.0,0.0,2.0,0.0,0.0,S Attwell
2017-2018,2018-02-24,Burnley,Southampton,1.0,1.0,D,0.0,0.0,D,9.0,13.0,3.0,6.0,7.0,5.0,8.0,14.0,1.0,0.0,0.0,0.0,R Madley
2017-2018,2018-02-24,Brighton,Swansea,4.0,1.0,H,1.0,0.0,H,16.0,11.0,5.0,1.0,3.0,5.0,17.0,6.0,1.0,0.0,0.0,0.0,M Dean
2017-2018,2018-02-24,Bournemouth,Newcastle,2.0,2.0,D,0.0,2.0,A,18.0,15.0,5.0,4.0,8.0,1.0,12.0,10.0,1.0,4.0,0.0,0.0,R East
2017-2018,2018-02-24,Leicester,Stoke,1.0,1.0,D,0.0,1.0,A,19.0,6.0,9.0,2.0,13.0,1.0,10.0,16.0,1.0,3.0,0.0,0.0,M Oliver
2017-2018,2018-02-25,Crystal Palace,Tottenham,0.0,1.0,A,0.0,0.0,D,5.0,14.0,3.0,4.0,2.0,13.0,12.0,5.0,0.0,1.0,0.0,0.0,K Friend
2017-2018,2018-02-25,Manchester United,Chelsea,2.0,1.0,H,1.0,1.0,D,10.0,14.0,5.0,7.0,3.0,4.0,13.0,12.0,2.0,2.0,0.0,0.0,M Atkinson
2017-2018,2018-03-01,Arsenal,Manchester City,0.0,3.0,A,0.0,3.0,A,10.0,9.0,5.0,5.0,6.0,1.0,11.0,11.0,1.0,1.0,0.0,0.0,A Marriner
2017-2018,2018-03-03,Tottenham,Huddersfield,2.0,0.0,H,1.0,0.0,H,15.0,3.0,7.0,3.0,8.0,1.0,6.0,8.0,1.0,1.0,0.0,0.0,K Friend
2017-2018,2018-03-03,Watford,West Brom,1.0,0.0,H,0.0,0.0,D,15.0,9.0,4.0,2.0,4.0,6.0,11.0,12.0,2.0,0.0,0.0,0.0,P Tierney
2017-2018,2018-03-03,Swansea,West Ham,4.0,1.0,H,2.0,0.0,H,9.0,7.0,8.0,2.0,4.0,5.0,9.0,14.0,0.0,3.0,0.0,0.0,M Atkinson
2017-2018,2018-03-03,Leicester,Bournemouth,1.0,1.0,D,0.0,1.0,A,23.0,8.0,4.0,3.0,13.0,1.0,11.0,7.0,2.0,1.0,0.0,0.0,L Probert
2017-2018,2018-03-03,Liverpool,Newcastle,2.0,0.0,H,1.0,0.0,H,14.0,7.0,3.0,2.0,8.0,3.0,7.0,9.0,0.0,0.0,0.0,0.0,G Scott
2017-2018,2018-03-03,Burnley,Everton,2.0,1.0,H,0.0,1.0,A,21.0,10.0,8.0,4.0,10.0,4.0,9.0,12.0,1.0,1.0,0.0,1.0,C Kavanagh
2017-2018,2018-03-03,Southampton,Stoke,0.0,0.0,D,0.0,0.0,D,18.0,12.0,6.0,3.0,15.0,4.0,8.0,13.0,0.0,1.0,0.0,0.0,A Taylor
2017-2018,2018-03-04,Brighton,Arsenal,2.0,1.0,H,2.0,1.0,H,13.0,15.0,6.0,7.0,6.0,11.0,13.0,12.0,3.0,3.0,0.0,0.0,S Attwell
2017-2018,2018-03-04,Manchester City,Chelsea,1.0,0.0,H,0.0,0.0,D,13.0,3.0,3.0,0.0,5.0,2.0,8.0,9.0,2.0,1.0,0.0,0.0,M Oliver
2017-2018,2018-03-05,Crystal Palace,Manchester United,2.0,3.0,A,1.0,0.0,H,10.0,17.0,4.0,8.0,3.0,7.0,10.0,8.0,1.0,3.0,0.0,0.0,N Swarbrick
2017-2018,2018-03-10,West Ham,Burnley,0.0,3.0,A,0.0,0.0,D,13.0,7.0,4.0,4.0,5.0,1.0,13.0,7.0,2.0,2.0,0.0,0.0,L Mason
2017-2018,2018-03-10,West Brom,Leicester,1.0,4.0,A,1.0,1.0,D,6.0,14.0,2.0,6.0,7.0,6.0,6.0,7.0,1.0,3.0,0.0,0.0,R Madley
2017-2018,2018-03-10,Newcastle,Southampton,3.0,0.0,H,2.0,0.0,H,7.0,6.0,5.0,2.0,2.0,6.0,10.0,10.0,0.0,2.0,0.0,0.0,A Marriner
2017-2018,2018-03-10,Huddersfield,Swansea,0.0,0.0,D,0.0,0.0,D,30.0,0.0,4.0,0.0,12.0,0.0,9.0,9.0,2.0,3.0,0.0,1.0,M Oliver
2017-2018,2018-03-10,Everton,Brighton,2.0,0.0,H,0.0,0.0,D,13.0,10.0,3.0,4.0,10.0,3.0,10.0,14.0,0.0,1.0,0.0,1.0,R East
2017-2018,2018-03-10,Chelsea,Crystal Palace,2.0,1.0,H,2.0,0.0,H,27.0,9.0,11.0,2.0,12.0,3.0,8.0,9.0,1.0,2.0,0.0,0.0,A Taylor
2017-2018,2018-03-10,Manchester United,Liverpool,2.0,1.0,H,2.0,0.0,H,5.0,14.0,2.0,2.0,1.0,13.0,10.0,16.0,2.0,1.0,0.0,0.0,C Pawson
2017-2018,2018-03-11,Arsenal,Watford,3.0,0.0,H,1.0,0.0,H,11.0,11.0,7.0,4.0,4.0,9.0,12.0,9.0,2.0,1.0,0.0,0.0,M Atkinson
2017-2018,2018-03-11,Bournemouth,Tottenham,1.0,4.0,A,1.0,1.0,D,14.0,12.0,3.0,8.0,4.0,5.0,10.0,7.0,1.0,1.0,0.0,0.0,M Dean
2017-2018,2018-03-12,Stoke,Manchester City,0.0,2.0,A,0.0,1.0,A,3.0,17.0,0.0,6.0,3.0,10.0,6.0,8.0,1.0,0.0,0.0,0.0,J Moss
2017-2018,2018-03-17,Stoke,Everton,1.0,2.0,A,0.0,0.0,D,9.0,17.0,4.0,9.0,1.0,9.0,13.0,12.0,1.0,1.0,1.0,0.0,M Atkinson
2017-2018,2018-03-17,Liverpool,Watford,5.0,0.0,H,2.0,0.0,H,13.0,4.0,10.0,1.0,6.0,1.0,5.0,4.0,1.0,0.0,0.0,0.0,A Taylor
2017-2018,2018-03-17,Bournemouth,West Brom,2.0,1.0,H,0.0,0.0,D,17.0,11.0,5.0,6.0,3.0,2.0,6.0,9.0,1.0,2.0,0.0,0.0,G Scott
2017-2018,2018-03-17,Huddersfield,Crystal Palace,0.0,2.0,A,0.0,1.0,A,6.0,17.0,2.0,6.0,4.0,7.0,11.0,12.0,3.0,2.0,0.0,0.0,M Dean
2017-2018,2018-03-31,Brighton,Leicester,0.0,2.0,A,0.0,0.0,D,15.0,6.0,3.0,4.0,6.0,1.0,11.0,13.0,2.0,4.0,0.0,1.0,C Kavanagh
2017-2018,2018-03-31,Crystal Palace,Liverpool,1.0,2.0,A,1.0,0.0,H,6.0,16.0,3.0,6.0,4.0,6.0,6.0,8.0,2.0,2.0,0.0,0.0,N Swarbrick
2017-2018,2018-03-31,Everton,Manchester City,1.0,3.0,A,0.0,3.0,A,6.0,18.0,2.0,4.0,2.0,11.0,10.0,8.0,0.0,0.0,0.0,0.0,P Tierney
2017-2018,2018-03-31,Manchester United,Swansea,2.0,0.0,H,2.0,0.0,H,11.0,3.0,5.0,2.0,3.0,3.0,5.0,13.0,0.0,0.0,0.0,0.0,R Madley
2017-2018,2018-03-31,Newcastle,Huddersfield,1.0,0.0,H,0.0,0.0,D,18.0,4.0,3.0,0.0,3.0,3.0,9.0,10.0,1.0,4.0,0.0,0.0,M Atkinson
2017-2018,2018-03-31,Watford,Bournemouth,2.0,2.0,D,1.0,1.0,D,16.0,13.0,5.0,6.0,7.0,4.0,16.0,6.0,4.0,0.0,0.0,0.0,A Marriner
2017-2018,2018-03-31,West Brom,Burnley,1.0,2.0,A,0.0,1.0,A,8.0,11.0,3.0,4.0,1.0,6.0,12.0,9.0,1.0,3.0,0.0,0.0,L Probert
2017-2018,2018-03-31,West Ham,Southampton,3.0,0.0,H,3.0,0.0,H,13.0,9.0,5.0,0.0,5.0,9.0,9.0,16.0,0.0,3.0,0.0,0.0,J Moss
2017-2018,2018-04-01,Arsenal,Stoke,3.0,0.0,H,0.0,0.0,D,24.0,8.0,11.0,2.0,6.0,5.0,9.0,13.0,1.0,2.0,0.0,0.0,C Pawson
2017-2018,2018-04-01,Chelsea,Tottenham,1.0,3.0,A,1.0,1.0,D,14.0,12.0,4.0,7.0,5.0,5.0,4.0,11.0,0.0,1.0,0.0,0.0,A Marriner
2017-2018,2018-04-07,Watford,Burnley,1.0,2.0,A,0.0,0.0,D,14.0,7.0,5.0,4.0,11.0,1.0,18.0,12.0,2.0,2.0,0.0,0.0,P Tierney
2017-2018,2018-04-07,West Brom,Swansea,1.0,1.0,D,0.0,0.0,D,15.0,7.0,3.0,1.0,5.0,1.0,15.0,5.0,3.0,2.0,0.0,0.0,R East
2017-2018,2018-04-07,Stoke,Tottenham,1.0,2.0,A,0.0,0.0,D,10.0,15.0,4.0,4.0,6.0,3.0,19.0,8.0,4.0,3.0,0.0,0.0,G Scott
2017-2018,2018-04-07,Manchester City,Manchester United,2.0,3.0,A,2.0,0.0,H,20.0,5.0,6.0,4.0,8.0,4.0,17.0,9.0,6.0,3.0,0.0,0.0,M Atkinson
2017-2018,2018-04-07,Leicester,Newcastle,1.0,2.0,A,0.0,1.0,A,8.0,8.0,1.0,4.0,7.0,5.0,7.0,14.0,1.0,3.0,0.0,0.0,S Attwell
2017-2018,2018-04-07,Everton,Liverpool,0.0,0.0,D,0.0,0.0,D,6.0,10.0,1.0,3.0,3.0,2.0,12.0,7.0,0.0,0.0,0.0,0.0,M Oliver
2017-2018,2018-04-07,Brighton,Huddersfield,1.0,1.0,D,1.0,1.0,D,13.0,14.0,4.0,5.0,5.0,3.0,13.0,7.0,1.0,0.0,1.0,0.0,A Taylor
2017-2018,2018-04-07,Bournemouth,Crystal Palace,2.0,2.0,D,0.0,0.0,D,20.0,13.0,5.0,6.0,11.0,3.0,8.0,9.0,2.0,2.0,0.0,0.0,J Moss
2017-2018,2018-04-08,Arsenal,Southampton,3.0,2.0,H,2.0,1.0,H,13.0,15.0,7.0,8.0,8.0,6.0,11.0,7.0,2.0,1.0,1.0,1.0,A Marriner
2017-2018,2018-04-08,Chelsea,West Ham,1.0,1.0,D,1.0,0.0,H,23.0,5.0,6.0,2.0,10.0,6.0,7.0,11.0,0.0,1.0,0.0,0.0,K Friend
2017-2018,2018-04-14,Tottenham,Manchester City,1.0,3.0,A,1.0,2.0,A,8.0,17.0,3.0,6.0,5.0,7.0,11.0,12.0,3.0,4.0,0.0,0.0,J Moss
2017-2018,2018-04-14,Swansea,Everton,1.0,1.0,D,0.0,1.0,A,17.0,12.0,7.0,3.0,6.0,3.0,10.0,11.0,1.0,1.0,0.0,0.0,L Mason
2017-2018,2018-04-14,Southampton,Chelsea,2.0,3.0,A,1.0,0.0,H,10.0,17.0,7.0,5.0,4.0,7.0,13.0,14.0,5.0,3.0,0.0,0.0,M Dean
2017-2018,2018-04-14,Huddersfield,Watford,1.0,0.0,H,0.0,0.0,D,9.0,4.0,1.0,2.0,9.0,6.0,9.0,8.0,2.0,2.0,0.0,0.0,C Pawson
2017-2018,2018-04-14,Crystal Palace,Brighton,3.0,2.0,H,3.0,2.0,H,15.0,12.0,8.0,3.0,5.0,6.0,12.0,16.0,3.0,2.0,0.0,0.0,A Marriner
2017-2018,2018-04-14,Burnley,Leicester,2.0,1.0,H,2.0,0.0,H,8.0,15.0,3.0,6.0,4.0,8.0,9.0,10.0,2.0,1.0,0.0,0.0,M Atkinson
2017-2018,2018-04-14,Liverpool,Bournemouth,3.0,0.0,H,1.0,0.0,H,20.0,6.0,7.0,1.0,7.0,5.0,9.0,9.0,1.0,1.0,0.0,0.0,C Kavanagh
2017-2018,2018-04-15,Manchester United,West Brom,0.0,1.0,A,0.0,0.0,D,14.0,10.0,4.0,4.0,4.0,4.0,8.0,13.0,1.0,1.0,0.0,0.0,P Tierney
2017-2018,2018-04-15,Newcastle,Arsenal,2.0,1.0,H,1.0,1.0,D,8.0,15.0,4.0,3.0,2.0,5.0,11.0,9.0,1.0,0.0,0.0,0.0,A Taylor
2017-2018,2018-04-16,West Ham,Stoke,1.0,1.0,D,0.0,0.0,D,18.0,11.0,6.0,7.0,10.0,1.0,15.0,21.0,2.0,3.0,0.0,0.0,M Oliver
2017-2018,2018-04-17,Brighton,Tottenham,1.0,1.0,D,0.0,0.0,D,8.0,16.0,5.0,6.0,3.0,4.0,6.0,5.0,1.0,0.0,0.0,0.0,K Friend
2017-2018,2018-04-18,Bournemouth,Manchester United,0.0,2.0,A,0.0,1.0,A,13.0,13.0,2.0,4.0,8.0,5.0,9.0,8.0,3.0,1.0,0.0,0.0,G Scott
2017-2018,2018-04-19,Burnley,Chelsea,1.0,2.0,A,0.0,1.0,A,5.0,16.0,2.0,5.0,3.0,2.0,9.0,11.0,1.0,0.0,0.0,0.0,R Madley
2017-2018,2018-04-19,Leicester,Southampton,0.0,0.0,D,0.0,0.0,D,11.0,6.0,3.0,2.0,11.0,3.0,10.0,10.0,0.0,0.0,0.0,0.0,R East
2017-2018,2018-04-21,Watford,Crystal Palace,0.0,0.0,D,0.0,0.0,D,14.0,6.0,4.0,1.0,4.0,3.0,17.0,13.0,3.0,5.0,0.0,0.0,C Kavanagh
2017-2018,2018-04-21,West Brom,Liverpool,2.0,2.0,D,0.0,1.0,A,13.0,9.0,6.0,3.0,7.0,4.0,12.0,5.0,0.0,1.0,0.0,0.0,S Attwell
2017-2018,2018-04-22,Arsenal,West Ham,4.0,1.0,H,0.0,0.0,D,20.0,11.0,8.0,4.0,8.0,6.0,11.0,9.0,3.0,2.0,0.0,0.0,L Mason
2017-2018,2018-04-22,Manchester City,Swansea,5.0,0.0,H,2.0,0.0,H,19.0,4.0,12.0,1.0,5.0,1.0,6.0,8.0,0.0,1.0,0.0,0.0,C Pawson
2017-2018,2018-04-22,Stoke,Burnley,1.0,1.0,D,1.0,0.0,H,8.0,16.0,3.0,7.0,3.0,8.0,15.0,5.0,2.0,1.0,0.0,0.0,M Dean
2017-2018,2018-04-23,Everton,Newcastle,1.0,0.0,H,0.0,0.0,D,9.0,9.0,1.0,2.0,4.0,6.0,10.0,11.0,2.0,1.0,0.0,0.0,R Madley
2017-2018,2018-04-28,Swansea,Chelsea,0.0,1.0,A,0.0,1.0,A,10.0,11.0,3.0,3.0,1.0,2.0,13.0,9.0,1.0,1.0,0.0,0.0,J Moss
2017-2018,2018-04-28,Southampton,Bournemouth,2.0,1.0,H,1.0,1.0,D,14.0,14.0,6.0,7.0,5.0,8.0,12.0,11.0,5.0,1.0,0.0,0.0,A Taylor
2017-2018,2018-04-28,Newcastle,West Brom,0.0,1.0,A,0.0,1.0,A,17.0,9.0,2.0,2.0,5.0,1.0,8.0,13.0,1.0,3.0,0.0,0.0,D Coote
2017-2018,2018-04-28,Burnley,Brighton,0.0,0.0,D,0.0,0.0,D,10.0,9.0,4.0,1.0,3.0,4.0,5.0,17.0,0.0,2.0,0.0,0.0,R East
2017-2018,2018-04-28,Huddersfield,Everton,0.0,2.0,A,0.0,1.0,A,9.0,7.0,2.0,5.0,4.0,3.0,9.0,8.0,1.0,0.0,0.0,0.0,L Probert
2017-2018,2018-04-28,Crystal Palace,Leicester,5.0,0.0,H,2.0,0.0,H,15.0,6.0,9.0,1.0,8.0,2.0,11.0,9.0,1.0,1.0,0.0,1.0,M Dean
2017-2018,2018-04-28,Liverpool,Stoke,0.0,0.0,D,0.0,0.0,D,20.0,5.0,2.0,1.0,9.0,2.0,7.0,14.0,1.0,2.0,0.0,0.0,A Marriner
2017-2018,2018-04-29,Manchester United,Arsenal,2.0,1.0,H,1.0,0.0,H,17.0,8.0,3.0,3.0,9.0,0.0,12.0,7.0,0.0,1.0,0.0,0.0,K Friend
2017-2018,2018-04-29,West Ham,Manchester City,1.0,4.0,A,1.0,2.0,A,4.0,19.0,1.0,7.0,0.0,7.0,5.0,11.0,0.0,1.0,0.0,0.0,N Swarbrick
2017-2018,2018-04-30,Tottenham,Watford,2.0,0.0,H,1.0,0.0,H,13.0,13.0,3.0,5.0,4.0,0.0,11.0,10.0,1.0,0.0,0.0,0.0,M Oliver
2017-2018,2018-05-04,Brighton,Manchester United,1.0,0.0,H,0.0,0.0,D,11.0,16.0,4.0,3.0,5.0,6.0,5.0,3.0,2.0,0.0,0.0,0.0,C Pawson
2017-2018,2018-05-05,Bournemouth,Swansea,1.0,0.0,H,1.0,0.0,H,13.0,12.0,5.0,3.0,11.0,6.0,10.0,10.0,1.0,4.0,0.0,0.0,K Friend
2017-2018,2018-05-05,Everton,Southampton,1.0,1.0,D,0.0,0.0,D,9.0,11.0,3.0,5.0,3.0,4.0,14.0,12.0,2.0,4.0,0.0,1.0,J Moss
2017-2018,2018-05-05,Leicester,West Ham,0.0,2.0,A,0.0,1.0,A,13.0,13.0,2.0,3.0,8.0,3.0,8.0,9.0,1.0,2.0,0.0,0.0,C Kavanagh
2017-2018,2018-05-05,Stoke,Crystal Palace,1.0,2.0,A,1.0,0.0,H,7.0,13.0,2.0,2.0,1.0,7.0,18.0,12.0,5.0,2.0,0.0,0.0,M Atkinson
2017-2018,2018-05-05,Watford,Newcastle,2.0,1.0,H,2.0,0.0,H,11.0,9.0,8.0,1.0,2.0,5.0,9.0,11.0,2.0,1.0,0.0,0.0,R East
2017-2018,2018-05-05,West Brom,Tottenham,1.0,0.0,H,0.0,0.0,D,9.0,18.0,1.0,5.0,5.0,9.0,13.0,12.0,4.0,1.0,0.0,0.0,M Jones
2017-2018,2018-05-06,Arsenal,Burnley,5.0,0.0,H,2.0,0.0,H,16.0,6.0,8.0,2.0,4.0,5.0,6.0,7.0,0.0,1.0,0.0,0.0,A Marriner
2017-2018,2018-05-06,Chelsea,Liverpool,1.0,0.0,H,1.0,0.0,H,12.0,10.0,4.0,5.0,3.0,1.0,12.0,9.0,3.0,2.0,0.0,0.0,A Taylor
2017-2018,2018-05-06,Manchester City,Huddersfield,0.0,0.0,D,0.0,0.0,D,15.0,5.0,2.0,3.0,10.0,1.0,9.0,4.0,0.0,3.0,0.0,0.0,M Dean
2017-2018,2018-05-08,Swansea,Southampton,0.0,1.0,A,0.0,0.0,D,11.0,13.0,3.0,8.0,7.0,6.0,7.0,15.0,2.0,1.0,0.0,0.0,M Oliver
2017-2018,2018-05-09,Chelsea,Huddersfield,1.0,1.0,D,0.0,0.0,D,22.0,3.0,5.0,2.0,9.0,0.0,7.0,10.0,0.0,1.0,0.0,0.0,L Mason
2017-2018,2018-05-09,Leicester,Arsenal,3.0,1.0,H,1.0,0.0,H,19.0,14.0,10.0,7.0,6.0,6.0,7.0,12.0,2.0,2.0,0.0,1.0,G Scott
2017-2018,2018-05-09,Manchester City,Brighton,3.0,1.0,H,2.0,1.0,H,19.0,6.0,7.0,3.0,4.0,3.0,5.0,7.0,0.0,1.0,0.0,0.0,P Tierney
2017-2018,2018-05-09,Tottenham,Newcastle,1.0,0.0,H,0.0,0.0,D,11.0,14.0,7.0,3.0,6.0,4.0,10.0,8.0,2.0,3.0,0.0,0.0,N Swarbrick
2017-2018,2018-05-10,West Ham,Manchester United,0.0,0.0,D,0.0,0.0,D,9.0,16.0,2.0,6.0,1.0,6.0,12.0,12.0,1.0,1.0,0.0,0.0,J Moss
2017-2018,2018-05-13,West Ham,Everton,3.0,1.0,H,1.0,0.0,H,15.0,14.0,4.0,7.0,6.0,6.0,10.0,13.0,0.0,1.0,0.0,0.0,G Scott
2017-2018,2018-05-13,Tottenham,Leicester,5.0,4.0,H,1.0,2.0,A,14.0,16.0,6.0,9.0,4.0,4.0,9.0,13.0,1.0,2.0,0.0,0.0,C Pawson
2017-2018,2018-05-13,Swansea,Stoke,1.0,2.0,A,1.0,2.0,A,26.0,8.0,11.0,5.0,6.0,0.0,12.0,9.0,1.0,2.0,0.0,0.0,A Taylor
2017-2018,2018-05-13,Southampton,Manchester City,0.0,1.0,A,0.0,0.0,D,8.0,13.0,3.0,2.0,1.0,12.0,8.0,10.0,3.0,1.0,0.0,0.0,A Marriner
2017-2018,2018-05-13,Newcastle,Chelsea,3.0,0.0,H,1.0,0.0,H,16.0,6.0,6.0,2.0,4.0,2.0,11.0,10.0,0.0,1.0,0.0,0.0,M Atkinson
2017-2018,2018-05-13,Burnley,Bournemouth,1.0,2.0,A,1.0,0.0,H,12.0,16.0,4.0,5.0,7.0,8.0,14.0,9.0,0.0,0.0,0.0,0.0,P Tierney
2017-2018,2018-05-13,Liverpool,Brighton,4.0,0.0,H,2.0,0.0,H,22.0,2.0,11.0,1.0,7.0,3.0,3.0,6.0,0.0,0.0,0.0,0.0,K Friend
2017-2018,2018-05-13,Huddersfield,Arsenal,0.0,1.0,A,0.0,1.0,A,18.0,9.0,3.0,4.0,7.0,4.0,11.0,7.0,1.0,0.0,0.0,0.0,M Oliver
2017-2018,2018-05-13,Crystal Palace,West Brom,2.0,0.0,H,0.0,0.0,D,11.0,7.0,5.0,1.0,4.0,2.0,10.0,11.0,2.0,3.0,0.0,0.0,J Moss
2017-2018,2018-05-13,Manchester United,Watford,1.0,0.0,H,1.0,0.0,H,7.0,7.0,1.0,3.0,6.0,5.0,6.0,11.0,4.0,0.0,0.0,0.0,L Mason
2018-2019,2018-08-10,Manchester United,Leicester,2.0,1.0,H,1.0,0.0,H,8.0,13.0,6.0,4.0,2.0,5.0,11.0,8.0,2.0,1.0,0.0,0.0,A Marriner
2018-2019,2018-08-11,Watford,Brighton,2.0,0.0,H,1.0,0.0,H,19.0,6.0,5.0,0.0,8.0,2.0,10.0,16.0,2.0,2.0,0.0,0.0,J Moss
2018-2019,2018-08-11,Bournemouth,Cardiff,2.0,0.0,H,1.0,0.0,H,12.0,10.0,4.0,1.0,7.0,4.0,11.0,9.0,1.0,1.0,0.0,0.0,K Friend
2018-2019,2018-08-11,Fulham,Crystal Palace,0.0,2.0,A,0.0,1.0,A,15.0,10.0,6.0,9.0,5.0,5.0,9.0,11.0,1.0,2.0,0.0,0.0,M Dean
2018-2019,2018-08-11,Huddersfield,Chelsea,0.0,3.0,A,0.0,2.0,A,6.0,13.0,1.0,4.0,2.0,5.0,9.0,8.0,2.0,1.0,0.0,0.0,C Kavanagh
2018-2019,2018-08-11,Newcastle,Tottenham,1.0,2.0,A,1.0,2.0,A,15.0,15.0,2.0,5.0,3.0,5.0,11.0,12.0,2.0,2.0,0.0,0.0,M Atkinson
2018-2019,2018-08-11,Wolverhampton,Everton,2.0,2.0,D,1.0,1.0,D,11.0,6.0,4.0,5.0,3.0,6.0,8.0,7.0,0.0,1.0,0.0,1.0,C Pawson
2018-2019,2018-08-12,Liverpool,West Ham,4.0,0.0,H,2.0,0.0,H,18.0,5.0,8.0,2.0,5.0,4.0,14.0,9.0,1.0,2.0,0.0,0.0,A Taylor
2018-2019,2018-08-12,Arsenal,Manchester City,0.0,2.0,A,0.0,1.0,A,9.0,17.0,3.0,8.0,2.0,9.0,11.0,14.0,2.0,2.0,0.0,0.0,M Oliver
2018-2019,2018-08-12,Southampton,Burnley,0.0,0.0,D,0.0,0.0,D,18.0,16.0,3.0,6.0,8.0,5.0,10.0,9.0,0.0,1.0,0.0,0.0,G Scott
2018-2019,2018-08-18,Tottenham,Fulham,3.0,1.0,H,1.0,0.0,H,25.0,10.0,11.0,3.0,5.0,2.0,9.0,5.0,0.0,0.0,0.0,0.0,A Taylor
2018-2019,2018-08-18,West Ham,Bournemouth,1.0,2.0,A,1.0,0.0,H,11.0,12.0,5.0,5.0,6.0,4.0,14.0,10.0,6.0,2.0,0.0,0.0,S Attwell
2018-2019,2018-08-18,Everton,Southampton,2.0,1.0,H,2.0,0.0,H,13.0,15.0,7.0,4.0,2.0,5.0,8.0,20.0,0.0,5.0,0.0,0.0,L Mason
2018-2019,2018-08-18,Cardiff,Newcastle,0.0,0.0,D,0.0,0.0,D,12.0,12.0,1.0,6.0,5.0,5.0,14.0,16.0,2.0,2.0,0.0,1.0,C Pawson
2018-2019,2018-08-18,Chelsea,Arsenal,3.0,2.0,H,2.0,2.0,D,24.0,15.0,11.0,6.0,5.0,1.0,12.0,9.0,0.0,2.0,0.0,0.0,M Atkinson
2018-2019,2018-08-18,Leicester,Wolverhampton,2.0,0.0,H,2.0,0.0,H,6.0,11.0,2.0,3.0,1.0,9.0,10.0,8.0,2.0,1.0,1.0,0.0,M Dean
2018-2019,2018-08-19,Brighton,Manchester United,3.0,2.0,H,3.0,1.0,H,6.0,9.0,3.0,3.0,3.0,5.0,16.0,13.0,1.0,1.0,0.0,0.0,K Friend
2018-2019,2018-08-19,Burnley,Watford,1.0,3.0,A,1.0,1.0,D,8.0,9.0,3.0,6.0,5.0,2.0,8.0,19.0,1.0,2.0,0.0,0.0,P Tierney
2018-2019,2018-08-19,Manchester City,Huddersfield,6.0,1.0,H,3.0,1.0,H,32.0,5.0,14.0,1.0,10.0,3.0,9.0,4.0,0.0,2.0,0.0,0.0,A Marriner
2018-2019,2018-08-20,Crystal Palace,Liverpool,0.0,2.0,A,0.0,1.0,A,8.0,16.0,2.0,6.0,6.0,7.0,6.0,13.0,1.0,1.0,1.0,0.0,M Oliver
2018-2019,2018-08-25,Wolverhampton,Manchester City,1.0,1.0,D,0.0,0.0,D,11.0,18.0,2.0,6.0,5.0,9.0,13.0,8.0,1.0,2.0,0.0,0.0,M Atkinson
2018-2019,2018-08-25,Southampton,Leicester,1.0,2.0,A,0.0,0.0,D,11.0,8.0,5.0,5.0,10.0,3.0,13.0,11.0,1.0,1.0,1.0,0.0,J Moss
2018-2019,2018-08-25,Liverpool,Brighton,1.0,0.0,H,1.0,0.0,H,22.0,6.0,8.0,2.0,8.0,5.0,8.0,14.0,1.0,1.0,0.0,0.0,C Kavanagh
2018-2019,2018-08-25,Bournemouth,Everton,2.0,2.0,D,0.0,0.0,D,17.0,11.0,5.0,3.0,6.0,2.0,12.0,10.0,0.0,3.0,1.0,1.0,L Probert
2018-2019,2018-08-25,Arsenal,West Ham,3.0,1.0,H,1.0,1.0,D,17.0,13.0,10.0,5.0,10.0,2.0,16.0,13.0,1.0,3.0,0.0,0.0,G Scott
2018-2019,2018-08-25,Huddersfield,Cardiff,0.0,0.0,D,0.0,0.0,D,5.0,14.0,1.0,4.0,7.0,7.0,8.0,10.0,0.0,1.0,1.0,0.0,M Oliver
2018-2019,2018-08-26,Fulham,Burnley,4.0,2.0,H,3.0,2.0,H,25.0,12.0,12.0,2.0,6.0,4.0,11.0,8.0,2.0,1.0,0.0,0.0,D Coote
2018-2019,2018-08-26,Newcastle,Chelsea,1.0,2.0,A,0.0,0.0,D,6.0,15.0,2.0,3.0,4.0,5.0,16.0,8.0,3.0,1.0,0.0,0.0,P Tierney
2018-2019,2018-08-26,Watford,Crystal Palace,2.0,1.0,H,0.0,0.0,D,13.0,9.0,5.0,3.0,6.0,3.0,14.0,11.0,4.0,2.0,0.0,0.0,A Taylor
2018-2019,2018-08-27,Manchester United,Tottenham,0.0,3.0,A,0.0,0.0,D,23.0,9.0,5.0,5.0,5.0,2.0,11.0,16.0,2.0,4.0,0.0,0.0,C Pawson
2018-2019,2018-09-01,Manchester City,Newcastle,2.0,1.0,H,1.0,1.0,D,24.0,3.0,8.0,2.0,4.0,0.0,5.0,13.0,0.0,0.0,0.0,0.0,K Friend
2018-2019,2018-09-01,West Ham,Wolverhampton,0.0,1.0,A,0.0,0.0,D,13.0,15.0,3.0,6.0,4.0,4.0,10.0,11.0,2.0,1.0,0.0,0.0,C Kavanagh
2018-2019,2018-09-01,Leicester,Liverpool,1.0,2.0,A,0.0,2.0,A,12.0,10.0,5.0,4.0,4.0,4.0,9.0,12.0,3.0,2.0,0.0,0.0,P Tierney
2018-2019,2018-09-01,Brighton,Fulham,2.0,2.0,D,0.0,1.0,A,15.0,10.0,5.0,5.0,7.0,1.0,12.0,14.0,3.0,3.0,0.0,0.0,L Probert
2018-2019,2018-09-01,Crystal Palace,Southampton,0.0,2.0,A,0.0,0.0,D,20.0,19.0,6.0,6.0,7.0,4.0,11.0,12.0,1.0,1.0,0.0,0.0,M Atkinson
2018-2019,2018-09-01,Chelsea,Bournemouth,2.0,0.0,H,0.0,0.0,D,24.0,8.0,6.0,1.0,7.0,6.0,10.0,7.0,2.0,2.0,0.0,0.0,L Mason
2018-2019,2018-09-01,Everton,Huddersfield,1.0,1.0,D,1.0,1.0,D,11.0,9.0,1.0,6.0,4.0,3.0,13.0,14.0,3.0,3.0,0.0,0.0,S Attwell
2018-2019,2018-09-02,Burnley,Manchester United,0.0,2.0,A,0.0,2.0,A,9.0,21.0,2.0,9.0,2.0,5.0,7.0,13.0,2.0,3.0,0.0,1.0,J Moss
2018-2019,2018-09-02,Cardiff,Arsenal,2.0,3.0,A,1.0,1.0,D,14.0,17.0,3.0,11.0,3.0,9.0,12.0,14.0,3.0,4.0,0.0,0.0,A Taylor
2018-2019,2018-09-02,Watford,Tottenham,2.0,1.0,H,0.0,0.0,D,7.0,11.0,3.0,2.0,3.0,10.0,9.0,8.0,2.0,1.0,0.0,0.0,A Marriner
2018-2019,2018-09-15,Tottenham,Liverpool,1.0,2.0,A,0.0,1.0,A,11.0,17.0,3.0,10.0,5.0,4.0,17.0,16.0,0.0,0.0,0.0,0.0,M Oliver
2018-2019,2018-09-15,Bournemouth,Leicester,4.0,2.0,H,3.0,0.0,H,10.0,14.0,5.0,8.0,4.0,6.0,13.0,15.0,3.0,2.0,0.0,1.0,C Pawson
2018-2019,2018-09-15,Chelsea,Cardiff,4.0,1.0,H,2.0,1.0,H,18.0,6.0,7.0,2.0,5.0,4.0,8.0,10.0,0.0,0.0,0.0,0.0,J Moss
2018-2019,2018-09-15,Huddersfield,Crystal Palace,0.0,1.0,A,0.0,1.0,A,15.0,7.0,2.0,2.0,5.0,3.0,11.0,17.0,1.0,2.0,0.0,0.0,L Mason
2018-2019,2018-09-15,Manchester City,Fulham,3.0,0.0,H,2.0,0.0,H,28.0,9.0,9.0,3.0,10.0,4.0,7.0,7.0,0.0,0.0,0.0,0.0,S Attwell
2018-2019,2018-09-15,Newcastle,Arsenal,1.0,2.0,A,0.0,0.0,D,4.0,12.0,2.0,2.0,10.0,4.0,13.0,11.0,0.0,0.0,0.0,0.0,L Probert
2018-2019,2018-09-15,Watford,Manchester United,1.0,2.0,A,0.0,2.0,A,14.0,9.0,5.0,6.0,6.0,8.0,9.0,11.0,2.0,1.0,0.0,1.0,M Dean
2018-2019,2018-09-16,Wolverhampton,Burnley,1.0,0.0,H,0.0,0.0,D,30.0,7.0,7.0,2.0,8.0,2.0,10.0,9.0,2.0,4.0,0.0,0.0,A Marriner
2018-2019,2018-09-16,Everton,West Ham,1.0,3.0,A,1.0,2.0,A,16.0,9.0,4.0,4.0,4.0,2.0,15.0,12.0,2.0,5.0,0.0,0.0,M Atkinson
2018-2019,2018-09-17,Southampton,Brighton,2.0,2.0,D,1.0,0.0,H,14.0,12.0,5.0,4.0,1.0,4.0,10.0,13.0,2.0,3.0,0.0,0.0,A Taylor
2018-2019,2018-09-22,Brighton,Tottenham,1.0,2.0,A,0.0,1.0,A,8.0,16.0,4.0,7.0,5.0,7.0,15.0,9.0,2.0,1.0,0.0,0.0,C Kavanagh
2018-2019,2018-09-22,Burnley,Bournemouth,4.0,0.0,H,2.0,0.0,H,12.0,19.0,5.0,5.0,3.0,8.0,17.0,6.0,2.0,0.0,0.0,0.0,A Taylor
2018-2019,2018-09-22,Cardiff,Manchester City,0.0,5.0,A,0.0,3.0,A,2.0,21.0,2.0,10.0,1.0,9.0,6.0,4.0,1.0,1.0,0.0,0.0,M Oliver
2018-2019,2018-09-22,Crystal Palace,Newcastle,0.0,0.0,D,0.0,0.0,D,16.0,6.0,4.0,3.0,9.0,5.0,8.0,11.0,1.0,1.0,0.0,0.0,A Marriner
2018-2019,2018-09-22,Fulham,Watford,1.0,1.0,D,0.0,1.0,A,15.0,11.0,3.0,6.0,8.0,8.0,11.0,9.0,2.0,1.0,0.0,0.0,M Atkinson
2018-2019,2018-09-22,Leicester,Huddersfield,3.0,1.0,H,1.0,1.0,D,18.0,9.0,8.0,2.0,3.0,1.0,10.0,16.0,2.0,1.0,0.0,0.0,D Coote
2018-2019,2018-09-22,Liverpool,Southampton,3.0,0.0,H,3.0,0.0,H,12.0,7.0,4.0,1.0,5.0,4.0,7.0,10.0,0.0,2.0,0.0,0.0,P Tierney
2018-2019,2018-09-22,Manchester United,Wolverhampton,1.0,1.0,D,1.0,0.0,H,15.0,11.0,6.0,8.0,5.0,4.0,5.0,17.0,1.0,1.0,0.0,0.0,K Friend
2018-2019,2018-09-23,Arsenal,Everton,2.0,0.0,H,0.0,0.0,D,9.0,9.0,5.0,6.0,5.0,9.0,17.0,12.0,2.0,1.0,0.0,0.0,J Moss
2018-2019,2018-09-23,West Ham,Chelsea,0.0,0.0,D,0.0,0.0,D,6.0,17.0,1.0,6.0,1.0,8.0,11.0,9.0,2.0,1.0,0.0,0.0,M Dean
2018-2019,2018-09-29,Newcastle,Leicester,0.0,2.0,A,0.0,1.0,A,6.0,12.0,1.0,5.0,5.0,9.0,11.0,5.0,0.0,0.0,0.0,0.0,S Hooper
2018-2019,2018-09-29,Wolverhampton,Southampton,2.0,0.0,H,0.0,0.0,D,14.0,17.0,6.0,6.0,8.0,6.0,11.0,7.0,3.0,1.0,0.0,0.0,S Attwell
2018-2019,2018-09-29,West Ham,Manchester United,3.0,1.0,H,2.0,0.0,H,8.0,9.0,3.0,4.0,4.0,9.0,12.0,12.0,0.0,1.0,0.0,0.0,M Oliver
2018-2019,2018-09-29,Manchester City,Brighton,2.0,0.0,H,1.0,0.0,H,28.0,4.0,8.0,1.0,10.0,3.0,4.0,10.0,0.0,3.0,0.0,0.0,L Mason
2018-2019,2018-09-29,Huddersfield,Tottenham,0.0,2.0,A,0.0,2.0,A,9.0,10.0,5.0,6.0,3.0,0.0,17.0,16.0,2.0,2.0,0.0,0.0,C Pawson
2018-2019,2018-09-29,Everton,Fulham,3.0,0.0,H,0.0,0.0,D,19.0,6.0,6.0,0.0,12.0,1.0,13.0,13.0,0.0,3.0,0.0,0.0,R East
2018-2019,2018-09-29,Chelsea,Liverpool,1.0,1.0,D,1.0,0.0,H,10.0,13.0,4.0,6.0,4.0,4.0,7.0,9.0,0.0,2.0,0.0,0.0,A Marriner
2018-2019,2018-09-29,Arsenal,Watford,2.0,0.0,H,0.0,0.0,D,9.0,13.0,2.0,4.0,6.0,6.0,11.0,17.0,2.0,2.0,0.0,0.0,A Taylor
2018-2019,2018-09-30,Cardiff,Burnley,1.0,2.0,A,0.0,0.0,D,19.0,3.0,5.0,2.0,10.0,2.0,11.0,15.0,1.0,3.0,0.0,0.0,M Atkinson
2018-2019,2018-10-01,Bournemouth,Crystal Palace,2.0,1.0,H,1.0,0.0,H,11.0,10.0,5.0,2.0,3.0,3.0,9.0,12.0,3.0,4.0,0.0,0.0,M Dean
2018-2019,2018-10-05,Brighton,West Ham,1.0,0.0,H,1.0,0.0,H,9.0,17.0,4.0,4.0,2.0,9.0,12.0,8.0,3.0,2.0,0.0,0.0,K Friend
2018-2019,2018-10-06,Burnley,Huddersfield,1.0,1.0,D,1.0,0.0,H,6.0,19.0,3.0,2.0,1.0,10.0,8.0,11.0,2.0,2.0,0.0,0.0,C Kavanagh
2018-2019,2018-10-06,Crystal Palace,Wolverhampton,0.0,1.0,A,0.0,0.0,D,11.0,7.0,4.0,2.0,6.0,3.0,11.0,13.0,3.0,4.0,0.0,0.0,M Oliver
2018-2019,2018-10-06,Leicester,Everton,1.0,2.0,A,1.0,1.0,D,8.0,17.0,2.0,8.0,2.0,10.0,10.0,11.0,2.0,1.0,1.0,0.0,A Marriner
2018-2019,2018-10-06,Manchester United,Newcastle,3.0,2.0,H,0.0,2.0,A,18.0,13.0,10.0,8.0,10.0,6.0,16.0,8.0,2.0,2.0,0.0,0.0,A Taylor
2018-2019,2018-10-06,Tottenham,Cardiff,1.0,0.0,H,1.0,0.0,H,19.0,8.0,7.0,6.0,6.0,2.0,7.0,11.0,2.0,1.0,0.0,1.0,M Dean
2018-2019,2018-10-06,Watford,Bournemouth,0.0,4.0,A,0.0,3.0,A,14.0,10.0,2.0,7.0,10.0,7.0,11.0,9.0,3.0,1.0,1.0,0.0,J Moss
2018-2019,2018-10-07,Fulham,Arsenal,1.0,5.0,A,1.0,1.0,D,21.0,9.0,4.0,7.0,4.0,2.0,11.0,12.0,2.0,0.0,0.0,0.0,P Tierney
2018-2019,2018-10-07,Liverpool,Manchester City,0.0,0.0,D,0.0,0.0,D,7.0,6.0,2.0,2.0,2.0,6.0,10.0,10.0,1.0,3.0,0.0,0.0,M Atkinson
2018-2019,2018-10-07,Southampton,Chelsea,0.0,3.0,A,0.0,1.0,A,15.0,21.0,6.0,6.0,4.0,12.0,13.0,11.0,6.0,0.0,0.0,0.0,C Pawson
2018-2019,2018-10-20,West Ham,Tottenham,0.0,1.0,A,0.0,1.0,A,13.0,10.0,4.0,2.0,10.0,6.0,8.0,10.0,3.0,0.0,0.0,0.0,M Atkinson
2018-2019,2018-10-20,Wolverhampton,Watford,0.0,2.0,A,0.0,2.0,A,10.0,9.0,1.0,3.0,8.0,2.0,23.0,13.0,3.0,1.0,0.0,0.0,L Mason
2018-2019,2018-10-20,Manchester City,Burnley,5.0,0.0,H,1.0,0.0,H,24.0,5.0,10.0,0.0,10.0,1.0,11.0,5.0,2.0,2.0,0.0,0.0,J Moss
2018-2019,2018-10-20,Newcastle,Brighton,0.0,1.0,A,0.0,1.0,A,27.0,8.0,6.0,2.0,10.0,2.0,13.0,17.0,0.0,2.0,0.0,0.0,A Marriner
2018-2019,2018-10-20,Chelsea,Manchester United,2.0,2.0,D,1.0,0.0,H,21.0,7.0,6.0,4.0,5.0,3.0,9.0,17.0,2.0,5.0,0.0,0.0,M Dean
2018-2019,2018-10-20,Huddersfield,Liverpool,0.0,1.0,A,0.0,1.0,A,13.0,11.0,1.0,2.0,2.0,4.0,9.0,6.0,0.0,2.0,0.0,0.0,M Oliver
2018-2019,2018-10-20,Cardiff,Fulham,4.0,2.0,H,2.0,2.0,D,22.0,9.0,5.0,4.0,4.0,4.0,15.0,16.0,3.0,3.0,0.0,0.0,K Friend
2018-2019,2018-10-20,Bournemouth,Southampton,0.0,0.0,D,0.0,0.0,D,10.0,8.0,2.0,4.0,6.0,4.0,10.0,14.0,1.0,2.0,0.0,0.0,L Probert
2018-2019,2018-10-21,Everton,Crystal Palace,2.0,0.0,H,0.0,0.0,D,20.0,7.0,4.0,3.0,10.0,5.0,13.0,17.0,2.0,1.0,0.0,0.0,A Taylor
2018-2019,2018-10-22,Arsenal,Leicester,3.0,1.0,H,1.0,1.0,D,19.0,8.0,6.0,2.0,6.0,4.0,10.0,10.0,2.0,2.0,0.0,0.0,C Kavanagh
2018-2019,2018-10-27,Watford,Huddersfield,3.0,0.0,H,2.0,0.0,H,12.0,13.0,6.0,7.0,3.0,3.0,9.0,13.0,1.0,2.0,0.0,0.0,M Dean
2018-2019,2018-10-27,Southampton,Newcastle,0.0,0.0,D,0.0,0.0,D,22.0,6.0,4.0,0.0,7.0,2.0,9.0,12.0,0.0,1.0,0.0,0.0,C Kavanagh
2018-2019,2018-10-27,Liverpool,Cardiff,4.0,1.0,H,1.0,0.0,H,19.0,2.0,7.0,1.0,8.0,0.0,6.0,4.0,0.0,0.0,0.0,0.0,S Attwell
2018-2019,2018-10-27,Fulham,Bournemouth,0.0,3.0,A,0.0,1.0,A,11.0,12.0,1.0,5.0,5.0,5.0,16.0,3.0,2.0,1.0,1.0,0.0,A Marriner
2018-2019,2018-10-27,Brighton,Wolverhampton,1.0,0.0,H,0.0,0.0,D,2.0,25.0,1.0,7.0,1.0,10.0,11.0,8.0,3.0,0.0,0.0,0.0,A Taylor
2018-2019,2018-10-27,Leicester,West Ham,1.0,1.0,D,0.0,1.0,A,21.0,11.0,7.0,3.0,8.0,0.0,17.0,5.0,1.0,1.0,0.0,1.0,M Oliver
2018-2019,2018-10-28,Burnley,Chelsea,0.0,4.0,A,0.0,1.0,A,7.0,24.0,1.0,8.0,4.0,4.0,14.0,10.0,4.0,2.0,0.0,0.0,C Pawson
2018-2019,2018-10-28,Crystal Palace,Arsenal,2.0,2.0,D,1.0,0.0,H,16.0,7.0,3.0,2.0,6.0,4.0,10.0,16.0,1.0,2.0,0.0,0.0,M Atkinson
2018-2019,2018-10-28,Manchester United,Everton,2.0,1.0,H,1.0,0.0,H,14.0,14.0,10.0,6.0,8.0,4.0,15.0,12.0,2.0,1.0,0.0,0.0,J Moss
2018-2019,2018-10-29,Tottenham,Manchester City,0.0,1.0,A,0.0,1.0,A,4.0,13.0,1.0,6.0,3.0,6.0,13.0,13.0,2.0,2.0,0.0,0.0,K Friend
2018-2019,2018-11-03,West Ham,Burnley,4.0,2.0,H,1.0,1.0,D,22.0,6.0,10.0,3.0,10.0,4.0,7.0,9.0,1.0,4.0,0.0,0.0,R East
2018-2019,2018-11-03,Wolverhampton,Tottenham,2.0,3.0,A,0.0,2.0,A,16.0,10.0,7.0,8.0,5.0,1.0,11.0,8.0,1.0,2.0,0.0,0.0,M Dean
2018-2019,2018-11-03,Newcastle,Watford,1.0,0.0,H,0.0,0.0,D,10.0,16.0,2.0,1.0,8.0,9.0,12.0,11.0,1.0,5.0,0.0,0.0,C Pawson
2018-2019,2018-11-03,Everton,Brighton,3.0,1.0,H,1.0,1.0,D,14.0,5.0,3.0,3.0,6.0,4.0,9.0,17.0,0.0,1.0,0.0,0.0,D Coote
2018-2019,2018-11-03,Cardiff,Leicester,0.0,1.0,A,0.0,0.0,D,11.0,13.0,2.0,5.0,6.0,12.0,13.0,12.0,2.0,2.0,0.0,0.0,L Probert
2018-2019,2018-11-03,Bournemouth,Manchester United,1.0,2.0,A,1.0,1.0,D,18.0,18.0,7.0,8.0,9.0,5.0,12.0,12.0,4.0,3.0,0.0,0.0,P Tierney
2018-2019,2018-11-03,Arsenal,Liverpool,1.0,1.0,D,0.0,0.0,D,12.0,13.0,4.0,4.0,5.0,8.0,7.0,7.0,1.0,1.0,0.0,0.0,A Marriner
2018-2019,2018-11-04,Chelsea,Crystal Palace,3.0,1.0,H,1.0,0.0,H,15.0,7.0,6.0,2.0,4.0,2.0,6.0,13.0,0.0,1.0,0.0,0.0,M Oliver
2018-2019,2018-11-04,Manchester City,Southampton,6.0,1.0,H,4.0,1.0,H,18.0,12.0,8.0,6.0,4.0,4.0,14.0,9.0,1.0,1.0,0.0,0.0,L Mason
2018-2019,2018-11-05,Huddersfield,Fulham,1.0,0.0,H,1.0,0.0,H,10.0,7.0,2.0,1.0,5.0,4.0,11.0,8.0,1.0,2.0,0.0,0.0,A Taylor
2018-2019,2018-11-10,Southampton,Watford,1.0,1.0,D,1.0,0.0,H,14.0,12.0,4.0,6.0,7.0,6.0,13.0,13.0,3.0,2.0,0.0,0.0,S Hooper
2018-2019,2018-11-10,Newcastle,Bournemouth,2.0,1.0,H,2.0,1.0,H,18.0,14.0,6.0,4.0,7.0,10.0,9.0,11.0,2.0,1.0,0.0,0.0,L Probert
2018-2019,2018-11-10,Leicester,Burnley,0.0,0.0,D,0.0,0.0,D,22.0,6.0,5.0,1.0,12.0,1.0,13.0,10.0,2.0,0.0,0.0,0.0,M Dean
2018-2019,2018-11-10,Crystal Palace,Tottenham,0.0,1.0,A,0.0,0.0,D,11.0,11.0,4.0,2.0,10.0,6.0,12.0,9.0,1.0,1.0,0.0,0.0,J Moss
2018-2019,2018-11-10,Cardiff,Brighton,2.0,1.0,H,1.0,1.0,D,20.0,7.0,6.0,3.0,4.0,1.0,7.0,21.0,2.0,1.0,0.0,1.0,M Atkinson
2018-2019,2018-11-10,Huddersfield,West Ham,1.0,1.0,D,1.0,0.0,H,15.0,12.0,7.0,5.0,5.0,6.0,9.0,8.0,1.0,1.0,0.0,0.0,C Kavanagh
2018-2019,2018-11-11,Arsenal,Wolverhampton,1.0,1.0,D,0.0,1.0,A,10.0,12.0,3.0,5.0,11.0,2.0,9.0,16.0,2.0,2.0,0.0,0.0,S Attwell
2018-2019,2018-11-11,Chelsea,Everton,0.0,0.0,D,0.0,0.0,D,15.0,6.0,4.0,1.0,5.0,5.0,7.0,11.0,4.0,3.0,0.0,0.0,K Friend
2018-2019,2018-11-11,Liverpool,Fulham,2.0,0.0,H,1.0,0.0,H,20.0,8.0,7.0,3.0,6.0,3.0,11.0,9.0,1.0,1.0,0.0,0.0,P Tierney
2018-2019,2018-11-11,Manchester City,Manchester United,3.0,1.0,H,1.0,0.0,H,17.0,6.0,5.0,1.0,5.0,1.0,12.0,12.0,1.0,1.0,0.0,0.0,A Taylor
2018-2019,2018-11-24,Watford,Liverpool,0.0,3.0,A,0.0,0.0,D,5.0,10.0,1.0,7.0,5.0,5.0,12.0,13.0,0.0,0.0,0.0,1.0,J Moss
2018-2019,2018-11-24,West Ham,Manchester City,0.0,4.0,A,0.0,3.0,A,9.0,9.0,1.0,6.0,8.0,1.0,6.0,3.0,0.0,0.0,0.0,0.0,A Marriner
2018-2019,2018-11-24,Tottenham,Chelsea,3.0,1.0,H,2.0,0.0,H,18.0,13.0,9.0,2.0,4.0,4.0,19.0,12.0,0.0,3.0,0.0,0.0,M Atkinson
2018-2019,2018-11-24,Brighton,Leicester,1.0,1.0,D,1.0,0.0,H,14.0,8.0,3.0,3.0,6.0,1.0,10.0,7.0,3.0,1.0,0.0,1.0,C Kavanagh
2018-2019,2018-11-24,Fulham,Southampton,3.0,2.0,H,2.0,1.0,H,10.0,19.0,5.0,8.0,2.0,5.0,10.0,6.0,2.0,3.0,0.0,0.0,M Oliver
2018-2019,2018-11-24,Everton,Cardiff,1.0,0.0,H,0.0,0.0,D,16.0,7.0,8.0,1.0,7.0,3.0,12.0,13.0,0.0,3.0,0.0,0.0,P Tierney
2018-2019,2018-11-24,Manchester United,Crystal Palace,0.0,0.0,D,0.0,0.0,D,12.0,13.0,5.0,2.0,10.0,3.0,13.0,12.0,1.0,2.0,0.0,0.0,L Mason
2018-2019,2018-11-25,Bournemouth,Arsenal,1.0,2.0,A,1.0,1.0,D,11.0,20.0,5.0,4.0,5.0,8.0,6.0,9.0,2.0,1.0,0.0,0.0,C Pawson
2018-2019,2018-11-25,Wolverhampton,Huddersfield,0.0,2.0,A,0.0,1.0,A,12.0,14.0,3.0,6.0,3.0,5.0,9.0,8.0,1.0,2.0,0.0,0.0,K Friend
2018-2019,2018-11-26,Burnley,Newcastle,1.0,2.0,A,1.0,2.0,A,14.0,17.0,4.0,3.0,5.0,5.0,6.0,11.0,0.0,1.0,0.0,0.0,A Taylor
2018-2019,2018-11-30,Cardiff,Wolverhampton,2.0,1.0,H,0.0,1.0,A,17.0,15.0,3.0,4.0,7.0,6.0,3.0,12.0,1.0,2.0,0.0,0.0,A Marriner
2018-2019,2018-12-01,Southampton,Manchester United,2.0,2.0,D,2.0,2.0,D,16.0,11.0,6.0,5.0,3.0,5.0,12.0,13.0,4.0,4.0,0.0,0.0,K Friend
2018-2019,2018-12-01,Newcastle,West Ham,0.0,3.0,A,0.0,1.0,A,16.0,7.0,4.0,4.0,7.0,3.0,10.0,10.0,3.0,3.0,0.0,0.0,P Tierney
2018-2019,2018-12-01,Manchester City,Bournemouth,3.0,1.0,H,1.0,1.0,D,16.0,4.0,6.0,1.0,8.0,4.0,9.0,3.0,0.0,0.0,0.0,0.0,S Attwell
2018-2019,2018-12-01,Huddersfield,Brighton,1.0,2.0,A,1.0,1.0,D,7.0,14.0,2.0,6.0,2.0,6.0,10.0,12.0,0.0,2.0,1.0,0.0,M Oliver
2018-2019,2018-12-01,Crystal Palace,Burnley,2.0,0.0,H,1.0,0.0,H,29.0,4.0,9.0,0.0,10.0,2.0,9.0,10.0,1.0,1.0,0.0,0.0,L Probert
2018-2019,2018-12-01,Leicester,Watford,2.0,0.0,H,2.0,0.0,H,7.0,8.0,3.0,0.0,4.0,8.0,7.0,6.0,2.0,1.0,0.0,1.0,G Scott
2018-2019,2018-12-02,Arsenal,Tottenham,4.0,2.0,H,1.0,2.0,A,22.0,11.0,7.0,6.0,8.0,5.0,15.0,17.0,3.0,3.0,0.0,1.0,M Dean
2018-2019,2018-12-02,Chelsea,Fulham,2.0,0.0,H,1.0,0.0,H,16.0,9.0,9.0,4.0,4.0,6.0,8.0,17.0,2.0,1.0,0.0,0.0,C Pawson
2018-2019,2018-12-02,Liverpool,Everton,1.0,0.0,H,0.0,0.0,D,16.0,9.0,3.0,3.0,8.0,1.0,12.0,7.0,3.0,2.0,0.0,0.0,C Kavanagh
2018-2019,2018-12-04,West Ham,Cardiff,3.0,1.0,H,0.0,0.0,D,17.0,9.0,11.0,5.0,10.0,4.0,10.0,10.0,1.0,2.0,0.0,0.0,G Scott
2018-2019,2018-12-04,Watford,Manchester City,1.0,2.0,A,0.0,1.0,A,11.0,15.0,7.0,7.0,3.0,11.0,4.0,8.0,0.0,1.0,0.0,0.0,P Tierney
2018-2019,2018-12-04,Bournemouth,Huddersfield,2.0,1.0,H,2.0,1.0,H,6.0,23.0,2.0,6.0,4.0,8.0,14.0,11.0,4.0,2.0,0.0,0.0,R East
2018-2019,2018-12-04,Brighton,Crystal Palace,3.0,1.0,H,3.0,0.0,H,9.0,18.0,3.0,5.0,4.0,5.0,14.0,12.0,2.0,3.0,1.0,0.0,K Friend
2018-2019,2018-12-05,Burnley,Liverpool,1.0,3.0,A,0.0,0.0,D,10.0,18.0,6.0,12.0,5.0,9.0,10.0,3.0,1.0,0.0,0.0,0.0,S Attwell
2018-2019,2018-12-05,Everton,Newcastle,1.0,1.0,D,1.0,1.0,D,19.0,8.0,3.0,5.0,14.0,2.0,7.0,18.0,0.0,5.0,0.0,0.0,L Mason
2018-2019,2018-12-05,Fulham,Leicester,1.0,1.0,D,1.0,0.0,H,25.0,13.0,7.0,5.0,10.0,8.0,12.0,7.0,0.0,0.0,0.0,0.0,D Coote
2018-2019,2018-12-05,Manchester United,Arsenal,2.0,2.0,D,1.0,1.0,D,10.0,9.0,7.0,4.0,4.0,4.0,13.0,10.0,3.0,3.0,0.0,0.0,A Marriner
2018-2019,2018-12-05,Tottenham,Southampton,3.0,1.0,H,1.0,0.0,H,13.0,18.0,8.0,5.0,8.0,6.0,7.0,5.0,0.0,0.0,0.0,0.0,A Taylor
2018-2019,2018-12-05,Wolverhampton,Chelsea,2.0,1.0,H,0.0,1.0,A,6.0,17.0,2.0,3.0,1.0,5.0,18.0,10.0,4.0,4.0,0.0,0.0,J Moss
2018-2019,2018-12-08,Manchester United,Fulham,4.0,1.0,H,3.0,0.0,H,20.0,10.0,11.0,4.0,10.0,3.0,11.0,15.0,1.0,1.0,0.0,1.0,L Probert
2018-2019,2018-12-08,Arsenal,Huddersfield,1.0,0.0,H,0.0,0.0,D,14.0,6.0,2.0,0.0,7.0,1.0,13.0,20.0,5.0,4.0,0.0,0.0,P Tierney
2018-2019,2018-12-08,Bournemouth,Liverpool,0.0,4.0,A,0.0,1.0,A,8.0,10.0,2.0,4.0,6.0,6.0,9.0,11.0,2.0,1.0,0.0,0.0,L Mason
2018-2019,2018-12-08,Burnley,Brighton,1.0,0.0,H,1.0,0.0,H,14.0,14.0,4.0,1.0,2.0,7.0,11.0,11.0,2.0,0.0,0.0,0.0,M Atkinson
2018-2019,2018-12-08,Cardiff,Southampton,1.0,0.0,H,0.0,0.0,D,13.0,12.0,4.0,1.0,7.0,7.0,9.0,10.0,2.0,2.0,0.0,0.0,J Moss
2018-2019,2018-12-08,Chelsea,Manchester City,2.0,0.0,H,1.0,0.0,H,8.0,14.0,5.0,4.0,1.0,13.0,12.0,11.0,2.0,0.0,0.0,0.0,M Oliver
2018-2019,2018-12-08,Leicester,Tottenham,0.0,2.0,A,0.0,1.0,A,11.0,7.0,3.0,2.0,6.0,5.0,12.0,7.0,3.0,1.0,0.0,0.0,C Pawson
2018-2019,2018-12-08,West Ham,Crystal Palace,3.0,2.0,H,0.0,1.0,A,13.0,8.0,6.0,4.0,5.0,3.0,10.0,8.0,1.0,2.0,0.0,0.0,A Taylor
2018-2019,2018-12-09,Newcastle,Wolverhampton,1.0,2.0,A,1.0,1.0,D,12.0,13.0,4.0,6.0,4.0,6.0,10.0,17.0,2.0,5.0,1.0,0.0,M Dean
2018-2019,2018-12-10,Everton,Watford,2.0,2.0,D,1.0,0.0,H,12.0,15.0,5.0,3.0,6.0,6.0,13.0,13.0,1.0,1.0,0.0,0.0,K Friend
2018-2019,2018-12-15,Crystal Palace,Leicester,1.0,0.0,H,1.0,0.0,H,8.0,12.0,1.0,2.0,4.0,4.0,10.0,8.0,2.0,1.0,0.0,0.0,M Oliver
2018-2019,2018-12-15,Fulham,West Ham,0.0,2.0,A,0.0,2.0,A,16.0,6.0,4.0,3.0,6.0,4.0,14.0,10.0,2.0,1.0,0.0,0.0,M Dean
2018-2019,2018-12-15,Huddersfield,Newcastle,0.0,1.0,A,0.0,0.0,D,15.0,8.0,5.0,5.0,10.0,1.0,5.0,13.0,1.0,1.0,0.0,0.0,A Taylor
2018-2019,2018-12-15,Manchester City,Everton,3.0,1.0,H,1.0,0.0,H,13.0,9.0,5.0,2.0,6.0,2.0,7.0,9.0,1.0,2.0,0.0,0.0,C Pawson
2018-2019,2018-12-15,Tottenham,Burnley,1.0,0.0,H,0.0,0.0,D,15.0,4.0,3.0,0.0,8.0,3.0,7.0,8.0,0.0,2.0,0.0,0.0,G Scott
2018-2019,2018-12-15,Watford,Cardiff,3.0,2.0,H,1.0,0.0,H,17.0,10.0,8.0,3.0,5.0,0.0,7.0,5.0,0.0,0.0,0.0,0.0,A Madley
2018-2019,2018-12-15,Wolverhampton,Bournemouth,2.0,0.0,H,1.0,0.0,H,9.0,13.0,3.0,3.0,5.0,3.0,15.0,7.0,1.0,2.0,0.0,0.0,S Hooper
2018-2019,2018-12-16,Brighton,Chelsea,1.0,2.0,A,0.0,2.0,A,6.0,10.0,2.0,3.0,4.0,1.0,14.0,6.0,2.0,2.0,0.0,0.0,S Attwell
2018-2019,2018-12-16,Liverpool,Manchester United,3.0,1.0,H,1.0,1.0,D,36.0,6.0,11.0,2.0,13.0,2.0,6.0,14.0,0.0,2.0,0.0,0.0,M Atkinson
2018-2019,2018-12-16,Southampton,Arsenal,3.0,2.0,H,2.0,1.0,H,12.0,13.0,7.0,4.0,4.0,5.0,12.0,10.0,3.0,1.0,0.0,0.0,C Kavanagh
2018-2019,2018-12-21,Wolverhampton,Liverpool,0.0,2.0,A,0.0,1.0,A,11.0,15.0,5.0,6.0,1.0,10.0,7.0,3.0,0.0,0.0,0.0,0.0,C Pawson
2018-2019,2018-12-22,West Ham,Watford,0.0,2.0,A,0.0,1.0,A,18.0,11.0,7.0,5.0,10.0,4.0,9.0,11.0,3.0,2.0,0.0,0.0,L Mason
2018-2019,2018-12-22,Newcastle,Fulham,0.0,0.0,D,0.0,0.0,D,9.0,4.0,0.0,2.0,6.0,0.0,9.0,12.0,1.0,2.0,0.0,0.0,M Atkinson
2018-2019,2018-12-22,Manchester City,Crystal Palace,2.0,3.0,A,1.0,2.0,A,19.0,5.0,5.0,3.0,13.0,0.0,7.0,6.0,0.0,4.0,0.0,0.0,A Marriner
2018-2019,2018-12-22,Huddersfield,Southampton,1.0,3.0,A,0.0,2.0,A,16.0,13.0,5.0,6.0,8.0,2.0,12.0,9.0,2.0,3.0,0.0,0.0,S Attwell
2018-2019,2018-12-22,Cardiff,Manchester United,1.0,5.0,A,1.0,3.0,A,9.0,17.0,3.0,9.0,4.0,7.0,13.0,13.0,2.0,1.0,0.0,0.0,M Oliver
2018-2019,2018-12-22,Bournemouth,Brighton,2.0,0.0,H,1.0,0.0,H,14.0,10.0,3.0,5.0,6.0,5.0,8.0,18.0,2.0,0.0,0.0,1.0,M Dean
2018-2019,2018-12-22,Arsenal,Burnley,3.0,1.0,H,1.0,0.0,H,10.0,7.0,6.0,2.0,1.0,3.0,10.0,14.0,2.0,5.0,0.0,0.0,K Friend
2018-2019,2018-12-22,Chelsea,Leicester,0.0,1.0,A,0.0,0.0,D,17.0,8.0,5.0,3.0,9.0,5.0,10.0,9.0,0.0,2.0,0.0,0.0,L Probert
2018-2019,2018-12-23,Everton,Tottenham,2.0,6.0,A,1.0,3.0,A,10.0,17.0,3.0,8.0,2.0,1.0,13.0,9.0,0.0,2.0,0.0,0.0,P Tierney
2018-2019,2018-12-26,Fulham,Wolverhampton,1.0,1.0,D,0.0,0.0,D,11.0,14.0,9.0,5.0,2.0,0.0,9.0,6.0,2.0,1.0,0.0,0.0,A Marriner
2018-2019,2018-12-26,Brighton,Arsenal,1.0,1.0,D,1.0,1.0,D,12.0,7.0,3.0,4.0,4.0,9.0,10.0,4.0,2.0,1.0,0.0,0.0,A Taylor
2018-2019,2018-12-26,Burnley,Everton,1.0,5.0,A,1.0,3.0,A,11.0,13.0,4.0,6.0,5.0,7.0,11.0,19.0,2.0,4.0,0.0,0.0,M Oliver
2018-2019,2018-12-26,Crystal Palace,Cardiff,0.0,0.0,D,0.0,0.0,D,31.0,9.0,5.0,4.0,12.0,1.0,9.0,11.0,0.0,3.0,0.0,0.0,L Probert
2018-2019,2018-12-26,Leicester,Manchester City,2.0,1.0,H,1.0,1.0,D,10.0,11.0,5.0,4.0,3.0,7.0,5.0,8.0,2.0,2.0,0.0,1.0,M Dean
2018-2019,2018-12-26,Liverpool,Newcastle,4.0,0.0,H,1.0,0.0,H,16.0,6.0,8.0,2.0,10.0,2.0,7.0,9.0,0.0,0.0,0.0,0.0,G Scott
2018-2019,2018-12-26,Manchester United,Huddersfield,3.0,1.0,H,1.0,0.0,H,16.0,10.0,10.0,2.0,5.0,3.0,9.0,13.0,1.0,1.0,0.0,0.0,J Moss
2018-2019,2018-12-26,Tottenham,Bournemouth,5.0,0.0,H,3.0,0.0,H,10.0,14.0,7.0,4.0,3.0,4.0,4.0,8.0,2.0,1.0,0.0,0.0,C Kavanagh
2018-2019,2018-12-26,Watford,Chelsea,1.0,2.0,A,1.0,1.0,D,10.0,10.0,2.0,4.0,3.0,4.0,15.0,5.0,1.0,0.0,0.0,0.0,M Atkinson
2018-2019,2018-12-27,Southampton,West Ham,1.0,2.0,A,0.0,0.0,D,11.0,16.0,5.0,5.0,4.0,5.0,10.0,3.0,2.0,0.0,0.0,0.0,C Pawson
2018-2019,2018-12-29,Tottenham,Wolverhampton,1.0,3.0,A,1.0,0.0,H,10.0,11.0,3.0,4.0,6.0,7.0,7.0,7.0,3.0,2.0,0.0,0.0,S Attwell
2018-2019,2018-12-29,Liverpool,Arsenal,5.0,1.0,H,4.0,1.0,H,15.0,8.0,10.0,2.0,5.0,3.0,8.0,13.0,1.0,2.0,0.0,0.0,M Oliver
2018-2019,2018-12-29,Watford,Newcastle,1.0,1.0,D,0.0,1.0,A,12.0,8.0,5.0,2.0,3.0,6.0,17.0,16.0,1.0,2.0,0.0,0.0,R East
2018-2019,2018-12-29,Fulham,Huddersfield,1.0,0.0,H,0.0,0.0,D,14.0,9.0,5.0,5.0,4.0,3.0,12.0,10.0,3.0,1.0,0.0,0.0,K Friend
2018-2019,2018-12-29,Leicester,Cardiff,0.0,1.0,A,0.0,0.0,D,16.0,12.0,7.0,3.0,10.0,4.0,14.0,16.0,0.0,2.0,0.0,0.0,S Hooper
2018-2019,2018-12-29,Brighton,Everton,1.0,0.0,H,0.0,0.0,D,11.0,13.0,3.0,4.0,6.0,6.0,10.0,11.0,0.0,2.0,0.0,0.0,A Madley
2018-2019,2018-12-30,Burnley,West Ham,2.0,0.0,H,2.0,0.0,H,17.0,11.0,5.0,4.0,5.0,5.0,15.0,11.0,1.0,4.0,0.0,0.0,D Coote
2018-2019,2018-12-30,Crystal Palace,Chelsea,0.0,1.0,A,0.0,0.0,D,4.0,12.0,0.0,4.0,3.0,4.0,11.0,8.0,0.0,1.0,0.0,0.0,C Pawson
2018-2019,2018-12-30,Manchester United,Bournemouth,4.0,1.0,H,3.0,1.0,H,11.0,7.0,8.0,3.0,4.0,5.0,10.0,7.0,2.0,0.0,1.0,0.0,L Mason
2018-2019,2018-12-30,Southampton,Manchester City,1.0,3.0,A,1.0,3.0,A,5.0,14.0,4.0,6.0,3.0,8.0,11.0,10.0,2.0,3.0,1.0,0.0,P Tierney
2018-2019,2019-01-01,Everton,Leicester,0.0,1.0,A,0.0,0.0,D,17.0,8.0,2.0,4.0,6.0,5.0,5.0,8.0,3.0,1.0,0.0,0.0,M Atkinson
2018-2019,2019-01-01,Arsenal,Fulham,4.0,1.0,H,1.0,0.0,H,16.0,9.0,9.0,4.0,8.0,3.0,7.0,12.0,0.0,1.0,0.0,0.0,G Scott
2018-2019,2019-01-01,Cardiff,Tottenham,0.0,3.0,A,0.0,3.0,A,6.0,13.0,3.0,4.0,5.0,3.0,6.0,6.0,1.0,0.0,0.0,0.0,K Friend
2018-2019,2019-01-02,Wolverhampton,Crystal Palace,0.0,2.0,A,0.0,0.0,D,9.0,17.0,1.0,4.0,3.0,10.0,9.0,7.0,4.0,1.0,0.0,0.0,R East
2018-2019,2019-01-02,West Ham,Brighton,2.0,2.0,D,0.0,0.0,D,13.0,13.0,6.0,6.0,1.0,5.0,9.0,11.0,0.0,1.0,0.0,0.0,C Kavanagh
2018-2019,2019-01-02,Newcastle,Manchester United,0.0,2.0,A,0.0,0.0,D,14.0,16.0,3.0,7.0,1.0,2.0,10.0,9.0,1.0,2.0,0.0,0.0,A Marriner
2018-2019,2019-01-02,Bournemouth,Watford,3.0,3.0,D,3.0,3.0,D,25.0,11.0,12.0,3.0,4.0,2.0,9.0,15.0,1.0,4.0,0.0,0.0,D Coote
2018-2019,2019-01-02,Chelsea,Southampton,0.0,0.0,D,0.0,0.0,D,17.0,6.0,6.0,2.0,7.0,2.0,8.0,11.0,1.0,2.0,0.0,0.0,J Moss
2018-2019,2019-01-02,Huddersfield,Burnley,1.0,2.0,A,1.0,1.0,D,9.0,16.0,2.0,8.0,5.0,2.0,11.0,9.0,0.0,4.0,1.0,1.0,M Dean
2018-2019,2019-01-03,Manchester City,Liverpool,2.0,1.0,H,1.0,0.0,H,9.0,7.0,4.0,5.0,2.0,1.0,12.0,7.0,4.0,2.0,0.0,0.0,A Taylor
2018-2019,2019-01-12,Crystal Palace,Watford,1.0,2.0,A,1.0,0.0,H,15.0,16.0,6.0,2.0,7.0,7.0,11.0,11.0,1.0,4.0,0.0,0.0,P Tierney
2018-2019,2019-01-12,Leicester,Southampton,1.0,2.0,A,0.0,2.0,A,23.0,8.0,6.0,3.0,10.0,3.0,7.0,9.0,2.0,1.0,0.0,1.0,M Oliver
2018-2019,2019-01-12,West Ham,Arsenal,1.0,0.0,H,0.0,0.0,D,11.0,11.0,3.0,2.0,7.0,3.0,7.0,10.0,0.0,2.0,0.0,0.0,J Moss
2018-2019,2019-01-12,Cardiff,Huddersfield,0.0,0.0,D,0.0,0.0,D,3.0,14.0,0.0,2.0,3.0,10.0,12.0,14.0,3.0,1.0,0.0,0.0,L Mason
2018-2019,2019-01-12,Burnley,Fulham,2.0,1.0,H,2.0,1.0,H,11.0,12.0,0.0,4.0,2.0,6.0,5.0,9.0,1.0,2.0,0.0,0.0,M Atkinson
2018-2019,2019-01-12,Brighton,Liverpool,0.0,1.0,A,0.0,0.0,D,7.0,10.0,0.0,3.0,2.0,7.0,15.0,5.0,0.0,0.0,0.0,0.0,K Friend
2018-2019,2019-01-12,Chelsea,Newcastle,2.0,1.0,H,1.0,1.0,D,10.0,9.0,6.0,2.0,8.0,5.0,6.0,13.0,1.0,1.0,0.0,0.0,C Kavanagh
2018-2019,2019-01-13,Everton,Bournemouth,2.0,0.0,H,0.0,0.0,D,15.0,16.0,3.0,7.0,5.0,9.0,17.0,8.0,5.0,0.0,0.0,0.0,A Taylor
2018-2019,2019-01-13,Tottenham,Manchester United,0.0,1.0,A,0.0,1.0,A,21.0,13.0,11.0,8.0,7.0,4.0,8.0,8.0,1.0,2.0,0.0,0.0,M Dean
2018-2019,2019-01-14,Manchester City,Wolverhampton,3.0,0.0,H,2.0,0.0,H,24.0,3.0,9.0,0.0,12.0,1.0,6.0,3.0,1.0,0.0,0.0,1.0,C Pawson
2018-2019,2019-01-19,Wolverhampton,Leicester,4.0,3.0,H,2.0,0.0,H,12.0,16.0,7.0,6.0,5.0,9.0,11.0,10.0,3.0,3.0,0.0,0.0,C Kavanagh
2018-2019,2019-01-19,Watford,Burnley,0.0,0.0,D,0.0,0.0,D,9.0,11.0,4.0,3.0,1.0,7.0,14.0,9.0,1.0,2.0,0.0,0.0,M Oliver
2018-2019,2019-01-19,Southampton,Everton,2.0,1.0,H,0.0,0.0,D,11.0,7.0,4.0,2.0,7.0,6.0,12.0,11.0,2.0,1.0,0.0,0.0,G Scott
2018-2019,2019-01-19,Newcastle,Cardiff,3.0,0.0,H,1.0,0.0,H,16.0,9.0,6.0,1.0,7.0,10.0,11.0,6.0,0.0,1.0,0.0,0.0,S Attwell
2018-2019,2019-01-19,Manchester United,Brighton,2.0,1.0,H,2.0,0.0,H,20.0,7.0,5.0,3.0,6.0,5.0,11.0,11.0,1.0,0.0,0.0,0.0,P Tierney
2018-2019,2019-01-19,Bournemouth,West Ham,2.0,0.0,H,0.0,0.0,D,10.0,9.0,4.0,1.0,2.0,3.0,6.0,10.0,0.0,1.0,0.0,0.0,S Hooper
2018-2019,2019-01-19,Arsenal,Chelsea,2.0,0.0,H,2.0,0.0,H,13.0,13.0,5.0,1.0,5.0,6.0,13.0,15.0,0.0,2.0,0.0,0.0,A Taylor
2018-2019,2019-01-19,Liverpool,Crystal Palace,4.0,3.0,H,0.0,1.0,A,19.0,9.0,9.0,3.0,8.0,3.0,6.0,8.0,0.0,1.0,1.0,0.0,J Moss
2018-2019,2019-01-20,Fulham,Tottenham,1.0,2.0,A,1.0,0.0,H,12.0,14.0,4.0,5.0,7.0,10.0,10.0,8.0,2.0,3.0,0.0,0.0,C Pawson
2018-2019,2019-01-20,Huddersfield,Manchester City,0.0,3.0,A,0.0,1.0,A,5.0,12.0,2.0,4.0,1.0,4.0,10.0,9.0,2.0,2.0,0.0,0.0,A Marriner
2018-2019,2019-01-29,Newcastle,Manchester City,2.0,1.0,H,0.0,1.0,A,6.0,12.0,2.0,4.0,1.0,8.0,9.0,7.0,2.0,3.0,0.0,0.0,P Tierney
2018-2019,2019-01-29,Wolverhampton,West Ham,3.0,0.0,H,0.0,0.0,D,20.0,4.0,9.0,0.0,5.0,1.0,8.0,10.0,4.0,1.0,0.0,0.0,D Coote
2018-2019,2019-01-29,Manchester United,Burnley,2.0,2.0,D,0.0,0.0,D,28.0,6.0,9.0,4.0,11.0,3.0,10.0,9.0,1.0,3.0,0.0,0.0,J Moss
2018-2019,2019-01-29,Fulham,Brighton,4.0,2.0,H,0.0,2.0,A,24.0,15.0,7.0,6.0,10.0,1.0,10.0,5.0,2.0,3.0,0.0,0.0,L Probert
2018-2019,2019-01-29,Huddersfield,Everton,0.0,1.0,A,0.0,1.0,A,10.0,10.0,2.0,5.0,3.0,4.0,13.0,10.0,1.0,4.0,0.0,1.0,S Attwell
2018-2019,2019-01-29,Arsenal,Cardiff,2.0,1.0,H,0.0,0.0,D,15.0,19.0,4.0,2.0,4.0,7.0,14.0,12.0,3.0,3.0,0.0,0.0,M Dean
2018-2019,2019-01-30,Bournemouth,Chelsea,4.0,0.0,H,0.0,0.0,D,12.0,11.0,7.0,7.0,3.0,7.0,8.0,6.0,1.0,0.0,0.0,0.0,R East
2018-2019,2019-01-30,Liverpool,Leicester,1.0,1.0,D,1.0,1.0,D,10.0,5.0,3.0,2.0,7.0,1.0,13.0,6.0,1.0,3.0,0.0,0.0,M Atkinson
2018-2019,2019-01-30,Southampton,Crystal Palace,1.0,1.0,D,0.0,1.0,A,13.0,15.0,4.0,3.0,3.0,8.0,11.0,8.0,2.0,2.0,0.0,1.0,A Marriner
2018-2019,2019-01-30,Tottenham,Watford,2.0,1.0,H,0.0,1.0,A,17.0,9.0,3.0,1.0,9.0,5.0,6.0,9.0,0.0,4.0,0.0,0.0,G Scott
2018-2019,2019-02-02,Brighton,Watford,0.0,0.0,D,0.0,0.0,D,21.0,5.0,4.0,0.0,7.0,0.0,15.0,10.0,1.0,0.0,0.0,0.0,S Hooper
2018-2019,2019-02-02,Burnley,Southampton,1.0,1.0,D,0.0,0.0,D,15.0,10.0,6.0,4.0,4.0,2.0,10.0,9.0,3.0,1.0,0.0,0.0,A Taylor
2018-2019,2019-02-02,Cardiff,Bournemouth,2.0,0.0,H,1.0,0.0,H,12.0,9.0,5.0,2.0,6.0,7.0,17.0,14.0,1.0,2.0,0.0,0.0,J Moss
2018-2019,2019-02-02,Chelsea,Huddersfield,5.0,0.0,H,2.0,0.0,H,23.0,5.0,7.0,2.0,11.0,2.0,8.0,5.0,0.0,0.0,0.0,0.0,P Tierney
2018-2019,2019-02-02,Crystal Palace,Fulham,2.0,0.0,H,1.0,0.0,H,17.0,8.0,6.0,0.0,11.0,1.0,9.0,12.0,2.0,3.0,0.0,0.0,M Oliver
2018-2019,2019-02-02,Everton,Wolverhampton,1.0,3.0,A,1.0,2.0,A,13.0,8.0,4.0,4.0,3.0,1.0,12.0,14.0,3.0,1.0,0.0,0.0,L Mason
2018-2019,2019-02-02,Tottenham,Newcastle,1.0,0.0,H,0.0,0.0,D,21.0,8.0,4.0,2.0,6.0,3.0,6.0,6.0,0.0,1.0,0.0,0.0,A Marriner
2018-2019,2019-02-03,Leicester,Manchester United,0.0,1.0,A,0.0,1.0,A,17.0,10.0,6.0,6.0,7.0,2.0,14.0,9.0,4.0,4.0,0.0,0.0,M Dean
2018-2019,2019-02-03,Manchester City,Arsenal,3.0,1.0,H,2.0,1.0,H,19.0,4.0,12.0,2.0,4.0,2.0,11.0,8.0,1.0,1.0,0.0,0.0,M Atkinson
2018-2019,2019-02-04,West Ham,Liverpool,1.0,1.0,D,1.0,1.0,D,13.0,11.0,2.0,6.0,2.0,5.0,9.0,11.0,1.0,1.0,0.0,0.0,K Friend
2018-2019,2019-02-06,Everton,Manchester City,0.0,2.0,A,0.0,1.0,A,4.0,15.0,1.0,4.0,5.0,6.0,12.0,6.0,1.0,1.0,0.0,0.0,C Pawson
2018-2019,2019-02-09,Brighton,Burnley,1.0,3.0,A,0.0,1.0,A,16.0,9.0,6.0,5.0,9.0,3.0,8.0,7.0,1.0,1.0,0.0,0.0,S Attwell
2018-2019,2019-02-09,Crystal Palace,West Ham,1.0,1.0,D,0.0,1.0,A,25.0,6.0,5.0,4.0,10.0,4.0,12.0,9.0,3.0,0.0,0.0,0.0,C Pawson
2018-2019,2019-02-09,Fulham,Manchester United,0.0,3.0,A,0.0,2.0,A,15.0,15.0,3.0,7.0,5.0,4.0,14.0,9.0,3.0,2.0,0.0,0.0,P Tierney
2018-2019,2019-02-09,Huddersfield,Arsenal,1.0,2.0,A,0.0,2.0,A,15.0,9.0,6.0,4.0,5.0,0.0,17.0,12.0,3.0,2.0,0.0,0.0,J Moss
2018-2019,2019-02-09,Liverpool,Bournemouth,3.0,0.0,H,2.0,0.0,H,20.0,12.0,9.0,2.0,8.0,5.0,14.0,6.0,2.0,2.0,0.0,0.0,A Taylor
2018-2019,2019-02-09,Southampton,Cardiff,1.0,2.0,A,0.0,0.0,D,14.0,6.0,7.0,3.0,8.0,2.0,15.0,12.0,3.0,3.0,0.0,0.0,M Atkinson
2018-2019,2019-02-09,Watford,Everton,1.0,0.0,H,0.0,0.0,D,7.0,9.0,2.0,4.0,8.0,2.0,21.0,10.0,2.0,0.0,0.0,1.0,L Probert
2018-2019,2019-02-10,Tottenham,Leicester,3.0,1.0,H,1.0,0.0,H,12.0,20.0,5.0,9.0,2.0,9.0,11.0,4.0,3.0,1.0,0.0,0.0,M Oliver
2018-2019,2019-02-10,Manchester City,Chelsea,6.0,0.0,H,4.0,0.0,H,15.0,12.0,9.0,4.0,2.0,2.0,9.0,13.0,1.0,2.0,0.0,0.0,M Dean
2018-2019,2019-02-11,Wolverhampton,Newcastle,1.0,1.0,D,0.0,0.0,D,22.0,9.0,6.0,3.0,13.0,1.0,7.0,9.0,1.0,3.0,0.0,0.0,G Scott
2018-2019,2019-02-22,Cardiff,Watford,1.0,5.0,A,0.0,1.0,A,15.0,12.0,6.0,7.0,3.0,3.0,10.0,11.0,1.0,2.0,0.0,0.0,S Hooper
2018-2019,2019-02-22,West Ham,Fulham,3.0,1.0,H,2.0,1.0,H,21.0,8.0,7.0,5.0,12.0,0.0,11.0,11.0,1.0,1.0,0.0,0.0,L Mason
2018-2019,2019-02-23,Newcastle,Huddersfield,2.0,0.0,H,0.0,0.0,D,29.0,3.0,12.0,1.0,12.0,0.0,11.0,7.0,2.0,0.0,0.0,1.0,K Friend
2018-2019,2019-02-23,Bournemouth,Wolverhampton,1.0,1.0,D,1.0,0.0,H,10.0,10.0,3.0,2.0,9.0,8.0,10.0,15.0,4.0,5.0,0.0,0.0,R East
2018-2019,2019-02-23,Burnley,Tottenham,2.0,1.0,H,0.0,0.0,D,10.0,17.0,4.0,6.0,7.0,6.0,9.0,12.0,1.0,3.0,0.0,0.0,M Dean
2018-2019,2019-02-23,Leicester,Crystal Palace,1.0,4.0,A,0.0,1.0,A,27.0,7.0,5.0,5.0,8.0,3.0,7.0,14.0,2.0,1.0,0.0,0.0,A Taylor
2018-2019,2019-02-24,Manchester United,Liverpool,0.0,0.0,D,0.0,0.0,D,6.0,7.0,3.0,1.0,3.0,7.0,15.0,17.0,1.0,3.0,0.0,0.0,M Oliver
2018-2019,2019-02-24,Arsenal,Southampton,2.0,0.0,H,2.0,0.0,H,12.0,10.0,4.0,4.0,6.0,4.0,7.0,14.0,0.0,0.0,0.0,0.0,G Scott
2018-2019,2019-02-26,Cardiff,Everton,0.0,3.0,A,0.0,1.0,A,6.0,12.0,0.0,4.0,3.0,4.0,12.0,12.0,3.0,1.0,0.0,0.0,K Friend
2018-2019,2019-02-26,Huddersfield,Wolverhampton,1.0,0.0,H,0.0,0.0,D,15.0,7.0,3.0,0.0,3.0,5.0,10.0,10.0,2.0,2.0,0.0,0.0,D Coote
2018-2019,2019-02-26,Leicester,Brighton,2.0,1.0,H,1.0,0.0,H,19.0,15.0,3.0,3.0,4.0,8.0,6.0,4.0,1.0,1.0,0.0,0.0,L Probert
2018-2019,2019-02-26,Newcastle,Burnley,2.0,0.0,H,2.0,0.0,H,12.0,12.0,3.0,2.0,4.0,7.0,8.0,8.0,1.0,3.0,0.0,0.0,C Pawson
2018-2019,2019-02-27,Arsenal,Bournemouth,5.0,1.0,H,2.0,1.0,H,16.0,13.0,6.0,5.0,9.0,4.0,11.0,9.0,2.0,2.0,0.0,0.0,C Kavanagh
2018-2019,2019-02-27,Chelsea,Tottenham,2.0,0.0,H,0.0,0.0,D,11.0,9.0,1.0,0.0,2.0,2.0,7.0,14.0,1.0,1.0,0.0,0.0,A Marriner
2018-2019,2019-02-27,Crystal Palace,Manchester United,1.0,3.0,A,0.0,1.0,A,17.0,13.0,2.0,4.0,5.0,6.0,8.0,9.0,2.0,3.0,0.0,0.0,M Atkinson
2018-2019,2019-02-27,Liverpool,Watford,5.0,0.0,H,2.0,0.0,H,19.0,5.0,10.0,3.0,6.0,4.0,5.0,7.0,0.0,2.0,0.0,0.0,G Scott
2018-2019,2019-02-27,Manchester City,West Ham,1.0,0.0,H,0.0,0.0,D,20.0,2.0,7.0,1.0,12.0,2.0,2.0,6.0,0.0,2.0,0.0,0.0,S Attwell
2018-2019,2019-02-27,Southampton,Fulham,2.0,0.0,H,2.0,0.0,H,14.0,14.0,4.0,4.0,7.0,4.0,15.0,13.0,0.0,1.0,0.0,0.0,A Taylor
2018-2019,2019-03-02,West Ham,Newcastle,2.0,0.0,H,2.0,0.0,H,10.0,17.0,4.0,2.0,1.0,6.0,8.0,14.0,3.0,4.0,0.0,0.0,C Kavanagh
2018-2019,2019-03-02,Tottenham,Arsenal,1.0,1.0,D,0.0,1.0,A,10.0,9.0,3.0,4.0,3.0,4.0,15.0,14.0,3.0,2.0,0.0,1.0,A Taylor
2018-2019,2019-03-02,Manchester United,Southampton,3.0,2.0,H,0.0,1.0,A,16.0,6.0,6.0,3.0,9.0,7.0,7.0,10.0,2.0,1.0,0.0,0.0,S Attwell
2018-2019,2019-03-02,Wolverhampton,Cardiff,2.0,0.0,H,2.0,0.0,H,13.0,12.0,6.0,4.0,7.0,8.0,11.0,6.0,1.0,2.0,0.0,0.0,A Marriner
2018-2019,2019-03-02,Brighton,Huddersfield,1.0,0.0,H,0.0,0.0,D,13.0,6.0,4.0,4.0,6.0,3.0,11.0,6.0,2.0,2.0,0.0,0.0,M Dean
2018-2019,2019-03-02,Bournemouth,Manchester City,0.0,1.0,A,0.0,0.0,D,0.0,23.0,0.0,7.0,0.0,14.0,7.0,7.0,1.0,2.0,0.0,0.0,K Friend
2018-2019,2019-03-02,Burnley,Crystal Palace,1.0,3.0,A,0.0,1.0,A,18.0,10.0,4.0,4.0,8.0,5.0,9.0,9.0,1.0,2.0,0.0,0.0,L Probert
2018-2019,2019-03-03,Everton,Liverpool,0.0,0.0,D,0.0,0.0,D,7.0,10.0,3.0,3.0,3.0,7.0,12.0,10.0,1.0,2.0,0.0,0.0,M Atkinson
2018-2019,2019-03-03,Fulham,Chelsea,1.0,2.0,A,1.0,2.0,A,12.0,20.0,5.0,7.0,5.0,4.0,11.0,10.0,2.0,1.0,0.0,0.0,G Scott
2018-2019,2019-03-03,Watford,Leicester,2.0,1.0,H,1.0,0.0,H,6.0,14.0,5.0,2.0,1.0,5.0,15.0,12.0,5.0,1.0,0.0,0.0,J Moss
2018-2019,2019-03-09,Southampton,Tottenham,2.0,1.0,H,0.0,1.0,A,12.0,16.0,4.0,5.0,1.0,10.0,16.0,9.0,4.0,2.0,0.0,0.0,K Friend
2018-2019,2019-03-09,Newcastle,Everton,3.0,2.0,H,0.0,2.0,A,19.0,7.0,7.0,3.0,8.0,2.0,13.0,10.0,3.0,1.0,0.0,0.0,L Mason
2018-2019,2019-03-09,Manchester City,Watford,3.0,1.0,H,0.0,0.0,D,19.0,2.0,9.0,1.0,9.0,1.0,11.0,7.0,1.0,1.0,0.0,0.0,P Tierney
2018-2019,2019-03-09,Leicester,Fulham,3.0,1.0,H,1.0,0.0,H,18.0,6.0,8.0,3.0,6.0,5.0,9.0,13.0,0.0,2.0,0.0,0.0,D Coote
2018-2019,2019-03-09,Crystal Palace,Brighton,1.0,2.0,A,0.0,1.0,A,15.0,4.0,3.0,3.0,8.0,0.0,8.0,18.0,1.0,5.0,0.0,0.0,C Pawson
2018-2019,2019-03-09,Cardiff,West Ham,2.0,0.0,H,1.0,0.0,H,16.0,9.0,7.0,2.0,7.0,5.0,7.0,12.0,2.0,1.0,0.0,0.0,G Scott
2018-2019,2019-03-09,Huddersfield,Bournemouth,0.0,2.0,A,0.0,1.0,A,8.0,8.0,1.0,5.0,6.0,5.0,14.0,9.0,3.0,1.0,0.0,0.0,A Taylor
2018-2019,2019-03-10,Arsenal,Manchester United,2.0,0.0,H,1.0,0.0,H,14.0,14.0,3.0,4.0,5.0,2.0,12.0,18.0,2.0,2.0,0.0,0.0,J Moss
2018-2019,2019-03-10,Chelsea,Wolverhampton,1.0,1.0,D,0.0,0.0,D,22.0,2.0,6.0,1.0,13.0,0.0,8.0,14.0,1.0,4.0,0.0,0.0,M Oliver
2018-2019,2019-03-10,Liverpool,Burnley,4.0,2.0,H,2.0,1.0,H,23.0,3.0,5.0,2.0,7.0,3.0,4.0,7.0,2.0,0.0,0.0,0.0,A Marriner
2018-2019,2019-03-16,Burnley,Leicester,1.0,2.0,A,1.0,1.0,D,13.0,9.0,2.0,4.0,9.0,3.0,9.0,10.0,1.0,1.0,0.0,1.0,M Oliver
2018-2019,2019-03-16,Bournemouth,Newcastle,2.0,2.0,D,0.0,1.0,A,10.0,12.0,3.0,4.0,6.0,6.0,9.0,12.0,3.0,2.0,0.0,0.0,M Dean
2018-2019,2019-03-16,West Ham,Huddersfield,4.0,3.0,H,1.0,2.0,A,16.0,15.0,5.0,5.0,5.0,8.0,7.0,15.0,0.0,2.0,0.0,0.0,J Moss
2018-2019,2019-03-17,Everton,Chelsea,2.0,0.0,H,0.0,0.0,D,15.0,16.0,8.0,5.0,3.0,4.0,17.0,9.0,1.0,2.0,0.0,0.0,A Taylor
2018-2019,2019-03-17,Fulham,Liverpool,1.0,2.0,A,0.0,1.0,A,7.0,16.0,2.0,6.0,1.0,10.0,11.0,7.0,2.0,1.0,0.0,0.0,C Pawson
2018-2019,2019-03-30,West Ham,Everton,0.0,2.0,A,0.0,2.0,A,3.0,17.0,1.0,9.0,4.0,9.0,7.0,14.0,1.0,1.0,0.0,0.0,P Tierney
2018-2019,2019-03-30,Manchester United,Watford,2.0,1.0,H,1.0,0.0,H,8.0,20.0,5.0,8.0,3.0,5.0,14.0,9.0,1.0,2.0,0.0,0.0,S Attwell
2018-2019,2019-03-30,Fulham,Manchester City,0.0,2.0,A,0.0,2.0,A,5.0,24.0,0.0,7.0,0.0,11.0,4.0,12.0,2.0,0.0,0.0,0.0,K Friend
2018-2019,2019-03-30,Leicester,Bournemouth,2.0,0.0,H,1.0,0.0,H,18.0,8.0,4.0,2.0,6.0,1.0,6.0,12.0,0.0,2.0,0.0,0.0,L Mason
2018-2019,2019-03-30,Burnley,Wolverhampton,2.0,0.0,H,1.0,0.0,H,5.0,8.0,1.0,1.0,1.0,5.0,12.0,10.0,1.0,1.0,0.0,0.0,C Kavanagh
2018-2019,2019-03-30,Brighton,Southampton,0.0,1.0,A,0.0,0.0,D,14.0,8.0,1.0,2.0,6.0,5.0,8.0,10.0,1.0,2.0,0.0,0.0,M Oliver
2018-2019,2019-03-30,Crystal Palace,Huddersfield,2.0,0.0,H,0.0,0.0,D,19.0,15.0,5.0,5.0,5.0,5.0,10.0,7.0,0.0,0.0,0.0,0.0,L Probert
2018-2019,2019-03-31,Cardiff,Chelsea,1.0,2.0,A,0.0,0.0,D,8.0,21.0,3.0,3.0,2.0,7.0,8.0,14.0,2.0,3.0,0.0,0.0,C Pawson
2018-2019,2019-03-31,Liverpool,Tottenham,2.0,1.0,H,1.0,0.0,H,14.0,11.0,3.0,2.0,10.0,3.0,5.0,8.0,0.0,1.0,0.0,0.0,M Atkinson
2018-2019,2019-04-01,Arsenal,Newcastle,2.0,0.0,H,1.0,0.0,H,7.0,3.0,4.0,1.0,6.0,2.0,11.0,10.0,2.0,0.0,0.0,0.0,A Taylor
2018-2019,2019-04-02,Watford,Fulham,4.0,1.0,H,1.0,1.0,D,15.0,17.0,7.0,7.0,6.0,4.0,12.0,5.0,3.0,2.0,0.0,0.0,R East
2018-2019,2019-04-02,Wolverhampton,Manchester United,2.0,1.0,H,1.0,1.0,D,9.0,18.0,2.0,4.0,3.0,5.0,5.0,11.0,1.0,2.0,0.0,1.0,M Dean
2018-2019,2019-04-03,Chelsea,Brighton,3.0,0.0,H,1.0,0.0,H,17.0,3.0,4.0,1.0,7.0,1.0,5.0,9.0,0.0,0.0,0.0,0.0,G Scott
2018-2019,2019-04-03,Manchester City,Cardiff,2.0,0.0,H,2.0,0.0,H,27.0,4.0,11.0,1.0,7.0,4.0,3.0,17.0,0.0,3.0,0.0,0.0,J Moss
2018-2019,2019-04-03,Tottenham,Crystal Palace,2.0,0.0,H,0.0,0.0,D,26.0,5.0,10.0,1.0,8.0,2.0,8.0,5.0,1.0,0.0,0.0,0.0,A Marriner
2018-2019,2019-04-05,Southampton,Liverpool,1.0,3.0,A,1.0,1.0,D,11.0,17.0,1.0,5.0,7.0,5.0,8.0,7.0,2.0,4.0,0.0,0.0,P Tierney
2018-2019,2019-04-06,Huddersfield,Leicester,1.0,4.0,A,0.0,1.0,A,10.0,18.0,4.0,9.0,8.0,5.0,13.0,11.0,3.0,0.0,0.0,0.0,D Coote
2018-2019,2019-04-06,Newcastle,Crystal Palace,0.0,1.0,A,0.0,0.0,D,18.0,3.0,5.0,1.0,9.0,4.0,12.0,13.0,1.0,2.0,0.0,0.0,S Attwell
2018-2019,2019-04-06,Bournemouth,Burnley,1.0,3.0,A,1.0,2.0,A,10.0,11.0,2.0,3.0,3.0,6.0,12.0,16.0,2.0,3.0,0.0,0.0,M Atkinson
2018-2019,2019-04-07,Everton,Arsenal,1.0,0.0,H,1.0,0.0,H,23.0,7.0,6.0,2.0,9.0,6.0,8.0,9.0,1.0,4.0,0.0,0.0,K Friend
2018-2019,2019-04-08,Chelsea,West Ham,2.0,0.0,H,1.0,0.0,H,16.0,9.0,7.0,2.0,7.0,4.0,8.0,7.0,2.0,1.0,0.0,0.0,C Kavanagh
2018-2019,2019-04-12,Leicester,Newcastle,0.0,1.0,A,0.0,1.0,A,12.0,11.0,5.0,5.0,2.0,3.0,6.0,10.0,2.0,3.0,0.0,0.0,C Kavanagh
2018-2019,2019-04-13,Brighton,Bournemouth,0.0,5.0,A,0.0,1.0,A,8.0,14.0,1.0,7.0,4.0,1.0,10.0,6.0,2.0,4.0,1.0,0.0,K Friend
2018-2019,2019-04-13,Burnley,Cardiff,2.0,0.0,H,1.0,0.0,H,14.0,14.0,7.0,2.0,8.0,4.0,7.0,10.0,2.0,3.0,0.0,0.0,M Dean
2018-2019,2019-04-13,Fulham,Everton,2.0,0.0,H,0.0,0.0,D,12.0,8.0,5.0,1.0,7.0,3.0,8.0,10.0,2.0,1.0,0.0,0.0,L Probert
2018-2019,2019-04-13,Manchester United,West Ham,2.0,1.0,H,1.0,0.0,H,14.0,18.0,4.0,4.0,3.0,11.0,14.0,5.0,1.0,1.0,0.0,0.0,G Scott
2018-2019,2019-04-13,Southampton,Wolverhampton,3.0,1.0,H,2.0,1.0,H,13.0,17.0,6.0,2.0,4.0,9.0,13.0,8.0,1.0,3.0,0.0,0.0,J Moss
2018-2019,2019-04-13,Tottenham,Huddersfield,4.0,0.0,H,2.0,0.0,H,22.0,7.0,5.0,1.0,4.0,2.0,10.0,12.0,2.0,2.0,0.0,0.0,L Mason
2018-2019,2019-04-14,Crystal Palace,Manchester City,1.0,3.0,A,0.0,1.0,A,7.0,20.0,3.0,6.0,2.0,9.0,5.0,11.0,0.0,0.0,0.0,0.0,M Atkinson
2018-2019,2019-04-14,Liverpool,Chelsea,2.0,0.0,H,0.0,0.0,D,15.0,6.0,7.0,3.0,9.0,2.0,5.0,9.0,0.0,1.0,0.0,0.0,M Oliver
2018-2019,2019-04-15,Watford,Arsenal,0.0,1.0,A,0.0,1.0,A,11.0,19.0,3.0,6.0,6.0,4.0,12.0,8.0,2.0,0.0,1.0,0.0,C Pawson
2018-2019,2019-04-16,Brighton,Cardiff,0.0,2.0,A,0.0,1.0,A,14.0,10.0,2.0,3.0,5.0,4.0,11.0,13.0,0.0,1.0,0.0,0.0,A Marriner
2018-2019,2019-04-20,Wolverhampton,Brighton,0.0,0.0,D,0.0,0.0,D,22.0,5.0,5.0,0.0,14.0,1.0,0.0,8.0,0.0,1.0,0.0,0.0,C Pawson
2018-2019,2019-04-20,Newcastle,Southampton,3.0,1.0,H,2.0,0.0,H,15.0,15.0,6.0,3.0,4.0,11.0,5.0,11.0,0.0,2.0,0.0,0.0,A Taylor
2018-2019,2019-04-20,West Ham,Leicester,2.0,2.0,D,1.0,0.0,H,11.0,11.0,3.0,5.0,6.0,8.0,8.0,9.0,2.0,0.0,0.0,0.0,L Probert
2018-2019,2019-04-20,Huddersfield,Watford,1.0,2.0,A,0.0,1.0,A,13.0,11.0,3.0,6.0,2.0,2.0,15.0,9.0,2.0,2.0,0.0,0.0,R East
2018-2019,2019-04-20,Manchester City,Tottenham,1.0,0.0,H,1.0,0.0,H,15.0,10.0,4.0,4.0,4.0,4.0,11.0,11.0,1.0,2.0,0.0,0.0,M Oliver
2018-2019,2019-04-20,Bournemouth,Fulham,0.0,1.0,A,0.0,0.0,D,15.0,17.0,5.0,5.0,3.0,7.0,11.0,18.0,1.0,3.0,0.0,0.0,D Coote
2018-2019,2019-04-21,Arsenal,Crystal Palace,2.0,3.0,A,0.0,1.0,A,12.0,16.0,5.0,7.0,8.0,3.0,15.0,12.0,4.0,1.0,0.0,0.0,J Moss
2018-2019,2019-04-21,Cardiff,Liverpool,0.0,2.0,A,0.0,0.0,D,7.0,17.0,2.0,6.0,5.0,10.0,6.0,5.0,1.0,1.0,0.0,0.0,M Atkinson
2018-2019,2019-04-21,Everton,Manchester United,4.0,0.0,H,2.0,0.0,H,15.0,7.0,8.0,1.0,10.0,2.0,11.0,7.0,1.0,1.0,0.0,0.0,P Tierney
2018-2019,2019-04-22,Chelsea,Burnley,2.0,2.0,D,2.0,2.0,D,22.0,6.0,9.0,3.0,10.0,1.0,9.0,4.0,2.0,1.0,0.0,0.0,K Friend
2018-2019,2019-04-23,Tottenham,Brighton,1.0,0.0,H,0.0,0.0,D,29.0,6.0,5.0,1.0,6.0,3.0,7.0,13.0,1.0,2.0,0.0,0.0,C Kavanagh
2018-2019,2019-04-23,Watford,Southampton,1.0,1.0,D,0.0,1.0,A,15.0,8.0,4.0,4.0,3.0,4.0,10.0,14.0,5.0,2.0,0.0,0.0,M Dean
2018-2019,2019-04-24,Manchester United,Manchester City,0.0,2.0,A,0.0,0.0,D,12.0,8.0,1.0,5.0,1.0,1.0,10.0,10.0,2.0,2.0,0.0,0.0,A Marriner
2018-2019,2019-04-24,Wolverhampton,Arsenal,3.0,1.0,H,3.0,0.0,H,11.0,11.0,3.0,1.0,5.0,5.0,12.0,9.0,2.0,3.0,0.0,0.0,S Attwell
2018-2019,2019-04-26,Liverpool,Huddersfield,5.0,0.0,H,3.0,0.0,H,21.0,5.0,7.0,1.0,4.0,4.0,5.0,14.0,0.0,0.0,0.0,0.0,K Friend
2018-2019,2019-04-27,Tottenham,West Ham,0.0,1.0,A,0.0,0.0,D,14.0,16.0,4.0,7.0,2.0,7.0,3.0,8.0,0.0,2.0,0.0,0.0,A Taylor
2018-2019,2019-04-27,Southampton,Bournemouth,3.0,3.0,D,1.0,2.0,A,22.0,9.0,7.0,5.0,9.0,3.0,8.0,9.0,2.0,1.0,0.0,0.0,G Scott
2018-2019,2019-04-27,Watford,Wolverhampton,1.0,2.0,A,0.0,1.0,A,10.0,11.0,1.0,4.0,4.0,5.0,10.0,11.0,3.0,2.0,0.0,0.0,S Hooper
2018-2019,2019-04-27,Crystal Palace,Everton,0.0,0.0,D,0.0,0.0,D,8.0,22.0,0.0,3.0,5.0,10.0,9.0,15.0,2.0,0.0,0.0,0.0,L Mason
2018-2019,2019-04-27,Brighton,Newcastle,1.0,1.0,D,0.0,1.0,A,9.0,9.0,2.0,1.0,7.0,4.0,7.0,10.0,2.0,3.0,0.0,0.0,M Dean
2018-2019,2019-04-27,Fulham,Cardiff,1.0,0.0,H,0.0,0.0,D,8.0,13.0,2.0,8.0,10.0,3.0,10.0,8.0,0.0,0.0,0.0,0.0,C Kavanagh
2018-2019,2019-04-28,Burnley,Manchester City,0.0,1.0,A,0.0,0.0,D,2.0,25.0,0.0,7.0,0.0,6.0,5.0,7.0,1.0,1.0,0.0,0.0,P Tierney
2018-2019,2019-04-28,Leicester,Arsenal,3.0,0.0,H,0.0,0.0,D,24.0,6.0,12.0,1.0,8.0,6.0,13.0,13.0,3.0,1.0,0.0,1.0,M Oliver
2018-2019,2019-04-28,Manchester United,Chelsea,1.0,1.0,D,1.0,1.0,D,7.0,16.0,5.0,3.0,6.0,6.0,9.0,14.0,3.0,2.0,0.0,0.0,M Atkinson
2018-2019,2019-05-03,Everton,Burnley,2.0,0.0,H,2.0,0.0,H,20.0,5.0,6.0,1.0,8.0,1.0,8.0,9.0,0.0,2.0,0.0,0.0,C Kavanagh
2018-2019,2019-05-04,Wolverhampton,Fulham,1.0,0.0,H,0.0,0.0,D,19.0,6.0,6.0,2.0,7.0,1.0,10.0,15.0,1.0,3.0,0.0,0.0,J Moss
2018-2019,2019-05-04,West Ham,Southampton,3.0,0.0,H,1.0,0.0,H,17.0,11.0,6.0,1.0,2.0,7.0,2.0,11.0,1.0,1.0,0.0,0.0,S Attwell
2018-2019,2019-05-04,Newcastle,Liverpool,2.0,3.0,A,1.0,2.0,A,14.0,11.0,7.0,4.0,2.0,3.0,10.0,4.0,1.0,1.0,0.0,0.0,A Marriner
2018-2019,2019-05-04,Bournemouth,Tottenham,1.0,0.0,H,0.0,0.0,D,20.0,11.0,6.0,5.0,10.0,6.0,11.0,12.0,1.0,5.0,0.0,2.0,C Pawson
2018-2019,2019-05-04,Cardiff,Crystal Palace,2.0,3.0,A,1.0,2.0,A,18.0,21.0,8.0,7.0,10.0,5.0,14.0,11.0,0.0,0.0,0.0,0.0,M Oliver
2018-2019,2019-05-05,Arsenal,Brighton,1.0,1.0,D,1.0,0.0,H,20.0,11.0,8.0,5.0,16.0,3.0,9.0,14.0,5.0,2.0,0.0,0.0,A Taylor
2018-2019,2019-05-05,Chelsea,Watford,3.0,0.0,H,0.0,0.0,D,19.0,15.0,9.0,3.0,6.0,6.0,6.0,12.0,0.0,1.0,0.0,0.0,P Tierney
2018-2019,2019-05-05,Huddersfield,Manchester United,1.0,1.0,D,0.0,1.0,A,7.0,23.0,3.0,7.0,3.0,7.0,10.0,10.0,1.0,1.0,0.0,0.0,L Mason
2018-2019,2019-05-06,Manchester City,Leicester,1.0,0.0,H,0.0,0.0,D,19.0,7.0,5.0,2.0,11.0,0.0,12.0,5.0,3.0,2.0,0.0,0.0,M Dean
2018-2019,2019-05-12,Manchester United,Cardiff,0.0,2.0,A,0.0,1.0,A,26.0,13.0,10.0,4.0,11.0,2.0,9.0,6.0,3.0,3.0,0.0,0.0,J Moss
2018-2019,2019-05-12,Tottenham,Everton,2.0,2.0,D,1.0,0.0,H,11.0,17.0,3.0,9.0,7.0,4.0,10.0,13.0,0.0,2.0,0.0,0.0,A Marriner
2018-2019,2019-05-12,Southampton,Huddersfield,1.0,1.0,D,1.0,0.0,H,10.0,10.0,3.0,3.0,4.0,3.0,8.0,6.0,0.0,1.0,0.0,0.0,L Probert
2018-2019,2019-05-12,Liverpool,Wolverhampton,2.0,0.0,H,1.0,0.0,H,13.0,7.0,5.0,2.0,4.0,1.0,3.0,11.0,0.0,2.0,0.0,0.0,M Atkinson
2018-2019,2019-05-12,Watford,West Ham,1.0,4.0,A,0.0,2.0,A,17.0,16.0,8.0,9.0,7.0,2.0,10.0,10.0,1.0,0.0,1.0,0.0,C Kavanagh
2018-2019,2019-05-12,Fulham,Newcastle,0.0,4.0,A,0.0,2.0,A,16.0,13.0,2.0,6.0,5.0,5.0,6.0,8.0,1.0,0.0,0.0,0.0,K Friend
2018-2019,2019-05-12,Brighton,Manchester City,1.0,4.0,A,1.0,2.0,A,6.0,20.0,2.0,9.0,2.0,6.0,12.0,8.0,0.0,0.0,0.0,0.0,M Oliver
2018-2019,2019-05-12,Leicester,Chelsea,0.0,0.0,D,0.0,0.0,D,9.0,14.0,3.0,4.0,4.0,5.0,9.0,8.0,0.0,1.0,0.0,0.0,A Taylor
2018-2019,2019-05-12,Crystal Palace,Bournemouth,5.0,3.0,H,3.0,1.0,H,17.0,16.0,8.0,8.0,4.0,4.0,11.0,8.0,3.0,0.0,0.0,0.0,R East
2018-2019,2019-05-12,Burnley,Arsenal,1.0,3.0,A,0.0,0.0,D,14.0,17.0,5.0,6.0,4.0,5.0,11.0,3.0,5.0,1.0,0.0,0.0,M Dean
2019-2020,2019-08-09,Liverpool,Norwich,4.0,1.0,H,4.0,0.0,H,15.0,12.0,7.0,5.0,11.0,2.0,9.0,9.0,0.0,2.0,0.0,0.0,M Oliver
2019-2020,2019-08-10,West Ham,Manchester City,0.0,5.0,A,0.0,1.0,A,5.0,14.0,3.0,9.0,1.0,1.0,6.0,13.0,2.0,2.0,0.0,0.0,M Dean
2019-2020,2019-08-10,Bournemouth,Sheffield United,1.0,1.0,D,0.0,0.0,D,13.0,8.0,3.0,3.0,3.0,4.0,10.0,19.0,2.0,1.0,0.0,0.0,K Friend
2019-2020,2019-08-10,Burnley,Southampton,3.0,0.0,H,0.0,0.0,D,10.0,11.0,4.0,3.0,2.0,7.0,6.0,12.0,0.0,0.0,0.0,0.0,G Scott
2019-2020,2019-08-10,Crystal Palace,Everton,0.0,0.0,D,0.0,0.0,D,6.0,10.0,2.0,3.0,6.0,2.0,16.0,14.0,2.0,1.0,0.0,1.0,J Moss
2019-2020,2019-08-10,Watford,Brighton,0.0,3.0,A,0.0,1.0,A,11.0,5.0,3.0,3.0,5.0,2.0,15.0,11.0,0.0,1.0,0.0,0.0,C Pawson
2019-2020,2019-08-10,Tottenham,Aston Villa,3.0,1.0,H,0.0,1.0,A,31.0,7.0,7.0,4.0,14.0,0.0,13.0,9.0,1.0,0.0,0.0,0.0,C Kavanagh
2019-2020,2019-08-11,Leicester,Wolverhampton,0.0,0.0,D,0.0,0.0,D,15.0,8.0,1.0,2.0,12.0,3.0,3.0,13.0,0.0,2.0,0.0,0.0,A Marriner
2019-2020,2019-08-11,Newcastle,Arsenal,0.0,1.0,A,0.0,0.0,D,9.0,8.0,2.0,2.0,5.0,3.0,12.0,7.0,1.0,3.0,0.0,0.0,M Atkinson
2019-2020,2019-08-11,Manchester United,Chelsea,4.0,0.0,H,1.0,0.0,H,11.0,18.0,5.0,7.0,3.0,5.0,15.0,13.0,3.0,4.0,0.0,0.0,A Taylor
2019-2020,2019-08-17,Manchester City,Tottenham,2.0,2.0,D,2.0,1.0,H,30.0,3.0,10.0,2.0,13.0,2.0,14.0,4.0,1.0,0.0,0.0,0.0,M Oliver
2019-2020,2019-08-17,Everton,Watford,1.0,0.0,H,1.0,0.0,H,12.0,8.0,2.0,2.0,4.0,7.0,11.0,11.0,2.0,3.0,0.0,0.0,L Mason
2019-2020,2019-08-17,Southampton,Liverpool,1.0,2.0,A,0.0,1.0,A,14.0,15.0,3.0,6.0,5.0,9.0,10.0,6.0,2.0,1.0,0.0,0.0,A Marriner
2019-2020,2019-08-17,Aston Villa,Bournemouth,1.0,2.0,A,0.0,2.0,A,22.0,12.0,7.0,4.0,10.0,5.0,10.0,13.0,0.0,2.0,0.0,0.0,M Atkinson
2019-2020,2019-08-17,Brighton,West Ham,1.0,1.0,D,0.0,0.0,D,16.0,8.0,4.0,3.0,8.0,6.0,11.0,10.0,0.0,2.0,0.0,0.0,A Taylor
2019-2020,2019-08-17,Norwich,Newcastle,3.0,1.0,H,1.0,0.0,H,15.0,10.0,8.0,3.0,7.0,5.0,9.0,11.0,1.0,3.0,0.0,0.0,S Attwell
2019-2020,2019-08-17,Arsenal,Burnley,2.0,1.0,H,1.0,1.0,D,16.0,18.0,9.0,5.0,10.0,7.0,13.0,11.0,2.0,1.0,0.0,0.0,M Dean
2019-2020,2019-08-18,Sheffield United,Crystal Palace,1.0,0.0,H,0.0,0.0,D,15.0,6.0,3.0,4.0,8.0,4.0,16.0,11.0,3.0,1.0,0.0,0.0,D Coote
2019-2020,2019-08-18,Chelsea,Leicester,1.0,1.0,D,1.0,0.0,H,14.0,12.0,5.0,3.0,4.0,5.0,9.0,14.0,1.0,0.0,0.0,0.0,O Langford
2019-2020,2019-08-19,Wolverhampton,Manchester United,1.0,1.0,D,0.0,1.0,A,6.0,9.0,2.0,2.0,4.0,6.0,17.0,8.0,2.0,2.0,0.0,0.0,J Moss
2019-2020,2019-08-23,Aston Villa,Everton,2.0,0.0,H,1.0,0.0,H,7.0,12.0,3.0,1.0,0.0,6.0,10.0,18.0,2.0,3.0,0.0,0.0,M Oliver
2019-2020,2019-08-24,Sheffield United,Leicester,1.0,2.0,A,0.0,1.0,A,8.0,10.0,3.0,2.0,7.0,4.0,11.0,6.0,1.0,0.0,0.0,0.0,A Madley
2019-2020,2019-08-24,Liverpool,Arsenal,3.0,1.0,H,1.0,0.0,H,25.0,9.0,5.0,3.0,6.0,4.0,8.0,5.0,1.0,1.0,0.0,0.0,A Taylor
2019-2020,2019-08-24,Watford,West Ham,1.0,3.0,A,1.0,1.0,D,23.0,16.0,3.0,10.0,8.0,7.0,12.0,11.0,1.0,1.0,0.0,0.0,C Kavanagh
2019-2020,2019-08-24,Manchester United,Crystal Palace,1.0,2.0,A,0.0,1.0,A,22.0,5.0,3.0,3.0,8.0,1.0,8.0,18.0,2.0,4.0,0.0,0.0,P Tierney
2019-2020,2019-08-24,Brighton,Southampton,0.0,2.0,A,0.0,0.0,D,12.0,12.0,3.0,4.0,8.0,5.0,9.0,10.0,1.0,3.0,1.0,0.0,K Friend
2019-2020,2019-08-24,Norwich,Chelsea,2.0,3.0,A,2.0,2.0,D,6.0,23.0,5.0,8.0,1.0,8.0,9.0,9.0,1.0,1.0,0.0,0.0,M Atkinson
2019-2020,2019-08-25,Bournemouth,Manchester City,1.0,3.0,A,1.0,2.0,A,10.0,19.0,7.0,5.0,4.0,5.0,7.0,13.0,1.0,3.0,0.0,0.0,A Marriner
2019-2020,2019-08-25,Tottenham,Newcastle,0.0,1.0,A,0.0,1.0,A,17.0,8.0,2.0,3.0,6.0,6.0,10.0,5.0,2.0,2.0,0.0,0.0,M Dean
2019-2020,2019-08-25,Wolverhampton,Burnley,1.0,1.0,D,0.0,1.0,A,17.0,13.0,2.0,4.0,4.0,3.0,9.0,11.0,0.0,2.0,0.0,0.0,C Pawson
2019-2020,2019-08-31,West Ham,Norwich,2.0,0.0,H,1.0,0.0,H,18.0,8.0,8.0,3.0,8.0,2.0,16.0,10.0,2.0,1.0,0.0,0.0,P Tierney
2019-2020,2019-08-31,Newcastle,Watford,1.0,1.0,D,1.0,1.0,D,13.0,13.0,5.0,3.0,6.0,5.0,5.0,11.0,2.0,3.0,0.0,0.0,G Scott
2019-2020,2019-08-31,Manchester City,Brighton,4.0,0.0,H,2.0,0.0,H,15.0,6.0,6.0,2.0,8.0,1.0,10.0,6.0,1.0,1.0,0.0,0.0,J Moss
2019-2020,2019-08-31,Burnley,Liverpool,0.0,3.0,A,0.0,2.0,A,7.0,15.0,2.0,7.0,6.0,4.0,10.0,16.0,0.0,0.0,0.0,0.0,C Kavanagh
2019-2020,2019-08-31,Leicester,Bournemouth,3.0,1.0,H,2.0,1.0,H,13.0,8.0,5.0,2.0,4.0,5.0,9.0,11.0,1.0,3.0,0.0,0.0,P Bankes
2019-2020,2019-08-31,Chelsea,Sheffield United,2.0,2.0,D,2.0,0.0,H,13.0,8.0,5.0,2.0,3.0,4.0,6.0,11.0,0.0,1.0,0.0,0.0,S Attwell
2019-2020,2019-08-31,Crystal Palace,Aston Villa,1.0,0.0,H,0.0,0.0,D,22.0,10.0,5.0,2.0,13.0,2.0,15.0,16.0,2.0,4.0,0.0,1.0,K Friend
2019-2020,2019-08-31,Southampton,Manchester United,1.0,1.0,D,0.0,1.0,A,10.0,21.0,2.0,8.0,2.0,3.0,17.0,7.0,1.0,2.0,1.0,0.0,M Dean
2019-2020,2019-09-01,Everton,Wolverhampton,3.0,2.0,H,2.0,1.0,H,15.0,8.0,6.0,5.0,7.0,7.0,12.0,12.0,1.0,4.0,0.0,1.0,A Taylor
2019-2020,2019-09-01,Arsenal,Tottenham,2.0,2.0,D,1.0,2.0,A,26.0,13.0,8.0,9.0,11.0,6.0,13.0,19.0,3.0,5.0,0.0,0.0,M Atkinson
2019-2020,2019-09-14,Liverpool,Newcastle,3.0,1.0,H,2.0,1.0,H,21.0,8.0,9.0,1.0,10.0,1.0,5.0,4.0,0.0,0.0,0.0,0.0,A Marriner
2019-2020,2019-09-14,Brighton,Burnley,1.0,1.0,D,0.0,0.0,D,14.0,7.0,5.0,1.0,3.0,6.0,13.0,7.0,0.0,2.0,0.0,0.0,M Oliver
2019-2020,2019-09-14,Manchester United,Leicester,1.0,0.0,H,1.0,0.0,H,10.0,9.0,5.0,3.0,3.0,9.0,14.0,14.0,1.0,2.0,0.0,0.0,M Atkinson
2019-2020,2019-09-14,Tottenham,Crystal Palace,4.0,0.0,H,4.0,0.0,H,13.0,11.0,5.0,6.0,4.0,3.0,19.0,11.0,4.0,2.0,0.0,0.0,C Pawson
2019-2020,2019-09-14,Wolverhampton,Chelsea,2.0,5.0,A,0.0,3.0,A,11.0,15.0,4.0,6.0,7.0,5.0,8.0,11.0,1.0,2.0,0.0,0.0,G Scott
2019-2020,2019-09-14,Norwich,Manchester City,3.0,2.0,H,2.0,1.0,H,7.0,25.0,3.0,8.0,3.0,16.0,8.0,7.0,3.0,1.0,0.0,0.0,K Friend
2019-2020,2019-09-14,Sheffield United,Southampton,0.0,1.0,A,0.0,0.0,D,17.0,11.0,4.0,7.0,12.0,6.0,10.0,7.0,1.0,1.0,1.0,0.0,L Mason
2019-2020,2019-09-15,Bournemouth,Everton,3.0,1.0,H,1.0,1.0,D,13.0,14.0,6.0,5.0,7.0,7.0,5.0,14.0,0.0,4.0,0.0,0.0,P Tierney
2019-2020,2019-09-15,Watford,Arsenal,2.0,2.0,D,0.0,2.0,A,31.0,10.0,7.0,4.0,7.0,1.0,14.0,4.0,3.0,3.0,0.0,0.0,A Taylor
2019-2020,2019-09-16,Aston Villa,West Ham,0.0,0.0,D,0.0,0.0,D,10.0,13.0,5.0,1.0,2.0,4.0,13.0,12.0,2.0,1.0,0.0,1.0,M Dean
2019-2020,2019-09-20,Southampton,Bournemouth,1.0,3.0,A,0.0,2.0,A,25.0,6.0,6.0,3.0,4.0,5.0,8.0,9.0,1.0,3.0,0.0,0.0,C Kavanagh
2019-2020,2019-09-21,Newcastle,Brighton,0.0,0.0,D,0.0,0.0,D,11.0,16.0,4.0,3.0,5.0,3.0,12.0,8.0,2.0,1.0,0.0,0.0,M Atkinson
2019-2020,2019-09-21,Manchester City,Watford,8.0,0.0,H,5.0,0.0,H,28.0,5.0,11.0,4.0,5.0,4.0,5.0,9.0,2.0,2.0,0.0,0.0,M Dean
2019-2020,2019-09-21,Everton,Sheffield United,0.0,2.0,A,0.0,1.0,A,16.0,2.0,3.0,1.0,12.0,3.0,9.0,9.0,1.0,3.0,0.0,0.0,S Hooper
2019-2020,2019-09-21,Leicester,Tottenham,2.0,1.0,H,0.0,1.0,A,16.0,11.0,7.0,4.0,8.0,2.0,16.0,13.0,1.0,2.0,0.0,0.0,P Tierney
2019-2020,2019-09-21,Burnley,Norwich,2.0,0.0,H,2.0,0.0,H,13.0,11.0,6.0,2.0,7.0,3.0,11.0,10.0,0.0,1.0,0.0,0.0,D Coote
2019-2020,2019-09-22,Crystal Palace,Wolverhampton,1.0,1.0,D,0.0,0.0,D,13.0,14.0,4.0,4.0,6.0,7.0,7.0,10.0,2.0,1.0,0.0,1.0,S Attwell
2019-2020,2019-09-22,West Ham,Manchester United,2.0,0.0,H,1.0,0.0,H,8.0,9.0,6.0,3.0,3.0,7.0,8.0,9.0,2.0,2.0,0.0,0.0,A Taylor
2019-2020,2019-09-22,Arsenal,Aston Villa,3.0,2.0,H,0.0,1.0,A,21.0,14.0,6.0,9.0,9.0,4.0,13.0,15.0,5.0,1.0,1.0,0.0,J Moss
2019-2020,2019-09-22,Chelsea,Liverpool,1.0,2.0,A,0.0,2.0,A,13.0,6.0,2.0,3.0,6.0,4.0,8.0,13.0,3.0,3.0,0.0,0.0,M Oliver
2019-2020,2019-09-28,Everton,Manchester City,1.0,3.0,A,1.0,1.0,D,12.0,20.0,8.0,9.0,5.0,2.0,4.0,8.0,2.0,2.0,0.0,0.0,M Oliver
2019-2020,2019-09-28,Wolverhampton,Watford,2.0,0.0,H,1.0,0.0,H,6.0,14.0,2.0,5.0,1.0,6.0,5.0,6.0,0.0,1.0,0.0,0.0,P Tierney
2019-2020,2019-09-28,Tottenham,Southampton,2.0,1.0,H,2.0,1.0,H,9.0,14.0,4.0,6.0,6.0,6.0,5.0,16.0,0.0,2.0,1.0,0.0,G Scott
2019-2020,2019-09-28,Crystal Palace,Norwich,2.0,0.0,H,1.0,0.0,H,15.0,10.0,3.0,3.0,5.0,5.0,14.0,10.0,3.0,1.0,0.0,0.0,J Moss
2019-2020,2019-09-28,Bournemouth,West Ham,2.0,2.0,D,1.0,1.0,D,13.0,17.0,5.0,6.0,6.0,6.0,7.0,8.0,3.0,1.0,0.0,0.0,S Attwell
2019-2020,2019-09-28,Aston Villa,Burnley,2.0,2.0,D,1.0,0.0,H,16.0,10.0,3.0,3.0,7.0,3.0,10.0,16.0,1.0,4.0,0.0,0.0,L Mason
2019-2020,2019-09-28,Sheffield United,Liverpool,0.0,1.0,A,0.0,0.0,D,12.0,16.0,2.0,4.0,6.0,5.0,8.0,4.0,1.0,1.0,0.0,0.0,A Taylor
2019-2020,2019-09-28,Chelsea,Brighton,2.0,0.0,H,0.0,0.0,D,24.0,8.0,10.0,1.0,5.0,2.0,5.0,13.0,2.0,3.0,0.0,0.0,C Kavanagh
2019-2020,2019-09-29,Leicester,Newcastle,5.0,0.0,H,1.0,0.0,H,13.0,3.0,5.0,0.0,9.0,0.0,12.0,9.0,1.0,1.0,0.0,1.0,C Pawson
2019-2020,2019-09-30,Manchester United,Arsenal,1.0,1.0,D,1.0,0.0,H,16.0,10.0,4.0,5.0,8.0,7.0,18.0,13.0,4.0,2.0,0.0,0.0,K Friend
2019-2020,2019-10-05,Watford,Sheffield United,0.0,0.0,D,0.0,0.0,D,8.0,9.0,2.0,3.0,7.0,7.0,7.0,6.0,0.0,2.0,0.0,0.0,A Marriner
2019-2020,2019-10-05,Norwich,Aston Villa,1.0,5.0,A,0.0,2.0,A,21.0,22.0,5.0,12.0,10.0,6.0,14.0,17.0,1.0,3.0,0.0,0.0,A Madley
2019-2020,2019-10-05,West Ham,Crystal Palace,1.0,2.0,A,0.0,0.0,D,9.0,7.0,4.0,4.0,2.0,2.0,11.0,7.0,3.0,2.0,0.0,0.0,M Oliver
2019-2020,2019-10-05,Burnley,Everton,1.0,0.0,H,0.0,0.0,D,9.0,11.0,3.0,2.0,7.0,9.0,5.0,12.0,2.0,1.0,0.0,1.0,G Scott
2019-2020,2019-10-05,Brighton,Tottenham,3.0,0.0,H,2.0,0.0,H,17.0,8.0,6.0,3.0,4.0,4.0,11.0,7.0,2.0,1.0,0.0,0.0,J Moss
2019-2020,2019-10-05,Liverpool,Leicester,2.0,1.0,H,1.0,0.0,H,18.0,2.0,8.0,1.0,4.0,6.0,9.0,17.0,1.0,4.0,0.0,0.0,C Kavanagh
2019-2020,2019-10-06,Arsenal,Bournemouth,1.0,0.0,H,1.0,0.0,H,12.0,10.0,2.0,2.0,14.0,5.0,12.0,6.0,1.0,2.0,0.0,0.0,M Atkinson
2019-2020,2019-10-06,Manchester City,Wolverhampton,0.0,2.0,A,0.0,0.0,D,18.0,7.0,2.0,2.0,9.0,1.0,11.0,14.0,5.0,2.0,0.0,0.0,C Pawson
2019-2020,2019-10-06,Southampton,Chelsea,1.0,4.0,A,1.0,3.0,A,10.0,13.0,3.0,7.0,3.0,4.0,8.0,15.0,0.0,1.0,0.0,0.0,P Tierney
2019-2020,2019-10-06,Newcastle,Manchester United,1.0,0.0,H,0.0,0.0,D,12.0,12.0,2.0,3.0,4.0,6.0,12.0,10.0,3.0,3.0,0.0,0.0,M Dean
2019-2020,2019-10-19,Crystal Palace,Manchester City,0.0,2.0,A,0.0,2.0,A,7.0,21.0,2.0,10.0,1.0,8.0,8.0,10.0,1.0,1.0,0.0,0.0,A Taylor
2019-2020,2019-10-19,Wolverhampton,Southampton,1.0,1.0,D,0.0,0.0,D,4.0,14.0,1.0,5.0,1.0,3.0,10.0,17.0,3.0,2.0,0.0,0.0,P Bankes
2019-2020,2019-10-19,Tottenham,Watford,1.0,1.0,D,0.0,1.0,A,12.0,7.0,2.0,2.0,11.0,2.0,5.0,9.0,4.0,3.0,0.0,0.0,C Kavanagh
2019-2020,2019-10-19,Leicester,Burnley,2.0,1.0,H,1.0,1.0,D,19.0,13.0,3.0,4.0,9.0,4.0,4.0,10.0,0.0,3.0,0.0,0.0,J Moss
2019-2020,2019-10-19,Aston Villa,Brighton,2.0,1.0,H,1.0,1.0,D,24.0,20.0,8.0,5.0,7.0,5.0,9.0,17.0,1.0,2.0,0.0,1.0,D Coote
2019-2020,2019-10-19,Bournemouth,Norwich,0.0,0.0,D,0.0,0.0,D,11.0,10.0,2.0,1.0,6.0,7.0,8.0,11.0,1.0,3.0,0.0,0.0,L Mason
2019-2020,2019-10-19,Everton,West Ham,2.0,0.0,H,1.0,0.0,H,19.0,8.0,10.0,4.0,11.0,2.0,15.0,15.0,2.0,2.0,0.0,0.0,P Tierney
2019-2020,2019-10-19,Chelsea,Newcastle,1.0,0.0,H,0.0,0.0,D,16.0,5.0,8.0,0.0,11.0,0.0,9.0,12.0,2.0,1.0,0.0,0.0,A Marriner
2019-2020,2019-10-20,Manchester United,Liverpool,1.0,1.0,D,1.0,0.0,H,7.0,10.0,2.0,4.0,3.0,1.0,6.0,14.0,0.0,1.0,0.0,0.0,M Atkinson
2019-2020,2019-10-21,Sheffield United,Arsenal,1.0,0.0,H,1.0,0.0,H,8.0,9.0,2.0,3.0,7.0,12.0,10.0,12.0,4.0,4.0,0.0,0.0,M Dean
2019-2020,2019-10-25,Southampton,Leicester,0.0,9.0,A,0.0,5.0,A,6.0,25.0,3.0,15.0,2.0,7.0,3.0,12.0,0.0,0.0,1.0,0.0,A Marriner
2019-2020,2019-10-26,Manchester City,Aston Villa,3.0,0.0,H,0.0,0.0,D,25.0,11.0,9.0,5.0,13.0,7.0,10.0,5.0,1.0,1.0,1.0,0.0,G Scott
2019-2020,2019-10-26,Brighton,Everton,3.0,2.0,H,1.0,1.0,D,8.0,10.0,4.0,6.0,0.0,5.0,12.0,12.0,2.0,1.0,0.0,0.0,A Madley
2019-2020,2019-10-26,Watford,Bournemouth,0.0,0.0,D,0.0,0.0,D,7.0,15.0,3.0,5.0,5.0,10.0,14.0,8.0,5.0,3.0,0.0,0.0,M Dean
2019-2020,2019-10-26,West Ham,Sheffield United,1.0,1.0,D,1.0,0.0,H,12.0,10.0,4.0,4.0,10.0,4.0,7.0,10.0,2.0,2.0,0.0,0.0,D Coote
2019-2020,2019-10-26,Burnley,Chelsea,2.0,4.0,A,0.0,2.0,A,13.0,16.0,5.0,7.0,5.0,6.0,7.0,8.0,3.0,2.0,0.0,0.0,M Oliver
2019-2020,2019-10-27,Liverpool,Tottenham,2.0,1.0,H,0.0,1.0,A,21.0,11.0,13.0,4.0,8.0,3.0,9.0,11.0,3.0,3.0,0.0,0.0,A Taylor
2019-2020,2019-10-27,Norwich,Manchester United,1.0,3.0,A,0.0,2.0,A,10.0,21.0,3.0,11.0,1.0,10.0,13.0,10.0,2.0,2.0,0.0,0.0,S Attwell
2019-2020,2019-10-27,Newcastle,Wolverhampton,1.0,1.0,D,1.0,0.0,H,13.0,13.0,2.0,5.0,3.0,6.0,8.0,15.0,2.0,2.0,1.0,0.0,K Friend
2019-2020,2019-10-27,Arsenal,Crystal Palace,2.0,2.0,D,2.0,1.0,H,15.0,10.0,6.0,4.0,12.0,5.0,18.0,9.0,2.0,0.0,0.0,0.0,M Atkinson
2019-2020,2019-11-02,Watford,Chelsea,1.0,2.0,A,0.0,1.0,A,12.0,16.0,3.0,10.0,1.0,6.0,8.0,5.0,4.0,2.0,0.0,0.0,A Taylor
2019-2020,2019-11-02,Bournemouth,Manchester United,1.0,0.0,H,1.0,0.0,H,12.0,15.0,6.0,4.0,4.0,10.0,14.0,12.0,4.0,3.0,0.0,0.0,C Kavanagh
2019-2020,2019-11-02,Arsenal,Wolverhampton,1.0,1.0,D,1.0,0.0,H,10.0,25.0,4.0,8.0,8.0,9.0,6.0,15.0,0.0,2.0,0.0,0.0,M Oliver
2019-2020,2019-11-02,Aston Villa,Liverpool,1.0,2.0,A,1.0,0.0,H,5.0,25.0,2.0,6.0,2.0,10.0,12.0,9.0,1.0,2.0,0.0,0.0,J Moss
2019-2020,2019-11-02,Brighton,Norwich,2.0,0.0,H,0.0,0.0,D,21.0,7.0,5.0,0.0,8.0,3.0,11.0,8.0,0.0,1.0,0.0,0.0,K Friend
2019-2020,2019-11-02,Manchester City,Southampton,2.0,1.0,H,0.0,1.0,A,26.0,3.0,4.0,3.0,17.0,0.0,11.0,10.0,3.0,1.0,0.0,0.0,L Mason
2019-2020,2019-11-02,Sheffield United,Burnley,3.0,0.0,H,3.0,0.0,H,13.0,6.0,6.0,0.0,7.0,6.0,8.0,12.0,1.0,2.0,0.0,0.0,S Hooper
2019-2020,2019-11-02,West Ham,Newcastle,2.0,3.0,A,0.0,2.0,A,16.0,12.0,6.0,9.0,7.0,3.0,10.0,7.0,2.0,1.0,0.0,0.0,S Attwell
2019-2020,2019-11-03,Everton,Tottenham,1.0,1.0,D,0.0,0.0,D,7.0,4.0,3.0,2.0,5.0,2.0,9.0,8.0,1.0,2.0,0.0,1.0,M Atkinson
2019-2020,2019-11-03,Crystal Palace,Leicester,0.0,2.0,A,0.0,0.0,D,12.0,14.0,3.0,5.0,5.0,6.0,15.0,16.0,2.0,2.0,0.0,0.0,P Tierney
2019-2020,2019-11-08,Norwich,Watford,0.0,2.0,A,0.0,1.0,A,17.0,12.0,5.0,2.0,10.0,4.0,7.0,13.0,1.0,2.0,0.0,1.0,A Marriner
2019-2020,2019-11-09,Chelsea,Crystal Palace,2.0,0.0,H,0.0,0.0,D,23.0,3.0,5.0,1.0,7.0,0.0,9.0,17.0,3.0,2.0,0.0,0.0,M Dean
2019-2020,2019-11-09,Burnley,West Ham,3.0,0.0,H,2.0,0.0,H,14.0,7.0,12.0,4.0,11.0,4.0,17.0,10.0,2.0,1.0,0.0,0.0,K Friend
2019-2020,2019-11-09,Newcastle,Bournemouth,2.0,1.0,H,1.0,1.0,D,20.0,16.0,9.0,3.0,5.0,4.0,10.0,5.0,2.0,0.0,0.0,0.0,M Atkinson
2019-2020,2019-11-09,Southampton,Everton,1.0,2.0,A,0.0,1.0,A,4.0,24.0,3.0,5.0,5.0,9.0,12.0,12.0,1.0,1.0,0.0,0.0,P Tierney
2019-2020,2019-11-09,Tottenham,Sheffield United,1.0,1.0,D,0.0,0.0,D,17.0,14.0,5.0,4.0,4.0,4.0,6.0,9.0,2.0,2.0,0.0,0.0,G Scott
2019-2020,2019-11-09,Leicester,Arsenal,2.0,0.0,H,0.0,0.0,D,19.0,8.0,7.0,1.0,5.0,4.0,10.0,10.0,1.0,1.0,0.0,0.0,C Kavanagh
2019-2020,2019-11-10,Manchester United,Brighton,3.0,1.0,H,2.0,0.0,H,21.0,6.0,11.0,2.0,5.0,2.0,10.0,14.0,2.0,5.0,0.0,0.0,J Moss
2019-2020,2019-11-10,Wolverhampton,Aston Villa,2.0,1.0,H,1.0,0.0,H,17.0,13.0,5.0,4.0,6.0,3.0,17.0,8.0,4.0,3.0,0.0,0.0,A Taylor
2019-2020,2019-11-10,Liverpool,Manchester City,3.0,1.0,H,2.0,0.0,H,12.0,18.0,5.0,3.0,4.0,13.0,10.0,5.0,0.0,2.0,0.0,0.0,M Oliver
2019-2020,2019-11-23,Manchester City,Chelsea,2.0,1.0,H,2.0,1.0,H,15.0,11.0,4.0,2.0,8.0,2.0,5.0,9.0,1.0,1.0,0.0,0.0,M Atkinson
2019-2020,2019-11-23,Everton,Norwich,0.0,2.0,A,0.0,0.0,D,18.0,13.0,7.0,5.0,7.0,7.0,12.0,11.0,3.0,5.0,0.0,0.0,A Taylor
2019-2020,2019-11-23,Crystal Palace,Liverpool,1.0,2.0,A,0.0,0.0,D,16.0,12.0,6.0,4.0,9.0,8.0,8.0,7.0,0.0,1.0,0.0,0.0,K Friend
2019-2020,2019-11-23,Watford,Burnley,0.0,3.0,A,0.0,0.0,D,15.0,11.0,4.0,5.0,7.0,5.0,14.0,13.0,0.0,3.0,0.0,0.0,P Tierney
2019-2020,2019-11-23,Bournemouth,Wolverhampton,1.0,2.0,A,0.0,2.0,A,9.0,17.0,2.0,7.0,5.0,9.0,10.0,12.0,2.0,1.0,1.0,0.0,S Hooper
2019-2020,2019-11-23,Arsenal,Southampton,2.0,2.0,D,1.0,1.0,D,12.0,21.0,5.0,6.0,6.0,8.0,13.0,19.0,6.0,2.0,0.0,0.0,S Attwell
2019-2020,2019-11-23,West Ham,Tottenham,2.0,3.0,A,0.0,2.0,A,11.0,15.0,4.0,6.0,3.0,7.0,12.0,14.0,3.0,2.0,0.0,0.0,M Oliver
2019-2020,2019-11-23,Brighton,Leicester,0.0,2.0,A,0.0,0.0,D,7.0,19.0,0.0,9.0,6.0,7.0,9.0,1.0,2.0,0.0,0.0,0.0,M Dean
2019-2020,2019-11-24,Sheffield United,Manchester United,3.0,3.0,D,1.0,0.0,H,12.0,11.0,8.0,5.0,6.0,3.0,13.0,10.0,1.0,2.0,0.0,0.0,A Marriner
2019-2020,2019-11-25,Aston Villa,Newcastle,2.0,0.0,H,2.0,0.0,H,17.0,11.0,8.0,5.0,11.0,6.0,10.0,9.0,1.0,1.0,0.0,0.0,L Mason
2019-2020,2019-11-30,Southampton,Watford,2.0,1.0,H,0.0,1.0,A,11.0,6.0,6.0,3.0,6.0,7.0,6.0,10.0,1.0,0.0,0.0,0.0,M Oliver
2019-2020,2019-11-30,Tottenham,Bournemouth,3.0,2.0,H,1.0,0.0,H,15.0,20.0,5.0,6.0,4.0,8.0,10.0,12.0,0.0,2.0,0.0,0.0,L Mason
2019-2020,2019-11-30,Liverpool,Brighton,2.0,1.0,H,2.0,0.0,H,15.0,12.0,7.0,5.0,4.0,5.0,3.0,10.0,0.0,0.0,1.0,0.0,M Atkinson
2019-2020,2019-11-30,Burnley,Crystal Palace,0.0,2.0,A,0.0,1.0,A,15.0,7.0,4.0,2.0,5.0,6.0,13.0,10.0,2.0,0.0,0.0,0.0,P Bankes
2019-2020,2019-11-30,Newcastle,Manchester City,2.0,2.0,D,1.0,1.0,D,6.0,24.0,3.0,9.0,1.0,10.0,4.0,6.0,1.0,2.0,0.0,0.0,C Kavanagh
2019-2020,2019-11-30,Chelsea,West Ham,0.0,1.0,A,0.0,0.0,D,19.0,5.0,6.0,4.0,9.0,3.0,0.0,16.0,0.0,3.0,0.0,0.0,J Moss
2019-2020,2019-12-01,Norwich,Arsenal,2.0,2.0,D,2.0,1.0,H,15.0,16.0,8.0,7.0,7.0,12.0,8.0,10.0,2.0,1.0,0.0,0.0,P Tierney
2019-2020,2019-12-01,Wolverhampton,Sheffield United,1.0,1.0,D,0.0,1.0,A,13.0,9.0,3.0,4.0,7.0,2.0,12.0,18.0,1.0,4.0,0.0,0.0,D Coote
2019-2020,2019-12-01,Leicester,Everton,2.0,1.0,H,0.0,1.0,A,16.0,11.0,6.0,3.0,4.0,4.0,7.0,9.0,0.0,1.0,0.0,0.0,G Scott
2019-2020,2019-12-01,Manchester United,Aston Villa,2.0,2.0,D,1.0,1.0,D,16.0,9.0,6.0,3.0,9.0,9.0,16.0,8.0,4.0,1.0,0.0,0.0,C Pawson
2019-2020,2019-12-03,Crystal Palace,Bournemouth,1.0,0.0,H,0.0,0.0,D,7.0,6.0,2.0,3.0,6.0,9.0,6.0,15.0,3.0,3.0,1.0,0.0,A Taylor
2019-2020,2019-12-03,Burnley,Manchester City,1.0,4.0,A,0.0,1.0,A,4.0,17.0,2.0,8.0,3.0,6.0,9.0,6.0,1.0,1.0,0.0,0.0,J Moss
2019-2020,2019-12-04,Wolverhampton,West Ham,2.0,0.0,H,1.0,0.0,H,13.0,6.0,7.0,3.0,5.0,4.0,8.0,9.0,1.0,2.0,0.0,0.0,A Marriner
2019-2020,2019-12-04,Southampton,Norwich,2.0,1.0,H,2.0,0.0,H,14.0,10.0,5.0,3.0,6.0,1.0,12.0,7.0,1.0,1.0,0.0,0.0,K Friend
2019-2020,2019-12-04,Liverpool,Everton,5.0,2.0,H,4.0,2.0,H,11.0,12.0,5.0,4.0,5.0,6.0,13.0,17.0,1.0,2.0,0.0,0.0,M Dean
2019-2020,2019-12-04,Leicester,Watford,2.0,0.0,H,0.0,0.0,D,12.0,4.0,6.0,1.0,7.0,2.0,13.0,16.0,3.0,2.0,0.0,0.0,C Pawson
2019-2020,2019-12-04,Manchester United,Tottenham,2.0,1.0,H,1.0,1.0,D,12.0,8.0,7.0,5.0,4.0,3.0,9.0,9.0,0.0,1.0,0.0,0.0,P Tierney
2019-2020,2019-12-04,Chelsea,Aston Villa,2.0,1.0,H,1.0,1.0,D,25.0,9.0,9.0,3.0,9.0,5.0,18.0,10.0,2.0,1.0,0.0,0.0,C Kavanagh
2019-2020,2019-12-05,Sheffield United,Newcastle,0.0,2.0,A,0.0,1.0,A,13.0,6.0,6.0,4.0,8.0,1.0,10.0,6.0,2.0,0.0,0.0,0.0,S Attwell
2019-2020,2019-12-05,Arsenal,Brighton,1.0,2.0,A,0.0,1.0,A,12.0,20.0,5.0,9.0,9.0,9.0,10.0,11.0,3.0,1.0,0.0,0.0,G Scott
2019-2020,2019-12-07,Everton,Chelsea,3.0,1.0,H,1.0,0.0,H,13.0,15.0,7.0,4.0,1.0,5.0,14.0,9.0,3.0,0.0,0.0,0.0,C Pawson
2019-2020,2019-12-07,Bournemouth,Liverpool,0.0,3.0,A,0.0,2.0,A,3.0,21.0,0.0,9.0,1.0,3.0,5.0,6.0,0.0,1.0,0.0,0.0,C Kavanagh
2019-2020,2019-12-07,Tottenham,Burnley,5.0,0.0,H,3.0,0.0,H,13.0,7.0,7.0,1.0,1.0,1.0,12.0,8.0,1.0,1.0,0.0,0.0,K Friend
2019-2020,2019-12-07,Watford,Crystal Palace,0.0,0.0,D,0.0,0.0,D,13.0,3.0,3.0,0.0,6.0,2.0,15.0,16.0,4.0,2.0,0.0,0.0,M Atkinson
2019-2020,2019-12-07,Manchester City,Manchester United,1.0,2.0,A,0.0,2.0,A,22.0,11.0,5.0,7.0,16.0,3.0,10.0,10.0,3.0,2.0,0.0,0.0,A Taylor
2019-2020,2019-12-08,Aston Villa,Leicester,1.0,4.0,A,1.0,2.0,A,15.0,23.0,2.0,8.0,8.0,5.0,21.0,15.0,6.0,2.0,0.0,0.0,M Oliver
2019-2020,2019-12-08,Newcastle,Southampton,2.0,1.0,H,0.0,0.0,D,12.0,19.0,6.0,4.0,3.0,12.0,11.0,17.0,1.0,3.0,0.0,0.0,D Coote
2019-2020,2019-12-08,Norwich,Sheffield United,1.0,2.0,A,1.0,0.0,H,14.0,9.0,4.0,3.0,9.0,1.0,6.0,12.0,0.0,4.0,0.0,0.0,S Hooper
2019-2020,2019-12-08,Brighton,Wolverhampton,2.0,2.0,D,2.0,2.0,D,13.0,13.0,4.0,5.0,3.0,4.0,10.0,7.0,3.0,0.0,0.0,0.0,J Moss
2019-2020,2019-12-09,West Ham,Arsenal,1.0,3.0,A,1.0,0.0,H,11.0,10.0,4.0,3.0,4.0,3.0,12.0,6.0,2.0,0.0,0.0,0.0,M Dean
2019-2020,2019-12-14,Sheffield United,Aston Villa,2.0,0.0,H,0.0,0.0,D,7.0,8.0,3.0,0.0,3.0,2.0,10.0,9.0,2.0,2.0,0.0,0.0,P Bankes
2019-2020,2019-12-14,Southampton,West Ham,0.0,1.0,A,0.0,1.0,A,11.0,11.0,2.0,4.0,5.0,8.0,9.0,14.0,1.0,3.0,0.0,0.0,M Atkinson
2019-2020,2019-12-14,Leicester,Norwich,1.0,1.0,D,1.0,1.0,D,18.0,10.0,5.0,3.0,12.0,4.0,11.0,15.0,0.0,4.0,0.0,0.0,A Madley
2019-2020,2019-12-14,Burnley,Newcastle,1.0,0.0,H,0.0,0.0,D,7.0,9.0,4.0,0.0,4.0,3.0,15.0,12.0,0.0,2.0,0.0,0.0,T Robinson
2019-2020,2019-12-14,Liverpool,Watford,2.0,0.0,H,1.0,0.0,H,16.0,8.0,6.0,2.0,6.0,3.0,8.0,6.0,2.0,1.0,0.0,0.0,A Marriner
2019-2020,2019-12-14,Chelsea,Bournemouth,0.0,1.0,A,0.0,0.0,D,18.0,11.0,5.0,2.0,9.0,4.0,9.0,14.0,1.0,2.0,0.0,0.0,G Scott
2019-2020,2019-12-15,Manchester United,Everton,1.0,1.0,D,0.0,1.0,A,24.0,8.0,8.0,3.0,6.0,5.0,10.0,12.0,1.0,2.0,0.0,0.0,M Oliver
2019-2020,2019-12-15,Wolverhampton,Tottenham,1.0,2.0,A,0.0,1.0,A,18.0,9.0,5.0,5.0,11.0,2.0,14.0,10.0,4.0,4.0,0.0,0.0,S Attwell
2019-2020,2019-12-15,Arsenal,Manchester City,0.0,3.0,A,0.0,3.0,A,6.0,14.0,1.0,7.0,3.0,3.0,9.0,24.0,1.0,4.0,0.0,0.0,P Tierney
2019-2020,2019-12-16,Crystal Palace,Brighton,1.0,1.0,D,0.0,0.0,D,11.0,15.0,4.0,10.0,3.0,7.0,7.0,12.0,1.0,1.0,0.0,0.0,C Pawson
2019-2020,2019-12-21,Bournemouth,Burnley,0.0,1.0,A,0.0,0.0,D,3.0,2.0,0.0,1.0,4.0,5.0,13.0,21.0,2.0,4.0,0.0,0.0,M Atkinson
2019-2020,2019-12-21,Manchester City,Leicester,3.0,1.0,H,2.0,1.0,H,23.0,5.0,12.0,2.0,6.0,1.0,14.0,9.0,2.0,2.0,0.0,0.0,M Dean
2019-2020,2019-12-21,Norwich,Wolverhampton,1.0,2.0,A,1.0,0.0,H,13.0,14.0,7.0,4.0,3.0,11.0,7.0,14.0,2.0,4.0,0.0,0.0,P Bankes
2019-2020,2019-12-21,Newcastle,Crystal Palace,1.0,0.0,H,0.0,0.0,D,8.0,16.0,3.0,4.0,4.0,5.0,12.0,11.0,2.0,0.0,0.0,0.0,S Hooper
2019-2020,2019-12-21,Aston Villa,Southampton,1.0,3.0,A,0.0,2.0,A,19.0,17.0,6.0,8.0,7.0,5.0,16.0,15.0,2.0,1.0,0.0,0.0,C Pawson
2019-2020,2019-12-21,Everton,Arsenal,0.0,0.0,D,0.0,0.0,D,9.0,6.0,0.0,2.0,5.0,4.0,10.0,11.0,2.0,3.0,0.0,0.0,K Friend
2019-2020,2019-12-21,Brighton,Sheffield United,0.0,1.0,A,0.0,1.0,A,9.0,7.0,2.0,2.0,4.0,3.0,6.0,11.0,1.0,3.0,0.0,0.0,R Jones
2019-2020,2019-12-22,Tottenham,Chelsea,0.0,2.0,A,0.0,2.0,A,5.0,13.0,1.0,3.0,3.0,5.0,9.0,11.0,4.0,3.0,1.0,0.0,A Taylor
2019-2020,2019-12-22,Watford,Manchester United,2.0,0.0,H,0.0,0.0,D,11.0,17.0,3.0,8.0,3.0,5.0,16.0,11.0,3.0,1.0,0.0,0.0,L Mason
2019-2020,2019-12-26,Sheffield United,Watford,1.0,1.0,D,1.0,1.0,D,16.0,5.0,4.0,2.0,9.0,1.0,11.0,8.0,1.0,3.0,0.0,0.0,D Coote
2019-2020,2019-12-26,Everton,Burnley,1.0,0.0,H,0.0,0.0,D,21.0,6.0,5.0,0.0,10.0,2.0,15.0,14.0,0.0,0.0,0.0,0.0,A Taylor
2019-2020,2019-12-26,Manchester United,Newcastle,4.0,1.0,H,3.0,1.0,H,22.0,7.0,10.0,2.0,5.0,0.0,10.0,7.0,2.0,2.0,0.0,0.0,K Friend
2019-2020,2019-12-26,Leicester,Liverpool,0.0,4.0,A,0.0,1.0,A,3.0,15.0,0.0,6.0,2.0,8.0,5.0,7.0,1.0,1.0,0.0,0.0,M Oliver
2019-2020,2019-12-26,Crystal Palace,West Ham,2.0,1.0,H,0.0,0.0,D,13.0,10.0,4.0,2.0,7.0,6.0,5.0,10.0,0.0,2.0,0.0,0.0,A Marriner
2019-2020,2019-12-26,Bournemouth,Arsenal,1.0,1.0,D,1.0,0.0,H,12.0,17.0,4.0,2.0,8.0,3.0,5.0,13.0,4.0,4.0,0.0,0.0,S Attwell
2019-2020,2019-12-26,Tottenham,Brighton,2.0,1.0,H,0.0,1.0,A,11.0,11.0,5.0,5.0,9.0,2.0,10.0,9.0,4.0,2.0,0.0,0.0,G Scott
2019-2020,2019-12-26,Chelsea,Southampton,0.0,2.0,A,0.0,1.0,A,10.0,5.0,3.0,3.0,8.0,1.0,10.0,9.0,3.0,2.0,0.0,0.0,J Moss
2019-2020,2019-12-26,Aston Villa,Norwich,1.0,0.0,H,0.0,0.0,D,11.0,16.0,2.0,6.0,5.0,8.0,15.0,12.0,2.0,3.0,0.0,0.0,C Kavanagh
2019-2020,2019-12-27,Wolverhampton,Manchester City,3.0,2.0,H,0.0,1.0,A,20.0,7.0,8.0,3.0,3.0,1.0,7.0,13.0,0.0,1.0,0.0,1.0,M Atkinson
2019-2020,2019-12-28,Brighton,Bournemouth,2.0,0.0,H,1.0,0.0,H,16.0,10.0,6.0,2.0,9.0,2.0,8.0,11.0,0.0,2.0,0.0,0.0,P Tierney
2019-2020,2019-12-28,Newcastle,Everton,1.0,2.0,A,0.0,1.0,A,20.0,22.0,5.0,9.0,5.0,8.0,13.0,13.0,2.0,2.0,0.0,0.0,L Mason
2019-2020,2019-12-28,Southampton,Crystal Palace,1.0,1.0,D,0.0,0.0,D,14.0,5.0,5.0,2.0,12.0,4.0,13.0,7.0,1.0,2.0,0.0,0.0,A Madley
2019-2020,2019-12-28,Watford,Aston Villa,3.0,0.0,H,1.0,0.0,H,20.0,11.0,6.0,2.0,6.0,3.0,16.0,9.0,3.0,1.0,1.0,0.0,S Hooper
2019-2020,2019-12-28,West Ham,Leicester,1.0,2.0,A,1.0,1.0,D,14.0,13.0,4.0,8.0,5.0,5.0,16.0,4.0,4.0,1.0,0.0,0.0,D Coote
2019-2020,2019-12-28,Burnley,Manchester United,0.0,2.0,A,0.0,1.0,A,8.0,14.0,1.0,5.0,5.0,4.0,17.0,10.0,4.0,3.0,0.0,0.0,M Dean
2019-2020,2019-12-28,Norwich,Tottenham,2.0,2.0,D,1.0,0.0,H,5.0,15.0,2.0,7.0,4.0,6.0,12.0,10.0,3.0,3.0,0.0,0.0,K Friend
2019-2020,2019-12-29,Arsenal,Chelsea,1.0,2.0,A,1.0,0.0,H,7.0,13.0,2.0,4.0,2.0,3.0,13.0,19.0,5.0,4.0,0.0,0.0,C Pawson
2019-2020,2019-12-29,Liverpool,Wolverhampton,1.0,0.0,H,1.0,0.0,H,10.0,10.0,3.0,2.0,5.0,6.0,7.0,3.0,1.0,0.0,0.0,0.0,A Taylor
2019-2020,2019-12-29,Manchester City,Sheffield United,2.0,0.0,H,0.0,0.0,D,16.0,8.0,4.0,0.0,8.0,5.0,5.0,6.0,1.0,1.0,0.0,0.0,C Kavanagh
2019-2020,2020-01-01,Arsenal,Manchester United,2.0,0.0,H,2.0,0.0,H,10.0,10.0,4.0,4.0,1.0,4.0,11.0,15.0,2.0,0.0,0.0,0.0,C Kavanagh
2019-2020,2020-01-01,Manchester City,Everton,2.0,1.0,H,0.0,0.0,D,16.0,7.0,7.0,2.0,3.0,6.0,11.0,11.0,0.0,4.0,0.0,0.0,A Marriner
2019-2020,2020-01-01,West Ham,Bournemouth,4.0,0.0,H,3.0,0.0,H,14.0,3.0,7.0,2.0,9.0,2.0,3.0,12.0,1.0,2.0,0.0,0.0,G Scott
2019-2020,2020-01-01,Norwich,Crystal Palace,1.0,1.0,D,1.0,0.0,H,15.0,12.0,4.0,3.0,2.0,5.0,12.0,9.0,5.0,0.0,0.0,0.0,J Moss
2019-2020,2020-01-01,Watford,Wolverhampton,2.0,1.0,H,1.0,0.0,H,9.0,16.0,3.0,4.0,4.0,7.0,12.0,6.0,3.0,1.0,1.0,0.0,A Madley
2019-2020,2020-01-01,Newcastle,Leicester,0.0,3.0,A,0.0,2.0,A,5.0,17.0,2.0,10.0,4.0,5.0,8.0,12.0,1.0,1.0,0.0,0.0,M Atkinson
2019-2020,2020-01-01,Burnley,Aston Villa,1.0,2.0,A,0.0,2.0,A,20.0,11.0,1.0,6.0,8.0,4.0,12.0,10.0,1.0,1.0,0.0,0.0,M Oliver
2019-2020,2020-01-01,Brighton,Chelsea,1.0,1.0,D,0.0,1.0,A,16.0,16.0,5.0,5.0,5.0,3.0,8.0,15.0,2.0,3.0,0.0,0.0,S Attwell
2019-2020,2020-01-01,Southampton,Tottenham,1.0,0.0,H,1.0,0.0,H,12.0,11.0,3.0,5.0,6.0,9.0,21.0,8.0,3.0,4.0,0.0,0.0,M Dean
2019-2020,2020-01-02,Liverpool,Sheffield United,2.0,0.0,H,1.0,0.0,H,19.0,3.0,7.0,2.0,8.0,4.0,5.0,8.0,0.0,0.0,0.0,0.0,P Tierney
2019-2020,2020-01-10,Sheffield United,West Ham,1.0,0.0,H,0.0,0.0,D,13.0,7.0,3.0,2.0,7.0,3.0,11.0,6.0,1.0,0.0,0.0,0.0,M Oliver
2019-2020,2020-01-11,Tottenham,Liverpool,0.0,1.0,A,0.0,1.0,A,14.0,13.0,4.0,7.0,4.0,3.0,4.0,8.0,0.0,2.0,0.0,0.0,M Atkinson
2019-2020,2020-01-11,Wolverhampton,Newcastle,1.0,1.0,D,1.0,1.0,D,9.0,5.0,4.0,1.0,5.0,2.0,13.0,12.0,0.0,3.0,0.0,0.0,P Bankes
2019-2020,2020-01-11,Manchester United,Norwich,4.0,0.0,H,1.0,0.0,H,13.0,8.0,6.0,3.0,4.0,2.0,18.0,7.0,0.0,0.0,0.0,0.0,A Taylor
2019-2020,2020-01-11,Leicester,Southampton,1.0,2.0,A,1.0,1.0,D,5.0,16.0,5.0,10.0,2.0,4.0,9.0,17.0,0.0,3.0,0.0,0.0,L Mason
2019-2020,2020-01-11,Chelsea,Burnley,3.0,0.0,H,2.0,0.0,H,18.0,7.0,8.0,2.0,10.0,3.0,7.0,4.0,0.0,3.0,0.0,0.0,K Friend
2019-2020,2020-01-11,Crystal Palace,Arsenal,1.0,1.0,D,0.0,1.0,A,6.0,7.0,3.0,4.0,1.0,4.0,14.0,22.0,2.0,3.0,0.0,1.0,P Tierney
2019-2020,2020-01-11,Everton,Brighton,1.0,0.0,H,1.0,0.0,H,14.0,9.0,6.0,2.0,4.0,3.0,7.0,7.0,2.0,1.0,0.0,0.0,D Coote
2019-2020,2020-01-12,Bournemouth,Watford,0.0,3.0,A,0.0,1.0,A,10.0,18.0,1.0,6.0,5.0,5.0,3.0,13.0,1.0,1.0,0.0,0.0,M Dean
2019-2020,2020-01-12,Aston Villa,Manchester City,1.0,6.0,A,0.0,4.0,A,7.0,22.0,1.0,12.0,2.0,4.0,5.0,12.0,2.0,1.0,0.0,0.0,J Moss
2019-2020,2020-01-18,Southampton,Wolverhampton,2.0,3.0,A,2.0,0.0,H,11.0,8.0,5.0,4.0,1.0,3.0,13.0,12.0,2.0,1.0,0.0,0.0,D England
2019-2020,2020-01-18,Newcastle,Chelsea,1.0,0.0,H,0.0,0.0,D,7.0,19.0,2.0,4.0,1.0,10.0,9.0,14.0,1.0,1.0,0.0,0.0,C Kavanagh
2019-2020,2020-01-18,West Ham,Everton,1.0,1.0,D,1.0,1.0,D,12.0,11.0,6.0,3.0,7.0,6.0,11.0,13.0,1.0,0.0,0.0,0.0,A Marriner
2019-2020,2020-01-18,Norwich,Bournemouth,1.0,0.0,H,1.0,0.0,H,16.0,6.0,5.0,3.0,4.0,5.0,10.0,10.0,2.0,2.0,1.0,1.0,P Tierney
2019-2020,2020-01-18,Brighton,Aston Villa,1.0,1.0,D,1.0,0.0,H,10.0,8.0,2.0,3.0,3.0,4.0,11.0,13.0,3.0,3.0,0.0,0.0,A Madley
2019-2020,2020-01-18,Manchester City,Crystal Palace,2.0,2.0,D,0.0,1.0,A,25.0,5.0,6.0,3.0,14.0,2.0,9.0,7.0,1.0,2.0,0.0,0.0,S Scott
2019-2020,2020-01-18,Arsenal,Sheffield United,1.0,1.0,D,1.0,0.0,H,11.0,12.0,4.0,4.0,4.0,5.0,9.0,13.0,1.0,2.0,0.0,0.0,M Dean
2019-2020,2020-01-18,Watford,Tottenham,0.0,0.0,D,0.0,0.0,D,15.0,17.0,2.0,5.0,3.0,3.0,13.0,13.0,2.0,3.0,0.0,0.0,M Oliver
2019-2020,2020-01-19,Burnley,Leicester,2.0,1.0,H,0.0,1.0,A,8.0,18.0,5.0,8.0,4.0,5.0,14.0,8.0,1.0,0.0,0.0,0.0,A Taylor
2019-2020,2020-01-19,Liverpool,Manchester United,2.0,0.0,H,1.0,0.0,H,16.0,9.0,5.0,4.0,11.0,5.0,7.0,10.0,1.0,3.0,0.0,0.0,C Pawson
2019-2020,2020-01-21,Chelsea,Arsenal,2.0,2.0,D,1.0,0.0,H,19.0,2.0,8.0,2.0,17.0,5.0,11.0,6.0,2.0,1.0,0.0,1.0,S Attwell
2019-2020,2020-01-21,Everton,Newcastle,2.0,2.0,D,1.0,0.0,H,17.0,8.0,8.0,2.0,6.0,4.0,13.0,10.0,1.0,1.0,0.0,0.0,S Hooper
2019-2020,2020-01-21,Sheffield United,Manchester City,0.0,1.0,A,0.0,0.0,D,4.0,18.0,1.0,5.0,5.0,13.0,13.0,13.0,4.0,3.0,0.0,0.0,L Mason
2019-2020,2020-01-21,Bournemouth,Brighton,3.0,1.0,H,2.0,0.0,H,11.0,21.0,3.0,8.0,5.0,8.0,9.0,12.0,1.0,1.0,0.0,0.0,K Friend
2019-2020,2020-01-21,Aston Villa,Watford,2.0,1.0,H,0.0,1.0,A,16.0,8.0,5.0,2.0,6.0,3.0,11.0,18.0,2.0,2.0,0.0,0.0,M Atkinson
2019-2020,2020-01-21,Crystal Palace,Southampton,0.0,2.0,A,0.0,1.0,A,6.0,15.0,0.0,6.0,0.0,8.0,12.0,13.0,1.0,2.0,0.0,0.0,A Marriner
2019-2020,2020-01-22,Leicester,West Ham,4.0,1.0,H,2.0,0.0,H,19.0,6.0,8.0,2.0,7.0,8.0,10.0,19.0,1.0,1.0,0.0,0.0,D Coote
2019-2020,2020-01-22,Tottenham,Norwich,2.0,1.0,H,1.0,0.0,H,14.0,12.0,3.0,2.0,7.0,3.0,12.0,7.0,0.0,1.0,0.0,0.0,C Kavanagh
2019-2020,2020-01-22,Manchester United,Burnley,0.0,2.0,A,0.0,1.0,A,24.0,5.0,7.0,2.0,5.0,2.0,11.0,7.0,0.0,2.0,0.0,0.0,J Moss
2019-2020,2020-01-23,Wolverhampton,Liverpool,1.0,2.0,A,0.0,1.0,A,10.0,13.0,3.0,6.0,2.0,4.0,6.0,11.0,0.0,1.0,0.0,0.0,M Oliver
2019-2020,2020-01-29,West Ham,Liverpool,0.0,2.0,A,0.0,1.0,A,7.0,13.0,4.0,5.0,3.0,7.0,6.0,6.0,2.0,0.0,0.0,0.0,J Moss
2019-2020,2020-02-01,Watford,Everton,2.0,3.0,A,2.0,2.0,D,11.0,12.0,2.0,5.0,4.0,4.0,17.0,14.0,2.0,2.0,0.0,1.0,C Pawson
2019-2020,2020-02-01,Manchester United,Wolverhampton,0.0,0.0,D,0.0,0.0,D,15.0,14.0,5.0,3.0,4.0,6.0,14.0,15.0,3.0,2.0,0.0,0.0,P Tierney
2019-2020,2020-02-01,West Ham,Brighton,3.0,3.0,D,2.0,0.0,H,12.0,19.0,6.0,6.0,4.0,6.0,8.0,9.0,1.0,1.0,0.0,0.0,M Oliver
2019-2020,2020-02-01,Newcastle,Norwich,0.0,0.0,D,0.0,0.0,D,15.0,19.0,5.0,4.0,8.0,12.0,10.0,15.0,2.0,1.0,0.0,0.0,M Atkinson
2019-2020,2020-02-01,Leicester,Chelsea,2.0,2.0,D,0.0,0.0,D,14.0,7.0,4.0,3.0,4.0,6.0,16.0,14.0,2.0,2.0,0.0,0.0,L Mason
2019-2020,2020-02-01,Crystal Palace,Sheffield United,0.0,1.0,A,0.0,0.0,D,13.0,10.0,3.0,3.0,9.0,5.0,9.0,15.0,3.0,2.0,0.0,0.0,A Madley
2019-2020,2020-02-01,Bournemouth,Aston Villa,2.0,1.0,H,2.0,0.0,H,16.0,18.0,6.0,5.0,1.0,8.0,10.0,15.0,1.0,3.0,1.0,0.0,A Taylor
2019-2020,2020-02-01,Liverpool,Southampton,4.0,0.0,H,0.0,0.0,D,16.0,17.0,9.0,4.0,6.0,11.0,9.0,15.0,0.0,2.0,0.0,0.0,K Friend
2019-2020,2020-02-02,Burnley,Arsenal,0.0,0.0,D,0.0,0.0,D,15.0,13.0,2.0,2.0,5.0,7.0,8.0,11.0,1.0,3.0,0.0,0.0,C Kavanagh
2019-2020,2020-02-02,Tottenham,Manchester City,2.0,0.0,H,0.0,0.0,D,3.0,18.0,3.0,5.0,2.0,6.0,8.0,14.0,2.0,3.0,0.0,1.0,M Dean
2019-2020,2020-02-08,Everton,Crystal Palace,3.0,1.0,H,1.0,0.0,H,14.0,10.0,8.0,2.0,4.0,6.0,11.0,12.0,0.0,1.0,0.0,0.0,D Coote
2019-2020,2020-02-08,Brighton,Watford,1.0,1.0,D,0.0,1.0,A,10.0,5.0,2.0,2.0,3.0,2.0,9.0,12.0,2.0,2.0,0.0,0.0,K Friend
2019-2020,2020-02-09,Sheffield United,Bournemouth,2.0,1.0,H,1.0,1.0,D,16.0,10.0,6.0,2.0,8.0,4.0,10.0,8.0,2.0,2.0,0.0,0.0,J Moss
2019-2020,2020-02-14,Wolverhampton,Leicester,0.0,0.0,D,0.0,0.0,D,15.0,9.0,3.0,3.0,7.0,0.0,13.0,10.0,2.0,2.0,0.0,1.0,M Dean
2019-2020,2020-02-15,Southampton,Burnley,1.0,2.0,A,1.0,1.0,D,10.0,9.0,2.0,6.0,4.0,3.0,8.0,11.0,2.0,2.0,0.0,0.0,S Hooper
2019-2020,2020-02-15,Norwich,Liverpool,0.0,1.0,A,0.0,0.0,D,5.0,17.0,1.0,6.0,2.0,7.0,5.0,11.0,1.0,2.0,0.0,0.0,S Attwell
2019-2020,2020-02-16,Aston Villa,Tottenham,2.0,3.0,A,1.0,2.0,A,18.0,23.0,4.0,10.0,12.0,7.0,12.0,10.0,2.0,0.0,0.0,0.0,M Atkinson
2019-2020,2020-02-16,Arsenal,Newcastle,4.0,0.0,H,0.0,0.0,D,15.0,10.0,7.0,2.0,5.0,6.0,15.0,9.0,2.0,0.0,0.0,0.0,L Mason
2019-2020,2020-02-17,Chelsea,Manchester United,0.0,2.0,A,0.0,1.0,A,17.0,9.0,1.0,3.0,9.0,8.0,11.0,11.0,4.0,3.0,0.0,0.0,A Taylor
2019-2020,2020-02-19,Manchester City,West Ham,2.0,0.0,H,1.0,0.0,H,20.0,3.0,7.0,0.0,6.0,1.0,5.0,7.0,0.0,1.0,0.0,0.0,K Friend
2019-2020,2020-02-22,Chelsea,Tottenham,2.0,1.0,H,1.0,0.0,H,17.0,5.0,7.0,3.0,3.0,5.0,14.0,14.0,1.0,2.0,0.0,0.0,M Oliver
2019-2020,2020-02-22,Burnley,Bournemouth,3.0,0.0,H,0.0,0.0,D,16.0,12.0,10.0,4.0,7.0,3.0,9.0,9.0,4.0,3.0,0.0,0.0,M Dean
2019-2020,2020-02-22,Crystal Palace,Newcastle,1.0,0.0,H,1.0,0.0,H,18.0,8.0,9.0,2.0,7.0,5.0,15.0,11.0,2.0,6.0,0.0,1.0,P Bankes
2019-2020,2020-02-22,Sheffield United,Brighton,1.0,1.0,D,1.0,1.0,D,14.0,8.0,3.0,2.0,12.0,2.0,3.0,6.0,0.0,2.0,0.0,0.0,G Scott
2019-2020,2020-02-22,Southampton,Aston Villa,2.0,0.0,H,1.0,0.0,H,28.0,4.0,9.0,1.0,9.0,6.0,13.0,17.0,1.0,4.0,0.0,0.0,C Pawson
2019-2020,2020-02-22,Leicester,Manchester City,0.0,1.0,A,0.0,0.0,D,10.0,18.0,3.0,7.0,3.0,7.0,14.0,10.0,0.0,0.0,0.0,0.0,P Tierney
2019-2020,2020-02-23,Manchester United,Watford,3.0,0.0,H,1.0,0.0,H,21.0,7.0,9.0,2.0,3.0,5.0,6.0,15.0,0.0,1.0,0.0,0.0,M Atkinson
2019-2020,2020-02-23,Wolverhampton,Norwich,3.0,0.0,H,2.0,0.0,H,19.0,6.0,6.0,4.0,4.0,1.0,11.0,6.0,2.0,3.0,0.0,0.0,C Kavanagh
2019-2020,2020-02-23,Arsenal,Everton,3.0,2.0,H,2.0,2.0,D,9.0,17.0,4.0,5.0,6.0,3.0,12.0,12.0,0.0,4.0,0.0,0.0,S Attwell
2019-2020,2020-02-24,Liverpool,West Ham,3.0,2.0,H,1.0,1.0,D,25.0,7.0,7.0,4.0,16.0,8.0,4.0,10.0,0.0,3.0,0.0,0.0,J Moss
2019-2020,2020-02-28,Norwich,Leicester,1.0,0.0,H,0.0,0.0,D,11.0,19.0,6.0,4.0,6.0,7.0,13.0,16.0,1.0,2.0,0.0,0.0,C Pawson
2019-2020,2020-02-29,West Ham,Southampton,3.0,1.0,H,2.0,1.0,H,14.0,10.0,7.0,2.0,4.0,9.0,8.0,11.0,1.0,1.0,0.0,0.0,A Taylor
2019-2020,2020-02-29,Newcastle,Burnley,0.0,0.0,D,0.0,0.0,D,21.0,8.0,4.0,1.0,11.0,7.0,11.0,9.0,4.0,3.0,0.0,0.0,A Madley
2019-2020,2020-02-29,Watford,Liverpool,3.0,0.0,H,0.0,0.0,D,14.0,7.0,5.0,1.0,3.0,5.0,4.0,8.0,0.0,0.0,0.0,0.0,M Oliver
2019-2020,2020-02-29,Brighton,Crystal Palace,0.0,1.0,A,0.0,0.0,D,24.0,12.0,8.0,3.0,8.0,7.0,8.0,9.0,1.0,1.0,0.0,0.0,M Atkinson
2019-2020,2020-02-29,Bournemouth,Chelsea,2.0,2.0,D,0.0,1.0,A,9.0,23.0,5.0,6.0,4.0,14.0,8.0,5.0,2.0,2.0,0.0,0.0,A Marriner
2019-2020,2020-03-01,Everton,Manchester United,1.0,1.0,D,1.0,1.0,D,16.0,14.0,5.0,5.0,13.0,8.0,11.0,11.0,3.0,4.0,0.0,0.0,C Kavanagh
2019-2020,2020-03-01,Tottenham,Wolverhampton,2.0,3.0,A,2.0,1.0,H,13.0,14.0,5.0,4.0,4.0,5.0,12.0,14.0,3.0,2.0,0.0,0.0,S Attwell
2019-2020,2020-03-07,Burnley,Tottenham,1.0,1.0,D,1.0,0.0,H,21.0,13.0,8.0,2.0,3.0,5.0,16.0,11.0,5.0,4.0,0.0,0.0,J Moss
2019-2020,2020-03-07,Southampton,Newcastle,0.0,1.0,A,0.0,0.0,D,6.0,14.0,3.0,7.0,5.0,8.0,14.0,15.0,0.0,3.0,1.0,0.0,G Scott
2019-2020,2020-03-07,Sheffield United,Norwich,1.0,0.0,H,1.0,0.0,H,10.0,12.0,4.0,5.0,10.0,5.0,12.0,8.0,0.0,0.0,0.0,0.0,S Hooper
2019-2020,2020-03-07,Wolverhampton,Brighton,0.0,0.0,D,0.0,0.0,D,11.0,7.0,1.0,1.0,2.0,0.0,4.0,7.0,1.0,3.0,0.0,0.0,A Marriner
2019-2020,2020-03-07,Arsenal,West Ham,1.0,0.0,H,0.0,0.0,D,9.0,14.0,2.0,6.0,6.0,7.0,11.0,9.0,1.0,2.0,0.0,0.0,M Atkinson
2019-2020,2020-03-07,Liverpool,Bournemouth,2.0,1.0,H,2.0,1.0,H,14.0,6.0,6.0,4.0,9.0,4.0,10.0,12.0,0.0,1.0,0.0,0.0,P Tierney
2019-2020,2020-03-07,Crystal Palace,Watford,1.0,0.0,H,1.0,0.0,H,10.0,10.0,3.0,4.0,8.0,8.0,12.0,19.0,4.0,4.0,0.0,0.0,A Taylor
2019-2020,2020-03-08,Chelsea,Everton,4.0,0.0,H,2.0,0.0,H,17.0,3.0,11.0,1.0,6.0,1.0,8.0,10.0,1.0,2.0,0.0,0.0,K Friend
2019-2020,2020-03-08,Manchester United,Manchester City,2.0,0.0,H,1.0,0.0,H,12.0,7.0,6.0,2.0,2.0,11.0,11.0,9.0,2.0,4.0,0.0,0.0,M Dean
2019-2020,2020-03-09,Leicester,Aston Villa,4.0,0.0,H,1.0,0.0,H,15.0,4.0,7.0,1.0,9.0,0.0,15.0,12.0,2.0,1.0,0.0,0.0,M Oliver
2019-2020,2020-06-17,Aston Villa,Sheffield United,0.0,0.0,D,0.0,0.0,D,14.0,5.0,6.0,1.0,12.0,4.0,11.0,14.0,1.0,1.0,0.0,0.0,M Oliver
2019-2020,2020-06-17,Manchester City,Arsenal,3.0,0.0,H,1.0,0.0,H,20.0,3.0,12.0,0.0,5.0,2.0,9.0,7.0,1.0,1.0,0.0,1.0,A Taylor
2019-2020,2020-06-19,Tottenham,Manchester United,1.0,1.0,D,1.0,0.0,H,10.0,12.0,3.0,6.0,7.0,6.0,17.0,18.0,0.0,1.0,0.0,0.0,J Moss
2019-2020,2020-06-19,Norwich,Southampton,0.0,3.0,A,0.0,0.0,D,9.0,22.0,1.0,9.0,9.0,7.0,9.0,15.0,1.0,1.0,0.0,0.0,K Friend
2019-2020,2020-06-20,West Ham,Wolverhampton,0.0,2.0,A,0.0,0.0,D,7.0,10.0,2.0,6.0,5.0,7.0,8.0,7.0,1.0,1.0,0.0,0.0,A Taylor
2019-2020,2020-06-20,Bournemouth,Crystal Palace,0.0,2.0,A,0.0,2.0,A,12.0,7.0,1.0,2.0,11.0,4.0,13.0,15.0,3.0,2.0,0.0,0.0,S Attwell
2019-2020,2020-06-20,Watford,Leicester,1.0,1.0,D,0.0,0.0,D,8.0,15.0,4.0,2.0,2.0,7.0,15.0,12.0,0.0,1.0,0.0,0.0,C Pawson
2019-2020,2020-06-20,Brighton,Arsenal,2.0,1.0,H,0.0,0.0,D,9.0,13.0,5.0,6.0,10.0,7.0,13.0,8.0,2.0,1.0,0.0,0.0,M Atkinson
2019-2020,2020-06-21,Newcastle,Sheffield United,3.0,0.0,H,0.0,0.0,D,12.0,7.0,8.0,1.0,2.0,4.0,9.0,10.0,2.0,0.0,0.0,1.0,D Coote
2019-2020,2020-06-21,Aston Villa,Chelsea,1.0,2.0,A,1.0,0.0,H,8.0,19.0,4.0,5.0,2.0,10.0,9.0,17.0,2.0,1.0,0.0,0.0,P Tierney
2019-2020,2020-06-21,Everton,Liverpool,0.0,0.0,D,0.0,0.0,D,9.0,10.0,3.0,3.0,1.0,6.0,15.0,12.0,2.0,2.0,0.0,0.0,M Dean
2019-2020,2020-06-22,Manchester City,Burnley,5.0,0.0,H,3.0,0.0,H,19.0,1.0,7.0,0.0,3.0,1.0,8.0,7.0,1.0,1.0,0.0,0.0,A Marriner
2019-2020,2020-06-23,Leicester,Brighton,0.0,0.0,D,0.0,0.0,D,11.0,10.0,2.0,2.0,6.0,7.0,10.0,13.0,2.0,2.0,0.0,0.0,L Mason
2019-2020,2020-06-23,Tottenham,West Ham,2.0,0.0,H,0.0,0.0,D,15.0,10.0,4.0,2.0,9.0,4.0,12.0,7.0,2.0,2.0,0.0,0.0,C Pawson
2019-2020,2020-06-24,Manchester United,Sheffield United,3.0,0.0,H,2.0,0.0,H,15.0,4.0,6.0,1.0,10.0,5.0,10.0,6.0,1.0,0.0,0.0,0.0,A Taylor
2019-2020,2020-06-24,Newcastle,Aston Villa,1.0,1.0,D,0.0,0.0,D,13.0,14.0,3.0,2.0,6.0,9.0,15.0,13.0,2.0,2.0,0.0,0.0,C Kavanagh
2019-2020,2020-06-24,Norwich,Everton,0.0,1.0,A,0.0,0.0,D,9.0,12.0,1.0,5.0,6.0,5.0,8.0,13.0,0.0,1.0,0.0,0.0,A Madley
2019-2020,2020-06-24,Wolverhampton,Bournemouth,1.0,0.0,H,0.0,0.0,D,10.0,4.0,2.0,0.0,6.0,4.0,11.0,11.0,3.0,3.0,0.0,0.0,M Oliver
2019-2020,2020-06-24,Liverpool,Crystal Palace,4.0,0.0,H,2.0,0.0,H,21.0,3.0,7.0,0.0,6.0,0.0,7.0,5.0,0.0,0.0,0.0,0.0,M Atkinson
2019-2020,2020-06-25,Burnley,Watford,1.0,0.0,H,0.0,0.0,D,9.0,10.0,5.0,4.0,1.0,7.0,13.0,15.0,1.0,0.0,0.0,0.0,M Dean
2019-2020,2020-06-25,Southampton,Arsenal,0.0,2.0,A,0.0,1.0,A,12.0,10.0,3.0,5.0,4.0,6.0,10.0,14.0,0.0,2.0,1.0,0.0,G Scott
2019-2020,2020-06-25,Chelsea,Manchester City,2.0,1.0,H,1.0,0.0,H,15.0,11.0,10.0,2.0,5.0,7.0,13.0,3.0,1.0,1.0,0.0,1.0,S Attwell
2019-2020,2020-06-27,Aston Villa,Wolverhampton,0.0,1.0,A,0.0,0.0,D,11.0,9.0,1.0,2.0,2.0,2.0,16.0,16.0,1.0,1.0,0.0,0.0,C Pawson
2019-2020,2020-06-28,Watford,Southampton,1.0,3.0,A,0.0,1.0,A,8.0,11.0,0.0,7.0,5.0,3.0,18.0,9.0,3.0,0.0,0.0,0.0,M Oliver
2019-2020,2020-06-29,Crystal Palace,Burnley,0.0,1.0,A,0.0,0.0,D,17.0,8.0,4.0,4.0,9.0,1.0,12.0,13.0,1.0,1.0,0.0,0.0,S Hooper
2019-2020,2020-06-30,Brighton,Manchester United,0.0,3.0,A,0.0,2.0,A,8.0,12.0,2.0,6.0,4.0,5.0,10.0,9.0,0.0,1.0,0.0,0.0,A Marriner
2019-2020,2020-07-01,Arsenal,Norwich,4.0,0.0,H,2.0,0.0,H,13.0,8.0,8.0,2.0,6.0,2.0,10.0,10.0,1.0,4.0,0.0,0.0,P Bankes
2019-2020,2020-07-01,Bournemouth,Newcastle,1.0,4.0,A,0.0,2.0,A,12.0,12.0,1.0,7.0,6.0,3.0,11.0,10.0,2.0,0.0,0.0,0.0,K Friend
2019-2020,2020-07-01,Everton,Leicester,2.0,1.0,H,2.0,0.0,H,7.0,15.0,2.0,3.0,3.0,5.0,13.0,10.0,1.0,1.0,0.0,0.0,D Coote
2019-2020,2020-07-01,West Ham,Chelsea,3.0,2.0,H,1.0,1.0,D,10.0,17.0,4.0,6.0,2.0,3.0,10.0,9.0,2.0,1.0,0.0,0.0,M Atkinson
2019-2020,2020-07-02,Sheffield United,Tottenham,3.0,1.0,H,1.0,0.0,H,7.0,9.0,5.0,2.0,1.0,6.0,13.0,13.0,2.0,0.0,0.0,0.0,C Kavanagh
2019-2020,2020-07-02,Manchester City,Liverpool,4.0,0.0,H,3.0,0.0,H,14.0,11.0,6.0,3.0,3.0,3.0,8.0,7.0,2.0,2.0,0.0,0.0,A Taylor
2019-2020,2020-07-04,Chelsea,Watford,3.0,0.0,H,2.0,0.0,H,21.0,7.0,9.0,3.0,5.0,3.0,9.0,12.0,0.0,2.0,0.0,0.0,K Friend
2019-2020,2020-07-04,Wolverhampton,Arsenal,0.0,2.0,A,0.0,1.0,A,10.0,8.0,1.0,5.0,3.0,5.0,6.0,11.0,2.0,4.0,0.0,0.0,M Oliver
2019-2020,2020-07-04,Leicester,Crystal Palace,3.0,0.0,H,0.0,0.0,D,15.0,7.0,4.0,1.0,3.0,7.0,18.0,8.0,2.0,1.0,0.0,0.0,J Moss
2019-2020,2020-07-04,Norwich,Brighton,0.0,1.0,A,0.0,1.0,A,12.0,8.0,1.0,2.0,0.0,2.0,11.0,13.0,2.0,2.0,0.0,0.0,S Attwell
2019-2020,2020-07-04,Manchester United,Bournemouth,5.0,2.0,H,3.0,1.0,H,19.0,7.0,10.0,3.0,8.0,3.0,13.0,12.0,0.0,1.0,0.0,0.0,M Dean
2019-2020,2020-07-05,Burnley,Sheffield United,1.0,1.0,D,1.0,0.0,H,9.0,10.0,4.0,3.0,3.0,9.0,8.0,14.0,0.0,0.0,0.0,0.0,P Bankes
2019-2020,2020-07-05,Newcastle,West Ham,2.0,2.0,D,1.0,1.0,D,11.0,17.0,4.0,7.0,6.0,4.0,9.0,11.0,0.0,0.0,0.0,0.0,C Pawson
2019-2020,2020-07-05,Liverpool,Aston Villa,2.0,0.0,H,0.0,0.0,D,6.0,9.0,4.0,3.0,7.0,5.0,18.0,8.0,1.0,1.0,0.0,0.0,P Tierney
2019-2020,2020-07-05,Southampton,Manchester City,1.0,0.0,H,1.0,0.0,H,8.0,26.0,4.0,6.0,2.0,13.0,6.0,7.0,1.0,2.0,0.0,0.0,A Marriner
2019-2020,2020-07-06,Tottenham,Everton,1.0,0.0,H,1.0,0.0,H,12.0,11.0,2.0,3.0,5.0,6.0,14.0,18.0,3.0,2.0,0.0,0.0,G Scott
2019-2020,2020-07-07,Arsenal,Leicester,1.0,1.0,D,1.0,0.0,H,11.0,13.0,7.0,5.0,10.0,1.0,10.0,14.0,1.0,0.0,1.0,0.0,C Kavanagh
2019-2020,2020-07-07,Crystal Palace,Chelsea,2.0,3.0,A,1.0,2.0,A,13.0,14.0,4.0,6.0,7.0,9.0,11.0,10.0,1.0,0.0,0.0,0.0,D Coote
2019-2020,2020-07-07,Watford,Norwich,2.0,1.0,H,1.0,1.0,D,9.0,12.0,4.0,3.0,4.0,3.0,11.0,15.0,2.0,4.0,0.0,0.0,A Taylor
2019-2020,2020-07-08,Manchester City,Newcastle,5.0,0.0,H,2.0,0.0,H,23.0,6.0,9.0,1.0,8.0,1.0,12.0,7.0,0.0,0.0,0.0,0.0,A Madley
2019-2020,2020-07-08,Sheffield United,Wolverhampton,1.0,0.0,H,0.0,0.0,D,7.0,6.0,3.0,1.0,6.0,1.0,5.0,6.0,2.0,0.0,0.0,0.0,M Atkinson
2019-2020,2020-07-08,West Ham,Burnley,0.0,1.0,A,0.0,1.0,A,21.0,8.0,5.0,4.0,10.0,3.0,7.0,7.0,1.0,1.0,0.0,0.0,M Oliver
2019-2020,2020-07-08,Brighton,Liverpool,1.0,3.0,A,1.0,2.0,A,12.0,19.0,2.0,8.0,6.0,10.0,7.0,15.0,1.0,4.0,0.0,0.0,C Pawson
2019-2020,2020-07-09,Bournemouth,Tottenham,0.0,0.0,D,0.0,0.0,D,9.0,9.0,2.0,0.0,8.0,12.0,11.0,14.0,3.0,2.0,0.0,0.0,P Tierney
2019-2020,2020-07-09,Everton,Southampton,1.0,1.0,D,1.0,1.0,D,11.0,17.0,4.0,4.0,3.0,5.0,13.0,14.0,3.0,3.0,0.0,0.0,L Mason
2019-2020,2020-07-09,Aston Villa,Manchester United,0.0,3.0,A,0.0,2.0,A,9.0,14.0,1.0,6.0,3.0,5.0,7.0,13.0,2.0,3.0,0.0,0.0,J Moss
2019-2020,2020-07-11,Brighton,Manchester City,0.0,5.0,A,0.0,2.0,A,3.0,26.0,0.0,8.0,2.0,7.0,7.0,3.0,1.0,0.0,0.0,0.0,G Scott
2019-2020,2020-07-11,Sheffield United,Chelsea,3.0,0.0,H,2.0,0.0,H,9.0,15.0,4.0,4.0,4.0,6.0,8.0,6.0,1.0,0.0,0.0,0.0,A Marriner
2019-2020,2020-07-11,Norwich,West Ham,0.0,4.0,A,0.0,2.0,A,11.0,19.0,2.0,7.0,1.0,6.0,9.0,8.0,1.0,0.0,0.0,0.0,K Friend
2019-2020,2020-07-11,Watford,Newcastle,2.0,1.0,H,0.0,1.0,A,17.0,8.0,5.0,4.0,2.0,4.0,23.0,15.0,1.0,4.0,0.0,0.0,C Pawson
2019-2020,2020-07-11,Liverpool,Burnley,1.0,1.0,D,1.0,0.0,H,23.0,6.0,9.0,2.0,12.0,6.0,7.0,4.0,1.0,2.0,0.0,0.0,D Coote
2019-2020,2020-07-12,Tottenham,Arsenal,2.0,1.0,H,1.0,1.0,D,15.0,13.0,9.0,4.0,6.0,5.0,16.0,11.0,5.0,3.0,0.0,0.0,M Oliver
2019-2020,2020-07-12,Wolverhampton,Everton,3.0,0.0,H,1.0,0.0,H,14.0,6.0,7.0,2.0,5.0,2.0,9.0,9.0,0.0,2.0,0.0,0.0,A Taylor
2019-2020,2020-07-12,Aston Villa,Crystal Palace,2.0,0.0,H,1.0,0.0,H,12.0,9.0,9.0,5.0,5.0,1.0,21.0,21.0,2.0,4.0,0.0,1.0,M Atkinson
2019-2020,2020-07-12,Bournemouth,Leicester,4.0,1.0,H,0.0,1.0,A,10.0,13.0,4.0,5.0,2.0,6.0,11.0,12.0,2.0,1.0,0.0,1.0,S Attwell
2019-2020,2020-07-13,Manchester United,Southampton,2.0,2.0,D,2.0,1.0,H,8.0,9.0,4.0,5.0,4.0,6.0,14.0,15.0,1.0,3.0,0.0,0.0,C Kavanagh
2019-2020,2020-07-14,Chelsea,Norwich,1.0,0.0,H,1.0,0.0,H,22.0,2.0,6.0,0.0,8.0,1.0,10.0,9.0,2.0,2.0,0.0,0.0,J Moss
2019-2020,2020-07-15,Burnley,Wolverhampton,1.0,1.0,D,0.0,0.0,D,9.0,14.0,1.0,5.0,3.0,8.0,10.0,8.0,0.0,0.0,0.0,0.0,M Dean
2019-2020,2020-07-15,Manchester City,Bournemouth,2.0,1.0,H,2.0,0.0,H,8.0,15.0,4.0,3.0,3.0,5.0,10.0,10.0,1.0,1.0,0.0,0.0,L Mason
2019-2020,2020-07-15,Newcastle,Tottenham,1.0,3.0,A,0.0,1.0,A,22.0,8.0,6.0,5.0,5.0,4.0,6.0,13.0,2.0,3.0,0.0,0.0,D Coote
2019-2020,2020-07-15,Arsenal,Liverpool,2.0,1.0,H,2.0,1.0,H,3.0,24.0,2.0,8.0,2.0,13.0,14.0,10.0,3.0,1.0,0.0,0.0,P Tierney
2019-2020,2020-07-16,Everton,Aston Villa,1.0,1.0,D,0.0,0.0,D,9.0,15.0,1.0,1.0,5.0,5.0,15.0,13.0,2.0,1.0,0.0,0.0,A Taylor
2019-2020,2020-07-16,Leicester,Sheffield United,2.0,0.0,H,1.0,0.0,H,15.0,5.0,7.0,1.0,9.0,5.0,12.0,10.0,1.0,2.0,0.0,0.0,M Oliver
2019-2020,2020-07-16,Crystal Palace,Manchester United,0.0,2.0,A,0.0,1.0,A,13.0,17.0,5.0,5.0,2.0,7.0,10.0,15.0,1.0,2.0,0.0,0.0,G Scott
2019-2020,2020-07-16,Southampton,Brighton,1.0,1.0,D,0.0,1.0,A,21.0,10.0,6.0,2.0,8.0,2.0,6.0,10.0,1.0,0.0,0.0,0.0,A Marriner
2019-2020,2020-07-17,West Ham,Watford,3.0,1.0,H,3.0,0.0,H,10.0,14.0,4.0,3.0,9.0,3.0,11.0,11.0,0.0,2.0,0.0,0.0,M Atkinson
2019-2020,2020-07-18,Norwich,Burnley,0.0,2.0,A,0.0,1.0,A,6.0,23.0,2.0,8.0,6.0,8.0,9.0,16.0,0.0,0.0,2.0,0.0,K Friend
2019-2020,2020-07-19,Bournemouth,Southampton,0.0,2.0,A,0.0,1.0,A,11.0,16.0,3.0,8.0,12.0,6.0,12.0,11.0,2.0,2.0,0.0,0.0,C Pawson
2019-2020,2020-07-19,Tottenham,Leicester,3.0,0.0,H,3.0,0.0,H,7.0,24.0,3.0,6.0,4.0,13.0,15.0,10.0,2.0,1.0,0.0,0.0,A Taylor
2019-2020,2020-07-20,Brighton,Newcastle,0.0,0.0,D,0.0,0.0,D,11.0,12.0,3.0,1.0,9.0,7.0,13.0,12.0,4.0,2.0,0.0,0.0,S Hooper
2019-2020,2020-07-20,Sheffield United,Everton,0.0,1.0,A,0.0,0.0,D,8.0,5.0,0.0,2.0,7.0,1.0,11.0,19.0,1.0,3.0,0.0,0.0,S Attwell
2019-2020,2020-07-20,Wolverhampton,Crystal Palace,2.0,0.0,H,1.0,0.0,H,11.0,7.0,5.0,3.0,5.0,2.0,11.0,15.0,2.0,1.0,0.0,0.0,P Bankes
2019-2020,2020-07-21,Watford,Manchester City,0.0,4.0,A,0.0,2.0,A,2.0,26.0,0.0,10.0,0.0,8.0,14.0,11.0,2.0,0.0,0.0,0.0,M Oliver
2019-2020,2020-07-21,Aston Villa,Arsenal,1.0,0.0,H,1.0,0.0,H,8.0,7.0,3.0,0.0,8.0,9.0,13.0,19.0,2.0,4.0,0.0,0.0,C Kavanagh
2019-2020,2020-07-22,Liverpool,Chelsea,5.0,3.0,H,3.0,1.0,H,10.0,10.0,7.0,5.0,6.0,0.0,8.0,11.0,1.0,0.0,0.0,0.0,A Marriner
2019-2020,2020-07-22,Manchester United,West Ham,1.0,1.0,D,0.0,1.0,A,11.0,12.0,4.0,3.0,2.0,3.0,10.0,9.0,3.0,1.0,0.0,0.0,P Tierney
2019-2020,2020-07-26,Arsenal,Watford,3.0,2.0,H,3.0,1.0,H,13.0,19.0,5.0,6.0,4.0,8.0,9.0,12.0,3.0,3.0,0.0,0.0,M Dean
2019-2020,2020-07-26,Burnley,Brighton,1.0,2.0,A,1.0,1.0,D,13.0,14.0,2.0,4.0,6.0,7.0,11.0,11.0,3.0,0.0,0.0,0.0,J Moss
2019-2020,2020-07-26,Chelsea,Wolverhampton,2.0,0.0,H,2.0,0.0,H,11.0,5.0,3.0,1.0,3.0,3.0,10.0,16.0,2.0,3.0,0.0,0.0,S Attwell
2019-2020,2020-07-26,Crystal Palace,Tottenham,1.0,1.0,D,0.0,1.0,A,13.0,7.0,2.0,2.0,7.0,2.0,11.0,13.0,3.0,2.0,0.0,0.0,A Marriner
2019-2020,2020-07-26,Everton,Bournemouth,1.0,3.0,A,1.0,2.0,A,13.0,13.0,5.0,7.0,2.0,5.0,11.0,9.0,1.0,0.0,0.0,0.0,C Kavanagh
2019-2020,2020-07-26,Leicester,Manchester United,0.0,2.0,A,0.0,0.0,D,14.0,7.0,3.0,3.0,3.0,3.0,12.0,11.0,1.0,4.0,1.0,0.0,M Atkinson
2019-2020,2020-07-26,Manchester City,Norwich,5.0,0.0,H,2.0,0.0,H,31.0,5.0,10.0,4.0,9.0,0.0,7.0,4.0,1.0,1.0,0.0,0.0,C Pawson
2019-2020,2020-07-26,Newcastle,Liverpool,1.0,3.0,A,1.0,1.0,D,3.0,14.0,2.0,6.0,2.0,4.0,11.0,5.0,1.0,0.0,0.0,0.0,A Taylor
2019-2020,2020-07-26,Southampton,Sheffield United,3.0,1.0,H,0.0,1.0,A,13.0,5.0,4.0,3.0,9.0,1.0,9.0,16.0,0.0,1.0,0.0,0.0,P Bankes
2019-2020,2020-07-26,West Ham,Aston Villa,1.0,1.0,D,0.0,0.0,D,10.0,13.0,1.0,4.0,0.0,7.0,16.0,13.0,2.0,1.0,0.0,0.0,M Oliver
2020-2021,2020-09-12,Fulham,Arsenal,0.0,3.0,A,0.0,1.0,A,5.0,13.0,2.0,6.0,2.0,3.0,12.0,12.0,2.0,2.0,0.0,0.0,C Kavanagh
2020-2021,2020-09-12,Crystal Palace,Southampton,1.0,0.0,H,1.0,0.0,H,5.0,9.0,3.0,5.0,7.0,3.0,14.0,11.0,2.0,1.0,0.0,0.0,J Moss
2020-2021,2020-09-12,Liverpool,Leeds,4.0,3.0,H,3.0,2.0,H,22.0,6.0,6.0,3.0,9.0,0.0,9.0,6.0,1.0,0.0,0.0,0.0,M Oliver
2020-2021,2020-09-12,West Ham,Newcastle,0.0,2.0,A,0.0,0.0,D,15.0,15.0,3.0,2.0,8.0,7.0,13.0,7.0,2.0,2.0,0.0,0.0,S Attwell
2020-2021,2020-09-13,Tottenham,Everton,0.0,1.0,A,0.0,0.0,D,9.0,15.0,5.0,4.0,5.0,3.0,15.0,7.0,1.0,0.0,0.0,0.0,M Atkinson
2020-2021,2020-09-13,West Brom,Leicester,0.0,3.0,A,0.0,0.0,D,7.0,13.0,1.0,7.0,2.0,5.0,12.0,9.0,1.0,1.0,0.0,0.0,A Taylor
2020-2021,2020-09-14,Brighton,Chelsea,1.0,3.0,A,0.0,1.0,A,13.0,10.0,3.0,5.0,4.0,3.0,8.0,13.0,1.0,0.0,0.0,0.0,C Pawson
2020-2021,2020-09-14,Sheffield United,Wolverhampton,0.0,2.0,A,0.0,2.0,A,9.0,11.0,2.0,4.0,12.0,5.0,13.0,7.0,2.0,1.0,0.0,0.0,M Dean
2020-2021,2020-09-19,Everton,West Brom,5.0,2.0,H,2.0,1.0,H,17.0,6.0,7.0,4.0,11.0,1.0,9.0,11.0,1.0,0.0,0.0,1.0,M Dean
2020-2021,2020-09-19,Leeds,Fulham,4.0,3.0,H,2.0,1.0,H,10.0,14.0,7.0,6.0,5.0,3.0,13.0,18.0,1.0,2.0,0.0,0.0,A Taylor
2020-2021,2020-09-19,Manchester United,Crystal Palace,1.0,3.0,A,0.0,1.0,A,13.0,14.0,4.0,5.0,9.0,3.0,13.0,10.0,2.0,1.0,0.0,0.0,M Atkinson
2020-2021,2020-09-19,Arsenal,West Ham,2.0,1.0,H,1.0,1.0,D,7.0,14.0,3.0,3.0,7.0,5.0,11.0,13.0,0.0,1.0,0.0,0.0,M Oliver
2020-2021,2020-09-20,Newcastle,Brighton,0.0,3.0,A,0.0,2.0,A,6.0,13.0,0.0,6.0,7.0,1.0,16.0,15.0,3.0,0.0,0.0,1.0,K Friend
2020-2021,2020-09-20,Southampton,Tottenham,2.0,5.0,A,1.0,1.0,D,14.0,9.0,7.0,6.0,3.0,2.0,16.0,18.0,4.0,3.0,0.0,0.0,D Coote
2020-2021,2020-09-20,Chelsea,Liverpool,0.0,2.0,A,0.0,0.0,D,5.0,18.0,3.0,6.0,1.0,11.0,10.0,6.0,0.0,0.0,1.0,0.0,P Tierney
2020-2021,2020-09-20,Leicester,Burnley,4.0,2.0,H,1.0,1.0,D,14.0,16.0,6.0,5.0,15.0,4.0,11.0,13.0,1.0,2.0,0.0,0.0,L Mason
2020-2021,2020-09-21,Aston Villa,Sheffield United,1.0,0.0,H,0.0,0.0,D,18.0,4.0,2.0,1.0,10.0,4.0,12.0,13.0,3.0,1.0,0.0,1.0,G Scott
2020-2021,2020-09-21,Wolverhampton,Manchester City,1.0,3.0,A,0.0,2.0,A,10.0,14.0,1.0,9.0,4.0,6.0,6.0,8.0,0.0,3.0,0.0,0.0,A Marriner
2020-2021,2020-09-26,West Brom,Chelsea,3.0,3.0,D,3.0,0.0,H,9.0,22.0,3.0,10.0,3.0,9.0,8.0,16.0,1.0,3.0,0.0,0.0,J Moss
2020-2021,2020-09-26,Burnley,Southampton,0.0,1.0,A,0.0,1.0,A,10.0,5.0,2.0,1.0,8.0,2.0,8.0,10.0,1.0,0.0,0.0,0.0,A Marriner
2020-2021,2020-09-26,Brighton,Manchester United,2.0,3.0,A,1.0,1.0,D,18.0,7.0,5.0,3.0,7.0,1.0,18.0,16.0,4.0,2.0,0.0,0.0,C Kavanagh
2020-2021,2020-09-26,Crystal Palace,Everton,1.0,2.0,A,1.0,2.0,A,8.0,10.0,1.0,5.0,7.0,6.0,16.0,15.0,3.0,1.0,0.0,0.0,K Friend
2020-2021,2020-09-27,West Ham,Wolverhampton,4.0,0.0,H,1.0,0.0,H,15.0,11.0,7.0,2.0,1.0,3.0,7.0,11.0,0.0,1.0,0.0,0.0,M Atkinson
2020-2021,2020-09-27,Manchester City,Leicester,2.0,5.0,A,1.0,1.0,D,16.0,7.0,5.0,7.0,3.0,4.0,13.0,8.0,1.0,3.0,0.0,0.0,M Oliver
2020-2021,2020-09-27,Sheffield United,Leeds,0.0,1.0,A,0.0,0.0,D,14.0,17.0,4.0,9.0,5.0,7.0,18.0,4.0,2.0,1.0,0.0,0.0,P Tierney
2020-2021,2020-09-27,Tottenham,Newcastle,1.0,1.0,D,1.0,0.0,H,23.0,6.0,12.0,1.0,10.0,4.0,15.0,9.0,1.0,4.0,0.0,0.0,P Bankes
2020-2021,2020-09-28,Fulham,Aston Villa,0.0,3.0,A,0.0,2.0,A,16.0,12.0,3.0,5.0,5.0,3.0,18.0,14.0,6.0,3.0,0.0,0.0,S Attwell
2020-2021,2020-09-28,Liverpool,Arsenal,3.0,1.0,H,2.0,1.0,H,21.0,4.0,8.0,3.0,7.0,3.0,11.0,7.0,2.0,2.0,0.0,0.0,C Pawson
2020-2021,2020-10-03,Chelsea,Crystal Palace,4.0,0.0,H,0.0,0.0,D,17.0,4.0,6.0,0.0,8.0,5.0,17.0,13.0,2.0,0.0,0.0,0.0,M Oliver
2020-2021,2020-10-03,Everton,Brighton,4.0,2.0,H,2.0,1.0,H,11.0,11.0,6.0,3.0,3.0,10.0,13.0,14.0,0.0,1.0,0.0,0.0,S Hooper
2020-2021,2020-10-03,Leeds,Manchester City,1.0,1.0,D,0.0,1.0,A,12.0,23.0,7.0,2.0,7.0,10.0,11.0,12.0,2.0,1.0,0.0,0.0,M Dean
2020-2021,2020-10-03,Newcastle,Burnley,3.0,1.0,H,1.0,0.0,H,10.0,7.0,5.0,3.0,3.0,4.0,13.0,17.0,2.0,3.0,0.0,0.0,D Coote
2020-2021,2020-10-04,Leicester,West Ham,0.0,3.0,A,0.0,2.0,A,4.0,14.0,0.0,6.0,6.0,4.0,11.0,8.0,2.0,2.0,0.0,0.0,A Madley
2020-2021,2020-10-04,Southampton,West Brom,2.0,0.0,H,1.0,0.0,H,13.0,5.0,7.0,2.0,5.0,1.0,19.0,10.0,2.0,1.0,0.0,0.0,C Kavanagh
2020-2021,2020-10-04,Arsenal,Sheffield United,2.0,1.0,H,0.0,0.0,D,6.0,6.0,5.0,2.0,2.0,4.0,3.0,9.0,0.0,1.0,0.0,0.0,L Mason
2020-2021,2020-10-04,Wolverhampton,Fulham,1.0,0.0,H,0.0,0.0,D,14.0,10.0,5.0,2.0,6.0,2.0,15.0,8.0,1.0,1.0,0.0,0.0,D England
2020-2021,2020-10-04,Manchester United,Tottenham,1.0,6.0,A,1.0,4.0,A,5.0,22.0,2.0,8.0,2.0,4.0,14.0,10.0,2.0,1.0,1.0,0.0,A Taylor
2020-2021,2020-10-04,Aston Villa,Liverpool,7.0,2.0,H,4.0,1.0,H,18.0,14.0,11.0,8.0,2.0,7.0,7.0,10.0,2.0,1.0,0.0,0.0,M Atkinson
2020-2021,2020-10-17,Newcastle,Manchester United,1.0,4.0,A,1.0,1.0,D,7.0,28.0,4.0,14.0,0.0,7.0,9.0,12.0,1.0,1.0,0.0,0.0,C Pawson
2020-2021,2020-10-17,Manchester City,Arsenal,1.0,0.0,H,1.0,0.0,H,13.0,11.0,5.0,3.0,6.0,6.0,15.0,10.0,4.0,1.0,0.0,0.0,C Kavanagh
2020-2021,2020-10-17,Everton,Liverpool,2.0,2.0,D,1.0,1.0,D,11.0,22.0,5.0,8.0,2.0,5.0,15.0,9.0,3.0,2.0,1.0,0.0,M Oliver
2020-2021,2020-10-17,Chelsea,Southampton,3.0,3.0,D,2.0,1.0,H,11.0,13.0,5.0,6.0,6.0,2.0,11.0,9.0,1.0,1.0,0.0,0.0,P Bankes
2020-2021,2020-10-18,Sheffield United,Fulham,1.0,1.0,D,0.0,0.0,D,10.0,15.0,6.0,6.0,2.0,5.0,5.0,9.0,0.0,2.0,0.0,0.0,A Marriner
2020-2021,2020-10-18,Crystal Palace,Brighton,1.0,1.0,D,1.0,0.0,H,1.0,20.0,1.0,3.0,2.0,5.0,13.0,12.0,3.0,2.0,0.0,1.0,S Attwell
2020-2021,2020-10-18,Tottenham,West Ham,3.0,3.0,D,3.0,0.0,H,11.0,13.0,6.0,4.0,3.0,7.0,13.0,12.0,0.0,5.0,0.0,0.0,P Tierney
2020-2021,2020-10-18,Leicester,Aston Villa,0.0,1.0,A,0.0,0.0,D,11.0,10.0,5.0,4.0,2.0,7.0,18.0,18.0,4.0,3.0,0.0,0.0,J Moss
2020-2021,2020-10-19,West Brom,Burnley,0.0,0.0,D,0.0,0.0,D,13.0,9.0,6.0,4.0,8.0,2.0,15.0,17.0,2.0,2.0,0.0,0.0,A Taylor
2020-2021,2020-10-19,Leeds,Wolverhampton,0.0,1.0,A,0.0,0.0,D,13.0,7.0,2.0,3.0,8.0,3.0,13.0,12.0,2.0,1.0,0.0,0.0,D Coote
2020-2021,2020-10-23,Aston Villa,Leeds,0.0,3.0,A,0.0,0.0,D,12.0,27.0,4.0,9.0,6.0,5.0,14.0,17.0,2.0,2.0,0.0,0.0,P Tierney
2020-2021,2020-10-24,West Ham,Manchester City,1.0,1.0,D,1.0,0.0,H,6.0,14.0,2.0,7.0,2.0,10.0,14.0,6.0,2.0,0.0,0.0,0.0,A Taylor
2020-2021,2020-10-24,Fulham,Crystal Palace,1.0,2.0,A,0.0,1.0,A,16.0,14.0,3.0,10.0,4.0,4.0,11.0,11.0,0.0,1.0,1.0,0.0,G Scott
2020-2021,2020-10-24,Manchester United,Chelsea,0.0,0.0,D,0.0,0.0,D,14.0,6.0,4.0,1.0,9.0,6.0,8.0,6.0,3.0,1.0,0.0,0.0,M Atkinson
2020-2021,2020-10-24,Liverpool,Sheffield United,2.0,1.0,H,1.0,1.0,D,17.0,13.0,5.0,2.0,7.0,3.0,7.0,15.0,0.0,3.0,0.0,0.0,M Dean
2020-2021,2020-10-25,Southampton,Everton,2.0,0.0,H,2.0,0.0,H,12.0,6.0,6.0,2.0,4.0,5.0,11.0,11.0,1.0,2.0,0.0,1.0,K Friend
2020-2021,2020-10-25,Wolverhampton,Newcastle,1.0,1.0,D,0.0,0.0,D,16.0,5.0,3.0,2.0,2.0,3.0,10.0,10.0,0.0,1.0,0.0,0.0,L Mason
2020-2021,2020-10-25,Arsenal,Leicester,0.0,1.0,A,0.0,0.0,D,12.0,6.0,4.0,2.0,9.0,3.0,13.0,9.0,3.0,5.0,0.0,0.0,C Pawson
2020-2021,2020-10-26,Brighton,West Brom,1.0,1.0,D,1.0,0.0,H,5.0,9.0,3.0,3.0,6.0,2.0,14.0,7.0,2.0,0.0,0.0,0.0,J Moss
2020-2021,2020-10-26,Burnley,Tottenham,0.0,1.0,A,0.0,0.0,D,13.0,9.0,4.0,3.0,4.0,5.0,9.0,7.0,2.0,0.0,0.0,0.0,M Oliver
2020-2021,2020-10-30,Wolverhampton,Crystal Palace,2.0,0.0,H,2.0,0.0,H,15.0,11.0,5.0,2.0,7.0,6.0,13.0,4.0,0.0,2.0,0.0,1.0,M Atkinson
2020-2021,2020-10-31,Liverpool,West Ham,2.0,1.0,H,1.0,1.0,D,9.0,4.0,5.0,3.0,1.0,2.0,13.0,14.0,0.0,1.0,0.0,0.0,K Friend
2020-2021,2020-10-31,Burnley,Chelsea,0.0,3.0,A,0.0,1.0,A,5.0,14.0,0.0,9.0,3.0,4.0,10.0,15.0,1.0,0.0,0.0,0.0,D Coote
2020-2021,2020-10-31,Sheffield United,Manchester City,0.0,1.0,A,0.0,1.0,A,5.0,16.0,1.0,8.0,2.0,5.0,14.0,6.0,0.0,0.0,0.0,0.0,M Oliver
2020-2021,2020-11-01,Aston Villa,Southampton,3.0,4.0,A,0.0,3.0,A,19.0,9.0,10.0,4.0,11.0,1.0,12.0,17.0,1.0,2.0,0.0,0.0,D England
2020-2021,2020-11-01,Newcastle,Everton,2.0,1.0,H,0.0,0.0,D,11.0,15.0,4.0,4.0,5.0,4.0,9.0,10.0,2.0,4.0,0.0,0.0,S Attwell
2020-2021,2020-11-01,Manchester United,Arsenal,0.0,1.0,A,0.0,0.0,D,8.0,7.0,2.0,2.0,6.0,3.0,12.0,12.0,3.0,3.0,0.0,0.0,M Dean
2020-2021,2020-11-01,Tottenham,Brighton,2.0,1.0,H,1.0,0.0,H,9.0,6.0,3.0,2.0,4.0,5.0,14.0,13.0,2.0,1.0,0.0,0.0,G Scott
2020-2021,2020-11-02,Fulham,West Brom,2.0,0.0,H,2.0,0.0,H,13.0,10.0,6.0,1.0,5.0,2.0,13.0,11.0,3.0,2.0,0.0,0.0,S Hooper
2020-2021,2020-11-02,Leeds,Leicester,1.0,4.0,A,0.0,2.0,A,11.0,10.0,4.0,8.0,10.0,3.0,9.0,5.0,1.0,1.0,0.0,0.0,A Marriner
2020-2021,2020-11-06,Brighton,Burnley,0.0,0.0,D,0.0,0.0,D,19.0,4.0,3.0,1.0,5.0,3.0,11.0,5.0,1.0,0.0,0.0,0.0,M Dean
2020-2021,2020-11-06,Southampton,Newcastle,2.0,0.0,H,1.0,0.0,H,15.0,4.0,8.0,2.0,8.0,3.0,12.0,11.0,1.0,2.0,0.0,0.0,P Bankes
2020-2021,2020-11-07,Everton,Manchester United,1.0,3.0,A,1.0,2.0,A,7.0,13.0,1.0,5.0,5.0,2.0,12.0,19.0,4.0,2.0,0.0,0.0,P Tierney
2020-2021,2020-11-07,Crystal Palace,Leeds,4.0,1.0,H,3.0,1.0,H,10.0,9.0,6.0,3.0,3.0,6.0,9.0,1.0,0.0,2.0,0.0,0.0,C Kavanagh
2020-2021,2020-11-07,Chelsea,Sheffield United,4.0,1.0,H,2.0,1.0,H,20.0,6.0,9.0,3.0,6.0,7.0,5.0,14.0,0.0,2.0,0.0,0.0,J Moss
2020-2021,2020-11-07,West Ham,Fulham,1.0,0.0,H,0.0,0.0,D,16.0,13.0,7.0,3.0,9.0,5.0,10.0,9.0,2.0,2.0,0.0,0.0,R Jones
2020-2021,2020-11-08,Manchester City,Liverpool,1.0,1.0,D,1.0,1.0,D,7.0,10.0,2.0,3.0,1.0,2.0,19.0,11.0,3.0,1.0,0.0,0.0,C Pawson
2020-2021,2020-11-08,Arsenal,Aston Villa,0.0,3.0,A,0.0,1.0,A,13.0,15.0,2.0,6.0,3.0,8.0,11.0,13.0,0.0,0.0,0.0,0.0,M Atkinson
2020-2021,2020-11-08,West Brom,Tottenham,0.0,1.0,A,0.0,0.0,D,12.0,19.0,2.0,5.0,9.0,6.0,17.0,12.0,1.0,0.0,0.0,0.0,A Madley
2020-2021,2020-11-08,Leicester,Wolverhampton,1.0,0.0,H,1.0,0.0,H,10.0,7.0,3.0,2.0,6.0,3.0,12.0,8.0,2.0,3.0,0.0,0.0,A Taylor
2020-2021,2020-11-21,Newcastle,Chelsea,0.0,2.0,A,0.0,1.0,A,8.0,14.0,1.0,3.0,7.0,4.0,11.0,12.0,2.0,0.0,0.0,0.0,C Pawson
2020-2021,2020-11-21,Aston Villa,Brighton,1.0,2.0,A,0.0,1.0,A,15.0,7.0,4.0,3.0,12.0,3.0,5.0,18.0,2.0,1.0,0.0,1.0,M Oliver
2020-2021,2020-11-21,Tottenham,Manchester City,2.0,0.0,H,1.0,0.0,H,4.0,22.0,2.0,5.0,0.0,10.0,13.0,19.0,2.0,2.0,0.0,0.0,M Dean
2020-2021,2020-11-21,Manchester United,West Brom,1.0,0.0,H,0.0,0.0,D,17.0,7.0,7.0,2.0,8.0,2.0,12.0,17.0,1.0,1.0,0.0,0.0,D Coote
2020-2021,2020-11-22,Liverpool,Leicester,3.0,0.0,H,2.0,0.0,H,24.0,11.0,13.0,4.0,10.0,3.0,15.0,6.0,0.0,2.0,0.0,0.0,C Kavanagh
2020-2021,2020-11-22,Leeds,Arsenal,0.0,0.0,D,0.0,0.0,D,25.0,9.0,4.0,2.0,5.0,3.0,9.0,8.0,3.0,0.0,0.0,1.0,A Taylor
2020-2021,2020-11-22,Fulham,Everton,2.0,3.0,A,1.0,3.0,A,14.0,9.0,6.0,7.0,2.0,5.0,14.0,10.0,2.0,0.0,0.0,0.0,A Madley
2020-2021,2020-11-22,Sheffield United,West Ham,0.0,1.0,A,0.0,0.0,D,9.0,15.0,5.0,3.0,2.0,6.0,7.0,6.0,0.0,0.0,0.0,0.0,M Atkinson
2020-2021,2020-11-23,Burnley,Crystal Palace,1.0,0.0,H,1.0,0.0,H,10.0,15.0,4.0,5.0,4.0,7.0,13.0,9.0,2.0,0.0,0.0,0.0,K Friend
2020-2021,2020-11-23,Wolverhampton,Southampton,1.0,1.0,D,0.0,0.0,D,20.0,7.0,9.0,2.0,7.0,4.0,14.0,13.0,2.0,0.0,0.0,0.0,A Marriner
2020-2021,2020-11-27,Crystal Palace,Newcastle,0.0,2.0,A,0.0,0.0,D,12.0,14.0,3.0,7.0,7.0,3.0,9.0,10.0,2.0,2.0,0.0,0.0,G Scott
2020-2021,2020-11-28,Brighton,Liverpool,1.0,1.0,D,0.0,0.0,D,11.0,6.0,3.0,2.0,4.0,3.0,9.0,13.0,2.0,1.0,0.0,0.0,S Attwell
2020-2021,2020-11-28,Manchester City,Burnley,5.0,0.0,H,3.0,0.0,H,19.0,9.0,6.0,1.0,6.0,4.0,12.0,4.0,0.0,0.0,0.0,0.0,L Mason
2020-2021,2020-11-28,Everton,Leeds,0.0,1.0,A,0.0,0.0,D,15.0,23.0,8.0,7.0,4.0,2.0,8.0,14.0,1.0,2.0,0.0,0.0,C Kavanagh
2020-2021,2020-11-28,West Brom,Sheffield United,1.0,0.0,H,1.0,0.0,H,17.0,21.0,6.0,5.0,14.0,9.0,10.0,9.0,2.0,3.0,0.0,0.0,M Dean
2020-2021,2020-11-29,Arsenal,Wolverhampton,1.0,2.0,A,1.0,2.0,A,13.0,11.0,2.0,5.0,8.0,4.0,13.0,13.0,3.0,4.0,0.0,0.0,M Oliver
2020-2021,2020-11-29,Chelsea,Tottenham,0.0,0.0,D,0.0,0.0,D,13.0,5.0,3.0,1.0,3.0,3.0,20.0,9.0,4.0,2.0,0.0,0.0,P Tierney
2020-2021,2020-11-29,Southampton,Manchester United,2.0,3.0,A,2.0,0.0,H,10.0,15.0,5.0,6.0,5.0,9.0,12.0,12.0,1.0,0.0,0.0,0.0,J Moss
2020-2021,2020-11-30,Leicester,Fulham,1.0,2.0,A,0.0,2.0,A,16.0,10.0,3.0,5.0,6.0,5.0,9.0,21.0,0.0,2.0,0.0,0.0,S Hooper
2020-2021,2020-11-30,West Ham,Aston Villa,2.0,1.0,H,1.0,1.0,D,6.0,16.0,2.0,6.0,3.0,7.0,20.0,7.0,1.0,1.0,0.0,0.0,P Bankes
2020-2021,2020-12-05,Burnley,Everton,1.0,1.0,D,1.0,1.0,D,8.0,13.0,3.0,6.0,8.0,4.0,6.0,9.0,0.0,0.0,0.0,0.0,A Taylor
2020-2021,2020-12-05,Manchester City,Fulham,2.0,0.0,H,2.0,0.0,H,16.0,6.0,6.0,1.0,9.0,3.0,7.0,6.0,0.0,0.0,0.0,0.0,J Moss
2020-2021,2020-12-05,West Ham,Manchester United,1.0,3.0,A,1.0,0.0,H,19.0,15.0,6.0,6.0,5.0,4.0,9.0,10.0,0.0,0.0,0.0,0.0,A Marriner
2020-2021,2020-12-05,Chelsea,Leeds,3.0,1.0,H,1.0,1.0,D,23.0,8.0,11.0,3.0,8.0,4.0,12.0,9.0,0.0,2.0,0.0,0.0,K Friend
2020-2021,2020-12-06,West Brom,Crystal Palace,1.0,5.0,A,1.0,1.0,D,9.0,18.0,4.0,6.0,4.0,6.0,10.0,16.0,2.0,2.0,1.0,0.0,P Tierney
2020-2021,2020-12-06,Sheffield United,Leicester,1.0,2.0,A,1.0,1.0,D,4.0,13.0,1.0,4.0,6.0,5.0,13.0,6.0,1.0,3.0,0.0,0.0,S Attwell
2020-2021,2020-12-06,Tottenham,Arsenal,2.0,0.0,H,2.0,0.0,H,6.0,11.0,3.0,2.0,3.0,9.0,16.0,12.0,1.0,2.0,0.0,0.0,M Atkinson
2020-2021,2020-12-06,Liverpool,Wolverhampton,4.0,0.0,H,1.0,0.0,H,11.0,9.0,6.0,3.0,4.0,6.0,8.0,14.0,1.0,1.0,0.0,0.0,C Pawson
2020-2021,2020-12-07,Brighton,Southampton,1.0,2.0,A,1.0,1.0,D,12.0,10.0,4.0,3.0,4.0,3.0,12.0,12.0,3.0,3.0,0.0,0.0,D Coote
2020-2021,2020-12-11,Leeds,West Ham,1.0,2.0,A,1.0,1.0,D,13.0,19.0,7.0,8.0,5.0,6.0,12.0,10.0,1.0,2.0,0.0,0.0,M Oliver
2020-2021,2020-12-12,Everton,Chelsea,1.0,0.0,H,1.0,0.0,H,9.0,10.0,4.0,3.0,6.0,6.0,10.0,11.0,2.0,3.0,0.0,0.0,J Moss
2020-2021,2020-12-12,Manchester United,Manchester City,0.0,0.0,D,0.0,0.0,D,11.0,9.0,2.0,2.0,4.0,3.0,13.0,6.0,1.0,1.0,0.0,0.0,C Kavanagh
2020-2021,2020-12-12,Newcastle,West Brom,2.0,1.0,H,1.0,0.0,H,12.0,13.0,7.0,3.0,4.0,3.0,9.0,12.0,2.0,3.0,0.0,0.0,D England
2020-2021,2020-12-12,Wolverhampton,Aston Villa,0.0,1.0,A,0.0,0.0,D,16.0,13.0,7.0,2.0,5.0,8.0,23.0,15.0,2.0,5.0,0.0,0.0,M Dean
2020-2021,2020-12-13,Southampton,Sheffield United,3.0,0.0,H,1.0,0.0,H,16.0,3.0,6.0,0.0,8.0,4.0,8.0,14.0,0.0,1.0,0.0,0.0,A Madley
2020-2021,2020-12-13,Crystal Palace,Tottenham,1.0,1.0,D,0.0,1.0,A,16.0,14.0,5.0,6.0,4.0,7.0,15.0,11.0,1.0,1.0,0.0,0.0,K Friend
2020-2021,2020-12-13,Fulham,Liverpool,1.0,1.0,D,1.0,0.0,H,10.0,12.0,5.0,6.0,6.0,8.0,9.0,5.0,3.0,1.0,0.0,0.0,A Marriner
2020-2021,2020-12-13,Arsenal,Burnley,0.0,1.0,A,0.0,0.0,D,18.0,10.0,6.0,2.0,13.0,4.0,5.0,11.0,2.0,1.0,1.0,0.0,G Scott
2020-2021,2020-12-13,Leicester,Brighton,3.0,0.0,H,3.0,0.0,H,15.0,12.0,6.0,4.0,9.0,5.0,9.0,11.0,2.0,1.0,0.0,0.0,M Atkinson
2020-2021,2020-12-15,Wolverhampton,Chelsea,2.0,1.0,H,0.0,0.0,D,12.0,13.0,4.0,3.0,5.0,6.0,12.0,12.0,2.0,2.0,0.0,0.0,S Attwell
2020-2021,2020-12-15,Manchester City,West Brom,1.0,1.0,D,1.0,1.0,D,26.0,5.0,7.0,1.0,13.0,2.0,5.0,8.0,2.0,3.0,0.0,0.0,P Bankes
2020-2021,2020-12-16,Fulham,Brighton,0.0,0.0,D,0.0,0.0,D,9.0,9.0,4.0,4.0,1.0,8.0,15.0,11.0,1.0,0.0,0.0,0.0,R Jones
2020-2021,2020-12-16,Leicester,Everton,0.0,2.0,A,0.0,1.0,A,14.0,11.0,2.0,6.0,4.0,6.0,12.0,9.0,2.0,3.0,0.0,0.0,L Mason
2020-2021,2020-12-16,Liverpool,Tottenham,2.0,1.0,H,1.0,1.0,D,17.0,8.0,11.0,2.0,7.0,4.0,8.0,9.0,0.0,2.0,0.0,0.0,A Taylor
2020-2021,2020-12-16,Arsenal,Southampton,1.0,1.0,D,0.0,1.0,A,9.0,13.0,4.0,3.0,2.0,7.0,13.0,13.0,1.0,3.0,1.0,0.0,P Tierney
2020-2021,2020-12-16,Leeds,Newcastle,5.0,2.0,H,1.0,1.0,D,25.0,10.0,10.0,4.0,7.0,4.0,10.0,13.0,3.0,1.0,0.0,0.0,S Hooper
2020-2021,2020-12-16,West Ham,Crystal Palace,1.0,1.0,D,0.0,1.0,A,9.0,8.0,2.0,2.0,5.0,3.0,8.0,12.0,0.0,1.0,0.0,1.0,D Coote
2020-2021,2020-12-17,Sheffield United,Manchester United,2.0,3.0,A,1.0,2.0,A,12.0,14.0,6.0,8.0,6.0,3.0,17.0,8.0,3.0,2.0,0.0,0.0,M Oliver
2020-2021,2020-12-17,Aston Villa,Burnley,0.0,0.0,D,0.0,0.0,D,27.0,6.0,7.0,4.0,11.0,1.0,17.0,19.0,1.0,1.0,0.0,0.0,C Pawson
2020-2021,2020-12-19,Everton,Arsenal,2.0,1.0,H,2.0,1.0,H,9.0,13.0,2.0,2.0,4.0,3.0,9.0,9.0,1.0,3.0,0.0,0.0,A Marriner
2020-2021,2020-12-19,Newcastle,Fulham,1.0,1.0,D,0.0,1.0,A,12.0,11.0,5.0,4.0,2.0,9.0,7.0,17.0,1.0,2.0,0.0,1.0,G Scott
2020-2021,2020-12-19,Crystal Palace,Liverpool,0.0,7.0,A,0.0,3.0,A,5.0,14.0,3.0,8.0,5.0,4.0,5.0,11.0,1.0,0.0,0.0,0.0,J Moss
2020-2021,2020-12-19,Southampton,Manchester City,0.0,1.0,A,0.0,1.0,A,9.0,11.0,3.0,5.0,6.0,6.0,9.0,11.0,2.0,2.0,0.0,0.0,M Dean
2020-2021,2020-12-20,Tottenham,Leicester,0.0,2.0,A,0.0,1.0,A,8.0,17.0,3.0,4.0,5.0,3.0,15.0,14.0,2.0,2.0,0.0,0.0,C Pawson
2020-2021,2020-12-20,Manchester United,Leeds,6.0,2.0,H,4.0,1.0,H,26.0,17.0,14.0,3.0,11.0,13.0,6.0,6.0,1.0,0.0,0.0,0.0,A Taylor
2020-2021,2020-12-20,Brighton,Sheffield United,1.0,1.0,D,0.0,0.0,D,21.0,5.0,5.0,3.0,14.0,2.0,9.0,11.0,1.0,5.0,0.0,1.0,P Bankes
2020-2021,2020-12-20,West Brom,Aston Villa,0.0,3.0,A,0.0,1.0,A,1.0,19.0,1.0,10.0,1.0,7.0,14.0,8.0,1.0,2.0,1.0,0.0,M Atkinson
2020-2021,2020-12-21,Chelsea,West Ham,3.0,0.0,H,1.0,0.0,H,11.0,6.0,7.0,0.0,5.0,4.0,11.0,6.0,0.0,0.0,0.0,0.0,C Kavanagh
2020-2021,2020-12-21,Burnley,Wolverhampton,2.0,1.0,H,1.0,0.0,H,10.0,15.0,4.0,3.0,1.0,7.0,11.0,15.0,2.0,1.0,0.0,0.0,L Mason
2020-2021,2020-12-26,Leicester,Manchester United,2.0,2.0,D,1.0,1.0,D,10.0,9.0,2.0,4.0,5.0,0.0,10.0,17.0,2.0,1.0,0.0,0.0,M Dean
2020-2021,2020-12-26,Aston Villa,Crystal Palace,3.0,0.0,H,1.0,0.0,H,21.0,13.0,10.0,6.0,4.0,4.0,18.0,16.0,1.0,4.0,1.0,0.0,A Taylor
2020-2021,2020-12-26,Fulham,Southampton,0.0,0.0,D,0.0,0.0,D,10.0,3.0,1.0,2.0,6.0,3.0,15.0,12.0,2.0,0.0,0.0,0.0,D England
2020-2021,2020-12-26,Arsenal,Chelsea,3.0,1.0,H,2.0,0.0,H,15.0,19.0,7.0,3.0,7.0,9.0,13.0,10.0,2.0,1.0,0.0,0.0,M Oliver
2020-2021,2020-12-26,Manchester City,Newcastle,2.0,0.0,H,1.0,0.0,H,11.0,7.0,6.0,2.0,7.0,3.0,5.0,12.0,2.0,2.0,0.0,0.0,A Marriner
2020-2021,2020-12-26,Sheffield United,Everton,0.0,1.0,A,0.0,0.0,D,10.0,7.0,2.0,3.0,6.0,3.0,11.0,10.0,2.0,4.0,0.0,0.0,D Coote
2020-2021,2020-12-27,Leeds,Burnley,1.0,0.0,H,1.0,0.0,H,11.0,14.0,4.0,6.0,4.0,12.0,8.0,14.0,0.0,3.0,0.0,0.0,R Jones
2020-2021,2020-12-27,West Ham,Brighton,2.0,2.0,D,0.0,1.0,A,11.0,13.0,4.0,4.0,5.0,4.0,6.0,8.0,0.0,0.0,0.0,0.0,S Hooper
2020-2021,2020-12-27,Liverpool,West Brom,1.0,1.0,D,1.0,0.0,H,17.0,5.0,2.0,3.0,8.0,3.0,8.0,5.0,0.0,1.0,0.0,0.0,K Friend
2020-2021,2020-12-27,Wolverhampton,Tottenham,1.0,1.0,D,0.0,1.0,A,11.0,6.0,6.0,3.0,9.0,2.0,20.0,13.0,4.0,1.0,0.0,0.0,P Tierney
2020-2021,2020-12-28,Crystal Palace,Leicester,1.0,1.0,D,0.0,0.0,D,4.0,17.0,1.0,3.0,2.0,5.0,10.0,7.0,0.0,1.0,0.0,0.0,G Scott
2020-2021,2020-12-28,Chelsea,Aston Villa,1.0,1.0,D,1.0,0.0,H,16.0,10.0,5.0,2.0,11.0,4.0,16.0,3.0,3.0,1.0,0.0,0.0,S Attwell
2020-2021,2020-12-29,West Brom,Leeds,0.0,5.0,A,0.0,4.0,A,4.0,14.0,1.0,6.0,3.0,10.0,7.0,10.0,0.0,1.0,0.0,0.0,L Mason
2020-2021,2020-12-29,Southampton,West Ham,0.0,0.0,D,0.0,0.0,D,8.0,8.0,3.0,3.0,4.0,3.0,16.0,15.0,3.0,1.0,0.0,0.0,A Madley
2020-2021,2020-12-29,Manchester United,Wolverhampton,1.0,0.0,H,0.0,0.0,D,11.0,9.0,3.0,5.0,2.0,2.0,11.0,7.0,1.0,1.0,0.0,0.0,J Moss
2020-2021,2020-12-29,Brighton,Arsenal,0.0,1.0,A,0.0,0.0,D,13.0,11.0,2.0,3.0,5.0,4.0,11.0,4.0,2.0,0.0,0.0,0.0,M Atkinson
2020-2021,2020-12-29,Burnley,Sheffield United,1.0,0.0,H,1.0,0.0,H,5.0,7.0,3.0,3.0,3.0,5.0,13.0,17.0,1.0,2.0,0.0,0.0,C Kavanagh
2020-2021,2020-12-30,Newcastle,Liverpool,0.0,0.0,D,0.0,0.0,D,8.0,11.0,2.0,4.0,5.0,12.0,9.0,13.0,2.0,3.0,0.0,0.0,P Tierney
2020-2021,2021-01-01,Everton,West Ham,0.0,1.0,A,0.0,0.0,D,10.0,11.0,2.0,5.0,5.0,4.0,9.0,7.0,2.0,0.0,0.0,0.0,K Friend
2020-2021,2021-01-01,Manchester United,Aston Villa,2.0,1.0,H,1.0,0.0,H,19.0,5.0,9.0,5.0,5.0,10.0,22.0,10.0,4.0,0.0,0.0,0.0,M Oliver
2020-2021,2021-01-02,Tottenham,Leeds,3.0,0.0,H,2.0,0.0,H,20.0,18.0,7.0,5.0,3.0,5.0,15.0,13.0,2.0,1.0,1.0,0.0,D Coote
2020-2021,2021-01-02,Crystal Palace,Sheffield United,2.0,0.0,H,2.0,0.0,H,9.0,7.0,4.0,2.0,3.0,6.0,8.0,18.0,1.0,3.0,0.0,0.0,S Attwell
2020-2021,2021-01-02,Brighton,Wolverhampton,3.0,3.0,D,1.0,3.0,A,13.0,11.0,4.0,4.0,5.0,8.0,13.0,8.0,2.0,1.0,0.0,0.0,A Madley
2020-2021,2021-01-02,West Brom,Arsenal,0.0,4.0,A,0.0,2.0,A,7.0,21.0,3.0,12.0,3.0,5.0,7.0,4.0,1.0,2.0,0.0,0.0,M Atkinson
2020-2021,2021-01-03,Chelsea,Manchester City,1.0,3.0,A,0.0,3.0,A,9.0,18.0,2.0,6.0,5.0,3.0,11.0,10.0,3.0,1.0,0.0,0.0,A Taylor
2020-2021,2021-01-03,Newcastle,Leicester,1.0,2.0,A,0.0,0.0,D,8.0,9.0,2.0,3.0,3.0,6.0,10.0,11.0,0.0,2.0,0.0,0.0,R Jones
2020-2021,2021-01-04,Southampton,Liverpool,1.0,0.0,H,1.0,0.0,H,7.0,17.0,3.0,1.0,1.0,10.0,5.0,12.0,1.0,3.0,0.0,0.0,A Marriner
2020-2021,2021-01-12,Sheffield United,Newcastle,1.0,0.0,H,0.0,0.0,D,17.0,7.0,4.0,3.0,5.0,2.0,13.0,12.0,2.0,3.0,0.0,1.0,A Madley
2020-2021,2021-01-12,Burnley,Manchester United,0.0,1.0,A,0.0,0.0,D,11.0,13.0,0.0,7.0,3.0,4.0,15.0,13.0,1.0,2.0,0.0,0.0,K Friend
2020-2021,2021-01-12,Wolverhampton,Everton,1.0,2.0,A,1.0,1.0,D,12.0,5.0,3.0,3.0,6.0,5.0,6.0,11.0,2.0,2.0,0.0,0.0,M Atkinson
2020-2021,2021-01-13,Manchester City,Brighton,1.0,0.0,H,1.0,0.0,H,16.0,5.0,6.0,1.0,8.0,4.0,4.0,12.0,0.0,2.0,0.0,0.0,D England
2020-2021,2021-01-13,Tottenham,Fulham,1.0,1.0,D,1.0,0.0,H,15.0,15.0,6.0,4.0,6.0,5.0,13.0,15.0,1.0,2.0,0.0,0.0,P Tierney
2020-2021,2021-01-14,Arsenal,Crystal Palace,0.0,0.0,D,0.0,0.0,D,11.0,12.0,4.0,2.0,7.0,3.0,10.0,11.0,1.0,1.0,0.0,0.0,A Marriner
2020-2021,2021-01-16,Leicester,Southampton,2.0,0.0,H,1.0,0.0,H,16.0,8.0,5.0,3.0,2.0,5.0,10.0,11.0,2.0,2.0,0.0,0.0,S Attwell
2020-2021,2021-01-16,Fulham,Chelsea,0.0,1.0,A,0.0,0.0,D,10.0,21.0,3.0,6.0,1.0,12.0,11.0,10.0,2.0,3.0,1.0,0.0,P Bankes
2020-2021,2021-01-16,Wolverhampton,West Brom,2.0,3.0,A,2.0,1.0,H,23.0,12.0,6.0,5.0,11.0,0.0,10.0,14.0,2.0,1.0,0.0,0.0,M Oliver
2020-2021,2021-01-16,Leeds,Brighton,0.0,1.0,A,0.0,1.0,A,7.0,7.0,2.0,2.0,5.0,2.0,8.0,9.0,1.0,1.0,0.0,0.0,K Friend
2020-2021,2021-01-16,West Ham,Burnley,1.0,0.0,H,1.0,0.0,H,15.0,10.0,4.0,2.0,7.0,4.0,12.0,9.0,2.0,1.0,0.0,0.0,C Kavanagh
2020-2021,2021-01-17,Sheffield United,Tottenham,1.0,3.0,A,0.0,2.0,A,15.0,14.0,5.0,5.0,5.0,7.0,13.0,4.0,4.0,0.0,0.0,0.0,A Marriner
2020-2021,2021-01-17,Liverpool,Manchester United,0.0,0.0,D,0.0,0.0,D,17.0,8.0,3.0,4.0,7.0,3.0,15.0,6.0,2.0,1.0,0.0,0.0,P Tierney
2020-2021,2021-01-17,Manchester City,Crystal Palace,4.0,0.0,H,1.0,0.0,H,13.0,2.0,6.0,0.0,11.0,1.0,9.0,8.0,0.0,0.0,0.0,0.0,L Mason
2020-2021,2021-01-18,Arsenal,Newcastle,3.0,0.0,H,0.0,0.0,D,20.0,4.0,6.0,1.0,7.0,2.0,9.0,8.0,0.0,0.0,0.0,0.0,D Coote
2020-2021,2021-01-19,West Ham,West Brom,2.0,1.0,H,1.0,0.0,H,14.0,6.0,6.0,2.0,3.0,1.0,10.0,10.0,0.0,1.0,0.0,0.0,G Scott
2020-2021,2021-01-19,Leicester,Chelsea,2.0,0.0,H,2.0,0.0,H,8.0,9.0,6.0,5.0,6.0,3.0,7.0,16.0,1.0,3.0,0.0,0.0,C Pawson
2020-2021,2021-01-20,Fulham,Manchester United,1.0,2.0,A,1.0,1.0,D,12.0,15.0,5.0,5.0,2.0,8.0,6.0,10.0,3.0,1.0,0.0,0.0,M Atkinson
2020-2021,2021-01-20,Manchester City,Aston Villa,2.0,0.0,H,0.0,0.0,D,28.0,11.0,9.0,4.0,16.0,2.0,10.0,9.0,0.0,2.0,0.0,0.0,J Moss
2020-2021,2021-01-21,Liverpool,Burnley,0.0,1.0,A,0.0,0.0,D,27.0,6.0,6.0,4.0,12.0,0.0,11.0,8.0,2.0,1.0,0.0,0.0,M Dean
2020-2021,2021-01-23,Aston Villa,Newcastle,2.0,0.0,H,2.0,0.0,H,14.0,7.0,5.0,1.0,5.0,4.0,9.0,18.0,0.0,3.0,0.0,0.0,S Hooper
2020-2021,2021-01-26,Crystal Palace,West Ham,2.0,3.0,A,1.0,2.0,A,6.0,17.0,3.0,7.0,3.0,4.0,9.0,8.0,0.0,0.0,0.0,0.0,S Attwell
2020-2021,2021-01-26,Newcastle,Leeds,1.0,2.0,A,0.0,1.0,A,22.0,9.0,5.0,2.0,9.0,5.0,10.0,15.0,1.0,3.0,0.0,0.0,A Taylor
2020-2021,2021-01-26,Southampton,Arsenal,1.0,3.0,A,1.0,2.0,A,13.0,9.0,5.0,5.0,4.0,5.0,11.0,6.0,1.0,2.0,0.0,0.0,K Friend
2020-2021,2021-01-26,West Brom,Manchester City,0.0,5.0,A,0.0,4.0,A,4.0,18.0,1.0,7.0,3.0,8.0,8.0,8.0,2.0,0.0,0.0,0.0,C Kavanagh
2020-2021,2021-01-27,Manchester United,Sheffield United,1.0,2.0,A,0.0,1.0,A,16.0,5.0,4.0,3.0,7.0,2.0,10.0,12.0,1.0,1.0,0.0,0.0,P Bankes
2020-2021,2021-01-27,Everton,Leicester,1.0,1.0,D,1.0,0.0,H,8.0,19.0,2.0,6.0,5.0,11.0,12.0,10.0,1.0,1.0,0.0,0.0,M Dean
2020-2021,2021-01-27,Burnley,Aston Villa,3.0,2.0,H,0.0,1.0,A,10.0,18.0,5.0,10.0,2.0,4.0,16.0,7.0,1.0,0.0,0.0,0.0,P Tierney
2020-2021,2021-01-27,Chelsea,Wolverhampton,0.0,0.0,D,0.0,0.0,D,14.0,4.0,5.0,0.0,13.0,1.0,14.0,7.0,1.0,1.0,0.0,0.0,A Madley
2020-2021,2021-01-27,Brighton,Fulham,0.0,0.0,D,0.0,0.0,D,16.0,10.0,5.0,3.0,10.0,0.0,10.0,14.0,2.0,1.0,0.0,0.0,C Pawson
2020-2021,2021-01-28,Tottenham,Liverpool,1.0,3.0,A,0.0,1.0,A,3.0,14.0,2.0,7.0,1.0,2.0,9.0,11.0,1.0,2.0,0.0,0.0,M Atkinson
2020-2021,2021-01-30,Everton,Newcastle,0.0,2.0,A,0.0,0.0,D,11.0,13.0,3.0,3.0,7.0,12.0,13.0,6.0,3.0,4.0,0.0,0.0,S Attwell
2020-2021,2021-01-30,Crystal Palace,Wolverhampton,1.0,0.0,H,0.0,0.0,D,11.0,6.0,2.0,4.0,1.0,6.0,7.0,10.0,1.0,2.0,0.0,0.0,S Hooper
2020-2021,2021-01-30,Manchester City,Sheffield United,1.0,0.0,H,1.0,0.0,H,10.0,4.0,5.0,1.0,10.0,0.0,7.0,10.0,0.0,3.0,0.0,0.0,D Coote
2020-2021,2021-01-30,West Brom,Fulham,2.0,2.0,D,0.0,1.0,A,5.0,12.0,3.0,7.0,2.0,3.0,9.0,10.0,1.0,0.0,0.0,0.0,A Taylor
2020-2021,2021-01-30,Arsenal,Manchester United,0.0,0.0,D,0.0,0.0,D,17.0,14.0,3.0,3.0,4.0,7.0,9.0,16.0,1.0,3.0,0.0,0.0,M Oliver
2020-2021,2021-01-30,Southampton,Aston Villa,0.0,1.0,A,0.0,1.0,A,20.0,8.0,5.0,4.0,7.0,1.0,12.0,11.0,1.0,0.0,0.0,0.0,L Mason
2020-2021,2021-01-31,Brighton,Tottenham,1.0,0.0,H,1.0,0.0,H,16.0,8.0,5.0,4.0,9.0,2.0,11.0,11.0,2.0,1.0,0.0,0.0,P Bankes
2020-2021,2021-01-31,Chelsea,Burnley,2.0,0.0,H,1.0,0.0,H,19.0,1.0,8.0,0.0,4.0,2.0,7.0,9.0,0.0,1.0,0.0,0.0,G Scott
2020-2021,2021-01-31,Leicester,Leeds,1.0,3.0,A,1.0,1.0,D,18.0,8.0,8.0,7.0,6.0,4.0,17.0,16.0,0.0,3.0,0.0,0.0,C Kavanagh
2020-2021,2021-01-31,West Ham,Liverpool,1.0,3.0,A,0.0,0.0,D,8.0,14.0,2.0,5.0,6.0,5.0,7.0,8.0,2.0,0.0,0.0,0.0,J Moss
2020-2021,2021-02-02,Manchester United,Southampton,9.0,0.0,H,4.0,0.0,H,24.0,3.0,14.0,1.0,5.0,3.0,11.0,6.0,2.0,3.0,0.0,2.0,M Dean
2020-2021,2021-02-02,Newcastle,Crystal Palace,1.0,2.0,A,1.0,2.0,A,21.0,6.0,5.0,3.0,9.0,1.0,14.0,11.0,1.0,3.0,0.0,0.0,D England
2020-2021,2021-02-02,Sheffield United,West Brom,2.0,1.0,H,0.0,1.0,A,14.0,8.0,6.0,4.0,9.0,2.0,11.0,9.0,2.0,1.0,0.0,0.0,P Tierney
2020-2021,2021-02-02,Wolverhampton,Arsenal,2.0,1.0,H,1.0,1.0,D,11.0,9.0,7.0,3.0,9.0,6.0,11.0,8.0,3.0,2.0,0.0,2.0,C Pawson
2020-2021,2021-02-03,Liverpool,Brighton,0.0,1.0,A,0.0,0.0,D,11.0,13.0,1.0,4.0,6.0,3.0,12.0,6.0,1.0,0.0,0.0,0.0,K Friend
2020-2021,2021-02-03,Aston Villa,West Ham,1.0,3.0,A,0.0,0.0,D,9.0,20.0,2.0,10.0,7.0,3.0,11.0,15.0,1.0,1.0,0.0,0.0,A Madley
2020-2021,2021-02-03,Burnley,Manchester City,0.0,2.0,A,0.0,2.0,A,2.0,17.0,0.0,6.0,1.0,3.0,8.0,5.0,2.0,1.0,0.0,0.0,M Atkinson
2020-2021,2021-02-03,Fulham,Leicester,0.0,2.0,A,0.0,2.0,A,8.0,9.0,1.0,5.0,5.0,2.0,17.0,10.0,3.0,1.0,0.0,0.0,R Jones
2020-2021,2021-02-03,Leeds,Everton,1.0,2.0,A,0.0,2.0,A,16.0,10.0,7.0,6.0,7.0,1.0,12.0,12.0,2.0,3.0,0.0,0.0,M Oliver
2020-2021,2021-02-04,Tottenham,Chelsea,0.0,1.0,A,0.0,1.0,A,7.0,18.0,2.0,2.0,2.0,7.0,20.0,14.0,2.0,3.0,0.0,0.0,A Marriner
2020-2021,2021-02-06,Aston Villa,Arsenal,1.0,0.0,H,1.0,0.0,H,12.0,14.0,8.0,3.0,3.0,7.0,12.0,12.0,3.0,2.0,0.0,0.0,C Kavanagh
2020-2021,2021-02-06,Burnley,Brighton,1.0,1.0,D,0.0,1.0,A,20.0,10.0,7.0,2.0,8.0,7.0,8.0,10.0,2.0,0.0,0.0,0.0,A Taylor
2020-2021,2021-02-06,Newcastle,Southampton,3.0,2.0,H,3.0,1.0,H,6.0,14.0,4.0,5.0,0.0,7.0,11.0,14.0,2.0,1.0,1.0,0.0,C Pawson
2020-2021,2021-02-06,Fulham,West Ham,0.0,0.0,D,0.0,0.0,D,20.0,8.0,2.0,1.0,7.0,3.0,11.0,10.0,1.0,2.0,0.0,1.0,M Dean
2020-2021,2021-02-06,Manchester United,Everton,3.0,3.0,D,2.0,0.0,H,14.0,6.0,5.0,3.0,5.0,1.0,14.0,10.0,2.0,1.0,0.0,0.0,J Moss
2020-2021,2021-02-07,Tottenham,West Brom,2.0,0.0,H,0.0,0.0,D,13.0,4.0,6.0,1.0,8.0,0.0,16.0,12.0,1.0,2.0,0.0,0.0,S Attwell
2020-2021,2021-02-07,Wolverhampton,Leicester,0.0,0.0,D,0.0,0.0,D,13.0,13.0,1.0,3.0,8.0,2.0,11.0,15.0,1.0,3.0,0.0,0.0,M Atkinson
2020-2021,2021-02-07,Liverpool,Manchester City,1.0,4.0,A,0.0,0.0,D,8.0,8.0,3.0,5.0,6.0,1.0,13.0,8.0,2.0,1.0,0.0,0.0,M Oliver
2020-2021,2021-02-07,Sheffield United,Chelsea,1.0,2.0,A,0.0,1.0,A,8.0,9.0,3.0,3.0,1.0,8.0,8.0,8.0,1.0,0.0,0.0,0.0,K Friend
2020-2021,2021-02-08,Leeds,Crystal Palace,2.0,0.0,H,1.0,0.0,H,17.0,8.0,7.0,3.0,5.0,3.0,7.0,8.0,0.0,2.0,0.0,0.0,A Marriner
2020-2021,2021-02-13,Manchester City,Tottenham,3.0,0.0,H,1.0,0.0,H,15.0,7.0,6.0,3.0,4.0,2.0,12.0,13.0,1.0,3.0,0.0,0.0,P Tierney
2020-2021,2021-02-13,Brighton,Aston Villa,0.0,0.0,D,0.0,0.0,D,26.0,4.0,9.0,1.0,9.0,2.0,16.0,12.0,2.0,3.0,0.0,0.0,D England
2020-2021,2021-02-13,Leicester,Liverpool,3.0,1.0,H,0.0,0.0,D,11.0,15.0,6.0,4.0,2.0,12.0,9.0,6.0,1.0,2.0,0.0,0.0,A Taylor
2020-2021,2021-02-13,Crystal Palace,Burnley,0.0,3.0,A,0.0,2.0,A,13.0,16.0,3.0,4.0,7.0,4.0,15.0,14.0,0.0,0.0,0.0,0.0,M Oliver
2020-2021,2021-02-14,Southampton,Wolverhampton,1.0,2.0,A,1.0,0.0,H,7.0,10.0,3.0,4.0,4.0,6.0,10.0,9.0,2.0,2.0,0.0,0.0,G Scott
2020-2021,2021-02-14,West Brom,Manchester United,1.0,1.0,D,1.0,1.0,D,7.0,10.0,3.0,7.0,4.0,5.0,13.0,10.0,5.0,0.0,0.0,0.0,C Pawson
2020-2021,2021-02-14,Arsenal,Leeds,4.0,2.0,H,3.0,0.0,H,13.0,9.0,5.0,5.0,4.0,5.0,8.0,17.0,0.0,2.0,0.0,0.0,S Attwell
2020-2021,2021-02-14,Everton,Fulham,0.0,2.0,A,0.0,0.0,D,7.0,12.0,2.0,3.0,5.0,4.0,7.0,16.0,1.0,1.0,0.0,0.0,A Madley
2020-2021,2021-02-15,West Ham,Sheffield United,3.0,0.0,H,1.0,0.0,H,13.0,8.0,9.0,5.0,7.0,7.0,11.0,12.0,0.0,2.0,0.0,0.0,S Hooper
2020-2021,2021-02-15,Chelsea,Newcastle,2.0,0.0,H,2.0,0.0,H,18.0,10.0,5.0,4.0,10.0,5.0,9.0,13.0,0.0,0.0,0.0,0.0,P Bankes
2020-2021,2021-02-17,Everton,Manchester City,1.0,3.0,A,1.0,1.0,D,3.0,16.0,2.0,7.0,0.0,10.0,8.0,8.0,2.0,1.0,0.0,0.0,A Marriner
2020-2021,2021-02-17,Burnley,Fulham,1.0,1.0,D,0.0,0.0,D,8.0,8.0,3.0,3.0,5.0,5.0,7.0,13.0,1.0,1.0,0.0,0.0,J Moss
2020-2021,2021-02-19,Wolverhampton,Leeds,1.0,0.0,H,0.0,0.0,D,15.0,18.0,5.0,7.0,7.0,9.0,13.0,8.0,1.0,0.0,0.0,0.0,D Coote
2020-2021,2021-02-20,Southampton,Chelsea,1.0,1.0,D,1.0,0.0,H,4.0,9.0,1.0,3.0,3.0,6.0,10.0,10.0,1.0,1.0,0.0,0.0,A Taylor
2020-2021,2021-02-20,Burnley,West Brom,0.0,0.0,D,0.0,0.0,D,6.0,10.0,1.0,3.0,5.0,5.0,16.0,10.0,3.0,0.0,0.0,1.0,M Dean
2020-2021,2021-02-20,Liverpool,Everton,0.0,2.0,A,0.0,1.0,A,15.0,9.0,6.0,6.0,7.0,2.0,10.0,10.0,2.0,1.0,0.0,0.0,C Kavanagh
2020-2021,2021-02-20,Fulham,Sheffield United,1.0,0.0,H,0.0,0.0,D,15.0,4.0,7.0,2.0,6.0,4.0,11.0,14.0,1.0,2.0,0.0,0.0,M Atkinson
2020-2021,2021-02-21,Arsenal,Manchester City,0.0,1.0,A,0.0,1.0,A,7.0,15.0,1.0,3.0,1.0,3.0,11.0,9.0,2.0,2.0,0.0,0.0,J Moss
2020-2021,2021-02-21,West Ham,Tottenham,2.0,1.0,H,1.0,0.0,H,4.0,20.0,4.0,4.0,5.0,7.0,14.0,7.0,4.0,3.0,0.0,0.0,C Pawson
2020-2021,2021-02-21,Aston Villa,Leicester,1.0,2.0,A,0.0,2.0,A,11.0,16.0,2.0,7.0,7.0,8.0,11.0,12.0,2.0,1.0,0.0,0.0,M Oliver
2020-2021,2021-02-21,Manchester United,Newcastle,3.0,1.0,H,1.0,1.0,D,15.0,10.0,7.0,6.0,6.0,4.0,9.0,11.0,1.0,2.0,0.0,0.0,P Tierney
2020-2021,2021-02-22,Brighton,Crystal Palace,1.0,2.0,A,0.0,1.0,A,25.0,3.0,5.0,2.0,13.0,0.0,11.0,6.0,2.0,0.0,0.0,0.0,K Friend
2020-2021,2021-02-23,Leeds,Southampton,3.0,0.0,H,0.0,0.0,D,11.0,13.0,7.0,5.0,2.0,4.0,11.0,13.0,1.0,2.0,0.0,0.0,A Marriner
2020-2021,2021-02-27,Manchester City,West Ham,2.0,1.0,H,1.0,1.0,D,10.0,9.0,3.0,3.0,4.0,2.0,8.0,11.0,1.0,1.0,0.0,0.0,M Oliver
2020-2021,2021-02-27,West Brom,Brighton,1.0,0.0,H,1.0,0.0,H,6.0,15.0,2.0,6.0,7.0,4.0,11.0,12.0,0.0,0.0,0.0,0.0,L Mason
2020-2021,2021-02-27,Leeds,Aston Villa,0.0,1.0,A,0.0,1.0,A,13.0,9.0,3.0,4.0,7.0,5.0,14.0,14.0,3.0,2.0,0.0,0.0,P Bankes
2020-2021,2021-02-27,Newcastle,Wolverhampton,1.0,1.0,D,0.0,0.0,D,19.0,14.0,7.0,4.0,3.0,5.0,11.0,13.0,2.0,0.0,0.0,0.0,M Dean
2020-2021,2021-02-28,Crystal Palace,Fulham,0.0,0.0,D,0.0,0.0,D,3.0,16.0,0.0,4.0,1.0,3.0,10.0,14.0,1.0,1.0,0.0,0.0,A Taylor
2020-2021,2021-02-28,Leicester,Arsenal,1.0,3.0,A,1.0,2.0,A,8.0,12.0,3.0,4.0,2.0,7.0,15.0,3.0,2.0,1.0,0.0,0.0,P Tierney
2020-2021,2021-02-28,Tottenham,Burnley,4.0,0.0,H,3.0,0.0,H,16.0,10.0,7.0,3.0,3.0,4.0,6.0,10.0,0.0,0.0,0.0,0.0,K Friend
2020-2021,2021-02-28,Chelsea,Manchester United,0.0,0.0,D,0.0,0.0,D,18.0,11.0,6.0,4.0,3.0,4.0,11.0,12.0,1.0,2.0,0.0,0.0,S Attwell
2020-2021,2021-02-28,Sheffield United,Liverpool,0.0,2.0,A,0.0,0.0,D,8.0,16.0,2.0,8.0,4.0,3.0,9.0,9.0,0.0,0.0,0.0,0.0,J Moss
2020-2021,2021-03-01,Everton,Southampton,1.0,0.0,H,1.0,0.0,H,7.0,9.0,1.0,1.0,4.0,10.0,13.0,9.0,0.0,2.0,0.0,0.0,M Atkinson
2020-2021,2021-03-02,Manchester City,Wolverhampton,4.0,1.0,H,1.0,0.0,H,22.0,6.0,10.0,1.0,10.0,2.0,9.0,5.0,0.0,1.0,0.0,0.0,C Kavanagh
2020-2021,2021-03-03,Burnley,Leicester,1.0,1.0,D,1.0,1.0,D,12.0,15.0,7.0,4.0,5.0,8.0,6.0,12.0,0.0,2.0,0.0,0.0,A Madley
2020-2021,2021-03-03,Sheffield United,Aston Villa,1.0,0.0,H,1.0,0.0,H,9.0,16.0,2.0,4.0,2.0,7.0,13.0,6.0,1.0,0.0,1.0,0.0,R Jones
2020-2021,2021-03-03,Crystal Palace,Manchester United,0.0,0.0,D,0.0,0.0,D,8.0,11.0,2.0,1.0,4.0,6.0,4.0,13.0,1.0,0.0,0.0,0.0,A Marriner
2020-2021,2021-03-04,Liverpool,Chelsea,0.0,1.0,A,0.0,1.0,A,7.0,11.0,1.0,5.0,5.0,2.0,9.0,8.0,0.0,0.0,0.0,0.0,M Atkinson
2020-2021,2021-03-04,West Brom,Everton,0.0,1.0,A,0.0,0.0,D,11.0,11.0,3.0,3.0,3.0,3.0,9.0,7.0,3.0,1.0,0.0,0.0,D England
2020-2021,2021-03-04,Fulham,Tottenham,0.0,1.0,A,0.0,1.0,A,11.0,9.0,3.0,2.0,4.0,1.0,13.0,9.0,2.0,1.0,0.0,0.0,D Coote
2020-2021,2021-03-06,Burnley,Arsenal,1.0,1.0,D,1.0,1.0,D,9.0,15.0,5.0,3.0,2.0,4.0,5.0,12.0,1.0,1.0,0.0,0.0,A Marriner
2020-2021,2021-03-06,Sheffield United,Southampton,0.0,2.0,A,0.0,1.0,A,8.0,15.0,2.0,5.0,7.0,3.0,17.0,11.0,4.0,3.0,0.0,0.0,P Tierney
2020-2021,2021-03-06,Aston Villa,Wolverhampton,0.0,0.0,D,0.0,0.0,D,9.0,10.0,1.0,2.0,5.0,3.0,13.0,13.0,1.0,0.0,0.0,0.0,A Madley
2020-2021,2021-03-06,Brighton,Leicester,1.0,2.0,A,1.0,0.0,H,7.0,8.0,2.0,4.0,6.0,6.0,14.0,8.0,0.0,1.0,0.0,0.0,M Oliver
2020-2021,2021-03-07,Manchester City,Manchester United,0.0,2.0,A,0.0,1.0,A,23.0,8.0,6.0,6.0,6.0,2.0,9.0,12.0,0.0,3.0,0.0,0.0,A Taylor
2020-2021,2021-03-07,Tottenham,Crystal Palace,4.0,1.0,H,1.0,1.0,D,12.0,5.0,5.0,1.0,1.0,5.0,8.0,17.0,2.0,3.0,0.0,0.0,S Attwell
2020-2021,2021-03-07,West Brom,Newcastle,0.0,0.0,D,0.0,0.0,D,13.0,9.0,3.0,5.0,9.0,7.0,11.0,10.0,0.0,0.0,0.0,0.0,M Atkinson
2020-2021,2021-03-07,Liverpool,Fulham,0.0,1.0,A,0.0,1.0,A,16.0,10.0,3.0,3.0,9.0,4.0,10.0,8.0,2.0,3.0,0.0,0.0,K Friend
2020-2021,2021-03-08,Chelsea,Everton,2.0,0.0,H,1.0,0.0,H,19.0,7.0,9.0,1.0,7.0,3.0,11.0,12.0,0.0,3.0,0.0,0.0,D Coote
2020-2021,2021-03-08,West Ham,Leeds,2.0,0.0,H,2.0,0.0,H,16.0,17.0,5.0,2.0,6.0,6.0,9.0,9.0,1.0,1.0,0.0,0.0,M Dean
2020-2021,2021-03-10,Manchester City,Southampton,5.0,2.0,H,3.0,1.0,H,17.0,11.0,10.0,6.0,5.0,5.0,6.0,4.0,1.0,0.0,0.0,0.0,J Moss
2020-2021,2021-03-12,Newcastle,Aston Villa,1.0,1.0,D,0.0,0.0,D,12.0,15.0,3.0,6.0,2.0,2.0,10.0,10.0,2.0,3.0,0.0,0.0,P Tierney
2020-2021,2021-03-13,Everton,Burnley,1.0,2.0,A,1.0,2.0,A,14.0,14.0,4.0,5.0,7.0,4.0,9.0,6.0,0.0,4.0,0.0,0.0,J Moss
2020-2021,2021-03-13,Leeds,Chelsea,0.0,0.0,D,0.0,0.0,D,7.0,15.0,4.0,8.0,8.0,5.0,16.0,6.0,3.0,0.0,0.0,0.0,K Friend
2020-2021,2021-03-13,Crystal Palace,West Brom,1.0,0.0,H,1.0,0.0,H,6.0,12.0,4.0,1.0,3.0,2.0,16.0,15.0,3.0,1.0,0.0,0.0,S Hooper
2020-2021,2021-03-13,Fulham,Manchester City,0.0,3.0,A,0.0,0.0,D,3.0,8.0,0.0,7.0,4.0,2.0,14.0,13.0,0.0,0.0,0.0,0.0,A Marriner
2020-2021,2021-03-14,Manchester United,West Ham,1.0,0.0,H,0.0,0.0,D,15.0,7.0,4.0,0.0,6.0,3.0,12.0,2.0,4.0,0.0,0.0,0.0,M Atkinson
2020-2021,2021-03-14,Arsenal,Tottenham,2.0,1.0,H,1.0,1.0,D,13.0,6.0,3.0,3.0,6.0,3.0,12.0,14.0,1.0,2.0,0.0,1.0,M Oliver
2020-2021,2021-03-14,Southampton,Brighton,1.0,2.0,A,1.0,1.0,D,9.0,8.0,4.0,6.0,4.0,5.0,11.0,10.0,0.0,0.0,0.0,0.0,S Attwell
2020-2021,2021-03-14,Leicester,Sheffield United,5.0,0.0,H,1.0,0.0,H,19.0,1.0,10.0,0.0,9.0,1.0,10.0,9.0,0.0,2.0,0.0,0.0,P Bankes
2020-2021,2021-03-15,Wolverhampton,Liverpool,0.0,1.0,A,0.0,1.0,A,10.0,12.0,5.0,4.0,3.0,2.0,17.0,10.0,2.0,1.0,0.0,0.0,C Pawson
2020-2021,2021-03-19,Fulham,Leeds,1.0,2.0,A,1.0,1.0,D,13.0,13.0,6.0,4.0,13.0,7.0,13.0,12.0,2.0,2.0,0.0,0.0,D Coote
2020-2021,2021-03-20,Brighton,Newcastle,3.0,0.0,H,1.0,0.0,H,11.0,3.0,6.0,1.0,3.0,1.0,12.0,5.0,0.0,1.0,0.0,0.0,A Taylor
2020-2021,2021-03-21,West Ham,Arsenal,3.0,3.0,D,3.0,1.0,H,15.0,16.0,5.0,7.0,3.0,5.0,18.0,8.0,3.0,1.0,0.0,0.0,J Moss
2020-2021,2021-03-21,Aston Villa,Tottenham,0.0,2.0,A,0.0,1.0,A,8.0,9.0,1.0,3.0,5.0,8.0,18.0,13.0,3.0,2.0,0.0,0.0,M Dean
2020-2021,2021-04-03,Chelsea,West Brom,2.0,5.0,A,1.0,2.0,A,18.0,14.0,8.0,7.0,10.0,3.0,11.0,6.0,1.0,1.0,1.0,0.0,D Coote
2020-2021,2021-04-03,Leeds,Sheffield United,2.0,1.0,H,1.0,1.0,D,23.0,9.0,8.0,1.0,5.0,7.0,12.0,13.0,1.0,2.0,0.0,0.0,G Scott
2020-2021,2021-04-03,Leicester,Manchester City,0.0,2.0,A,0.0,0.0,D,5.0,11.0,2.0,4.0,1.0,1.0,13.0,12.0,2.0,3.0,0.0,0.0,A Taylor
2020-2021,2021-04-03,Arsenal,Liverpool,0.0,3.0,A,0.0,0.0,D,3.0,16.0,2.0,7.0,1.0,2.0,10.0,10.0,1.0,1.0,0.0,0.0,S Attwell
2020-2021,2021-04-04,Southampton,Burnley,3.0,2.0,H,2.0,2.0,D,24.0,7.0,9.0,5.0,6.0,7.0,11.0,10.0,0.0,0.0,0.0,0.0,A Marriner
2020-2021,2021-04-04,Newcastle,Tottenham,2.0,2.0,D,1.0,2.0,A,22.0,11.0,6.0,5.0,7.0,3.0,13.0,14.0,3.0,2.0,0.0,0.0,C Pawson
2020-2021,2021-04-04,Aston Villa,Fulham,3.0,1.0,H,0.0,0.0,D,14.0,15.0,4.0,7.0,4.0,4.0,14.0,20.0,1.0,2.0,0.0,0.0,A Madley
2020-2021,2021-04-04,Manchester United,Brighton,2.0,1.0,H,0.0,1.0,A,15.0,5.0,7.0,3.0,5.0,6.0,14.0,7.0,2.0,2.0,0.0,0.0,M Dean
2020-2021,2021-04-05,Everton,Crystal Palace,1.0,1.0,D,0.0,0.0,D,15.0,13.0,7.0,6.0,3.0,4.0,10.0,10.0,2.0,0.0,0.0,0.0,K Friend
2020-2021,2021-04-05,Wolverhampton,West Ham,2.0,3.0,A,1.0,3.0,A,20.0,9.0,5.0,6.0,4.0,2.0,9.0,9.0,1.0,4.0,0.0,0.0,M Oliver
2020-2021,2021-04-09,Fulham,Wolverhampton,0.0,1.0,A,0.0,0.0,D,14.0,7.0,3.0,3.0,3.0,4.0,11.0,8.0,0.0,0.0,0.0,0.0,J Moss
2020-2021,2021-04-10,Manchester City,Leeds,1.0,2.0,A,0.0,1.0,A,29.0,2.0,7.0,2.0,9.0,3.0,12.0,15.0,3.0,1.0,0.0,1.0,A Marriner
2020-2021,2021-04-10,Liverpool,Aston Villa,2.0,1.0,H,0.0,1.0,A,23.0,9.0,10.0,5.0,7.0,0.0,16.0,11.0,2.0,4.0,0.0,0.0,P Tierney
2020-2021,2021-04-10,Crystal Palace,Chelsea,1.0,4.0,A,0.0,3.0,A,1.0,23.0,1.0,10.0,0.0,8.0,7.0,12.0,1.0,0.0,0.0,0.0,M Oliver
2020-2021,2021-04-11,Burnley,Newcastle,1.0,2.0,A,1.0,0.0,H,24.0,10.0,4.0,5.0,13.0,3.0,11.0,12.0,1.0,0.0,0.0,0.0,A Taylor
2020-2021,2021-04-11,West Ham,Leicester,3.0,2.0,H,2.0,0.0,H,4.0,15.0,4.0,5.0,1.0,9.0,7.0,13.0,3.0,3.0,0.0,0.0,M Dean
2020-2021,2021-04-11,Tottenham,Manchester United,1.0,3.0,A,1.0,0.0,H,12.0,12.0,3.0,7.0,7.0,5.0,11.0,15.0,1.0,5.0,0.0,0.0,C Kavanagh
2020-2021,2021-04-11,Sheffield United,Arsenal,0.0,3.0,A,0.0,1.0,A,7.0,14.0,2.0,5.0,2.0,4.0,9.0,6.0,1.0,1.0,0.0,0.0,P Bankes
2020-2021,2021-04-12,West Brom,Southampton,3.0,0.0,H,2.0,0.0,H,15.0,14.0,6.0,4.0,5.0,10.0,12.0,11.0,0.0,1.0,0.0,0.0,S Hooper
2020-2021,2021-04-12,Brighton,Everton,0.0,0.0,D,0.0,0.0,D,23.0,8.0,3.0,1.0,10.0,3.0,12.0,7.0,1.0,2.0,0.0,0.0,D England
2020-2021,2021-04-16,Everton,Tottenham,2.0,2.0,D,1.0,1.0,D,18.0,12.0,7.0,3.0,6.0,3.0,8.0,8.0,1.0,1.0,0.0,0.0,M Oliver
2020-2021,2021-04-17,Newcastle,West Ham,3.0,2.0,H,2.0,0.0,H,16.0,16.0,8.0,6.0,3.0,8.0,9.0,7.0,2.0,0.0,0.0,1.0,K Friend
2020-2021,2021-04-17,Wolverhampton,Sheffield United,1.0,0.0,H,0.0,0.0,D,10.0,8.0,5.0,2.0,3.0,3.0,8.0,15.0,1.0,2.0,0.0,0.0,R Jones
2020-2021,2021-04-18,Arsenal,Fulham,1.0,1.0,D,0.0,0.0,D,18.0,3.0,5.0,1.0,11.0,1.0,9.0,11.0,0.0,3.0,0.0,0.0,C Pawson
2020-2021,2021-04-18,Manchester United,Burnley,3.0,1.0,H,0.0,0.0,D,17.0,10.0,9.0,3.0,8.0,3.0,9.0,12.0,1.0,2.0,0.0,0.0,J Moss
2020-2021,2021-04-19,Leeds,Liverpool,1.0,1.0,D,0.0,1.0,A,12.0,17.0,5.0,7.0,10.0,8.0,17.0,15.0,2.0,1.0,0.0,0.0,A Taylor
2020-2021,2021-04-20,Chelsea,Brighton,0.0,0.0,D,0.0,0.0,D,7.0,11.0,4.0,2.0,0.0,3.0,8.0,9.0,2.0,0.0,0.0,1.0,S Attwell
2020-2021,2021-04-21,Aston Villa,Manchester City,1.0,2.0,A,1.0,2.0,A,8.0,13.0,3.0,3.0,1.0,11.0,12.0,7.0,0.0,1.0,1.0,1.0,P Bankes
2020-2021,2021-04-21,Tottenham,Southampton,2.0,1.0,H,0.0,1.0,A,12.0,10.0,3.0,5.0,5.0,5.0,10.0,14.0,2.0,1.0,0.0,0.0,D Coote
2020-2021,2021-04-22,Leicester,West Brom,3.0,0.0,H,3.0,0.0,H,17.0,4.0,7.0,1.0,7.0,3.0,13.0,12.0,0.0,2.0,0.0,0.0,A Madley
2020-2021,2021-04-23,Arsenal,Everton,0.0,1.0,A,0.0,0.0,D,14.0,8.0,3.0,1.0,7.0,3.0,13.0,10.0,1.0,3.0,0.0,0.0,J Moss
2020-2021,2021-04-24,Liverpool,Newcastle,1.0,1.0,D,1.0,0.0,H,22.0,7.0,9.0,4.0,6.0,3.0,9.0,7.0,2.0,1.0,0.0,0.0,A Marriner
2020-2021,2021-04-24,West Ham,Chelsea,0.0,1.0,A,0.0,1.0,A,9.0,17.0,2.0,6.0,4.0,2.0,9.0,11.0,0.0,4.0,1.0,0.0,C Kavanagh
2020-2021,2021-04-24,Sheffield United,Brighton,1.0,0.0,H,1.0,0.0,H,7.0,17.0,3.0,4.0,2.0,12.0,13.0,7.0,3.0,0.0,0.0,0.0,K Friend
2020-2021,2021-04-25,Leeds,Manchester United,0.0,0.0,D,0.0,0.0,D,6.0,16.0,3.0,4.0,2.0,6.0,21.0,11.0,4.0,1.0,0.0,0.0,C Pawson
2020-2021,2021-04-25,Aston Villa,West Brom,2.0,2.0,D,1.0,1.0,D,24.0,10.0,11.0,4.0,11.0,4.0,14.0,9.0,0.0,2.0,0.0,0.0,S Attwell
2020-2021,2021-04-25,Wolverhampton,Burnley,0.0,4.0,A,0.0,3.0,A,12.0,14.0,2.0,7.0,8.0,5.0,8.0,9.0,1.0,2.0,0.0,0.0,D England
2020-2021,2021-04-26,Leicester,Crystal Palace,2.0,1.0,H,0.0,1.0,A,13.0,4.0,5.0,2.0,7.0,2.0,13.0,12.0,0.0,1.0,0.0,0.0,G Scott
2020-2021,2021-04-30,Southampton,Leicester,1.0,1.0,D,0.0,0.0,D,5.0,23.0,3.0,9.0,0.0,10.0,9.0,13.0,1.0,0.0,1.0,0.0,R Jones
2020-2021,2021-05-01,Crystal Palace,Manchester City,0.0,2.0,A,0.0,0.0,D,9.0,20.0,4.0,3.0,2.0,6.0,9.0,10.0,2.0,0.0,0.0,0.0,D Coote
2020-2021,2021-05-01,Brighton,Leeds,2.0,0.0,H,1.0,0.0,H,17.0,11.0,5.0,2.0,2.0,9.0,17.0,6.0,1.0,1.0,0.0,0.0,C Kavanagh
2020-2021,2021-05-01,Chelsea,Fulham,2.0,0.0,H,1.0,0.0,H,9.0,10.0,5.0,3.0,1.0,8.0,15.0,8.0,1.0,1.0,0.0,0.0,K Friend
2020-2021,2021-05-01,Everton,Aston Villa,1.0,2.0,A,1.0,1.0,D,16.0,13.0,3.0,5.0,3.0,6.0,10.0,13.0,0.0,2.0,0.0,0.0,S Hooper
2020-2021,2021-05-02,Newcastle,Arsenal,0.0,2.0,A,0.0,1.0,A,5.0,19.0,1.0,5.0,3.0,7.0,10.0,9.0,2.0,1.0,1.0,0.0,M Dean
2020-2021,2021-05-02,Tottenham,Sheffield United,4.0,0.0,H,1.0,0.0,H,20.0,8.0,11.0,1.0,6.0,6.0,8.0,9.0,1.0,1.0,0.0,0.0,A Marriner
2020-2021,2021-05-03,Burnley,West Ham,1.0,2.0,A,1.0,2.0,A,8.0,22.0,3.0,4.0,5.0,4.0,4.0,8.0,2.0,1.0,0.0,0.0,A Taylor
2020-2021,2021-05-03,West Brom,Wolverhampton,1.0,1.0,D,0.0,1.0,A,10.0,20.0,4.0,10.0,5.0,6.0,17.0,11.0,2.0,0.0,0.0,0.0,P Tierney
2020-2021,2021-05-07,Leicester,Newcastle,2.0,4.0,A,0.0,2.0,A,25.0,14.0,9.0,6.0,9.0,6.0,12.0,9.0,1.0,1.0,0.0,0.0,D England
2020-2021,2021-05-08,Leeds,Tottenham,3.0,1.0,H,2.0,1.0,H,16.0,11.0,7.0,3.0,8.0,6.0,12.0,10.0,1.0,2.0,0.0,0.0,M Oliver
2020-2021,2021-05-08,Sheffield United,Crystal Palace,0.0,2.0,A,0.0,1.0,A,7.0,21.0,0.0,8.0,5.0,11.0,11.0,8.0,1.0,1.0,0.0,0.0,S Hooper
2020-2021,2021-05-08,Manchester City,Chelsea,1.0,2.0,A,1.0,0.0,H,16.0,12.0,4.0,5.0,6.0,2.0,12.0,10.0,2.0,0.0,0.0,0.0,A Taylor
2020-2021,2021-05-08,Liverpool,Southampton,2.0,0.0,H,1.0,0.0,H,14.0,12.0,6.0,6.0,8.0,4.0,10.0,6.0,0.0,1.0,0.0,0.0,K Friend
2020-2021,2021-05-09,Wolverhampton,Brighton,2.0,1.0,H,0.0,1.0,A,16.0,5.0,6.0,3.0,10.0,5.0,12.0,7.0,2.0,2.0,0.0,2.0,J Moss
2020-2021,2021-05-09,Aston Villa,Manchester United,1.0,3.0,A,1.0,0.0,H,11.0,18.0,5.0,7.0,5.0,6.0,13.0,18.0,1.0,1.0,1.0,0.0,C Kavanagh
2020-2021,2021-05-09,West Ham,Everton,0.0,1.0,A,0.0,1.0,A,11.0,9.0,0.0,3.0,5.0,6.0,8.0,10.0,2.0,1.0,0.0,0.0,S Attwell
2020-2021,2021-05-09,Arsenal,West Brom,3.0,1.0,H,2.0,0.0,H,15.0,12.0,7.0,1.0,6.0,6.0,7.0,9.0,1.0,2.0,0.0,0.0,P Bankes
2020-2021,2021-05-10,Fulham,Burnley,0.0,2.0,A,0.0,2.0,A,21.0,14.0,3.0,5.0,8.0,4.0,11.0,10.0,2.0,0.0,0.0,0.0,D Coote
2020-2021,2021-05-11,Manchester United,Leicester,1.0,2.0,A,1.0,1.0,D,4.0,12.0,1.0,3.0,3.0,4.0,9.0,12.0,0.0,0.0,0.0,0.0,C Pawson
2020-2021,2021-05-11,Southampton,Crystal Palace,3.0,1.0,H,1.0,1.0,D,13.0,11.0,6.0,4.0,12.0,8.0,20.0,13.0,2.0,3.0,0.0,0.0,A Madley
2020-2021,2021-05-12,Chelsea,Arsenal,0.0,1.0,A,0.0,1.0,A,19.0,5.0,5.0,2.0,9.0,1.0,7.0,6.0,0.0,1.0,0.0,0.0,A Marriner
2020-2021,2021-05-13,Aston Villa,Everton,0.0,0.0,D,0.0,0.0,D,13.0,15.0,2.0,5.0,9.0,1.0,9.0,12.0,2.0,0.0,0.0,0.0,M Atkinson
2020-2021,2021-05-13,Manchester United,Liverpool,2.0,4.0,A,1.0,2.0,A,18.0,17.0,3.0,8.0,6.0,4.0,10.0,12.0,3.0,0.0,0.0,0.0,A Taylor
2020-2021,2021-05-14,Newcastle,Manchester City,3.0,4.0,A,2.0,2.0,D,11.0,15.0,5.0,6.0,4.0,5.0,11.0,10.0,2.0,2.0,0.0,0.0,K Friend
2020-2021,2021-05-15,Brighton,West Ham,1.0,1.0,D,0.0,0.0,D,10.0,15.0,2.0,3.0,3.0,3.0,7.0,5.0,1.0,1.0,0.0,0.0,A Marriner
2020-2021,2021-05-15,Burnley,Leeds,0.0,4.0,A,0.0,1.0,A,16.0,16.0,4.0,6.0,6.0,8.0,10.0,10.0,1.0,1.0,0.0,0.0,G Scott
2020-2021,2021-05-15,Southampton,Fulham,3.0,1.0,H,1.0,0.0,H,11.0,10.0,7.0,3.0,6.0,5.0,9.0,15.0,0.0,1.0,0.0,0.0,C Pawson
2020-2021,2021-05-16,Crystal Palace,Aston Villa,3.0,2.0,H,1.0,2.0,A,23.0,19.0,8.0,5.0,7.0,7.0,23.0,13.0,3.0,2.0,0.0,0.0,D Coote
2020-2021,2021-05-16,Tottenham,Wolverhampton,2.0,0.0,H,1.0,0.0,H,24.0,15.0,13.0,3.0,10.0,3.0,8.0,11.0,1.0,0.0,0.0,0.0,M Atkinson
2020-2021,2021-05-16,West Brom,Liverpool,1.0,2.0,A,1.0,1.0,D,10.0,26.0,3.0,6.0,9.0,13.0,7.0,14.0,0.0,0.0,0.0,0.0,M Dean
2020-2021,2021-05-16,Everton,Sheffield United,0.0,1.0,A,0.0,1.0,A,16.0,10.0,6.0,3.0,11.0,4.0,8.0,12.0,1.0,3.0,0.0,0.0,A Moss
2020-2021,2021-05-18,Manchester United,Fulham,1.0,1.0,D,1.0,0.0,H,13.0,8.0,6.0,5.0,6.0,1.0,10.0,15.0,2.0,3.0,0.0,0.0,L Mason
2020-2021,2021-05-18,Southampton,Leeds,0.0,2.0,A,0.0,0.0,D,18.0,15.0,3.0,7.0,4.0,5.0,10.0,12.0,0.0,3.0,0.0,0.0,P Bankes
2020-2021,2021-05-18,Brighton,Manchester City,3.0,2.0,H,0.0,1.0,A,19.0,8.0,6.0,4.0,5.0,3.0,13.0,11.0,3.0,3.0,0.0,1.0,S Attwell
2020-2021,2021-05-18,Chelsea,Leicester,2.0,1.0,H,0.0,0.0,D,17.0,7.0,6.0,3.0,6.0,5.0,15.0,16.0,2.0,4.0,0.0,0.0,M Dean
2020-2021,2021-05-19,West Brom,West Ham,1.0,3.0,A,1.0,1.0,D,14.0,21.0,4.0,9.0,6.0,8.0,8.0,11.0,2.0,2.0,0.0,0.0,M Oliver
2020-2021,2021-05-19,Burnley,Liverpool,0.0,3.0,A,0.0,1.0,A,10.0,20.0,4.0,3.0,6.0,7.0,10.0,7.0,0.0,0.0,0.0,0.0,C Kavanagh
2020-2021,2021-05-19,Crystal Palace,Arsenal,1.0,3.0,A,0.0,1.0,A,12.0,6.0,6.0,3.0,6.0,7.0,7.0,7.0,2.0,1.0,0.0,0.0,A Taylor
2020-2021,2021-05-19,Everton,Wolverhampton,1.0,0.0,H,0.0,0.0,D,14.0,9.0,4.0,3.0,7.0,12.0,11.0,11.0,0.0,2.0,0.0,0.0,A Madley
2020-2021,2021-05-19,Newcastle,Sheffield United,1.0,0.0,H,1.0,0.0,H,16.0,11.0,5.0,1.0,5.0,2.0,7.0,7.0,0.0,2.0,0.0,0.0,R Jones
2020-2021,2021-05-19,Tottenham,Aston Villa,1.0,2.0,A,1.0,2.0,A,10.0,20.0,4.0,4.0,4.0,5.0,14.0,13.0,1.0,1.0,0.0,0.0,C Pawson
2020-2021,2021-05-23,Manchester City,Everton,5.0,0.0,H,2.0,0.0,H,21.0,8.0,11.0,3.0,7.0,5.0,8.0,10.0,2.0,2.0,0.0,0.0,M Oliver
2020-2021,2021-05-23,Wolverhampton,Manchester United,1.0,2.0,A,1.0,2.0,A,14.0,9.0,4.0,4.0,6.0,2.0,14.0,3.0,4.0,1.0,0.0,0.0,M Dean
2020-2021,2021-05-23,West Ham,Southampton,3.0,0.0,H,2.0,0.0,H,14.0,17.0,7.0,5.0,2.0,3.0,5.0,9.0,0.0,3.0,0.0,0.0,M Atkinson
2020-2021,2021-05-23,Sheffield United,Burnley,1.0,0.0,H,1.0,0.0,H,12.0,10.0,3.0,3.0,8.0,9.0,11.0,1.0,3.0,1.0,0.0,0.0,K Friend
2020-2021,2021-05-23,Liverpool,Crystal Palace,2.0,0.0,H,1.0,0.0,H,19.0,5.0,5.0,4.0,14.0,1.0,10.0,8.0,2.0,2.0,0.0,0.0,C Pawson
2020-2021,2021-05-23,Aston Villa,Chelsea,2.0,1.0,H,1.0,0.0,H,6.0,23.0,3.0,7.0,2.0,9.0,11.0,12.0,3.0,3.0,0.0,1.0,S Attwell
2020-2021,2021-05-23,Leeds,West Brom,3.0,1.0,H,2.0,0.0,H,17.0,14.0,9.0,5.0,8.0,3.0,12.0,12.0,2.0,1.0,0.0,0.0,D Coote
2020-2021,2021-05-23,Fulham,Newcastle,0.0,2.0,A,0.0,1.0,A,14.0,10.0,0.0,4.0,5.0,4.0,12.0,6.0,1.0,0.0,0.0,0.0,C Kavanagh
2020-2021,2021-05-23,Arsenal,Brighton,2.0,0.0,H,0.0,0.0,D,16.0,5.0,5.0,1.0,11.0,3.0,10.0,8.0,0.0,0.0,0.0,0.0,J Moss
2020-2021,2021-05-23,Leicester,Tottenham,2.0,4.0,A,1.0,1.0,D,10.0,11.0,6.0,4.0,8.0,7.0,9.0,8.0,0.0,2.0,0.0,0.0,A Taylor
2021-2022,2021-08-13,Brentford,Arsenal,2.0,0.0,H,1.0,0.0,H,8.0,22.0,3.0,4.0,2.0,5.0,12.0,8.0,0.0,0.0,0.0,0.0,M Oliver
2021-2022,2021-08-14,Manchester United,Leeds,5.0,1.0,H,1.0,0.0,H,16.0,10.0,8.0,3.0,5.0,4.0,11.0,9.0,1.0,2.0,0.0,0.0,P Tierney
2021-2022,2021-08-14,Burnley,Brighton,1.0,2.0,A,1.0,0.0,H,14.0,14.0,3.0,8.0,7.0,6.0,10.0,7.0,2.0,1.0,0.0,0.0,D Coote
2021-2022,2021-08-14,Chelsea,Crystal Palace,3.0,0.0,H,2.0,0.0,H,13.0,4.0,6.0,1.0,5.0,2.0,15.0,11.0,0.0,0.0,0.0,0.0,J Moss
2021-2022,2021-08-14,Everton,Southampton,3.0,1.0,H,0.0,1.0,A,14.0,6.0,6.0,3.0,6.0,8.0,13.0,15.0,2.0,0.0,0.0,0.0,A Madley
2021-2022,2021-08-14,Leicester,Wolverhampton,1.0,0.0,H,1.0,0.0,H,9.0,17.0,5.0,3.0,5.0,4.0,6.0,10.0,1.0,2.0,0.0,0.0,C Pawson
2021-2022,2021-08-14,Watford,Aston Villa,3.0,2.0,H,2.0,0.0,H,13.0,11.0,7.0,2.0,2.0,4.0,18.0,13.0,3.0,1.0,0.0,0.0,M Dean
2021-2022,2021-08-14,Norwich,Liverpool,0.0,3.0,A,0.0,1.0,A,14.0,19.0,3.0,8.0,3.0,11.0,4.0,14.0,1.0,1.0,0.0,0.0,A Marriner
2021-2022,2021-08-15,Tottenham,Manchester City,1.0,0.0,H,0.0,0.0,D,13.0,18.0,3.0,4.0,3.0,11.0,11.0,8.0,2.0,1.0,0.0,0.0,A Taylor
2021-2022,2021-08-15,Newcastle,West Ham,2.0,4.0,A,2.0,1.0,H,17.0,8.0,3.0,9.0,7.0,6.0,4.0,3.0,1.0,0.0,0.0,0.0,M Atkinson
2021-2022,2021-08-21,Liverpool,Burnley,2.0,0.0,H,1.0,0.0,H,27.0,9.0,9.0,3.0,8.0,4.0,6.0,12.0,0.0,0.0,0.0,0.0,M Dean
2021-2022,2021-08-21,Aston Villa,Newcastle,2.0,0.0,H,1.0,0.0,H,10.0,9.0,2.0,1.0,3.0,4.0,8.0,18.0,3.0,4.0,0.0,0.0,D Coote
2021-2022,2021-08-21,Crystal Palace,Brentford,0.0,0.0,D,0.0,0.0,D,7.0,14.0,2.0,3.0,3.0,5.0,12.0,9.0,3.0,1.0,0.0,0.0,M Atkinson
2021-2022,2021-08-21,Leeds,Everton,2.0,2.0,D,1.0,1.0,D,17.0,17.0,4.0,8.0,8.0,5.0,6.0,13.0,2.0,4.0,0.0,0.0,D England
2021-2022,2021-08-21,Manchester City,Norwich,5.0,0.0,H,2.0,0.0,H,16.0,1.0,4.0,0.0,6.0,1.0,13.0,7.0,1.0,0.0,0.0,0.0,G Scott
2021-2022,2021-08-21,Brighton,Watford,2.0,0.0,H,2.0,0.0,H,13.0,10.0,3.0,1.0,7.0,2.0,11.0,6.0,4.0,0.0,0.0,0.0,A Taylor
2021-2022,2021-08-22,Southampton,Manchester United,1.0,1.0,D,1.0,0.0,H,8.0,15.0,3.0,4.0,7.0,7.0,12.0,10.0,2.0,3.0,0.0,0.0,C Pawson
2021-2022,2021-08-22,Wolverhampton,Tottenham,0.0,1.0,A,0.0,1.0,A,25.0,8.0,6.0,6.0,5.0,4.0,9.0,7.0,1.0,4.0,0.0,0.0,S Attwell
2021-2022,2021-08-22,Arsenal,Chelsea,0.0,2.0,A,0.0,2.0,A,6.0,22.0,3.0,5.0,9.0,8.0,10.0,4.0,3.0,0.0,0.0,0.0,P Tierney
2021-2022,2021-08-23,West Ham,Leicester,4.0,1.0,H,1.0,0.0,H,13.0,5.0,7.0,1.0,10.0,0.0,8.0,8.0,0.0,1.0,0.0,1.0,M Oliver
2021-2022,2021-08-28,Liverpool,Chelsea,1.0,1.0,D,1.0,1.0,D,24.0,6.0,7.0,3.0,12.0,3.0,13.0,4.0,0.0,2.0,0.0,1.0,A Taylor
2021-2022,2021-08-28,Norwich,Leicester,1.0,2.0,A,1.0,1.0,D,14.0,9.0,4.0,3.0,9.0,9.0,8.0,9.0,2.0,1.0,0.0,0.0,R Jones
2021-2022,2021-08-28,Newcastle,Southampton,2.0,2.0,D,0.0,0.0,D,10.0,22.0,5.0,6.0,4.0,4.0,11.0,6.0,3.0,3.0,0.0,0.0,P Tierney
2021-2022,2021-08-28,West Ham,Crystal Palace,2.0,2.0,D,1.0,0.0,H,14.0,9.0,4.0,2.0,5.0,3.0,10.0,7.0,1.0,0.0,0.0,0.0,S Attwell
2021-2022,2021-08-28,Aston Villa,Brentford,1.0,1.0,D,1.0,1.0,D,7.0,9.0,5.0,2.0,3.0,2.0,15.0,14.0,3.0,3.0,0.0,0.0,P Bankes
2021-2022,2021-08-28,Manchester City,Arsenal,5.0,0.0,H,3.0,0.0,H,25.0,1.0,10.0,0.0,14.0,0.0,5.0,7.0,1.0,2.0,0.0,1.0,M Atkinson
2021-2022,2021-08-28,Brighton,Everton,0.0,2.0,A,0.0,1.0,A,14.0,14.0,3.0,5.0,4.0,5.0,7.0,9.0,1.0,2.0,0.0,0.0,J Moss
2021-2022,2021-08-29,Burnley,Leeds,1.0,1.0,D,0.0,0.0,D,12.0,12.0,3.0,2.0,5.0,5.0,13.0,9.0,4.0,3.0,0.0,0.0,M Oliver
2021-2022,2021-08-29,Tottenham,Watford,1.0,0.0,H,1.0,0.0,H,15.0,9.0,8.0,2.0,10.0,3.0,8.0,14.0,3.0,3.0,0.0,0.0,A Marriner
2021-2022,2021-08-29,Wolverhampton,Manchester United,0.0,1.0,A,0.0,0.0,D,15.0,10.0,6.0,3.0,5.0,7.0,7.0,9.0,3.0,4.0,0.0,0.0,M Dean
2021-2022,2021-09-11,Chelsea,Aston Villa,3.0,0.0,H,1.0,0.0,H,12.0,18.0,4.0,6.0,4.0,11.0,11.0,11.0,1.0,4.0,0.0,0.0,S Attwell
2021-2022,2021-09-11,Watford,Wolverhampton,0.0,2.0,A,0.0,0.0,D,6.0,14.0,2.0,5.0,6.0,8.0,15.0,13.0,3.0,3.0,0.0,0.0,P Bankes
2021-2022,2021-09-11,Southampton,West Ham,0.0,0.0,D,0.0,0.0,D,11.0,13.0,3.0,3.0,5.0,4.0,10.0,12.0,3.0,1.0,0.0,1.0,D Coote
2021-2022,2021-09-11,Manchester United,Newcastle,4.0,1.0,H,1.0,0.0,H,21.0,12.0,7.0,3.0,7.0,3.0,9.0,2.0,1.0,0.0,0.0,0.0,A Taylor
2021-2022,2021-09-11,Brentford,Brighton,0.0,1.0,A,0.0,0.0,D,7.0,4.0,1.0,2.0,1.0,6.0,9.0,12.0,3.0,2.0,0.0,0.0,G Scott
2021-2022,2021-09-11,Arsenal,Norwich,1.0,0.0,H,0.0,0.0,D,30.0,10.0,7.0,1.0,8.0,4.0,9.0,11.0,1.0,2.0,0.0,0.0,M Oliver
2021-2022,2021-09-11,Crystal Palace,Tottenham,3.0,0.0,H,0.0,0.0,D,18.0,2.0,4.0,1.0,8.0,2.0,13.0,15.0,2.0,1.0,0.0,1.0,J Moss
2021-2022,2021-09-11,Leicester,Manchester City,0.0,1.0,A,0.0,0.0,D,6.0,25.0,1.0,8.0,5.0,8.0,4.0,11.0,1.0,2.0,0.0,0.0,P Tierney
2021-2022,2021-09-12,Leeds,Liverpool,0.0,3.0,A,0.0,1.0,A,9.0,30.0,4.0,9.0,2.0,11.0,9.0,8.0,2.0,1.0,1.0,0.0,C Pawson
2021-2022,2021-09-13,Everton,Burnley,3.0,1.0,H,0.0,0.0,D,14.0,11.0,6.0,6.0,4.0,6.0,3.0,6.0,1.0,1.0,0.0,0.0,M Atkinson
2021-2022,2021-09-17,Newcastle,Leeds,1.0,1.0,D,1.0,1.0,D,17.0,22.0,7.0,9.0,4.0,5.0,9.0,11.0,2.0,2.0,0.0,0.0,M Dean
2021-2022,2021-09-18,Norwich,Watford,1.0,3.0,A,1.0,1.0,D,12.0,12.0,5.0,8.0,4.0,8.0,10.0,14.0,1.0,1.0,0.0,0.0,R Jones
2021-2022,2021-09-18,Manchester City,Southampton,0.0,0.0,D,0.0,0.0,D,18.0,10.0,1.0,2.0,8.0,5.0,5.0,12.0,0.0,2.0,0.0,0.0,J Moss
2021-2022,2021-09-18,Aston Villa,Everton,3.0,0.0,H,0.0,0.0,D,15.0,11.0,3.0,1.0,5.0,4.0,7.0,10.0,1.0,1.0,0.0,0.0,C Pawson
2021-2022,2021-09-18,Burnley,Arsenal,0.0,1.0,A,0.0,1.0,A,18.0,13.0,3.0,3.0,8.0,3.0,9.0,8.0,2.0,1.0,0.0,0.0,A Taylor
2021-2022,2021-09-18,Wolverhampton,Brentford,0.0,2.0,A,0.0,2.0,A,11.0,9.0,0.0,3.0,4.0,2.0,10.0,7.0,4.0,2.0,0.0,1.0,D England
2021-2022,2021-09-18,Liverpool,Crystal Palace,3.0,0.0,H,1.0,0.0,H,25.0,13.0,10.0,2.0,10.0,5.0,17.0,11.0,3.0,1.0,0.0,0.0,A Madley
2021-2022,2021-09-19,Tottenham,Chelsea,0.0,3.0,A,0.0,0.0,D,8.0,20.0,2.0,10.0,5.0,11.0,4.0,15.0,0.0,1.0,0.0,0.0,P Tierney
2021-2022,2021-09-19,West Ham,Manchester United,1.0,2.0,A,1.0,1.0,D,13.0,17.0,4.0,10.0,2.0,11.0,5.0,8.0,0.0,0.0,0.0,0.0,M Atkinson
2021-2022,2021-09-19,Brighton,Leicester,2.0,1.0,H,1.0,0.0,H,12.0,14.0,5.0,3.0,4.0,9.0,8.0,10.0,2.0,1.0,0.0,0.0,S Attwell
2021-2022,2021-09-25,Watford,Newcastle,1.0,1.0,D,0.0,1.0,A,15.0,20.0,4.0,6.0,5.0,6.0,19.0,12.0,4.0,3.0,0.0,0.0,J Gillett
2021-2022,2021-09-25,Brentford,Liverpool,3.0,3.0,D,1.0,1.0,D,12.0,16.0,4.0,6.0,2.0,11.0,8.0,7.0,1.0,1.0,0.0,0.0,S Attwell
2021-2022,2021-09-25,Leicester,Burnley,2.0,2.0,D,1.0,2.0,A,22.0,9.0,5.0,3.0,8.0,4.0,10.0,8.0,2.0,4.0,0.0,0.0,C Kavanagh
2021-2022,2021-09-25,Chelsea,Manchester City,0.0,1.0,A,0.0,0.0,D,5.0,15.0,0.0,4.0,4.0,13.0,12.0,10.0,3.0,2.0,0.0,0.0,M Oliver
2021-2022,2021-09-25,Everton,Norwich,2.0,0.0,H,1.0,0.0,H,11.0,10.0,4.0,2.0,6.0,4.0,12.0,9.0,2.0,3.0,0.0,0.0,D Coote
2021-2022,2021-09-25,Manchester United,Aston Villa,0.0,1.0,A,0.0,0.0,D,28.0,7.0,4.0,3.0,5.0,5.0,9.0,13.0,2.0,2.0,0.0,0.0,M Dean
2021-2022,2021-09-25,Leeds,West Ham,1.0,2.0,A,1.0,0.0,H,15.0,20.0,5.0,7.0,5.0,7.0,10.0,6.0,3.0,2.0,0.0,0.0,K Friend
2021-2022,2021-09-26,Southampton,Wolverhampton,0.0,1.0,A,0.0,0.0,D,18.0,5.0,6.0,3.0,5.0,5.0,12.0,8.0,0.0,0.0,0.0,0.0,A Madley
2021-2022,2021-09-26,Arsenal,Tottenham,3.0,1.0,H,3.0,0.0,H,12.0,10.0,7.0,4.0,4.0,4.0,12.0,13.0,2.0,1.0,0.0,0.0,C Pawson
2021-2022,2021-09-27,Crystal Palace,Brighton,1.0,1.0,D,1.0,0.0,H,8.0,8.0,3.0,4.0,6.0,5.0,12.0,10.0,2.0,3.0,0.0,0.0,A Marriner
2021-2022,2021-10-02,Brighton,Arsenal,0.0,0.0,D,0.0,0.0,D,21.0,8.0,2.0,2.0,8.0,5.0,8.0,5.0,2.0,1.0,0.0,0.0,J Moss
2021-2022,2021-10-02,Wolverhampton,Newcastle,2.0,1.0,H,1.0,1.0,D,7.0,8.0,3.0,2.0,0.0,4.0,15.0,5.0,0.0,2.0,0.0,0.0,G Scott
2021-2022,2021-10-02,Leeds,Watford,1.0,0.0,H,1.0,0.0,H,20.0,5.0,4.0,1.0,6.0,3.0,10.0,16.0,0.0,3.0,0.0,0.0,S Hooper
2021-2022,2021-10-02,Burnley,Norwich,0.0,0.0,D,0.0,0.0,D,14.0,10.0,4.0,2.0,9.0,5.0,13.0,3.0,5.0,2.0,0.0,0.0,K Friend
2021-2022,2021-10-02,Manchester United,Everton,1.0,1.0,D,1.0,0.0,H,13.0,12.0,6.0,2.0,10.0,1.0,10.0,9.0,1.0,1.0,0.0,0.0,M Oliver
2021-2022,2021-10-02,Chelsea,Southampton,3.0,1.0,H,1.0,0.0,H,20.0,6.0,9.0,2.0,7.0,2.0,11.0,13.0,1.0,3.0,0.0,1.0,M Atkinson
2021-2022,2021-10-03,Crystal Palace,Leicester,2.0,2.0,D,0.0,2.0,A,18.0,9.0,4.0,5.0,1.0,3.0,15.0,11.0,2.0,3.0,0.0,0.0,A Taylor
2021-2022,2021-10-03,Tottenham,Aston Villa,2.0,1.0,H,1.0,0.0,H,17.0,14.0,8.0,3.0,5.0,8.0,11.0,14.0,2.0,1.0,0.0,0.0,C Kavanagh
2021-2022,2021-10-03,West Ham,Brentford,1.0,2.0,A,0.0,1.0,A,18.0,13.0,5.0,6.0,11.0,6.0,16.0,13.0,2.0,3.0,0.0,0.0,P Bankes
2021-2022,2021-10-03,Liverpool,Manchester City,2.0,2.0,D,0.0,0.0,D,6.0,12.0,4.0,3.0,3.0,4.0,10.0,12.0,3.0,3.0,0.0,0.0,P Tierney
2021-2022,2021-10-16,Southampton,Leeds,1.0,0.0,H,0.0,0.0,D,19.0,3.0,5.0,0.0,8.0,1.0,16.0,14.0,2.0,3.0,0.0,0.0,D Coote
2021-2022,2021-10-16,Brentford,Chelsea,0.0,1.0,A,0.0,1.0,A,17.0,5.0,7.0,1.0,5.0,5.0,13.0,8.0,1.0,1.0,0.0,0.0,A Taylor
2021-2022,2021-10-16,Norwich,Brighton,0.0,0.0,D,0.0,0.0,D,15.0,11.0,3.0,3.0,8.0,4.0,5.0,14.0,3.0,5.0,0.0,0.0,P Bankes
2021-2022,2021-10-16,Watford,Liverpool,0.0,5.0,A,0.0,2.0,A,6.0,19.0,2.0,8.0,1.0,9.0,4.0,10.0,0.0,0.0,0.0,0.0,J Moss
2021-2022,2021-10-16,Leicester,Manchester United,4.0,2.0,H,1.0,1.0,D,22.0,18.0,11.0,6.0,4.0,3.0,5.0,17.0,0.0,3.0,0.0,0.0,C Pawson
2021-2022,2021-10-16,Aston Villa,Wolverhampton,2.0,3.0,A,0.0,0.0,D,14.0,9.0,5.0,4.0,6.0,7.0,8.0,17.0,2.0,3.0,0.0,0.0,M Oliver
2021-2022,2021-10-16,Manchester City,Burnley,2.0,0.0,H,1.0,0.0,H,15.0,7.0,6.0,2.0,6.0,2.0,11.0,5.0,1.0,0.0,0.0,0.0,M Atkinson
2021-2022,2021-10-17,Everton,West Ham,0.0,1.0,A,0.0,0.0,D,15.0,16.0,2.0,4.0,7.0,9.0,3.0,3.0,0.0,2.0,0.0,0.0,S Attwell
2021-2022,2021-10-17,Newcastle,Tottenham,2.0,3.0,A,1.0,3.0,A,7.0,14.0,1.0,4.0,2.0,9.0,13.0,4.0,4.0,1.0,1.0,0.0,A Marriner
2021-2022,2021-10-18,Arsenal,Crystal Palace,2.0,2.0,D,1.0,0.0,H,17.0,9.0,6.0,6.0,6.0,4.0,7.0,4.0,1.0,1.0,0.0,0.0,M Dean
2021-2022,2021-10-22,Arsenal,Aston Villa,3.0,1.0,H,2.0,0.0,H,22.0,10.0,9.0,4.0,7.0,4.0,17.0,10.0,2.0,5.0,0.0,0.0,C Pawson
2021-2022,2021-10-23,Brighton,Manchester City,1.0,4.0,A,0.0,3.0,A,10.0,23.0,5.0,14.0,7.0,6.0,10.0,6.0,2.0,3.0,0.0,0.0,K Friend
2021-2022,2021-10-23,Chelsea,Norwich,7.0,0.0,H,3.0,0.0,H,23.0,3.0,13.0,1.0,5.0,0.0,14.0,16.0,0.0,2.0,0.0,1.0,A Madley
2021-2022,2021-10-23,Crystal Palace,Newcastle,1.0,1.0,D,0.0,0.0,D,15.0,6.0,3.0,2.0,3.0,7.0,13.0,9.0,3.0,4.0,0.0,0.0,D England
2021-2022,2021-10-23,Everton,Watford,2.0,5.0,A,1.0,1.0,D,15.0,20.0,4.0,8.0,3.0,5.0,9.0,13.0,4.0,3.0,0.0,0.0,G Scott
2021-2022,2021-10-23,Leeds,Wolverhampton,1.0,1.0,D,0.0,1.0,A,18.0,8.0,4.0,4.0,6.0,3.0,15.0,14.0,2.0,3.0,0.0,0.0,R Jones
2021-2022,2021-10-23,Southampton,Burnley,2.0,2.0,D,1.0,1.0,D,16.0,9.0,4.0,5.0,6.0,2.0,10.0,11.0,1.0,3.0,0.0,0.0,C Kavanagh
2021-2022,2021-10-24,Manchester United,Liverpool,0.0,5.0,A,0.0,4.0,A,12.0,19.0,4.0,8.0,6.0,3.0,10.0,8.0,6.0,0.0,1.0,0.0,A Taylor
2021-2022,2021-10-24,Brentford,Leicester,1.0,2.0,A,0.0,1.0,A,15.0,10.0,5.0,6.0,9.0,2.0,13.0,7.0,1.0,1.0,0.0,0.0,S Hooper
2021-2022,2021-10-24,West Ham,Tottenham,1.0,0.0,H,0.0,0.0,D,13.0,7.0,4.0,4.0,2.0,4.0,11.0,4.0,2.0,1.0,0.0,0.0,P Tierney
2021-2022,2021-10-30,Leicester,Arsenal,0.0,2.0,A,0.0,2.0,A,16.0,9.0,8.0,5.0,7.0,6.0,8.0,11.0,2.0,0.0,0.0,0.0,M Oliver
2021-2022,2021-10-30,Burnley,Brentford,3.0,1.0,H,3.0,0.0,H,15.0,12.0,6.0,5.0,4.0,2.0,7.0,10.0,1.0,1.0,0.0,0.0,J Moss
2021-2022,2021-10-30,Liverpool,Brighton,2.0,2.0,D,2.0,1.0,H,14.0,9.0,3.0,6.0,5.0,3.0,8.0,5.0,2.0,2.0,0.0,0.0,M Dean
2021-2022,2021-10-30,Manchester City,Crystal Palace,0.0,2.0,A,0.0,1.0,A,14.0,8.0,3.0,3.0,7.0,1.0,11.0,11.0,2.0,3.0,1.0,0.0,A Marriner
2021-2022,2021-10-30,Newcastle,Chelsea,0.0,3.0,A,0.0,0.0,D,6.0,19.0,1.0,6.0,0.0,2.0,14.0,12.0,3.0,2.0,0.0,0.0,P Tierney
2021-2022,2021-10-30,Watford,Southampton,0.0,1.0,A,0.0,1.0,A,10.0,12.0,4.0,1.0,5.0,8.0,16.0,6.0,2.0,2.0,0.0,0.0,P Bankes
2021-2022,2021-10-30,Tottenham,Manchester United,0.0,3.0,A,0.0,1.0,A,9.0,10.0,0.0,4.0,10.0,2.0,12.0,14.0,2.0,3.0,0.0,0.0,S Attwell
2021-2022,2021-10-31,Norwich,Leeds,1.0,2.0,A,0.0,0.0,D,14.0,13.0,3.0,6.0,5.0,0.0,14.0,23.0,1.0,4.0,0.0,0.0,A Taylor
2021-2022,2021-10-31,Aston Villa,West Ham,1.0,4.0,A,1.0,2.0,A,9.0,21.0,3.0,9.0,3.0,6.0,7.0,13.0,1.0,2.0,1.0,0.0,C Kavanagh
2021-2022,2021-11-01,Wolverhampton,Everton,2.0,1.0,H,2.0,0.0,H,10.0,14.0,4.0,5.0,4.0,3.0,10.0,8.0,1.0,1.0,0.0,0.0,M Atkinson
2021-2022,2021-11-05,Southampton,Aston Villa,1.0,0.0,H,1.0,0.0,H,9.0,14.0,3.0,3.0,10.0,8.0,12.0,12.0,2.0,2.0,0.0,0.0,A Madley
2021-2022,2021-11-06,Brighton,Newcastle,1.0,1.0,D,1.0,0.0,H,14.0,6.0,5.0,1.0,2.0,5.0,16.0,10.0,3.0,4.0,1.0,0.0,D Coote
2021-2022,2021-11-06,Chelsea,Burnley,1.0,1.0,D,1.0,0.0,H,25.0,5.0,4.0,2.0,14.0,2.0,6.0,9.0,1.0,4.0,0.0,0.0,A Marriner
2021-2022,2021-11-06,Crystal Palace,Wolverhampton,2.0,0.0,H,0.0,0.0,D,13.0,4.0,6.0,2.0,4.0,6.0,14.0,13.0,2.0,1.0,0.0,0.0,G Scott
2021-2022,2021-11-06,Manchester United,Manchester City,0.0,2.0,A,0.0,2.0,A,5.0,16.0,1.0,5.0,1.0,9.0,9.0,12.0,1.0,2.0,0.0,0.0,M Oliver
2021-2022,2021-11-06,Brentford,Norwich,1.0,2.0,A,0.0,2.0,A,19.0,9.0,7.0,5.0,6.0,2.0,12.0,13.0,2.0,3.0,0.0,0.0,J Gillett
2021-2022,2021-11-07,Arsenal,Watford,1.0,0.0,H,0.0,0.0,D,14.0,7.0,6.0,1.0,4.0,2.0,6.0,19.0,4.0,2.0,0.0,1.0,K Friend
2021-2022,2021-11-07,Everton,Tottenham,0.0,0.0,D,0.0,0.0,D,12.0,8.0,2.0,0.0,4.0,2.0,13.0,17.0,2.0,4.0,1.0,0.0,C Kavanagh
2021-2022,2021-11-07,Leeds,Leicester,1.0,1.0,D,1.0,1.0,D,18.0,9.0,5.0,3.0,10.0,5.0,12.0,5.0,1.0,1.0,0.0,0.0,D England
2021-2022,2021-11-07,West Ham,Liverpool,3.0,2.0,H,1.0,1.0,D,7.0,16.0,3.0,5.0,3.0,2.0,11.0,6.0,1.0,1.0,0.0,0.0,C Pawson
2021-2022,2021-11-20,Leicester,Chelsea,0.0,3.0,A,0.0,2.0,A,4.0,16.0,3.0,7.0,3.0,5.0,15.0,8.0,3.0,1.0,0.0,0.0,P Tierney
2021-2022,2021-11-20,Aston Villa,Brighton,2.0,0.0,H,0.0,0.0,D,9.0,6.0,5.0,2.0,5.0,7.0,7.0,13.0,3.0,3.0,0.0,0.0,A Taylor
2021-2022,2021-11-20,Burnley,Crystal Palace,3.0,3.0,D,2.0,3.0,A,15.0,18.0,9.0,8.0,3.0,6.0,14.0,15.0,2.0,3.0,0.0,0.0,S Hooper
2021-2022,2021-11-20,Newcastle,Brentford,3.0,3.0,D,2.0,2.0,D,23.0,10.0,9.0,4.0,8.0,2.0,13.0,11.0,2.0,2.0,0.0,0.0,R Jones
2021-2022,2021-11-20,Norwich,Southampton,2.0,1.0,H,1.0,1.0,D,8.0,17.0,4.0,5.0,5.0,7.0,8.0,9.0,3.0,2.0,0.0,0.0,M Atkinson
2021-2022,2021-11-20,Watford,Manchester United,4.0,1.0,H,2.0,0.0,H,20.0,9.0,7.0,3.0,9.0,3.0,7.0,5.0,2.0,1.0,0.0,1.0,J Moss
2021-2022,2021-11-20,Wolverhampton,West Ham,1.0,0.0,H,0.0,0.0,D,15.0,8.0,5.0,3.0,7.0,3.0,6.0,9.0,1.0,1.0,0.0,0.0,M Dean
2021-2022,2021-11-20,Liverpool,Arsenal,4.0,0.0,H,1.0,0.0,H,19.0,5.0,9.0,3.0,6.0,1.0,15.0,12.0,2.0,0.0,0.0,0.0,M Oliver
2021-2022,2021-11-21,Manchester City,Everton,3.0,0.0,H,1.0,0.0,H,17.0,4.0,7.0,1.0,7.0,1.0,5.0,7.0,1.0,1.0,0.0,0.0,S Attwell
2021-2022,2021-11-21,Tottenham,Leeds,2.0,1.0,H,0.0,1.0,A,13.0,18.0,4.0,7.0,4.0,8.0,11.0,12.0,1.0,4.0,0.0,0.0,A Marriner
2021-2022,2021-11-27,Norwich,Wolverhampton,0.0,0.0,D,0.0,0.0,D,14.0,5.0,4.0,2.0,4.0,3.0,11.0,10.0,2.0,2.0,0.0,0.0,S Hooper
2021-2022,2021-11-27,Liverpool,Southampton,4.0,0.0,H,3.0,0.0,H,20.0,7.0,6.0,3.0,5.0,7.0,7.0,14.0,0.0,1.0,0.0,0.0,A Marriner
2021-2022,2021-11-27,Brighton,Leeds,0.0,0.0,D,0.0,0.0,D,20.0,11.0,4.0,4.0,6.0,1.0,12.0,14.0,1.0,3.0,0.0,0.0,C Pawson
2021-2022,2021-11-27,Arsenal,Newcastle,2.0,0.0,H,0.0,0.0,D,24.0,9.0,6.0,5.0,4.0,4.0,6.0,12.0,1.0,3.0,0.0,0.0,S Attwell
2021-2022,2021-11-27,Crystal Palace,Aston Villa,1.0,2.0,A,0.0,1.0,A,8.0,10.0,3.0,3.0,7.0,3.0,12.0,10.0,3.0,3.0,0.0,0.0,M Salisbury
2021-2022,2021-11-28,Brentford,Everton,1.0,0.0,H,1.0,0.0,H,6.0,14.0,4.0,5.0,3.0,3.0,8.0,11.0,4.0,3.0,0.0,0.0,D England
2021-2022,2021-11-28,Leicester,Watford,4.0,2.0,H,3.0,1.0,H,18.0,16.0,8.0,5.0,8.0,6.0,5.0,19.0,0.0,0.0,0.0,0.0,A Madley
2021-2022,2021-11-28,Manchester City,West Ham,2.0,1.0,H,1.0,0.0,H,19.0,5.0,9.0,3.0,8.0,4.0,7.0,6.0,2.0,0.0,0.0,0.0,M Oliver
2021-2022,2021-11-28,Chelsea,Manchester United,1.0,1.0,D,0.0,0.0,D,24.0,3.0,6.0,2.0,15.0,2.0,13.0,14.0,2.0,5.0,0.0,0.0,A Taylor
2021-2022,2021-11-30,Newcastle,Norwich,1.0,1.0,D,0.0,0.0,D,9.0,16.0,1.0,6.0,2.0,5.0,8.0,11.0,0.0,0.0,0.0,1.0,A Madley
2021-2022,2021-11-30,Leeds,Crystal Palace,1.0,0.0,H,0.0,0.0,D,15.0,9.0,3.0,1.0,7.0,4.0,15.0,15.0,5.0,3.0,0.0,0.0,K Friend
2021-2022,2021-12-01,Everton,Liverpool,1.0,4.0,A,1.0,2.0,A,8.0,16.0,2.0,7.0,3.0,11.0,8.0,16.0,4.0,3.0,0.0,0.0,P Tierney
2021-2022,2021-12-01,Aston Villa,Manchester City,1.0,2.0,A,0.0,2.0,A,9.0,17.0,3.0,7.0,4.0,11.0,8.0,12.0,0.0,0.0,0.0,0.0,M Dean
2021-2022,2021-12-01,Wolverhampton,Burnley,0.0,0.0,D,0.0,0.0,D,16.0,6.0,2.0,1.0,5.0,5.0,5.0,7.0,2.0,3.0,0.0,0.0,J Brooks
2021-2022,2021-12-01,Southampton,Leicester,2.0,2.0,D,2.0,1.0,H,15.0,15.0,7.0,6.0,2.0,4.0,14.0,11.0,1.0,3.0,0.0,0.0,R Jones
2021-2022,2021-12-01,Watford,Chelsea,1.0,2.0,A,1.0,1.0,D,13.0,8.0,6.0,4.0,6.0,0.0,18.0,16.0,4.0,3.0,0.0,0.0,D Coote
2021-2022,2021-12-01,West Ham,Brighton,1.0,1.0,D,1.0,0.0,H,14.0,9.0,6.0,3.0,9.0,5.0,10.0,8.0,1.0,1.0,0.0,0.0,C Kavanagh
2021-2022,2021-12-02,Tottenham,Brentford,2.0,0.0,H,1.0,0.0,H,11.0,6.0,6.0,2.0,11.0,5.0,13.0,11.0,0.0,0.0,0.0,0.0,J Moss
2021-2022,2021-12-02,Manchester United,Arsenal,3.0,2.0,H,1.0,1.0,D,14.0,17.0,10.0,8.0,3.0,8.0,9.0,10.0,1.0,0.0,0.0,0.0,M Atkinson
2021-2022,2021-12-04,Watford,Manchester City,1.0,3.0,A,0.0,2.0,A,11.0,26.0,4.0,13.0,5.0,11.0,10.0,7.0,3.0,0.0,0.0,0.0,S Hooper
2021-2022,2021-12-04,Wolverhampton,Liverpool,0.0,1.0,A,0.0,0.0,D,3.0,17.0,1.0,5.0,2.0,8.0,4.0,7.0,2.0,2.0,0.0,0.0,C Kavanagh
2021-2022,2021-12-04,Newcastle,Burnley,1.0,0.0,H,1.0,0.0,H,19.0,10.0,4.0,1.0,10.0,3.0,11.0,9.0,1.0,1.0,0.0,0.0,P Tierney
2021-2022,2021-12-04,West Ham,Chelsea,3.0,2.0,H,1.0,2.0,A,11.0,19.0,5.0,7.0,1.0,9.0,10.0,10.0,1.0,3.0,0.0,0.0,A Marriner
2021-2022,2021-12-04,Southampton,Brighton,1.0,1.0,D,1.0,0.0,H,14.0,14.0,4.0,4.0,6.0,2.0,15.0,12.0,4.0,2.0,0.0,0.0,A Taylor
2021-2022,2021-12-05,Leeds,Brentford,2.0,2.0,D,1.0,0.0,H,13.0,9.0,6.0,3.0,5.0,1.0,11.0,9.0,5.0,3.0,0.0,0.0,D Coote
2021-2022,2021-12-05,Manchester United,Crystal Palace,1.0,0.0,H,0.0,0.0,D,16.0,8.0,3.0,2.0,9.0,6.0,16.0,9.0,2.0,2.0,0.0,0.0,C Pawson
2021-2022,2021-12-05,Tottenham,Norwich,3.0,0.0,H,1.0,0.0,H,17.0,10.0,7.0,1.0,6.0,4.0,11.0,4.0,1.0,2.0,0.0,0.0,J Gillett
2021-2022,2021-12-05,Aston Villa,Leicester,2.0,1.0,H,1.0,1.0,D,13.0,12.0,4.0,5.0,3.0,6.0,8.0,25.0,1.0,1.0,0.0,0.0,M Oliver
2021-2022,2021-12-06,Everton,Arsenal,2.0,1.0,H,0.0,1.0,A,11.0,10.0,5.0,3.0,3.0,3.0,8.0,12.0,2.0,2.0,0.0,0.0,M Dean
2021-2022,2021-12-10,Brentford,Watford,2.0,1.0,H,0.0,1.0,A,14.0,6.0,5.0,2.0,8.0,2.0,12.0,18.0,4.0,0.0,0.0,0.0,M Oliver
2021-2022,2021-12-11,Manchester City,Wolverhampton,1.0,0.0,H,0.0,0.0,D,24.0,2.0,10.0,1.0,14.0,1.0,12.0,5.0,3.0,2.0,0.0,1.0,J Moss
2021-2022,2021-12-11,Arsenal,Southampton,3.0,0.0,H,2.0,0.0,H,15.0,11.0,5.0,6.0,9.0,8.0,5.0,9.0,2.0,0.0,0.0,0.0,J Gillett
2021-2022,2021-12-11,Chelsea,Leeds,3.0,2.0,H,1.0,1.0,D,16.0,12.0,6.0,5.0,5.0,2.0,9.0,15.0,2.0,5.0,0.0,0.0,C Kavanagh
2021-2022,2021-12-11,Liverpool,Aston Villa,1.0,0.0,H,0.0,0.0,D,20.0,4.0,5.0,0.0,11.0,3.0,13.0,6.0,1.0,2.0,0.0,0.0,S Attwell
2021-2022,2021-12-11,Norwich,Manchester United,0.0,1.0,A,0.0,0.0,D,11.0,13.0,5.0,5.0,8.0,6.0,6.0,17.0,1.0,1.0,0.0,0.0,D England
2021-2022,2021-12-12,Leicester,Newcastle,4.0,0.0,H,1.0,0.0,H,8.0,12.0,5.0,3.0,4.0,6.0,9.0,16.0,2.0,3.0,0.0,0.0,P Bankes
2021-2022,2021-12-12,Burnley,West Ham,0.0,0.0,D,0.0,0.0,D,9.0,16.0,1.0,3.0,6.0,4.0,13.0,11.0,2.0,1.0,0.0,0.0,G Scott
2021-2022,2021-12-12,Crystal Palace,Everton,3.0,1.0,H,1.0,0.0,H,17.0,12.0,6.0,6.0,8.0,2.0,15.0,14.0,0.0,2.0,0.0,0.0,A Madley
2021-2022,2021-12-14,Manchester City,Leeds,7.0,0.0,H,3.0,0.0,H,31.0,6.0,15.0,3.0,6.0,2.0,5.0,9.0,1.0,1.0,0.0,0.0,P Tierney
2021-2022,2021-12-14,Norwich,Aston Villa,0.0,2.0,A,0.0,1.0,A,7.0,17.0,3.0,6.0,7.0,10.0,12.0,9.0,3.0,1.0,0.0,0.0,D Coote
2021-2022,2021-12-15,Brighton,Wolverhampton,0.0,1.0,A,0.0,1.0,A,12.0,8.0,2.0,5.0,7.0,4.0,11.0,14.0,2.0,0.0,0.0,0.0,T Harrington
2021-2022,2021-12-15,Crystal Palace,Southampton,2.0,2.0,D,1.0,2.0,A,9.0,15.0,6.0,4.0,4.0,6.0,16.0,20.0,2.0,4.0,0.0,0.0,S Hooper
2021-2022,2021-12-15,Arsenal,West Ham,2.0,0.0,H,0.0,0.0,D,21.0,7.0,8.0,1.0,5.0,2.0,8.0,9.0,2.0,0.0,0.0,1.0,A Taylor
2021-2022,2021-12-16,Chelsea,Everton,1.0,1.0,D,0.0,0.0,D,23.0,5.0,10.0,3.0,7.0,1.0,11.0,11.0,2.0,3.0,0.0,0.0,M Oliver
2021-2022,2021-12-16,Liverpool,Newcastle,3.0,1.0,H,2.0,1.0,H,23.0,4.0,8.0,2.0,11.0,0.0,9.0,4.0,1.0,3.0,0.0,0.0,M Dean
2021-2022,2021-12-18,Leeds,Arsenal,1.0,4.0,A,0.0,3.0,A,9.0,21.0,2.0,12.0,1.0,4.0,11.0,7.0,3.0,1.0,0.0,0.0,A Marriner
2021-2022,2021-12-19,Wolverhampton,Chelsea,0.0,0.0,D,0.0,0.0,D,4.0,8.0,1.0,1.0,4.0,9.0,9.0,7.0,0.0,2.0,0.0,0.0,D Coote
2021-2022,2021-12-19,Tottenham,Liverpool,2.0,2.0,D,1.0,1.0,D,10.0,18.0,5.0,6.0,6.0,4.0,12.0,11.0,4.0,4.0,0.0,1.0,P Tierney
2021-2022,2021-12-19,Newcastle,Manchester City,0.0,4.0,A,0.0,2.0,A,5.0,18.0,1.0,7.0,3.0,6.0,9.0,6.0,1.0,2.0,0.0,0.0,M Atkinson
2021-2022,2021-12-26,Manchester City,Leicester,6.0,3.0,H,4.0,0.0,H,17.0,14.0,9.0,8.0,14.0,4.0,11.0,9.0,1.0,2.0,0.0,0.0,C Kavanagh
2021-2022,2021-12-26,Norwich,Arsenal,0.0,5.0,A,0.0,2.0,A,4.0,16.0,2.0,6.0,3.0,5.0,13.0,7.0,1.0,2.0,0.0,0.0,G Scott
2021-2022,2021-12-26,Tottenham,Crystal Palace,3.0,0.0,H,2.0,0.0,H,17.0,4.0,6.0,0.0,4.0,2.0,16.0,10.0,1.0,1.0,0.0,1.0,J Moss
2021-2022,2021-12-26,West Ham,Southampton,2.0,3.0,A,0.0,1.0,A,11.0,11.0,5.0,6.0,10.0,2.0,10.0,9.0,2.0,3.0,0.0,0.0,K Friend
2021-2022,2021-12-26,Aston Villa,Chelsea,1.0,3.0,A,1.0,1.0,D,8.0,10.0,1.0,4.0,2.0,5.0,8.0,11.0,3.0,1.0,0.0,0.0,M Atkinson
2021-2022,2021-12-26,Brighton,Brentford,2.0,0.0,H,2.0,0.0,H,15.0,16.0,5.0,6.0,6.0,9.0,8.0,10.0,1.0,3.0,0.0,0.0,D England
2021-2022,2021-12-27,Newcastle,Manchester United,1.0,1.0,D,1.0,0.0,H,13.0,13.0,8.0,4.0,2.0,4.0,11.0,8.0,3.0,3.0,0.0,0.0,C Pawson
2021-2022,2021-12-28,Leicester,Liverpool,1.0,0.0,H,0.0,0.0,D,6.0,21.0,1.0,4.0,1.0,12.0,8.0,11.0,0.0,1.0,0.0,0.0,M Oliver
2021-2022,2021-12-28,Southampton,Tottenham,1.0,1.0,D,1.0,1.0,D,9.0,21.0,2.0,11.0,3.0,7.0,15.0,5.0,2.0,2.0,1.0,0.0,A Taylor
2021-2022,2021-12-28,Crystal Palace,Norwich,3.0,0.0,H,3.0,0.0,H,19.0,12.0,6.0,3.0,8.0,8.0,9.0,13.0,1.0,2.0,0.0,0.0,P Tierney
2021-2022,2021-12-28,Watford,West Ham,1.0,4.0,A,1.0,2.0,A,14.0,13.0,5.0,6.0,4.0,5.0,12.0,12.0,0.0,1.0,0.0,0.0,D England
2021-2022,2021-12-29,Chelsea,Brighton,1.0,1.0,D,1.0,0.0,H,11.0,18.0,5.0,6.0,10.0,8.0,14.0,7.0,4.0,1.0,0.0,0.0,M Dean
2021-2022,2021-12-29,Brentford,Manchester City,0.0,1.0,A,0.0,1.0,A,6.0,12.0,2.0,3.0,3.0,5.0,12.0,10.0,0.0,0.0,0.0,0.0,D Coote
2021-2022,2021-12-30,Manchester United,Burnley,3.0,1.0,H,3.0,1.0,H,18.0,10.0,6.0,3.0,7.0,5.0,5.0,10.0,0.0,0.0,0.0,0.0,J Moss
2021-2022,2022-01-01,Arsenal,Manchester City,1.0,2.0,A,1.0,0.0,H,7.0,15.0,2.0,2.0,5.0,5.0,13.0,5.0,3.0,2.0,1.0,0.0,S Attwell
2021-2022,2022-01-01,Watford,Tottenham,0.0,1.0,A,0.0,0.0,D,6.0,21.0,4.0,9.0,3.0,7.0,6.0,9.0,0.0,1.0,0.0,0.0,R Jones
2021-2022,2022-01-01,Crystal Palace,West Ham,2.0,3.0,A,0.0,3.0,A,22.0,10.0,6.0,5.0,9.0,1.0,6.0,16.0,0.0,2.0,0.0,0.0,D England
2021-2022,2022-01-02,Brentford,Aston Villa,2.0,1.0,H,1.0,1.0,D,10.0,16.0,4.0,5.0,3.0,7.0,17.0,11.0,2.0,2.0,0.0,0.0,C Pawson
2021-2022,2022-01-02,Everton,Brighton,2.0,3.0,A,0.0,2.0,A,17.0,12.0,6.0,5.0,8.0,5.0,5.0,12.0,1.0,1.0,0.0,0.0,J Brooks
2021-2022,2022-01-02,Leeds,Burnley,3.0,1.0,H,1.0,0.0,H,22.0,8.0,7.0,2.0,9.0,3.0,11.0,7.0,2.0,1.0,0.0,0.0,P Tierney
2021-2022,2022-01-02,Chelsea,Liverpool,2.0,2.0,D,2.0,2.0,D,15.0,10.0,6.0,6.0,6.0,7.0,5.0,13.0,1.0,2.0,0.0,0.0,A Taylor
2021-2022,2022-01-03,Manchester United,Wolverhampton,0.0,1.0,A,0.0,0.0,D,9.0,19.0,2.0,6.0,3.0,8.0,9.0,8.0,3.0,1.0,0.0,0.0,M Dean
2021-2022,2022-01-11,Southampton,Brentford,4.0,1.0,H,2.0,1.0,H,12.0,5.0,6.0,4.0,5.0,2.0,9.0,8.0,0.0,1.0,0.0,0.0,S Attwell
2021-2022,2022-01-12,West Ham,Norwich,2.0,0.0,H,1.0,0.0,H,13.0,7.0,5.0,3.0,11.0,2.0,9.0,8.0,0.0,0.0,0.0,0.0,S Hooper
2021-2022,2022-01-14,Brighton,Crystal Palace,1.0,1.0,D,0.0,0.0,D,19.0,3.0,4.0,1.0,9.0,0.0,11.0,7.0,0.0,2.0,0.0,0.0,R Jones
2021-2022,2022-01-15,Aston Villa,Manchester United,2.0,2.0,D,0.0,1.0,A,13.0,13.0,9.0,6.0,3.0,6.0,8.0,13.0,1.0,2.0,0.0,0.0,D Coote
2021-2022,2022-01-15,Norwich,Everton,2.0,1.0,H,2.0,0.0,H,14.0,12.0,3.0,5.0,8.0,8.0,12.0,14.0,3.0,1.0,0.0,0.0,A Madley
2021-2022,2022-01-15,Wolverhampton,Southampton,3.0,1.0,H,1.0,0.0,H,9.0,13.0,5.0,10.0,2.0,10.0,13.0,14.0,2.0,3.0,0.0,0.0,M Salisbury
2021-2022,2022-01-15,Manchester City,Chelsea,1.0,0.0,H,0.0,0.0,D,11.0,4.0,6.0,1.0,9.0,1.0,11.0,6.0,0.0,2.0,0.0,0.0,C Pawson
2021-2022,2022-01-15,Newcastle,Watford,1.0,1.0,D,0.0,0.0,D,12.0,18.0,1.0,5.0,4.0,6.0,13.0,13.0,3.0,2.0,0.0,0.0,P Tierney
2021-2022,2022-01-16,Liverpool,Brentford,3.0,0.0,H,1.0,0.0,H,27.0,6.0,13.0,1.0,9.0,0.0,6.0,6.0,0.0,1.0,0.0,0.0,J Moss
2021-2022,2022-01-16,West Ham,Leeds,2.0,3.0,A,1.0,2.0,A,15.0,18.0,5.0,5.0,4.0,3.0,6.0,9.0,3.0,2.0,0.0,0.0,M Dean
2021-2022,2022-01-18,Brighton,Chelsea,1.0,1.0,D,0.0,1.0,A,10.0,15.0,2.0,3.0,5.0,7.0,8.0,5.0,1.0,2.0,0.0,0.0,K Friend
2021-2022,2022-01-19,Leicester,Tottenham,2.0,3.0,A,1.0,1.0,D,14.0,27.0,4.0,10.0,3.0,8.0,6.0,12.0,1.0,2.0,0.0,0.0,J Moss
2021-2022,2022-01-19,Brentford,Manchester United,1.0,3.0,A,0.0,0.0,D,18.0,13.0,8.0,5.0,6.0,9.0,7.0,9.0,0.0,0.0,0.0,0.0,A Marriner
2021-2022,2022-01-21,Watford,Norwich,0.0,3.0,A,0.0,0.0,D,15.0,7.0,4.0,2.0,5.0,1.0,16.0,11.0,0.0,1.0,1.0,0.0,M Dean
2021-2022,2022-01-22,Everton,Aston Villa,0.0,1.0,A,0.0,1.0,A,15.0,8.0,1.0,3.0,9.0,2.0,14.0,16.0,5.0,3.0,0.0,0.0,C Pawson
2021-2022,2022-01-22,Brentford,Wolverhampton,1.0,2.0,A,0.0,0.0,D,11.0,7.0,1.0,2.0,6.0,3.0,6.0,7.0,2.0,3.0,0.0,0.0,P Bankes
2021-2022,2022-01-22,Leeds,Newcastle,0.0,1.0,A,0.0,0.0,D,13.0,15.0,4.0,3.0,6.0,7.0,9.0,9.0,4.0,2.0,0.0,0.0,C Kavanagh
2021-2022,2022-01-22,Manchester United,West Ham,1.0,0.0,H,0.0,0.0,D,18.0,6.0,3.0,1.0,3.0,3.0,9.0,8.0,1.0,1.0,0.0,0.0,J Moss
2021-2022,2022-01-22,Southampton,Manchester City,1.0,1.0,D,1.0,0.0,H,7.0,20.0,3.0,5.0,2.0,11.0,13.0,5.0,3.0,0.0,0.0,0.0,S Hooper
2021-2022,2022-01-23,Arsenal,Burnley,0.0,0.0,D,0.0,0.0,D,20.0,10.0,5.0,1.0,12.0,4.0,9.0,13.0,0.0,2.0,0.0,0.0,D Coote
2021-2022,2022-01-23,Crystal Palace,Liverpool,1.0,3.0,A,0.0,2.0,A,8.0,15.0,5.0,7.0,2.0,5.0,12.0,10.0,4.0,1.0,0.0,0.0,K Friend
2021-2022,2022-01-23,Leicester,Brighton,1.0,1.0,D,0.0,0.0,D,15.0,14.0,5.0,5.0,4.0,5.0,6.0,8.0,0.0,1.0,0.0,0.0,M Atkinson
2021-2022,2022-01-23,Chelsea,Tottenham,2.0,0.0,H,0.0,0.0,D,15.0,6.0,7.0,3.0,10.0,3.0,17.0,14.0,2.0,1.0,0.0,0.0,P Tierney
2021-2022,2022-02-05,Burnley,Watford,0.0,0.0,D,0.0,0.0,D,13.0,11.0,2.0,5.0,4.0,7.0,16.0,9.0,1.0,2.0,0.0,0.0,C Pawson
2021-2022,2022-02-08,Newcastle,Everton,3.0,1.0,H,1.0,1.0,D,20.0,11.0,9.0,3.0,6.0,2.0,13.0,13.0,2.0,3.0,0.0,0.0,A Taylor
2021-2022,2022-02-08,West Ham,Watford,1.0,0.0,H,0.0,0.0,D,9.0,6.0,3.0,1.0,5.0,6.0,1.0,6.0,1.0,0.0,0.0,0.0,M Atkinson
2021-2022,2022-02-08,Burnley,Manchester United,1.0,1.0,D,0.0,1.0,A,9.0,22.0,3.0,5.0,2.0,10.0,11.0,10.0,2.0,1.0,0.0,0.0,M Dean
2021-2022,2022-02-09,Manchester City,Brentford,2.0,0.0,H,1.0,0.0,H,15.0,6.0,7.0,2.0,9.0,3.0,7.0,13.0,0.0,0.0,0.0,0.0,D England
2021-2022,2022-02-09,Norwich,Crystal Palace,1.0,1.0,D,1.0,0.0,H,5.0,13.0,1.0,5.0,4.0,6.0,11.0,15.0,1.0,2.0,0.0,0.0,P Tierney
2021-2022,2022-02-09,Tottenham,Southampton,2.0,3.0,A,1.0,1.0,D,8.0,23.0,3.0,10.0,2.0,8.0,7.0,13.0,2.0,3.0,0.0,0.0,D Coote
2021-2022,2022-02-09,Aston Villa,Leeds,3.0,3.0,D,3.0,2.0,H,12.0,16.0,4.0,8.0,6.0,11.0,11.0,9.0,1.0,3.0,1.0,0.0,J Gillett
2021-2022,2022-02-10,Liverpool,Leicester,2.0,0.0,H,1.0,0.0,H,22.0,5.0,11.0,1.0,7.0,6.0,11.0,7.0,1.0,0.0,0.0,0.0,C Kavanagh
2021-2022,2022-02-10,Wolverhampton,Arsenal,0.0,1.0,A,0.0,1.0,A,15.0,12.0,4.0,2.0,7.0,4.0,12.0,13.0,2.0,3.0,0.0,1.0,M Oliver
2021-2022,2022-02-12,Manchester United,Southampton,1.0,1.0,D,1.0,0.0,H,12.0,13.0,8.0,4.0,1.0,4.0,12.0,13.0,4.0,0.0,0.0,0.0,S Attwell
2021-2022,2022-02-12,Brentford,Crystal Palace,0.0,0.0,D,0.0,0.0,D,9.0,6.0,2.0,3.0,3.0,9.0,10.0,10.0,1.0,0.0,0.0,0.0,S Hooper
2021-2022,2022-02-12,Everton,Leeds,3.0,0.0,H,2.0,0.0,H,21.0,7.0,10.0,0.0,5.0,3.0,8.0,9.0,1.0,1.0,0.0,0.0,G Scott
2021-2022,2022-02-12,Watford,Brighton,0.0,2.0,A,0.0,1.0,A,9.0,11.0,1.0,6.0,4.0,5.0,16.0,9.0,3.0,2.0,0.0,0.0,J Moss
2021-2022,2022-02-12,Norwich,Manchester City,0.0,4.0,A,0.0,1.0,A,8.0,22.0,3.0,9.0,4.0,12.0,7.0,8.0,0.0,2.0,0.0,0.0,A Marriner
2021-2022,2022-02-13,Tottenham,Wolverhampton,0.0,2.0,A,0.0,2.0,A,17.0,11.0,7.0,7.0,7.0,3.0,13.0,13.0,3.0,1.0,0.0,0.0,K Friend
2021-2022,2022-02-13,Leicester,West Ham,2.0,2.0,D,1.0,1.0,D,13.0,8.0,2.0,3.0,5.0,4.0,10.0,9.0,1.0,2.0,0.0,0.0,M Oliver
2021-2022,2022-02-13,Burnley,Liverpool,0.0,1.0,A,0.0,1.0,A,8.0,12.0,5.0,4.0,5.0,8.0,7.0,6.0,0.0,1.0,0.0,0.0,M Atkinson
2021-2022,2022-02-13,Newcastle,Aston Villa,1.0,0.0,H,1.0,0.0,H,10.0,11.0,2.0,1.0,3.0,6.0,22.0,15.0,3.0,4.0,0.0,0.0,C Pawson
2021-2022,2022-02-15,Manchester United,Brighton,2.0,0.0,H,0.0,0.0,D,19.0,10.0,7.0,3.0,10.0,2.0,8.0,10.0,3.0,1.0,0.0,1.0,P Bankes
2021-2022,2022-02-19,West Ham,Newcastle,1.0,1.0,D,1.0,1.0,D,11.0,14.0,3.0,3.0,3.0,7.0,3.0,7.0,3.0,3.0,0.0,0.0,C Kavanagh
2021-2022,2022-02-19,Arsenal,Brentford,2.0,1.0,H,0.0,0.0,D,24.0,6.0,8.0,2.0,14.0,0.0,10.0,5.0,1.0,1.0,0.0,0.0,J Moss
2021-2022,2022-02-19,Aston Villa,Watford,0.0,1.0,A,0.0,0.0,D,20.0,8.0,1.0,4.0,10.0,5.0,12.0,7.0,1.0,2.0,0.0,0.0,R Jones
2021-2022,2022-02-19,Brighton,Burnley,0.0,3.0,A,0.0,2.0,A,11.0,10.0,1.0,4.0,4.0,4.0,12.0,12.0,1.0,4.0,0.0,0.0,K Friend
2021-2022,2022-02-19,Crystal Palace,Chelsea,0.0,1.0,A,0.0,0.0,D,7.0,9.0,0.0,3.0,4.0,4.0,4.0,20.0,1.0,3.0,0.0,0.0,D Coote
2021-2022,2022-02-19,Liverpool,Norwich,3.0,1.0,H,0.0,0.0,D,29.0,6.0,8.0,1.0,9.0,4.0,7.0,8.0,0.0,1.0,0.0,0.0,M Dean
2021-2022,2022-02-19,Southampton,Everton,2.0,0.0,H,0.0,0.0,D,19.0,9.0,11.0,0.0,4.0,4.0,6.0,9.0,0.0,2.0,0.0,0.0,A Madley
2021-2022,2022-02-19,Manchester City,Tottenham,2.0,3.0,A,1.0,1.0,D,21.0,6.0,4.0,5.0,10.0,0.0,5.0,7.0,0.0,3.0,0.0,0.0,A Taylor
2021-2022,2022-02-20,Wolverhampton,Leicester,2.0,1.0,H,1.0,1.0,D,11.0,17.0,3.0,7.0,7.0,10.0,12.0,9.0,4.0,4.0,0.0,0.0,C Pawson
2021-2022,2022-02-20,Leeds,Manchester United,2.0,4.0,A,0.0,2.0,A,16.0,15.0,6.0,9.0,3.0,3.0,13.0,19.0,6.0,3.0,0.0,0.0,P Tierney
2021-2022,2022-02-23,Burnley,Tottenham,1.0,0.0,H,0.0,0.0,D,15.0,12.0,4.0,2.0,3.0,7.0,8.0,8.0,0.0,0.0,0.0,0.0,G Scott
2021-2022,2022-02-23,Watford,Crystal Palace,1.0,4.0,A,1.0,2.0,A,8.0,7.0,1.0,5.0,6.0,4.0,12.0,9.0,2.0,1.0,0.0,0.0,A Marriner
2021-2022,2022-02-23,Liverpool,Leeds,6.0,0.0,H,3.0,0.0,H,23.0,3.0,15.0,2.0,4.0,0.0,5.0,11.0,0.0,3.0,0.0,0.0,M Oliver
2021-2022,2022-02-24,Arsenal,Wolverhampton,2.0,1.0,H,0.0,1.0,A,26.0,6.0,5.0,2.0,5.0,4.0,8.0,9.0,1.0,1.0,0.0,0.0,M Atkinson
2021-2022,2022-02-25,Southampton,Norwich,2.0,0.0,H,1.0,0.0,H,27.0,8.0,9.0,1.0,13.0,6.0,12.0,9.0,1.0,2.0,0.0,0.0,S Hooper
2021-2022,2022-02-26,Everton,Manchester City,0.0,1.0,A,0.0,0.0,D,6.0,13.0,2.0,8.0,3.0,4.0,7.0,14.0,3.0,2.0,0.0,0.0,P Tierney
2021-2022,2022-02-26,Brighton,Aston Villa,0.0,2.0,A,0.0,1.0,A,12.0,9.0,1.0,4.0,7.0,2.0,17.0,11.0,4.0,5.0,0.0,0.0,J Brooks
2021-2022,2022-02-26,Manchester United,Watford,0.0,0.0,D,0.0,0.0,D,22.0,10.0,3.0,2.0,4.0,3.0,2.0,7.0,0.0,0.0,0.0,0.0,K Friend
2021-2022,2022-02-26,Brentford,Newcastle,0.0,2.0,A,0.0,2.0,A,6.0,26.0,1.0,11.0,6.0,6.0,9.0,7.0,3.0,1.0,1.0,0.0,M Dean
2021-2022,2022-02-26,Crystal Palace,Burnley,1.0,1.0,D,1.0,0.0,H,11.0,5.0,4.0,1.0,5.0,4.0,5.0,17.0,0.0,2.0,0.0,0.0,J Moss
2021-2022,2022-02-26,Leeds,Tottenham,0.0,4.0,A,0.0,3.0,A,19.0,15.0,3.0,11.0,3.0,6.0,16.0,11.0,4.0,2.0,0.0,0.0,C Pawson
2021-2022,2022-02-27,West Ham,Wolverhampton,1.0,0.0,H,0.0,0.0,D,13.0,14.0,4.0,1.0,3.0,5.0,8.0,2.0,1.0,0.0,0.0,0.0,A Taylor
2021-2022,2022-03-01,Burnley,Leicester,0.0,2.0,A,0.0,0.0,D,9.0,22.0,2.0,6.0,6.0,8.0,10.0,13.0,1.0,1.0,0.0,0.0,C Kavanagh
2021-2022,2022-03-05,Leicester,Leeds,1.0,0.0,H,0.0,0.0,D,7.0,19.0,4.0,4.0,5.0,10.0,9.0,12.0,1.0,2.0,0.0,0.0,D Coote
2021-2022,2022-03-05,Aston Villa,Southampton,4.0,0.0,H,2.0,0.0,H,14.0,11.0,9.0,1.0,4.0,7.0,10.0,8.0,1.0,1.0,0.0,0.0,P Bankes
2021-2022,2022-03-05,Burnley,Chelsea,0.0,4.0,A,0.0,0.0,D,6.0,11.0,1.0,5.0,5.0,2.0,12.0,7.0,2.0,0.0,0.0,0.0,A Marriner
2021-2022,2022-03-05,Newcastle,Brighton,2.0,1.0,H,2.0,0.0,H,10.0,15.0,4.0,4.0,4.0,7.0,8.0,10.0,1.0,1.0,0.0,0.0,M Atkinson
2021-2022,2022-03-05,Norwich,Brentford,1.0,3.0,A,0.0,1.0,A,15.0,10.0,7.0,6.0,5.0,5.0,13.0,18.0,2.0,5.0,0.0,0.0,A Taylor
2021-2022,2022-03-05,Wolverhampton,Crystal Palace,0.0,2.0,A,0.0,2.0,A,12.0,12.0,5.0,8.0,7.0,7.0,13.0,8.0,0.0,3.0,0.0,0.0,A Madley
2021-2022,2022-03-05,Liverpool,West Ham,1.0,0.0,H,1.0,0.0,H,22.0,13.0,5.0,5.0,4.0,6.0,7.0,7.0,2.0,1.0,0.0,0.0,J Moss
2021-2022,2022-03-06,Watford,Arsenal,2.0,3.0,A,1.0,2.0,A,13.0,16.0,7.0,4.0,1.0,5.0,5.0,11.0,1.0,2.0,0.0,0.0,C Pawson
2021-2022,2022-03-06,Manchester City,Manchester United,4.0,1.0,H,2.0,1.0,H,24.0,5.0,10.0,2.0,9.0,3.0,10.0,14.0,0.0,1.0,0.0,0.0,M Oliver
2021-2022,2022-03-07,Tottenham,Everton,5.0,0.0,H,3.0,0.0,H,14.0,6.0,7.0,0.0,5.0,2.0,15.0,10.0,2.0,0.0,0.0,0.0,S Attwell
2021-2022,2022-03-10,Leeds,Aston Villa,0.0,3.0,A,0.0,1.0,A,4.0,15.0,1.0,9.0,3.0,5.0,17.0,11.0,5.0,3.0,0.0,0.0,S Hooper
2021-2022,2022-03-10,Wolverhampton,Watford,4.0,0.0,H,3.0,0.0,H,10.0,9.0,5.0,0.0,5.0,2.0,11.0,10.0,2.0,2.0,0.0,0.0,D England
2021-2022,2022-03-10,Norwich,Chelsea,1.0,3.0,A,0.0,2.0,A,9.0,15.0,3.0,7.0,3.0,8.0,8.0,15.0,0.0,2.0,0.0,0.0,M Atkinson
2021-2022,2022-03-10,Southampton,Newcastle,1.0,2.0,A,1.0,1.0,D,14.0,8.0,5.0,4.0,12.0,5.0,6.0,7.0,1.0,1.0,0.0,0.0,K Friend
2021-2022,2022-03-12,Brighton,Liverpool,0.0,2.0,A,0.0,1.0,A,8.0,18.0,3.0,9.0,7.0,6.0,12.0,15.0,3.0,1.0,0.0,0.0,M Dean
2021-2022,2022-03-12,Brentford,Burnley,2.0,0.0,H,0.0,0.0,D,13.0,7.0,4.0,1.0,2.0,9.0,6.0,10.0,1.0,1.0,0.0,1.0,P Tierney
2021-2022,2022-03-12,Manchester United,Tottenham,3.0,2.0,H,2.0,1.0,H,10.0,10.0,6.0,3.0,4.0,5.0,8.0,7.0,2.0,1.0,0.0,0.0,J Moss
2021-2022,2022-03-13,Arsenal,Leicester,2.0,0.0,H,1.0,0.0,H,21.0,6.0,8.0,3.0,2.0,6.0,8.0,10.0,0.0,3.0,0.0,0.0,A Taylor
2021-2022,2022-03-13,West Ham,Aston Villa,2.0,1.0,H,0.0,0.0,D,11.0,13.0,4.0,7.0,5.0,7.0,9.0,3.0,1.0,0.0,0.0,0.0,J Gillett
2021-2022,2022-03-13,Southampton,Watford,1.0,2.0,A,1.0,2.0,A,13.0,9.0,7.0,5.0,11.0,3.0,8.0,12.0,3.0,2.0,0.0,0.0,G Scott
2021-2022,2022-03-13,Everton,Wolverhampton,0.0,1.0,A,0.0,0.0,D,8.0,14.0,2.0,3.0,5.0,2.0,13.0,11.0,2.0,1.0,1.0,0.0,M Oliver
2021-2022,2022-03-13,Chelsea,Newcastle,1.0,0.0,H,0.0,0.0,D,8.0,7.0,3.0,2.0,7.0,2.0,17.0,16.0,4.0,3.0,0.0,0.0,D Coote
2021-2022,2022-03-13,Leeds,Norwich,2.0,1.0,H,1.0,0.0,H,13.0,12.0,7.0,4.0,6.0,2.0,18.0,8.0,3.0,1.0,0.0,0.0,S Attwell
2021-2022,2022-03-14,Crystal Palace,Manchester City,0.0,0.0,D,0.0,0.0,D,7.0,18.0,1.0,4.0,2.0,6.0,6.0,11.0,3.0,1.0,0.0,0.0,M Atkinson
2021-2022,2022-03-16,Brighton,Tottenham,0.0,2.0,A,0.0,1.0,A,15.0,17.0,0.0,7.0,6.0,3.0,11.0,9.0,2.0,2.0,0.0,0.0,R Jones
2021-2022,2022-03-16,Arsenal,Liverpool,0.0,2.0,A,0.0,0.0,D,9.0,9.0,2.0,3.0,1.0,6.0,9.0,9.0,0.0,1.0,0.0,0.0,A Marriner
2021-2022,2022-03-17,Everton,Newcastle,1.0,0.0,H,0.0,0.0,D,9.0,17.0,3.0,6.0,5.0,7.0,13.0,11.0,2.0,1.0,1.0,0.0,C Pawson
2021-2022,2022-03-18,Wolverhampton,Leeds,2.0,3.0,A,2.0,0.0,H,14.0,15.0,8.0,6.0,2.0,5.0,13.0,14.0,1.0,4.0,1.0,0.0,K Friend
2021-2022,2022-03-19,Aston Villa,Arsenal,0.0,1.0,A,0.0,1.0,A,8.0,10.0,1.0,3.0,6.0,5.0,13.0,14.0,3.0,3.0,0.0,0.0,A Madley
2021-2022,2022-03-20,Tottenham,West Ham,3.0,1.0,H,2.0,1.0,H,17.0,6.0,4.0,1.0,5.0,3.0,7.0,7.0,0.0,1.0,0.0,0.0,A Taylor
2021-2022,2022-03-20,Leicester,Brentford,2.0,1.0,H,2.0,0.0,H,12.0,15.0,4.0,6.0,2.0,5.0,10.0,10.0,1.0,2.0,0.0,0.0,D England
2021-2022,2022-04-02,Liverpool,Watford,2.0,0.0,H,1.0,0.0,H,20.0,5.0,3.0,2.0,9.0,3.0,9.0,8.0,1.0,1.0,0.0,0.0,S Attwell
2021-2022,2022-04-02,Brighton,Norwich,0.0,0.0,D,0.0,0.0,D,31.0,6.0,4.0,0.0,11.0,2.0,12.0,11.0,1.0,1.0,0.0,0.0,S Hooper
2021-2022,2022-04-02,Burnley,Manchester City,0.0,2.0,A,0.0,2.0,A,3.0,18.0,1.0,6.0,1.0,8.0,11.0,6.0,1.0,0.0,0.0,0.0,C Pawson
2021-2022,2022-04-02,Chelsea,Brentford,1.0,4.0,A,0.0,0.0,D,21.0,17.0,8.0,6.0,12.0,7.0,11.0,7.0,0.0,0.0,0.0,0.0,A Madley
2021-2022,2022-04-02,Leeds,Southampton,1.0,1.0,D,1.0,0.0,H,12.0,14.0,3.0,6.0,4.0,7.0,14.0,7.0,1.0,1.0,0.0,0.0,A Taylor
2021-2022,2022-04-02,Wolverhampton,Aston Villa,2.0,1.0,H,2.0,0.0,H,11.0,15.0,5.0,5.0,4.0,9.0,15.0,8.0,4.0,3.0,0.0,0.0,D England
2021-2022,2022-04-02,Manchester United,Leicester,1.0,1.0,D,0.0,0.0,D,11.0,11.0,5.0,3.0,6.0,5.0,13.0,6.0,2.0,2.0,0.0,0.0,A Marriner
2021-2022,2022-04-03,Tottenham,Newcastle,5.0,1.0,H,1.0,1.0,D,19.0,8.0,6.0,1.0,2.0,3.0,10.0,7.0,2.0,3.0,0.0,0.0,M Atkinson
2021-2022,2022-04-03,West Ham,Everton,2.0,1.0,H,1.0,0.0,H,11.0,13.0,5.0,2.0,2.0,4.0,9.0,12.0,1.0,1.0,0.0,1.0,M Oliver
2021-2022,2022-04-04,Crystal Palace,Arsenal,3.0,0.0,H,2.0,0.0,H,6.0,12.0,5.0,3.0,0.0,2.0,11.0,15.0,0.0,2.0,0.0,0.0,P Tierney
2021-2022,2022-04-06,Burnley,Everton,3.0,2.0,H,1.0,2.0,A,13.0,16.0,4.0,4.0,9.0,6.0,11.0,16.0,2.0,2.0,0.0,0.0,M Dean
2021-2022,2022-04-08,Newcastle,Wolverhampton,1.0,0.0,H,0.0,0.0,D,12.0,5.0,4.0,2.0,1.0,2.0,6.0,13.0,1.0,1.0,0.0,0.0,P Bankes
2021-2022,2022-04-09,Everton,Manchester United,1.0,0.0,H,1.0,0.0,H,7.0,12.0,3.0,4.0,5.0,7.0,4.0,10.0,2.0,2.0,0.0,0.0,J Moss
2021-2022,2022-04-09,Arsenal,Brighton,1.0,2.0,A,0.0,1.0,A,20.0,8.0,4.0,3.0,11.0,2.0,12.0,19.0,3.0,4.0,0.0,0.0,D Coote
2021-2022,2022-04-09,Southampton,Chelsea,0.0,6.0,A,0.0,4.0,A,4.0,24.0,1.0,14.0,3.0,3.0,11.0,10.0,1.0,0.0,0.0,0.0,K Friend
2021-2022,2022-04-09,Watford,Leeds,0.0,3.0,A,0.0,1.0,A,8.0,10.0,1.0,5.0,3.0,8.0,8.0,12.0,2.0,0.0,0.0,0.0,A Marriner
2021-2022,2022-04-09,Aston Villa,Tottenham,0.0,4.0,A,0.0,1.0,A,9.0,11.0,8.0,5.0,9.0,3.0,12.0,14.0,2.0,3.0,0.0,0.0,G Scott
2021-2022,2022-04-10,Manchester City,Liverpool,2.0,2.0,D,2.0,1.0,H,11.0,6.0,5.0,4.0,4.0,1.0,9.0,11.0,1.0,4.0,0.0,0.0,A Taylor
2021-2022,2022-04-10,Norwich,Burnley,2.0,0.0,H,1.0,0.0,H,17.0,18.0,6.0,4.0,6.0,7.0,12.0,10.0,1.0,1.0,0.0,0.0,M Oliver
2021-2022,2022-04-10,Brentford,West Ham,2.0,0.0,H,0.0,0.0,D,15.0,5.0,7.0,1.0,4.0,6.0,2.0,6.0,0.0,1.0,0.0,0.0,M Atkinson
2021-2022,2022-04-10,Leicester,Crystal Palace,2.0,1.0,H,2.0,0.0,H,12.0,11.0,3.0,3.0,3.0,4.0,11.0,12.0,1.0,1.0,0.0,0.0,R Jones
2021-2022,2022-04-16,Tottenham,Brighton,0.0,1.0,A,0.0,0.0,D,5.0,12.0,0.0,5.0,4.0,4.0,14.0,10.0,3.0,3.0,0.0,0.0,C Pawson
2021-2022,2022-04-16,Manchester United,Norwich,3.0,2.0,H,2.0,1.0,H,20.0,15.0,9.0,4.0,6.0,7.0,7.0,6.0,0.0,0.0,0.0,0.0,A Madley
2021-2022,2022-04-16,Southampton,Arsenal,1.0,0.0,H,1.0,0.0,H,9.0,23.0,3.0,6.0,6.0,8.0,6.0,6.0,2.0,1.0,0.0,0.0,P Bankes
2021-2022,2022-04-16,Watford,Brentford,1.0,2.0,A,0.0,1.0,A,17.0,16.0,4.0,5.0,6.0,5.0,11.0,9.0,2.0,1.0,0.0,0.0,S Hooper
2021-2022,2022-04-17,Newcastle,Leicester,2.0,1.0,H,1.0,1.0,D,16.0,8.0,7.0,2.0,3.0,5.0,10.0,10.0,2.0,2.0,0.0,0.0,J Gillett
2021-2022,2022-04-17,West Ham,Burnley,1.0,1.0,D,0.0,1.0,A,21.0,9.0,8.0,1.0,13.0,4.0,9.0,10.0,2.0,2.0,0.0,0.0,P Tierney
2021-2022,2022-04-19,Liverpool,Manchester United,4.0,0.0,H,2.0,0.0,H,14.0,2.0,5.0,1.0,10.0,2.0,3.0,6.0,1.0,2.0,0.0,0.0,M Atkinson
2021-2022,2022-04-20,Chelsea,Arsenal,2.0,4.0,A,2.0,2.0,D,11.0,14.0,2.0,4.0,6.0,1.0,7.0,6.0,3.0,1.0,0.0,0.0,J Moss
2021-2022,2022-04-20,Everton,Leicester,1.0,1.0,D,0.0,1.0,A,13.0,11.0,3.0,3.0,5.0,4.0,8.0,17.0,3.0,1.0,0.0,0.0,D Coote
2021-2022,2022-04-20,Newcastle,Crystal Palace,1.0,0.0,H,1.0,0.0,H,13.0,10.0,4.0,2.0,2.0,5.0,12.0,12.0,1.0,1.0,0.0,0.0,T Harrington
2021-2022,2022-04-20,Manchester City,Brighton,3.0,0.0,H,0.0,0.0,D,17.0,2.0,5.0,1.0,7.0,4.0,12.0,7.0,0.0,3.0,0.0,0.0,M Dean
2021-2022,2022-04-21,Burnley,Southampton,2.0,0.0,H,2.0,0.0,H,16.0,11.0,6.0,3.0,10.0,10.0,7.0,7.0,2.0,2.0,0.0,0.0,S Attwell
2021-2022,2022-04-23,Norwich,Newcastle,0.0,3.0,A,0.0,2.0,A,5.0,13.0,2.0,7.0,2.0,3.0,11.0,10.0,0.0,2.0,0.0,0.0,C Kavanagh
2021-2022,2022-04-23,Brentford,Tottenham,0.0,0.0,D,0.0,0.0,D,15.0,9.0,2.0,0.0,12.0,8.0,8.0,7.0,2.0,1.0,0.0,0.0,M Atkinson
2021-2022,2022-04-23,Manchester City,Watford,5.0,1.0,H,3.0,1.0,H,21.0,5.0,8.0,2.0,11.0,4.0,9.0,7.0,1.0,0.0,0.0,0.0,K Friend
2021-2022,2022-04-23,Leicester,Aston Villa,0.0,0.0,D,0.0,0.0,D,5.0,11.0,2.0,3.0,7.0,6.0,15.0,16.0,3.0,2.0,0.0,0.0,A Madley
2021-2022,2022-04-23,Arsenal,Manchester United,3.0,1.0,H,2.0,1.0,H,14.0,14.0,7.0,5.0,1.0,7.0,9.0,12.0,3.0,4.0,0.0,0.0,C Pawson
2021-2022,2022-04-24,Brighton,Southampton,2.0,2.0,D,2.0,1.0,H,8.0,18.0,5.0,5.0,6.0,6.0,12.0,7.0,1.0,0.0,0.0,0.0,R Jones
2021-2022,2022-04-24,Burnley,Wolverhampton,1.0,0.0,H,0.0,0.0,D,14.0,10.0,5.0,4.0,3.0,6.0,8.0,7.0,3.0,1.0,0.0,0.0,A Taylor
2021-2022,2022-04-24,Chelsea,West Ham,1.0,0.0,H,0.0,0.0,D,26.0,6.0,5.0,2.0,3.0,1.0,11.0,9.0,1.0,0.0,0.0,1.0,M Oliver
2021-2022,2022-04-24,Liverpool,Everton,2.0,0.0,H,0.0,0.0,D,18.0,9.0,4.0,1.0,13.0,1.0,8.0,8.0,2.0,5.0,0.0,0.0,S Attwell
2021-2022,2022-04-25,Crystal Palace,Leeds,0.0,0.0,D,0.0,0.0,D,17.0,9.0,7.0,2.0,6.0,3.0,12.0,13.0,2.0,2.0,0.0,0.0,D England
2021-2022,2022-04-28,Manchester United,Chelsea,1.0,1.0,D,0.0,0.0,D,6.0,21.0,3.0,6.0,2.0,9.0,9.0,12.0,0.0,1.0,0.0,0.0,M Dean
2021-2022,2022-04-30,Newcastle,Liverpool,0.0,1.0,A,0.0,1.0,A,4.0,24.0,2.0,10.0,0.0,6.0,11.0,11.0,1.0,3.0,0.0,0.0,A Marriner
2021-2022,2022-04-30,Aston Villa,Norwich,2.0,0.0,H,1.0,0.0,H,21.0,9.0,6.0,3.0,2.0,3.0,16.0,8.0,4.0,1.0,0.0,0.0,J Brooks
2021-2022,2022-04-30,Southampton,Crystal Palace,1.0,2.0,A,1.0,0.0,H,8.0,14.0,3.0,5.0,6.0,7.0,13.0,11.0,1.0,3.0,0.0,0.0,J Gillett
2021-2022,2022-04-30,Watford,Burnley,1.0,2.0,A,1.0,0.0,H,13.0,17.0,1.0,6.0,5.0,6.0,13.0,9.0,1.0,2.0,0.0,0.0,C Pawson
2021-2022,2022-04-30,Wolverhampton,Brighton,0.0,3.0,A,0.0,1.0,A,11.0,17.0,1.0,9.0,7.0,3.0,6.0,4.0,2.0,1.0,0.0,0.0,S Hooper
2021-2022,2022-04-30,Leeds,Manchester City,0.0,4.0,A,0.0,1.0,A,7.0,19.0,2.0,6.0,3.0,6.0,13.0,3.0,1.0,2.0,0.0,0.0,P Tierney
2021-2022,2022-05-01,Tottenham,Leicester,3.0,1.0,H,1.0,0.0,H,13.0,6.0,7.0,2.0,7.0,3.0,13.0,8.0,2.0,3.0,0.0,0.0,J Moss
2021-2022,2022-05-01,West Ham,Arsenal,1.0,2.0,A,1.0,1.0,D,8.0,13.0,3.0,7.0,3.0,7.0,8.0,9.0,2.0,2.0,0.0,0.0,M Dean
2021-2022,2022-05-01,Everton,Chelsea,1.0,0.0,H,0.0,0.0,D,9.0,17.0,4.0,5.0,3.0,8.0,9.0,12.0,3.0,5.0,0.0,0.0,K Friend
2021-2022,2022-05-02,Manchester United,Brentford,3.0,0.0,H,1.0,0.0,H,9.0,12.0,5.0,4.0,3.0,8.0,4.0,6.0,1.0,0.0,0.0,0.0,C Kavanagh
2021-2022,2022-05-07,Liverpool,Tottenham,1.0,1.0,D,0.0,0.0,D,22.0,8.0,3.0,3.0,11.0,5.0,12.0,8.0,3.0,2.0,0.0,0.0,M Oliver
2021-2022,2022-05-07,Brighton,Manchester United,4.0,0.0,H,1.0,0.0,H,17.0,15.0,6.0,5.0,7.0,6.0,13.0,9.0,0.0,2.0,0.0,0.0,A Madley
2021-2022,2022-05-07,Crystal Palace,Watford,1.0,0.0,H,1.0,0.0,H,15.0,6.0,7.0,1.0,8.0,5.0,11.0,18.0,2.0,1.0,0.0,1.0,G Scott
2021-2022,2022-05-07,Burnley,Aston Villa,1.0,3.0,A,0.0,2.0,A,14.0,12.0,6.0,7.0,4.0,5.0,13.0,11.0,1.0,2.0,0.0,0.0,D Coote
2021-2022,2022-05-07,Brentford,Southampton,3.0,0.0,H,2.0,0.0,H,18.0,19.0,5.0,4.0,4.0,7.0,12.0,9.0,0.0,1.0,0.0,0.0,M Salisbury
2021-2022,2022-05-07,Chelsea,Wolverhampton,2.0,2.0,D,0.0,0.0,D,19.0,14.0,6.0,4.0,9.0,3.0,7.0,11.0,1.0,3.0,0.0,0.0,P Bankes
2021-2022,2022-05-08,Arsenal,Leeds,2.0,1.0,H,2.0,0.0,H,19.0,3.0,9.0,2.0,8.0,2.0,13.0,15.0,2.0,2.0,0.0,1.0,C Kavanagh
2021-2022,2022-05-08,Leicester,Everton,1.0,2.0,A,1.0,2.0,A,16.0,10.0,9.0,4.0,6.0,1.0,11.0,6.0,3.0,0.0,0.0,0.0,C Pawson
2021-2022,2022-05-08,Norwich,West Ham,0.0,4.0,A,0.0,3.0,A,8.0,13.0,2.0,5.0,9.0,5.0,7.0,7.0,1.0,1.0,0.0,0.0,R Jones
2021-2022,2022-05-08,Manchester City,Newcastle,5.0,0.0,H,2.0,0.0,H,21.0,7.0,9.0,3.0,8.0,2.0,6.0,11.0,1.0,3.0,0.0,0.0,S Attwell
2021-2022,2022-05-10,Aston Villa,Liverpool,1.0,2.0,A,1.0,1.0,D,9.0,17.0,4.0,6.0,2.0,3.0,10.0,12.0,0.0,0.0,0.0,0.0,J Moss
2021-2022,2022-05-11,Watford,Everton,0.0,0.0,D,0.0,0.0,D,6.0,16.0,0.0,5.0,1.0,13.0,5.0,12.0,1.0,2.0,0.0,0.0,M Dean
2021-2022,2022-05-11,Wolverhampton,Manchester City,1.0,5.0,A,1.0,3.0,A,7.0,16.0,3.0,5.0,6.0,2.0,2.0,10.0,0.0,1.0,0.0,0.0,M Atkinson
2021-2022,2022-05-11,Leeds,Chelsea,0.0,3.0,A,0.0,1.0,A,5.0,17.0,0.0,4.0,1.0,5.0,10.0,14.0,1.0,0.0,1.0,0.0,A Taylor
2021-2022,2022-05-11,Leicester,Norwich,3.0,0.0,H,0.0,0.0,D,20.0,9.0,8.0,5.0,10.0,2.0,10.0,5.0,0.0,0.0,0.0,0.0,S Hooper
2021-2022,2022-05-12,Tottenham,Arsenal,3.0,0.0,H,2.0,0.0,H,16.0,8.0,6.0,4.0,2.0,2.0,8.0,15.0,1.0,3.0,0.0,1.0,P Tierney
2021-2022,2022-05-15,Wolverhampton,Norwich,1.0,1.0,D,0.0,1.0,A,17.0,11.0,4.0,2.0,5.0,3.0,5.0,10.0,0.0,3.0,0.0,0.0,T Harrington
2021-2022,2022-05-15,Tottenham,Burnley,1.0,0.0,H,1.0,0.0,H,21.0,8.0,8.0,1.0,8.0,2.0,12.0,8.0,3.0,2.0,0.0,0.0,K Friend
2021-2022,2022-05-15,Aston Villa,Crystal Palace,1.0,1.0,D,0.0,0.0,D,13.0,16.0,4.0,4.0,1.0,5.0,11.0,15.0,1.0,3.0,0.0,0.0,C Kavanagh
2021-2022,2022-05-15,Leeds,Brighton,1.0,1.0,D,0.0,1.0,A,19.0,16.0,5.0,6.0,8.0,1.0,16.0,8.0,3.0,2.0,0.0,0.0,M Dean
2021-2022,2022-05-15,Watford,Leicester,1.0,5.0,A,1.0,2.0,A,13.0,13.0,5.0,7.0,7.0,3.0,4.0,6.0,0.0,1.0,0.0,0.0,J Gillett
2021-2022,2022-05-15,West Ham,Manchester City,2.0,2.0,D,2.0,0.0,H,6.0,31.0,2.0,8.0,4.0,9.0,9.0,5.0,3.0,1.0,0.0,0.0,A Taylor
2021-2022,2022-05-15,Everton,Brentford,2.0,3.0,A,2.0,1.0,H,10.0,18.0,5.0,7.0,5.0,2.0,8.0,8.0,0.0,3.0,2.0,0.0,M Oliver
2021-2022,2022-05-16,Newcastle,Arsenal,2.0,0.0,H,0.0,0.0,D,16.0,11.0,4.0,2.0,12.0,8.0,11.0,8.0,0.0,3.0,0.0,0.0,D England
2021-2022,2022-05-17,Southampton,Liverpool,1.0,2.0,A,1.0,1.0,D,4.0,24.0,2.0,5.0,1.0,9.0,6.0,6.0,2.0,0.0,0.0,0.0,M Atkinson
2021-2022,2022-05-19,Everton,Crystal Palace,3.0,2.0,H,0.0,2.0,A,12.0,7.0,6.0,5.0,4.0,5.0,9.0,13.0,2.0,3.0,0.0,0.0,A Taylor
2021-2022,2022-05-19,Aston Villa,Burnley,1.0,1.0,D,0.0,1.0,A,22.0,10.0,9.0,5.0,13.0,6.0,11.0,20.0,0.0,1.0,0.0,1.0,P Tierney
2021-2022,2022-05-19,Chelsea,Leicester,1.0,1.0,D,1.0,1.0,D,20.0,2.0,7.0,1.0,6.0,0.0,13.0,7.0,4.0,1.0,0.0,0.0,S Attwell
2021-2022,2022-05-22,Norwich,Tottenham,0.0,5.0,A,0.0,2.0,A,9.0,19.0,0.0,13.0,3.0,2.0,13.0,7.0,3.0,1.0,0.0,0.0,C Kavanagh
2021-2022,2022-05-22,Manchester City,Aston Villa,3.0,2.0,H,0.0,1.0,A,24.0,4.0,5.0,2.0,13.0,1.0,5.0,11.0,0.0,1.0,0.0,0.0,M Oliver
2021-2022,2022-05-22,Liverpool,Wolverhampton,3.0,1.0,H,1.0,1.0,D,29.0,7.0,8.0,5.0,5.0,3.0,6.0,3.0,1.0,0.0,0.0,0.0,A Taylor
2021-2022,2022-05-22,Leicester,Southampton,4.0,1.0,H,0.0,0.0,D,12.0,7.0,6.0,2.0,3.0,3.0,10.0,5.0,0.0,1.0,0.0,0.0,J Moss
2021-2022,2022-05-22,Crystal Palace,Manchester United,1.0,0.0,H,1.0,0.0,H,6.0,10.0,3.0,4.0,3.0,6.0,12.0,22.0,2.0,4.0,0.0,0.0,M Atkinson
2021-2022,2022-05-22,Chelsea,Watford,2.0,1.0,H,1.0,0.0,H,19.0,8.0,8.0,3.0,3.0,3.0,9.0,9.0,0.0,0.0,0.0,0.0,M Dean
2021-2022,2022-05-22,Burnley,Newcastle,1.0,2.0,A,0.0,1.0,A,12.0,8.0,5.0,6.0,8.0,2.0,8.0,9.0,1.0,0.0,0.0,0.0,C Pawson
2021-2022,2022-05-22,Brighton,West Ham,3.0,1.0,H,0.0,1.0,A,18.0,7.0,7.0,2.0,5.0,6.0,9.0,9.0,1.0,1.0,0.0,0.0,K Friend
2021-2022,2022-05-22,Brentford,Leeds,1.0,2.0,A,0.0,0.0,D,14.0,14.0,5.0,6.0,3.0,2.0,11.0,13.0,2.0,1.0,1.0,0.0,P Tierney
2021-2022,2022-05-22,Arsenal,Everton,5.0,1.0,H,2.0,1.0,H,26.0,6.0,9.0,2.0,12.0,2.0,8.0,9.0,0.0,1.0,0.0,0.0,A Marriner
2022-2023,2022-08-05,Crystal Palace,Arsenal,0.0,2.0,A,0.0,1.0,A,10.0,10.0,2.0,2.0,3.0,5.0,16.0,11.0,1.0,2.0,0.0,0.0,A Taylor
2022-2023,2022-08-06,Everton,Chelsea,0.0,1.0,A,0.0,1.0,A,8.0,15.0,4.0,6.0,4.0,16.0,14.0,11.0,3.0,2.0,0.0,0.0,C Pawson
2022-2023,2022-08-06,Tottenham,Southampton,4.0,1.0,H,2.0,1.0,H,18.0,10.0,8.0,2.0,10.0,2.0,11.0,6.0,3.0,0.0,0.0,0.0,A Marriner
2022-2023,2022-08-06,Newcastle,Nott'm Forest,2.0,0.0,H,0.0,0.0,D,23.0,5.0,10.0,0.0,11.0,1.0,9.0,14.0,0.0,3.0,0.0,0.0,S Hooper
2022-2023,2022-08-06,Bournemouth,Aston Villa,2.0,0.0,H,1.0,0.0,H,7.0,15.0,3.0,2.0,5.0,5.0,18.0,16.0,3.0,3.0,0.0,0.0,P Bankes
2022-2023,2022-08-06,Fulham,Liverpool,2.0,2.0,D,1.0,0.0,H,9.0,11.0,3.0,4.0,4.0,4.0,7.0,9.0,2.0,0.0,0.0,0.0,A Madley
2022-2023,2022-08-06,Leeds,Wolverhampton,2.0,1.0,H,1.0,1.0,D,12.0,15.0,4.0,6.0,6.0,4.0,13.0,9.0,2.0,0.0,0.0,0.0,R Jones
2022-2023,2022-08-07,Leicester,Brentford,2.0,2.0,D,1.0,0.0,H,14.0,8.0,5.0,3.0,5.0,6.0,6.0,5.0,0.0,0.0,0.0,0.0,J Gillett
2022-2023,2022-08-07,Manchester United,Brighton,1.0,2.0,A,0.0,2.0,A,17.0,15.0,5.0,4.0,6.0,2.0,7.0,12.0,4.0,1.0,0.0,0.0,P Tierney
2022-2023,2022-08-07,West Ham,Manchester City,0.0,2.0,A,0.0,1.0,A,6.0,14.0,1.0,2.0,1.0,4.0,8.0,4.0,0.0,1.0,0.0,0.0,M Oliver
2022-2023,2022-08-13,Manchester City,Bournemouth,4.0,0.0,H,3.0,0.0,H,19.0,3.0,7.0,1.0,11.0,1.0,9.0,9.0,0.0,3.0,0.0,0.0,D Coote
2022-2023,2022-08-13,Aston Villa,Everton,2.0,1.0,H,1.0,0.0,H,12.0,15.0,4.0,4.0,5.0,8.0,9.0,7.0,4.0,1.0,0.0,0.0,M Oliver
2022-2023,2022-08-13,Arsenal,Leicester,4.0,2.0,H,2.0,0.0,H,19.0,6.0,7.0,2.0,6.0,2.0,15.0,9.0,1.0,1.0,0.0,0.0,D England
2022-2023,2022-08-13,Brighton,Newcastle,0.0,0.0,D,0.0,0.0,D,13.0,4.0,7.0,1.0,7.0,3.0,8.0,6.0,2.0,3.0,0.0,0.0,G Scott
2022-2023,2022-08-13,Southampton,Leeds,2.0,2.0,D,0.0,0.0,D,14.0,13.0,4.0,5.0,2.0,5.0,10.0,12.0,1.0,3.0,0.0,0.0,T Harrington
2022-2023,2022-08-13,Wolverhampton,Fulham,0.0,0.0,D,0.0,0.0,D,7.0,9.0,1.0,3.0,5.0,3.0,7.0,14.0,3.0,3.0,0.0,0.0,J Brooks
2022-2023,2022-08-13,Brentford,Manchester United,4.0,0.0,H,4.0,0.0,H,13.0,15.0,7.0,4.0,8.0,2.0,6.0,15.0,0.0,4.0,0.0,0.0,S Attwell
2022-2023,2022-08-14,Chelsea,Tottenham,2.0,2.0,D,1.0,0.0,H,16.0,10.0,3.0,5.0,8.0,5.0,9.0,9.0,3.0,0.0,0.0,0.0,A Taylor
2022-2023,2022-08-14,Nott'm Forest,West Ham,1.0,0.0,H,1.0,0.0,H,13.0,19.0,6.0,5.0,6.0,7.0,10.0,11.0,4.0,1.0,0.0,0.0,R Jones
2022-2023,2022-08-15,Liverpool,Crystal Palace,1.0,1.0,D,0.0,1.0,A,24.0,7.0,4.0,3.0,4.0,2.0,7.0,8.0,2.0,4.0,1.0,0.0,P Tierney
2022-2023,2022-08-20,Bournemouth,Arsenal,0.0,3.0,A,0.0,2.0,A,6.0,14.0,1.0,6.0,3.0,4.0,12.0,10.0,2.0,1.0,0.0,0.0,C Pawson
2022-2023,2022-08-20,Leicester,Southampton,1.0,2.0,A,0.0,0.0,D,6.0,9.0,1.0,3.0,2.0,5.0,11.0,15.0,2.0,3.0,0.0,0.0,M Salisbury
2022-2023,2022-08-20,Fulham,Brentford,3.0,2.0,H,2.0,1.0,H,18.0,13.0,9.0,5.0,6.0,3.0,13.0,7.0,3.0,2.0,0.0,0.0,P Bankes
2022-2023,2022-08-20,Crystal Palace,Aston Villa,3.0,1.0,H,1.0,1.0,D,17.0,13.0,9.0,5.0,4.0,2.0,16.0,14.0,2.0,1.0,0.0,0.0,A Madley
2022-2023,2022-08-20,Tottenham,Wolverhampton,1.0,0.0,H,0.0,0.0,D,11.0,20.0,4.0,3.0,8.0,6.0,10.0,8.0,2.0,2.0,0.0,0.0,S Hooper
2022-2023,2022-08-20,Everton,Nott'm Forest,1.0,1.0,D,0.0,0.0,D,19.0,14.0,8.0,5.0,6.0,2.0,6.0,9.0,3.0,2.0,0.0,0.0,A Marriner
2022-2023,2022-08-21,Leeds,Chelsea,3.0,0.0,H,2.0,0.0,H,12.0,14.0,6.0,3.0,4.0,6.0,16.0,15.0,0.0,1.0,0.0,1.0,S Attwell
2022-2023,2022-08-21,West Ham,Brighton,0.0,2.0,A,0.0,1.0,A,13.0,11.0,3.0,2.0,5.0,4.0,10.0,7.0,2.0,0.0,0.0,0.0,A Taylor
2022-2023,2022-08-21,Newcastle,Manchester City,3.0,3.0,D,2.0,1.0,H,12.0,21.0,6.0,10.0,5.0,5.0,14.0,7.0,4.0,2.0,0.0,0.0,J Gillett
2022-2023,2022-08-22,Manchester United,Liverpool,2.0,1.0,H,1.0,0.0,H,12.0,17.0,4.0,5.0,6.0,8.0,11.0,7.0,3.0,1.0,0.0,0.0,M Oliver
2022-2023,2022-08-27,Liverpool,Bournemouth,9.0,0.0,H,5.0,0.0,H,19.0,5.0,12.0,2.0,8.0,1.0,6.0,5.0,0.0,1.0,0.0,0.0,S Attwell
2022-2023,2022-08-27,Manchester City,Crystal Palace,4.0,2.0,H,0.0,2.0,A,18.0,2.0,5.0,2.0,6.0,1.0,14.0,8.0,1.0,2.0,0.0,0.0,D England
2022-2023,2022-08-27,Chelsea,Leicester,2.0,1.0,H,0.0,0.0,D,7.0,17.0,3.0,5.0,3.0,11.0,10.0,7.0,1.0,2.0,1.0,0.0,P Tierney
2022-2023,2022-08-27,Arsenal,Fulham,2.0,1.0,H,0.0,0.0,D,22.0,11.0,8.0,3.0,9.0,2.0,6.0,12.0,2.0,3.0,0.0,0.0,J Gillett
2022-2023,2022-08-27,Brentford,Everton,1.0,1.0,D,0.0,1.0,A,19.0,14.0,5.0,7.0,8.0,5.0,8.0,8.0,2.0,2.0,0.0,0.0,J Brooks
2022-2023,2022-08-27,Southampton,Manchester United,0.0,1.0,A,0.0,0.0,D,17.0,11.0,5.0,6.0,5.0,3.0,4.0,14.0,0.0,3.0,0.0,0.0,A Madley
2022-2023,2022-08-27,Brighton,Leeds,1.0,0.0,H,0.0,0.0,D,13.0,10.0,4.0,2.0,5.0,3.0,10.0,14.0,2.0,3.0,0.0,0.0,M Salisbury
2022-2023,2022-08-28,Wolverhampton,Newcastle,1.0,1.0,D,1.0,0.0,H,10.0,21.0,4.0,6.0,4.0,13.0,10.0,11.0,2.0,1.0,0.0,0.0,P Bankes
2022-2023,2022-08-28,Nott'm Forest,Tottenham,0.0,2.0,A,0.0,1.0,A,17.0,18.0,1.0,7.0,6.0,1.0,11.0,13.0,6.0,1.0,0.0,0.0,C Pawson
2022-2023,2022-08-28,Aston Villa,West Ham,0.0,1.0,A,0.0,0.0,D,9.0,7.0,3.0,2.0,3.0,2.0,10.0,10.0,2.0,0.0,0.0,0.0,D Coote
2022-2023,2022-08-30,Crystal Palace,Brentford,1.0,1.0,D,0.0,0.0,D,13.0,9.0,4.0,3.0,4.0,6.0,11.0,8.0,1.0,2.0,0.0,0.0,S Hooper
2022-2023,2022-08-30,Fulham,Brighton,2.0,1.0,H,0.0,0.0,D,10.0,7.0,3.0,4.0,3.0,3.0,9.0,11.0,2.0,1.0,0.0,0.0,T Bramall
2022-2023,2022-08-30,Southampton,Chelsea,2.0,1.0,H,2.0,1.0,H,9.0,10.0,7.0,4.0,5.0,3.0,15.0,10.0,2.0,1.0,0.0,0.0,M Oliver
2022-2023,2022-08-30,Leeds,Everton,1.0,1.0,D,0.0,1.0,A,14.0,7.0,5.0,2.0,10.0,2.0,10.0,9.0,3.0,3.0,0.0,0.0,D England
2022-2023,2022-08-31,Arsenal,Aston Villa,2.0,1.0,H,1.0,0.0,H,22.0,4.0,9.0,3.0,10.0,3.0,10.0,14.0,2.0,3.0,0.0,0.0,R Jones
2022-2023,2022-08-31,Bournemouth,Wolverhampton,0.0,0.0,D,0.0,0.0,D,5.0,17.0,2.0,4.0,2.0,5.0,12.0,12.0,2.0,1.0,0.0,0.0,A Taylor
2022-2023,2022-08-31,Manchester City,Nott'm Forest,6.0,0.0,H,3.0,0.0,H,17.0,8.0,9.0,1.0,10.0,1.0,9.0,7.0,0.0,1.0,0.0,0.0,P Tierney
2022-2023,2022-08-31,West Ham,Tottenham,1.0,1.0,D,0.0,1.0,A,14.0,13.0,4.0,4.0,3.0,4.0,10.0,9.0,2.0,5.0,0.0,0.0,P Bankes
2022-2023,2022-08-31,Liverpool,Newcastle,2.0,1.0,H,0.0,1.0,A,23.0,5.0,6.0,2.0,13.0,0.0,9.0,10.0,0.0,2.0,0.0,0.0,A Marriner
2022-2023,2022-09-01,Leicester,Manchester United,0.0,1.0,A,0.0,1.0,A,10.0,9.0,2.0,2.0,1.0,3.0,7.0,15.0,1.0,3.0,0.0,0.0,C Pawson
2022-2023,2022-09-03,Aston Villa,Manchester City,1.0,1.0,D,0.0,0.0,D,3.0,13.0,1.0,4.0,1.0,4.0,7.0,6.0,2.0,0.0,0.0,0.0,S Hooper
2022-2023,2022-09-03,Tottenham,Fulham,2.0,1.0,H,1.0,0.0,H,23.0,9.0,10.0,3.0,10.0,3.0,9.0,6.0,3.0,4.0,0.0,0.0,S Attwell
2022-2023,2022-09-03,Nott'm Forest,Bournemouth,2.0,3.0,A,2.0,0.0,H,11.0,8.0,3.0,3.0,4.0,6.0,13.0,10.0,2.0,1.0,0.0,0.0,M Oliver
2022-2023,2022-09-03,Wolverhampton,Southampton,1.0,0.0,H,1.0,0.0,H,7.0,12.0,2.0,1.0,5.0,6.0,10.0,14.0,4.0,2.0,0.0,0.0,J Brooks
2022-2023,2022-09-03,Chelsea,West Ham,2.0,1.0,H,0.0,0.0,D,8.0,6.0,3.0,3.0,10.0,3.0,6.0,11.0,4.0,2.0,0.0,0.0,A Madley
2022-2023,2022-09-03,Brentford,Leeds,5.0,2.0,H,2.0,1.0,H,14.0,17.0,8.0,6.0,2.0,6.0,8.0,9.0,2.0,2.0,0.0,0.0,R Jones
2022-2023,2022-09-03,Newcastle,Crystal Palace,0.0,0.0,D,0.0,0.0,D,23.0,19.0,6.0,9.0,13.0,5.0,19.0,12.0,2.0,1.0,0.0,0.0,M Salisbury
2022-2023,2022-09-03,Everton,Liverpool,0.0,0.0,D,0.0,0.0,D,14.0,23.0,3.0,8.0,7.0,9.0,7.0,11.0,2.0,2.0,0.0,0.0,A Taylor
2022-2023,2022-09-04,Brighton,Leicester,5.0,2.0,H,2.0,2.0,D,23.0,6.0,11.0,4.0,10.0,1.0,6.0,8.0,1.0,1.0,0.0,0.0,T Harrington
2022-2023,2022-09-04,Manchester United,Arsenal,3.0,1.0,H,1.0,0.0,H,10.0,16.0,6.0,3.0,2.0,5.0,13.0,9.0,3.0,3.0,0.0,0.0,P Tierney
2022-2023,2022-09-16,Aston Villa,Southampton,1.0,0.0,H,1.0,0.0,H,11.0,7.0,3.0,1.0,6.0,3.0,13.0,13.0,3.0,1.0,0.0,0.0,T Harrington
2022-2023,2022-09-16,Nott'm Forest,Fulham,2.0,3.0,A,1.0,0.0,H,11.0,15.0,3.0,7.0,2.0,10.0,11.0,10.0,2.0,4.0,0.0,0.0,J Gillett
2022-2023,2022-09-17,Newcastle,Bournemouth,1.0,1.0,D,0.0,0.0,D,20.0,10.0,7.0,3.0,8.0,1.0,10.0,11.0,2.0,2.0,0.0,0.0,C Pawson
2022-2023,2022-09-17,Tottenham,Leicester,6.0,2.0,H,2.0,2.0,D,16.0,19.0,11.0,7.0,6.0,1.0,9.0,9.0,1.0,2.0,0.0,0.0,S Hooper
2022-2023,2022-09-17,Wolverhampton,Manchester City,0.0,3.0,A,0.0,2.0,A,6.0,16.0,1.0,7.0,5.0,7.0,7.0,9.0,2.0,1.0,1.0,0.0,A Taylor
2022-2023,2022-09-18,Brentford,Arsenal,0.0,3.0,A,0.0,2.0,A,5.0,13.0,2.0,7.0,3.0,3.0,10.0,10.0,0.0,2.0,0.0,0.0,D Coote
2022-2023,2022-09-18,Everton,West Ham,1.0,0.0,H,0.0,0.0,D,7.0,14.0,2.0,4.0,5.0,14.0,8.0,11.0,3.0,1.0,0.0,0.0,M Oliver
2022-2023,2022-10-01,West Ham,Wolverhampton,2.0,0.0,H,1.0,0.0,H,18.0,15.0,5.0,4.0,1.0,6.0,8.0,6.0,2.0,2.0,0.0,0.0,P Tierney
2022-2023,2022-10-01,Arsenal,Tottenham,3.0,1.0,H,1.0,1.0,D,22.0,7.0,9.0,3.0,5.0,2.0,10.0,10.0,2.0,1.0,0.0,1.0,A Taylor
2022-2023,2022-10-01,Bournemouth,Brentford,0.0,0.0,D,0.0,0.0,D,7.0,13.0,1.0,4.0,7.0,8.0,11.0,10.0,1.0,2.0,0.0,0.0,T Bramall
2022-2023,2022-10-01,Crystal Palace,Chelsea,1.0,2.0,A,1.0,1.0,D,7.0,13.0,3.0,3.0,5.0,2.0,11.0,13.0,1.0,3.0,0.0,0.0,C Kavanagh
2022-2023,2022-10-01,Fulham,Newcastle,1.0,4.0,A,0.0,3.0,A,3.0,19.0,1.0,10.0,1.0,8.0,9.0,10.0,2.0,0.0,1.0,0.0,D England
2022-2023,2022-10-01,Liverpool,Brighton,3.0,3.0,D,1.0,2.0,A,15.0,6.0,7.0,6.0,9.0,2.0,9.0,13.0,1.0,1.0,0.0,0.0,A Madley
2022-2023,2022-10-01,Southampton,Everton,1.0,2.0,A,0.0,0.0,D,22.0,12.0,6.0,5.0,7.0,6.0,11.0,10.0,2.0,2.0,0.0,0.0,A Marriner
2022-2023,2022-10-02,Leeds,Aston Villa,0.0,0.0,D,0.0,0.0,D,9.0,19.0,1.0,7.0,2.0,9.0,23.0,12.0,3.0,2.0,1.0,0.0,S Attwell
2022-2023,2022-10-02,Manchester City,Manchester United,6.0,3.0,H,4.0,0.0,H,22.0,12.0,10.0,8.0,5.0,1.0,3.0,9.0,0.0,3.0,0.0,0.0,M Oliver
2022-2023,2022-10-03,Leicester,Nott'm Forest,4.0,0.0,H,3.0,0.0,H,17.0,10.0,7.0,3.0,6.0,6.0,13.0,12.0,2.0,4.0,0.0,0.0,R Jones
2022-2023,2022-10-08,Bournemouth,Leicester,2.0,1.0,H,0.0,1.0,A,10.0,9.0,4.0,5.0,7.0,2.0,8.0,16.0,1.0,2.0,0.0,0.0,M Salisbury
2022-2023,2022-10-08,Chelsea,Wolverhampton,3.0,0.0,H,1.0,0.0,H,20.0,8.0,7.0,2.0,4.0,2.0,8.0,8.0,2.0,0.0,0.0,0.0,S Hooper
2022-2023,2022-10-08,Manchester City,Southampton,4.0,0.0,H,2.0,0.0,H,21.0,5.0,8.0,0.0,9.0,1.0,4.0,8.0,0.0,1.0,0.0,0.0,A Madley
2022-2023,2022-10-08,Newcastle,Brentford,5.0,1.0,H,2.0,0.0,H,16.0,6.0,6.0,3.0,9.0,5.0,14.0,9.0,0.0,1.0,0.0,0.0,J Brooks
2022-2023,2022-10-08,Brighton,Tottenham,0.0,1.0,A,0.0,1.0,A,14.0,8.0,4.0,3.0,6.0,2.0,9.0,14.0,1.0,2.0,0.0,0.0,T Harrington
2022-2023,2022-10-09,Everton,Manchester United,1.0,2.0,A,1.0,2.0,A,11.0,12.0,2.0,4.0,5.0,4.0,7.0,13.0,2.0,1.0,0.0,0.0,D Coote
2022-2023,2022-10-09,Arsenal,Liverpool,3.0,2.0,H,2.0,1.0,H,11.0,8.0,7.0,3.0,4.0,3.0,11.0,11.0,1.0,2.0,0.0,0.0,M Oliver
2022-2023,2022-10-09,Crystal Palace,Leeds,2.0,1.0,H,1.0,1.0,D,13.0,10.0,5.0,4.0,5.0,3.0,13.0,23.0,3.0,3.0,0.0,0.0,P Tierney
2022-2023,2022-10-09,West Ham,Fulham,3.0,1.0,H,1.0,1.0,D,17.0,8.0,8.0,2.0,4.0,2.0,9.0,7.0,1.0,3.0,0.0,0.0,C Kavanagh
2022-2023,2022-10-10,Nott'm Forest,Aston Villa,1.0,1.0,D,1.0,1.0,D,6.0,12.0,3.0,2.0,1.0,4.0,13.0,19.0,3.0,3.0,0.0,0.0,A Taylor
2022-2023,2022-10-14,Brentford,Brighton,2.0,0.0,H,1.0,0.0,H,7.0,21.0,3.0,7.0,2.0,11.0,12.0,15.0,3.0,1.0,0.0,0.0,M Salisbury
2022-2023,2022-10-15,Leicester,Crystal Palace,0.0,0.0,D,0.0,0.0,D,14.0,8.0,5.0,1.0,9.0,2.0,18.0,13.0,2.0,2.0,0.0,0.0,A Madley
2022-2023,2022-10-15,Fulham,Bournemouth,2.0,2.0,D,1.0,2.0,A,19.0,10.0,4.0,6.0,5.0,6.0,9.0,11.0,2.0,0.0,0.0,0.0,G Scott
2022-2023,2022-10-15,Wolverhampton,Nott'm Forest,1.0,0.0,H,0.0,0.0,D,9.0,10.0,2.0,2.0,4.0,5.0,17.0,13.0,2.0,2.0,0.0,0.0,T Bramall
2022-2023,2022-10-15,Tottenham,Everton,2.0,0.0,H,0.0,0.0,D,21.0,4.0,7.0,0.0,7.0,1.0,12.0,13.0,1.0,4.0,0.0,0.0,P Tierney
2022-2023,2022-10-16,Liverpool,Manchester City,1.0,0.0,H,0.0,0.0,D,13.0,16.0,2.0,6.0,5.0,6.0,10.0,7.0,3.0,1.0,0.0,0.0,A Taylor
2022-2023,2022-10-16,Southampton,West Ham,1.0,1.0,D,1.0,0.0,H,10.0,25.0,8.0,4.0,4.0,14.0,7.0,3.0,1.0,1.0,0.0,0.0,P Bankes
2022-2023,2022-10-16,Aston Villa,Chelsea,0.0,2.0,A,0.0,1.0,A,18.0,8.0,7.0,4.0,7.0,1.0,12.0,11.0,0.0,3.0,0.0,0.0,R Jones
2022-2023,2022-10-16,Leeds,Arsenal,0.0,1.0,A,0.0,1.0,A,16.0,9.0,4.0,4.0,6.0,3.0,10.0,11.0,0.0,2.0,0.0,0.0,C Kavanagh
2022-2023,2022-10-16,Manchester United,Newcastle,0.0,0.0,D,0.0,0.0,D,15.0,9.0,2.0,2.0,4.0,4.0,13.0,11.0,3.0,1.0,0.0,0.0,C Pawson
2022-2023,2022-10-18,Brighton,Nott'm Forest,0.0,0.0,D,0.0,0.0,D,19.0,3.0,7.0,0.0,9.0,1.0,10.0,14.0,3.0,1.0,0.0,0.0,D England
2022-2023,2022-10-18,Crystal Palace,Wolverhampton,2.0,1.0,H,0.0,1.0,A,14.0,10.0,4.0,4.0,4.0,3.0,14.0,18.0,3.0,1.0,0.0,0.0,D Coote
2022-2023,2022-10-19,Bournemouth,Southampton,0.0,1.0,A,0.0,1.0,A,15.0,9.0,3.0,3.0,7.0,3.0,8.0,13.0,1.0,3.0,0.0,0.0,J Brooks
2022-2023,2022-10-19,Brentford,Chelsea,0.0,0.0,D,0.0,0.0,D,8.0,14.0,5.0,5.0,6.0,2.0,7.0,7.0,0.0,0.0,0.0,0.0,J Gillett
2022-2023,2022-10-19,Liverpool,West Ham,1.0,0.0,H,1.0,0.0,H,22.0,8.0,7.0,3.0,8.0,3.0,9.0,8.0,0.0,0.0,0.0,0.0,S Attwell
2022-2023,2022-10-19,Newcastle,Everton,1.0,0.0,H,1.0,0.0,H,16.0,1.0,4.0,0.0,8.0,2.0,9.0,12.0,2.0,4.0,0.0,0.0,T Harrington
2022-2023,2022-10-19,Manchester United,Tottenham,2.0,0.0,H,0.0,0.0,D,28.0,9.0,10.0,2.0,8.0,3.0,7.0,7.0,1.0,0.0,0.0,0.0,S Hooper
2022-2023,2022-10-20,Fulham,Aston Villa,3.0,0.0,H,1.0,0.0,H,18.0,12.0,8.0,6.0,9.0,7.0,11.0,11.0,0.0,2.0,0.0,1.0,M Oliver
2022-2023,2022-10-20,Leicester,Leeds,2.0,0.0,H,2.0,0.0,H,5.0,14.0,1.0,2.0,2.0,9.0,15.0,11.0,2.0,1.0,0.0,0.0,P Bankes
2022-2023,2022-10-22,Manchester City,Brighton,3.0,1.0,H,2.0,0.0,H,10.0,8.0,4.0,2.0,7.0,3.0,11.0,12.0,1.0,3.0,0.0,0.0,C Pawson
2022-2023,2022-10-22,Nott'm Forest,Liverpool,1.0,0.0,H,0.0,0.0,D,10.0,15.0,7.0,7.0,2.0,11.0,14.0,8.0,2.0,1.0,0.0,0.0,P Tierney
2022-2023,2022-10-22,Everton,Crystal Palace,3.0,0.0,H,1.0,0.0,H,9.0,9.0,6.0,2.0,3.0,4.0,16.0,14.0,3.0,4.0,0.0,0.0,S Hooper
2022-2023,2022-10-22,Chelsea,Manchester United,1.0,1.0,D,0.0,0.0,D,6.0,13.0,2.0,6.0,6.0,4.0,8.0,10.0,1.0,4.0,0.0,0.0,S Attwell
2022-2023,2022-10-23,Tottenham,Newcastle,1.0,2.0,A,0.0,2.0,A,17.0,13.0,5.0,5.0,6.0,7.0,12.0,6.0,4.0,2.0,0.0,0.0,J Gillett
2022-2023,2022-10-23,Wolverhampton,Leicester,0.0,4.0,A,0.0,2.0,A,21.0,5.0,5.0,4.0,9.0,2.0,10.0,13.0,2.0,1.0,0.0,0.0,M Oliver
2022-2023,2022-10-23,Southampton,Arsenal,1.0,1.0,D,0.0,1.0,A,10.0,12.0,3.0,3.0,9.0,4.0,11.0,8.0,2.0,1.0,0.0,0.0,R Jones
2022-2023,2022-10-23,Leeds,Fulham,2.0,3.0,A,1.0,1.0,D,14.0,11.0,5.0,5.0,3.0,6.0,12.0,8.0,1.0,1.0,0.0,0.0,A Taylor
2022-2023,2022-10-23,Aston Villa,Brentford,4.0,0.0,H,3.0,0.0,H,19.0,12.0,11.0,3.0,7.0,6.0,14.0,11.0,1.0,0.0,0.0,0.0,D England
2022-2023,2022-10-24,West Ham,Bournemouth,2.0,0.0,H,1.0,0.0,H,20.0,5.0,4.0,3.0,5.0,0.0,9.0,11.0,0.0,2.0,0.0,0.0,D Coote
2022-2023,2022-10-29,Leicester,Manchester City,0.0,1.0,A,0.0,0.0,D,10.0,15.0,5.0,5.0,3.0,10.0,5.0,10.0,0.0,0.0,0.0,0.0,R Jones
2022-2023,2022-10-29,Bournemouth,Tottenham,2.0,3.0,A,1.0,0.0,H,6.0,23.0,4.0,7.0,2.0,19.0,10.0,5.0,1.0,2.0,0.0,0.0,A Taylor
2022-2023,2022-10-29,Brentford,Wolverhampton,1.0,1.0,D,0.0,0.0,D,12.0,14.0,3.0,4.0,3.0,6.0,10.0,17.0,3.0,3.0,0.0,1.0,R Madley
2022-2023,2022-10-29,Brighton,Chelsea,4.0,1.0,H,3.0,0.0,H,19.0,15.0,9.0,7.0,8.0,7.0,16.0,6.0,1.0,2.0,0.0,0.0,A Madley
2022-2023,2022-10-29,Crystal Palace,Southampton,1.0,0.0,H,1.0,0.0,H,12.0,14.0,3.0,4.0,8.0,4.0,13.0,12.0,3.0,3.0,0.0,0.0,M Salisbury
2022-2023,2022-10-29,Newcastle,Aston Villa,4.0,0.0,H,1.0,0.0,H,20.0,3.0,7.0,0.0,3.0,0.0,11.0,11.0,1.0,1.0,0.0,0.0,P Tierney
2022-2023,2022-10-29,Fulham,Everton,0.0,0.0,D,0.0,0.0,D,24.0,9.0,6.0,4.0,13.0,4.0,10.0,8.0,2.0,1.0,0.0,0.0,J Brooks
2022-2023,2022-10-29,Liverpool,Leeds,1.0,2.0,A,1.0,1.0,D,22.0,14.0,10.0,6.0,14.0,5.0,9.0,3.0,0.0,1.0,0.0,0.0,M Oliver
2022-2023,2022-10-30,Arsenal,Nott'm Forest,5.0,0.0,H,1.0,0.0,H,24.0,5.0,10.0,2.0,9.0,4.0,9.0,8.0,0.0,1.0,0.0,0.0,S Hooper
2022-2023,2022-10-30,Manchester United,West Ham,1.0,0.0,H,1.0,0.0,H,16.0,13.0,3.0,5.0,5.0,10.0,12.0,10.0,1.0,3.0,0.0,0.0,C Kavanagh
2022-2023,2022-11-05,Wolverhampton,Brighton,2.0,3.0,A,2.0,2.0,D,8.0,19.0,5.0,8.0,4.0,9.0,15.0,11.0,2.0,0.0,1.0,0.0,G Scott
2022-2023,2022-11-05,Nott'm Forest,Brentford,2.0,2.0,D,1.0,1.0,D,15.0,6.0,7.0,2.0,3.0,3.0,10.0,11.0,2.0,2.0,0.0,0.0,A Marriner
2022-2023,2022-11-05,Everton,Leicester,0.0,2.0,A,0.0,1.0,A,12.0,22.0,2.0,8.0,8.0,3.0,9.0,5.0,0.0,0.0,0.0,0.0,D Coote
2022-2023,2022-11-05,Leeds,Bournemouth,4.0,3.0,H,1.0,2.0,A,18.0,9.0,4.0,6.0,13.0,3.0,16.0,10.0,2.0,2.0,0.0,0.0,T Harrington
2022-2023,2022-11-05,Manchester City,Fulham,2.0,1.0,H,1.0,1.0,D,16.0,4.0,5.0,2.0,9.0,0.0,6.0,11.0,2.0,4.0,1.0,0.0,D England
2022-2023,2022-11-06,Chelsea,Arsenal,0.0,1.0,A,0.0,0.0,D,5.0,14.0,1.0,2.0,4.0,6.0,20.0,13.0,5.0,2.0,0.0,0.0,M Oliver
2022-2023,2022-11-06,Aston Villa,Manchester United,3.0,1.0,H,2.0,1.0,H,6.0,8.0,4.0,3.0,3.0,5.0,6.0,12.0,3.0,3.0,0.0,0.0,A Taylor
2022-2023,2022-11-06,Southampton,Newcastle,1.0,4.0,A,0.0,1.0,A,16.0,7.0,5.0,4.0,8.0,2.0,7.0,10.0,1.0,0.0,0.0,0.0,S Attwell
2022-2023,2022-11-06,West Ham,Crystal Palace,1.0,2.0,A,1.0,1.0,D,5.0,15.0,2.0,6.0,2.0,5.0,10.0,7.0,1.0,1.0,0.0,0.0,P Tierney
2022-2023,2022-11-06,Tottenham,Liverpool,1.0,2.0,A,0.0,2.0,A,14.0,13.0,5.0,6.0,5.0,3.0,10.0,8.0,0.0,0.0,0.0,0.0,A Madley
2022-2023,2022-11-12,Wolverhampton,Arsenal,0.0,2.0,A,0.0,0.0,D,11.0,14.0,2.0,4.0,6.0,4.0,5.0,6.0,3.0,2.0,0.0,0.0,S Attwell
2022-2023,2022-11-12,Newcastle,Chelsea,1.0,0.0,H,0.0,0.0,D,10.0,5.0,3.0,2.0,5.0,3.0,14.0,11.0,3.0,2.0,0.0,0.0,R Jones
2022-2023,2022-11-12,West Ham,Leicester,0.0,2.0,A,0.0,1.0,A,18.0,9.0,6.0,6.0,7.0,2.0,9.0,8.0,3.0,1.0,0.0,0.0,J Gillett
2022-2023,2022-11-12,Tottenham,Leeds,4.0,3.0,H,1.0,2.0,A,14.0,12.0,8.0,5.0,9.0,2.0,8.0,7.0,1.0,1.0,0.0,1.0,M Salisbury
2022-2023,2022-11-12,Liverpool,Southampton,3.0,1.0,H,3.0,1.0,H,15.0,9.0,7.0,5.0,6.0,0.0,8.0,8.0,0.0,2.0,0.0,0.0,S Hooper
2022-2023,2022-11-12,Bournemouth,Everton,3.0,0.0,H,2.0,0.0,H,16.0,15.0,9.0,3.0,3.0,5.0,12.0,8.0,2.0,0.0,0.0,0.0,C Pawson
2022-2023,2022-11-12,Manchester City,Brentford,1.0,2.0,A,1.0,1.0,D,29.0,10.0,6.0,8.0,10.0,2.0,9.0,7.0,2.0,2.0,0.0,0.0,P Bankes
2022-2023,2022-11-12,Nott'm Forest,Crystal Palace,1.0,0.0,H,0.0,0.0,D,9.0,8.0,2.0,0.0,1.0,5.0,11.0,13.0,1.0,4.0,0.0,0.0,J Brooks
2022-2023,2022-11-13,Brighton,Aston Villa,1.0,2.0,A,1.0,1.0,D,7.0,8.0,2.0,2.0,11.0,4.0,14.0,11.0,2.0,7.0,0.0,0.0,C Kavanagh
2022-2023,2022-11-13,Fulham,Manchester United,1.0,2.0,A,0.0,1.0,A,14.0,14.0,7.0,9.0,10.0,3.0,9.0,10.0,1.0,1.0,0.0,0.0,P Tierney
2022-2023,2022-12-26,Aston Villa,Liverpool,1.0,3.0,A,0.0,2.0,A,12.0,16.0,6.0,9.0,0.0,6.0,7.0,12.0,0.0,0.0,0.0,0.0,P Tierney
2022-2023,2022-12-26,Arsenal,West Ham,3.0,1.0,H,0.0,1.0,A,16.0,8.0,5.0,4.0,7.0,5.0,13.0,17.0,0.0,2.0,0.0,0.0,M Oliver
2022-2023,2022-12-26,Southampton,Brighton,1.0,3.0,A,0.0,2.0,A,14.0,7.0,4.0,4.0,4.0,2.0,9.0,10.0,1.0,2.0,0.0,0.0,R Jones
2022-2023,2022-12-26,Everton,Wolverhampton,1.0,2.0,A,1.0,1.0,D,12.0,7.0,6.0,4.0,2.0,2.0,9.0,22.0,1.0,6.0,0.0,0.0,C Pawson
2022-2023,2022-12-26,Crystal Palace,Fulham,0.0,3.0,A,0.0,1.0,A,4.0,23.0,0.0,11.0,1.0,8.0,12.0,15.0,0.0,0.0,2.0,0.0,A Madley
2022-2023,2022-12-26,Brentford,Tottenham,2.0,2.0,D,1.0,0.0,H,9.0,16.0,5.0,8.0,6.0,5.0,11.0,10.0,3.0,1.0,0.0,0.0,D Coote
2022-2023,2022-12-26,Leicester,Newcastle,0.0,3.0,A,0.0,3.0,A,8.0,12.0,2.0,5.0,5.0,5.0,9.0,6.0,0.0,0.0,0.0,0.0,J Gillett
2022-2023,2022-12-27,Chelsea,Bournemouth,2.0,0.0,H,2.0,0.0,H,15.0,9.0,5.0,4.0,6.0,8.0,8.0,10.0,0.0,0.0,0.0,0.0,S Hooper
2022-2023,2022-12-27,Manchester United,Nott'm Forest,3.0,0.0,H,2.0,0.0,H,17.0,8.0,8.0,3.0,9.0,9.0,13.0,4.0,3.0,1.0,0.0,0.0,A Taylor
2022-2023,2022-12-28,Leeds,Manchester City,1.0,3.0,A,0.0,1.0,A,9.0,26.0,1.0,9.0,3.0,5.0,11.0,14.0,3.0,3.0,0.0,0.0,S Attwell
2022-2023,2022-12-30,West Ham,Brentford,0.0,2.0,A,0.0,2.0,A,20.0,9.0,5.0,6.0,8.0,1.0,9.0,5.0,1.0,0.0,0.0,0.0,D England
2022-2023,2022-12-30,Liverpool,Leicester,2.0,1.0,H,2.0,1.0,H,21.0,7.0,5.0,2.0,4.0,5.0,8.0,15.0,0.0,1.0,0.0,0.0,C Pawson
2022-2023,2022-12-31,Bournemouth,Crystal Palace,0.0,2.0,A,0.0,2.0,A,6.0,15.0,2.0,6.0,2.0,7.0,17.0,11.0,4.0,1.0,0.0,0.0,A Marriner
2022-2023,2022-12-31,Wolverhampton,Manchester United,0.0,1.0,A,0.0,0.0,D,10.0,16.0,3.0,6.0,7.0,5.0,11.0,11.0,1.0,3.0,0.0,0.0,R Jones
2022-2023,2022-12-31,Fulham,Southampton,2.0,1.0,H,1.0,0.0,H,8.0,9.0,2.0,3.0,4.0,4.0,8.0,13.0,0.0,1.0,0.0,0.0,G Scott
2022-2023,2022-12-31,Manchester City,Everton,1.0,1.0,D,1.0,0.0,H,16.0,2.0,3.0,1.0,7.0,1.0,13.0,14.0,3.0,4.0,0.0,0.0,A Madley
2022-2023,2022-12-31,Newcastle,Leeds,0.0,0.0,D,0.0,0.0,D,16.0,8.0,5.0,1.0,9.0,3.0,13.0,19.0,3.0,5.0,0.0,0.0,S Hooper
2022-2023,2022-12-31,Brighton,Arsenal,2.0,4.0,A,0.0,2.0,A,9.0,14.0,5.0,7.0,7.0,4.0,7.0,11.0,3.0,3.0,0.0,0.0,A Taylor
2022-2023,2023-01-01,Nott'm Forest,Chelsea,1.0,1.0,D,0.0,1.0,A,12.0,7.0,5.0,2.0,1.0,2.0,16.0,14.0,2.0,2.0,0.0,0.0,P Bankes
2022-2023,2023-01-01,Tottenham,Aston Villa,0.0,2.0,A,0.0,0.0,D,6.0,13.0,2.0,4.0,5.0,3.0,15.0,10.0,4.0,3.0,0.0,0.0,J Brooks
2022-2023,2023-01-02,Brentford,Liverpool,3.0,1.0,H,2.0,0.0,H,10.0,16.0,7.0,6.0,4.0,9.0,5.0,8.0,1.0,3.0,0.0,0.0,S Attwell
2022-2023,2023-01-03,Manchester United,Bournemouth,3.0,0.0,H,1.0,0.0,H,18.0,7.0,6.0,4.0,6.0,5.0,13.0,7.0,0.0,3.0,0.0,0.0,M Salisbury
2022-2023,2023-01-03,Leicester,Fulham,0.0,1.0,A,0.0,1.0,A,15.0,11.0,6.0,2.0,6.0,3.0,12.0,11.0,2.0,6.0,0.0,0.0,D Bond
2022-2023,2023-01-03,Arsenal,Newcastle,0.0,0.0,D,0.0,0.0,D,17.0,8.0,4.0,1.0,5.0,5.0,10.0,16.0,4.0,4.0,0.0,0.0,A Madley
2022-2023,2023-01-03,Everton,Brighton,1.0,4.0,A,0.0,1.0,A,10.0,19.0,4.0,8.0,5.0,2.0,8.0,10.0,3.0,1.0,0.0,0.0,A Marriner
2022-2023,2023-01-04,Southampton,Nott'm Forest,0.0,1.0,A,0.0,1.0,A,8.0,11.0,0.0,1.0,6.0,2.0,14.0,17.0,2.0,2.0,0.0,0.0,T Bramall
2022-2023,2023-01-04,Leeds,West Ham,2.0,2.0,D,1.0,1.0,D,14.0,15.0,6.0,2.0,8.0,1.0,11.0,18.0,3.0,1.0,0.0,0.0,D Coote
2022-2023,2023-01-04,Aston Villa,Wolverhampton,1.0,1.0,D,0.0,1.0,A,13.0,10.0,4.0,3.0,7.0,8.0,6.0,12.0,1.0,3.0,0.0,0.0,J Gillett
2022-2023,2023-01-04,Crystal Palace,Tottenham,0.0,4.0,A,0.0,0.0,D,19.0,14.0,4.0,6.0,10.0,4.0,11.0,8.0,1.0,2.0,0.0,0.0,M Oliver
2022-2023,2023-01-05,Chelsea,Manchester City,0.0,1.0,A,0.0,0.0,D,8.0,12.0,2.0,3.0,3.0,2.0,9.0,9.0,2.0,0.0,0.0,0.0,P Tierney
2022-2023,2023-01-12,Fulham,Chelsea,2.0,1.0,H,1.0,0.0,H,8.0,20.0,3.0,10.0,5.0,7.0,12.0,16.0,4.0,3.0,0.0,1.0,D Coote
2022-2023,2023-01-13,Aston Villa,Leeds,2.0,1.0,H,1.0,0.0,H,11.0,16.0,5.0,4.0,0.0,11.0,12.0,8.0,2.0,2.0,0.0,0.0,M Oliver
2022-2023,2023-01-14,Wolverhampton,West Ham,1.0,0.0,H,0.0,0.0,D,17.0,16.0,4.0,4.0,4.0,3.0,10.0,7.0,0.0,2.0,0.0,0.0,S Hooper
2022-2023,2023-01-14,Nott'm Forest,Leicester,2.0,0.0,H,0.0,0.0,D,15.0,6.0,5.0,1.0,3.0,5.0,11.0,12.0,1.0,2.0,0.0,0.0,P Tierney
2022-2023,2023-01-14,Brentford,Bournemouth,2.0,0.0,H,1.0,0.0,H,12.0,7.0,4.0,2.0,5.0,3.0,5.0,9.0,1.0,1.0,0.0,0.0,J Gillett
2022-2023,2023-01-14,Brighton,Liverpool,3.0,0.0,H,0.0,0.0,D,16.0,6.0,9.0,2.0,7.0,1.0,8.0,15.0,1.0,3.0,0.0,0.0,D England
2022-2023,2023-01-14,Manchester United,Manchester City,2.0,1.0,H,0.0,0.0,D,8.0,5.0,4.0,1.0,1.0,2.0,15.0,5.0,3.0,0.0,0.0,0.0,S Attwell
2022-2023,2023-01-14,Everton,Southampton,1.0,2.0,A,1.0,0.0,H,12.0,13.0,4.0,5.0,6.0,4.0,7.0,19.0,0.0,3.0,0.0,0.0,J Brooks
2022-2023,2023-01-15,Tottenham,Arsenal,0.0,2.0,A,0.0,2.0,A,17.0,14.0,7.0,5.0,4.0,3.0,16.0,15.0,4.0,2.0,0.0,0.0,C Pawson
2022-2023,2023-01-15,Newcastle,Fulham,1.0,0.0,H,0.0,0.0,D,20.0,5.0,5.0,0.0,10.0,5.0,6.0,14.0,1.0,3.0,0.0,0.0,R Jones
2022-2023,2023-01-15,Chelsea,Crystal Palace,1.0,0.0,H,0.0,0.0,D,15.0,10.0,5.0,5.0,11.0,7.0,10.0,17.0,2.0,5.0,0.0,0.0,P Bankes
2022-2023,2023-01-18,Crystal Palace,Manchester United,1.0,1.0,D,0.0,1.0,A,10.0,15.0,5.0,4.0,3.0,3.0,9.0,10.0,1.0,2.0,0.0,0.0,R Jones
2022-2023,2023-01-19,Manchester City,Tottenham,4.0,2.0,H,0.0,2.0,A,16.0,9.0,6.0,3.0,8.0,3.0,10.0,14.0,1.0,2.0,0.0,0.0,S Hooper
2022-2023,2023-01-21,West Ham,Everton,2.0,0.0,H,2.0,0.0,H,11.0,5.0,4.0,2.0,4.0,9.0,9.0,6.0,1.0,1.0,0.0,0.0,S Attwell
2022-2023,2023-01-21,Southampton,Aston Villa,0.0,1.0,A,0.0,0.0,D,8.0,16.0,5.0,5.0,2.0,2.0,19.0,9.0,1.0,2.0,0.0,0.0,M Salisbury
2022-2023,2023-01-21,Crystal Palace,Newcastle,0.0,0.0,D,0.0,0.0,D,6.0,16.0,1.0,7.0,3.0,15.0,13.0,7.0,4.0,2.0,0.0,0.0,C Pawson
2022-2023,2023-01-21,Bournemouth,Nott'm Forest,1.0,1.0,D,1.0,0.0,H,16.0,20.0,4.0,5.0,4.0,6.0,10.0,7.0,1.0,2.0,0.0,0.0,A Madley
2022-2023,2023-01-21,Liverpool,Chelsea,0.0,0.0,D,0.0,0.0,D,15.0,11.0,3.0,2.0,5.0,5.0,16.0,9.0,3.0,1.0,0.0,0.0,M Oliver
2022-2023,2023-01-21,Leicester,Brighton,2.0,2.0,D,1.0,1.0,D,9.0,13.0,2.0,4.0,5.0,6.0,9.0,9.0,0.0,1.0,0.0,0.0,T Bramall
2022-2023,2023-01-22,Leeds,Brentford,0.0,0.0,D,0.0,0.0,D,9.0,6.0,5.0,0.0,2.0,3.0,10.0,18.0,2.0,2.0,0.0,0.0,P Bankes
2022-2023,2023-01-22,Manchester City,Wolverhampton,3.0,0.0,H,1.0,0.0,H,13.0,10.0,7.0,1.0,5.0,7.0,10.0,10.0,1.0,2.0,0.0,0.0,D Coote
2022-2023,2023-01-22,Arsenal,Manchester United,3.0,2.0,H,1.0,1.0,D,25.0,6.0,5.0,4.0,12.0,4.0,8.0,9.0,1.0,2.0,0.0,0.0,A Taylor
2022-2023,2023-01-23,Fulham,Tottenham,0.0,1.0,A,0.0,1.0,A,10.0,10.0,5.0,3.0,3.0,8.0,10.0,10.0,1.0,3.0,0.0,0.0,P Tierney
2022-2023,2023-02-03,Chelsea,Fulham,0.0,0.0,D,0.0,0.0,D,12.0,10.0,3.0,4.0,6.0,2.0,16.0,12.0,1.0,4.0,0.0,0.0,S Attwell
2022-2023,2023-02-04,Manchester United,Crystal Palace,2.0,1.0,H,1.0,0.0,H,14.0,10.0,5.0,3.0,5.0,5.0,9.0,9.0,1.0,2.0,1.0,0.0,A Marriner
2022-2023,2023-02-04,Newcastle,West Ham,1.0,1.0,D,1.0,1.0,D,8.0,10.0,2.0,1.0,4.0,2.0,11.0,13.0,2.0,1.0,0.0,0.0,P Bankes
2022-2023,2023-02-04,Brighton,Bournemouth,1.0,0.0,H,0.0,0.0,D,20.0,12.0,6.0,2.0,7.0,3.0,14.0,7.0,3.0,1.0,0.0,0.0,C Pawson
2022-2023,2023-02-04,Wolverhampton,Liverpool,3.0,0.0,H,2.0,0.0,H,12.0,22.0,6.0,4.0,2.0,7.0,9.0,7.0,1.0,1.0,0.0,0.0,P Tierney
2022-2023,2023-02-04,Aston Villa,Leicester,2.0,4.0,A,2.0,3.0,A,19.0,9.0,4.0,5.0,11.0,3.0,10.0,10.0,0.0,2.0,0.0,0.0,D England
2022-2023,2023-02-04,Everton,Arsenal,1.0,0.0,H,0.0,0.0,D,12.0,15.0,4.0,3.0,7.0,5.0,13.0,8.0,4.0,1.0,0.0,0.0,D Coote
2022-2023,2023-02-04,Brentford,Southampton,3.0,0.0,H,2.0,0.0,H,14.0,14.0,4.0,6.0,4.0,4.0,10.0,9.0,1.0,2.0,0.0,0.0,D Bond
2022-2023,2023-02-05,Nott'm Forest,Leeds,1.0,0.0,H,1.0,0.0,H,6.0,10.0,2.0,4.0,0.0,2.0,15.0,14.0,4.0,2.0,0.0,0.0,R Jones
2022-2023,2023-02-05,Tottenham,Manchester City,1.0,0.0,H,1.0,0.0,H,12.0,15.0,3.0,5.0,4.0,6.0,19.0,14.0,2.0,3.0,1.0,0.0,A Madley
2022-2023,2023-02-08,Manchester United,Leeds,2.0,2.0,D,0.0,1.0,A,24.0,8.0,7.0,2.0,6.0,5.0,7.0,11.0,1.0,3.0,0.0,0.0,S Hooper
2022-2023,2023-02-11,Bournemouth,Newcastle,1.0,1.0,D,1.0,1.0,D,11.0,15.0,5.0,7.0,4.0,6.0,8.0,10.0,2.0,3.0,0.0,0.0,S Attwell
2022-2023,2023-02-11,Southampton,Wolverhampton,1.0,2.0,A,1.0,0.0,H,17.0,11.0,2.0,2.0,5.0,2.0,12.0,14.0,2.0,2.0,0.0,1.0,J Gillett
2022-2023,2023-02-11,Fulham,Nott'm Forest,2.0,0.0,H,1.0,0.0,H,16.0,10.0,3.0,1.0,5.0,4.0,9.0,11.0,0.0,1.0,0.0,0.0,A Madley
2022-2023,2023-02-11,Leicester,Tottenham,4.0,1.0,H,3.0,1.0,H,15.0,11.0,7.0,4.0,1.0,5.0,14.0,9.0,5.0,2.0,0.0,0.0,M Salisbury
2022-2023,2023-02-11,Arsenal,Brentford,1.0,1.0,D,0.0,0.0,D,23.0,9.0,7.0,2.0,7.0,4.0,9.0,9.0,0.0,2.0,0.0,0.0,P Bankes
2022-2023,2023-02-11,West Ham,Chelsea,1.0,1.0,D,1.0,1.0,D,10.0,12.0,2.0,4.0,5.0,6.0,9.0,11.0,1.0,1.0,0.0,0.0,C Pawson
2022-2023,2023-02-11,Crystal Palace,Brighton,1.0,1.0,D,0.0,0.0,D,6.0,17.0,1.0,7.0,1.0,6.0,10.0,11.0,4.0,1.0,0.0,0.0,M Oliver
2022-2023,2023-02-12,Leeds,Manchester United,0.0,2.0,A,0.0,0.0,D,16.0,11.0,6.0,5.0,7.0,3.0,10.0,13.0,2.0,1.0,0.0,0.0,P Tierney
2022-2023,2023-02-12,Manchester City,Aston Villa,3.0,1.0,H,3.0,0.0,H,17.0,6.0,9.0,2.0,8.0,4.0,13.0,14.0,1.0,2.0,0.0,0.0,R Jones
2022-2023,2023-02-13,Liverpool,Everton,2.0,0.0,H,1.0,0.0,H,15.0,6.0,6.0,1.0,3.0,3.0,8.0,16.0,1.0,3.0,0.0,0.0,S Hooper
2022-2023,2023-02-15,Arsenal,Manchester City,1.0,3.0,A,1.0,1.0,D,10.0,9.0,1.0,6.0,1.0,3.0,11.0,15.0,2.0,3.0,0.0,0.0,A Taylor
2022-2023,2023-02-18,Nott'm Forest,Manchester City,1.0,1.0,D,0.0,1.0,A,4.0,26.0,1.0,6.0,0.0,10.0,8.0,6.0,1.0,0.0,0.0,0.0,G Scott
2022-2023,2023-02-18,Newcastle,Liverpool,0.0,2.0,A,0.0,2.0,A,14.0,13.0,4.0,7.0,6.0,7.0,3.0,8.0,1.0,1.0,1.0,0.0,A Taylor
2022-2023,2023-02-18,Wolverhampton,Bournemouth,0.0,1.0,A,0.0,0.0,D,15.0,5.0,4.0,1.0,12.0,2.0,12.0,10.0,3.0,3.0,0.0,0.0,M Salisbury
2022-2023,2023-02-18,Everton,Leeds,1.0,0.0,H,0.0,0.0,D,15.0,8.0,6.0,0.0,6.0,4.0,8.0,6.0,2.0,3.0,0.0,0.0,A Madley
2022-2023,2023-02-18,Aston Villa,Arsenal,2.0,4.0,A,2.0,1.0,H,7.0,20.0,5.0,5.0,2.0,9.0,13.0,4.0,2.0,1.0,0.0,0.0,S Hooper
2022-2023,2023-02-18,Brighton,Fulham,0.0,1.0,A,0.0,0.0,D,21.0,5.0,7.0,2.0,10.0,2.0,12.0,14.0,0.0,5.0,0.0,0.0,D England
2022-2023,2023-02-18,Brentford,Crystal Palace,1.0,1.0,D,0.0,0.0,D,12.0,10.0,5.0,4.0,2.0,6.0,10.0,8.0,2.0,2.0,0.0,0.0,P Tierney
2022-2023,2023-02-18,Chelsea,Southampton,0.0,1.0,A,0.0,1.0,A,17.0,8.0,5.0,5.0,8.0,2.0,16.0,24.0,3.0,6.0,0.0,0.0,D Coote
2022-2023,2023-02-19,Manchester United,Leicester,3.0,0.0,H,1.0,0.0,H,26.0,19.0,8.0,3.0,6.0,6.0,9.0,9.0,0.0,2.0,0.0,0.0,S Attwell
2022-2023,2023-02-19,Tottenham,West Ham,2.0,0.0,H,0.0,0.0,D,16.0,6.0,6.0,1.0,4.0,7.0,16.0,10.0,2.0,1.0,0.0,0.0,M Oliver
2022-2023,2023-02-24,Fulham,Wolverhampton,1.0,1.0,D,0.0,1.0,A,10.0,8.0,5.0,2.0,4.0,3.0,12.0,17.0,2.0,0.0,0.0,0.0,M Oliver
2022-2023,2023-02-25,Crystal Palace,Liverpool,0.0,0.0,D,0.0,0.0,D,6.0,12.0,0.0,4.0,5.0,3.0,11.0,14.0,2.0,5.0,0.0,0.0,D England
2022-2023,2023-02-25,Bournemouth,Manchester City,1.0,4.0,A,0.0,3.0,A,13.0,20.0,2.0,5.0,4.0,6.0,10.0,9.0,2.0,2.0,0.0,0.0,P Tierney
2022-2023,2023-02-25,West Ham,Nott'm Forest,4.0,0.0,H,0.0,0.0,D,18.0,8.0,5.0,3.0,12.0,3.0,8.0,5.0,0.0,0.0,0.0,0.0,J Gillett
2022-2023,2023-02-25,Leicester,Arsenal,0.0,1.0,A,0.0,0.0,D,1.0,10.0,0.0,2.0,0.0,8.0,14.0,9.0,0.0,1.0,0.0,0.0,C Pawson
2022-2023,2023-02-25,Leeds,Southampton,1.0,0.0,H,0.0,0.0,D,14.0,8.0,4.0,2.0,9.0,2.0,15.0,13.0,2.0,4.0,0.0,0.0,P Bankes
2022-2023,2023-02-25,Everton,Aston Villa,0.0,2.0,A,0.0,0.0,D,15.0,9.0,5.0,5.0,5.0,1.0,12.0,12.0,2.0,1.0,0.0,0.0,A Taylor
2022-2023,2023-02-26,Tottenham,Chelsea,2.0,0.0,H,0.0,0.0,D,8.0,10.0,3.0,2.0,4.0,4.0,10.0,10.0,2.0,3.0,0.0,0.0,S Attwell
2022-2023,2023-03-01,Arsenal,Everton,4.0,0.0,H,2.0,0.0,H,15.0,8.0,5.0,5.0,5.0,1.0,5.0,12.0,0.0,2.0,0.0,0.0,M Oliver
2022-2023,2023-03-01,Liverpool,Wolverhampton,2.0,0.0,H,0.0,0.0,D,15.0,4.0,6.0,1.0,5.0,2.0,13.0,14.0,2.0,3.0,0.0,0.0,P Tierney
2022-2023,2023-03-04,Southampton,Leicester,1.0,0.0,H,1.0,0.0,H,11.0,11.0,5.0,0.0,3.0,4.0,12.0,11.0,4.0,2.0,0.0,0.0,R Jones
2022-2023,2023-03-04,Wolverhampton,Tottenham,1.0,0.0,H,0.0,0.0,D,8.0,21.0,5.0,6.0,4.0,8.0,11.0,18.0,1.0,1.0,0.0,0.0,T Robinson
2022-2023,2023-03-04,Chelsea,Leeds,1.0,0.0,H,0.0,0.0,D,13.0,11.0,3.0,2.0,5.0,7.0,10.0,7.0,2.0,0.0,0.0,0.0,M Oliver
2022-2023,2023-03-04,Manchester City,Newcastle,2.0,0.0,H,1.0,0.0,H,11.0,5.0,3.0,2.0,8.0,4.0,8.0,13.0,2.0,4.0,0.0,0.0,S Hooper
2022-2023,2023-03-04,Aston Villa,Crystal Palace,1.0,0.0,H,1.0,0.0,H,8.0,3.0,1.0,0.0,2.0,4.0,14.0,17.0,2.0,3.0,0.0,1.0,C Pawson
2022-2023,2023-03-04,Arsenal,Bournemouth,3.0,2.0,H,0.0,1.0,A,31.0,4.0,9.0,4.0,17.0,1.0,6.0,8.0,0.0,2.0,0.0,0.0,C Kavanagh
2022-2023,2023-03-04,Brighton,West Ham,4.0,0.0,H,1.0,0.0,H,20.0,3.0,9.0,2.0,7.0,3.0,6.0,8.0,0.0,3.0,0.0,0.0,S Attwell
2022-2023,2023-03-05,Nott'm Forest,Everton,2.0,2.0,D,1.0,2.0,A,10.0,10.0,4.0,3.0,3.0,3.0,11.0,17.0,3.0,5.0,0.0,0.0,J Brooks
2022-2023,2023-03-05,Liverpool,Manchester United,7.0,0.0,H,1.0,0.0,H,18.0,8.0,8.0,4.0,4.0,3.0,13.0,14.0,2.0,3.0,0.0,0.0,A Madley
2022-2023,2023-03-06,Brentford,Fulham,3.0,2.0,H,1.0,1.0,D,14.0,9.0,6.0,5.0,2.0,3.0,12.0,17.0,0.0,3.0,0.0,0.0,A Taylor
2022-2023,2023-03-11,Bournemouth,Liverpool,1.0,0.0,H,1.0,0.0,H,5.0,15.0,2.0,6.0,3.0,8.0,7.0,9.0,2.0,1.0,0.0,0.0,J Brooks
2022-2023,2023-03-11,Everton,Brentford,1.0,0.0,H,1.0,0.0,H,13.0,12.0,6.0,4.0,5.0,8.0,11.0,12.0,2.0,1.0,0.0,0.0,S Hooper
2022-2023,2023-03-11,Leeds,Brighton,2.0,2.0,D,1.0,1.0,D,12.0,14.0,4.0,2.0,4.0,7.0,12.0,9.0,1.0,1.0,0.0,0.0,P Tierney
2022-2023,2023-03-11,Leicester,Chelsea,1.0,3.0,A,1.0,2.0,A,17.0,12.0,7.0,6.0,2.0,5.0,10.0,11.0,1.0,2.0,1.0,0.0,A Marriner
2022-2023,2023-03-11,Tottenham,Nott'm Forest,3.0,1.0,H,2.0,0.0,H,15.0,9.0,7.0,5.0,2.0,10.0,13.0,13.0,3.0,1.0,0.0,0.0,C Pawson
2022-2023,2023-03-11,Crystal Palace,Manchester City,0.0,1.0,A,0.0,0.0,D,4.0,14.0,0.0,4.0,2.0,6.0,11.0,17.0,2.0,2.0,0.0,0.0,R Jones
2022-2023,2023-03-12,Newcastle,Wolverhampton,2.0,1.0,H,1.0,0.0,H,19.0,7.0,8.0,4.0,10.0,3.0,11.0,10.0,1.0,2.0,0.0,0.0,A Madley
2022-2023,2023-03-12,West Ham,Aston Villa,1.0,1.0,D,1.0,1.0,D,17.0,12.0,6.0,4.0,13.0,2.0,8.0,6.0,1.0,0.0,0.0,0.0,C Kavanagh
2022-2023,2023-03-12,Fulham,Arsenal,0.0,3.0,A,0.0,3.0,A,12.0,15.0,2.0,7.0,4.0,8.0,10.0,9.0,0.0,1.0,0.0,0.0,D Coote
2022-2023,2023-03-12,Manchester United,Southampton,0.0,0.0,D,0.0,0.0,D,10.0,17.0,4.0,4.0,7.0,8.0,12.0,9.0,2.0,0.0,0.0,0.0,A Taylor
2022-2023,2023-03-15,Brighton,Crystal Palace,1.0,0.0,H,1.0,0.0,H,11.0,11.0,5.0,3.0,1.0,4.0,13.0,20.0,1.0,2.0,0.0,0.0,P Bankes
2022-2023,2023-03-15,Southampton,Brentford,0.0,2.0,A,0.0,1.0,A,7.0,11.0,1.0,5.0,3.0,3.0,14.0,10.0,1.0,2.0,0.0,0.0,M Salisbury
2022-2023,2023-03-17,Nott'm Forest,Newcastle,1.0,2.0,A,1.0,1.0,D,5.0,15.0,3.0,4.0,3.0,7.0,17.0,9.0,5.0,1.0,0.0,0.0,P Tierney
2022-2023,2023-03-18,Aston Villa,Bournemouth,3.0,0.0,H,1.0,0.0,H,20.0,10.0,9.0,3.0,9.0,6.0,8.0,13.0,1.0,4.0,0.0,0.0,R Jones
2022-2023,2023-03-18,Brentford,Leicester,1.0,1.0,D,1.0,0.0,H,11.0,14.0,2.0,1.0,8.0,4.0,10.0,11.0,1.0,2.0,1.0,0.0,D Bond
2022-2023,2023-03-18,Southampton,Tottenham,3.0,3.0,D,0.0,1.0,A,19.0,17.0,7.0,3.0,10.0,3.0,13.0,8.0,1.0,1.0,0.0,0.0,S Hooper
2022-2023,2023-03-18,Wolverhampton,Leeds,2.0,4.0,A,0.0,1.0,A,23.0,11.0,8.0,4.0,5.0,4.0,15.0,9.0,3.0,5.0,1.0,0.0,M Salisbury
2022-2023,2023-03-18,Chelsea,Everton,2.0,2.0,D,0.0,0.0,D,20.0,12.0,7.0,3.0,8.0,2.0,8.0,12.0,2.0,2.0,0.0,0.0,D England
2022-2023,2023-03-19,Arsenal,Crystal Palace,4.0,1.0,H,2.0,0.0,H,15.0,8.0,5.0,4.0,5.0,4.0,8.0,10.0,0.0,1.0,0.0,0.0,S Attwell
2022-2023,2023-04-01,Manchester City,Liverpool,4.0,1.0,H,1.0,1.0,D,17.0,4.0,8.0,1.0,7.0,1.0,9.0,12.0,1.0,1.0,0.0,0.0,S Hooper
2022-2023,2023-04-01,Arsenal,Leeds,4.0,1.0,H,1.0,0.0,H,13.0,7.0,6.0,5.0,4.0,3.0,11.0,13.0,0.0,2.0,0.0,0.0,D England
2022-2023,2023-04-01,Bournemouth,Fulham,2.0,1.0,H,0.0,1.0,A,12.0,10.0,7.0,2.0,4.0,3.0,15.0,13.0,1.0,4.0,0.0,0.0,P Bankes
2022-2023,2023-04-01,Brighton,Brentford,3.0,3.0,D,2.0,2.0,D,33.0,7.0,15.0,5.0,14.0,0.0,16.0,10.0,2.0,1.0,0.0,0.0,M Oliver
2022-2023,2023-04-01,Crystal Palace,Leicester,2.0,1.0,H,0.0,0.0,D,31.0,3.0,9.0,2.0,10.0,1.0,12.0,16.0,3.0,4.0,0.0,0.0,T Robinson
2022-2023,2023-04-01,Nott'm Forest,Wolverhampton,1.0,1.0,D,1.0,0.0,H,17.0,8.0,7.0,1.0,4.0,3.0,14.0,13.0,3.0,5.0,0.0,0.0,C Kavanagh
2022-2023,2023-04-01,Chelsea,Aston Villa,0.0,2.0,A,0.0,1.0,A,27.0,5.0,8.0,2.0,13.0,2.0,14.0,16.0,3.0,3.0,0.0,0.0,A Madley
2022-2023,2023-04-02,West Ham,Southampton,1.0,0.0,H,1.0,0.0,H,12.0,9.0,2.0,3.0,5.0,3.0,10.0,11.0,0.0,2.0,0.0,0.0,P Tierney
2022-2023,2023-04-02,Newcastle,Manchester United,2.0,0.0,H,0.0,0.0,D,22.0,6.0,6.0,1.0,7.0,4.0,8.0,12.0,0.0,0.0,0.0,0.0,S Attwell
2022-2023,2023-04-03,Everton,Tottenham,1.0,1.0,D,0.0,0.0,D,15.0,8.0,6.0,2.0,3.0,3.0,10.0,14.0,0.0,3.0,1.0,1.0,D Coote
2022-2023,2023-04-04,Bournemouth,Brighton,0.0,2.0,A,0.0,1.0,A,14.0,16.0,3.0,6.0,5.0,5.0,11.0,5.0,1.0,1.0,0.0,0.0,D Bond
2022-2023,2023-04-04,Leeds,Nott'm Forest,2.0,1.0,H,2.0,1.0,H,21.0,13.0,6.0,1.0,11.0,4.0,11.0,13.0,1.0,4.0,0.0,0.0,R Jones
2022-2023,2023-04-04,Leicester,Aston Villa,1.0,2.0,A,1.0,1.0,D,9.0,15.0,4.0,5.0,4.0,8.0,10.0,14.0,2.0,0.0,1.0,0.0,G Scott
2022-2023,2023-04-04,Chelsea,Liverpool,0.0,0.0,D,0.0,0.0,D,12.0,7.0,3.0,4.0,3.0,5.0,6.0,17.0,1.0,4.0,0.0,0.0,A Taylor
2022-2023,2023-04-05,Manchester United,Brentford,1.0,0.0,H,1.0,0.0,H,18.0,6.0,3.0,1.0,12.0,3.0,8.0,13.0,3.0,2.0,0.0,0.0,J Brooks
2022-2023,2023-04-05,West Ham,Newcastle,1.0,5.0,A,1.0,2.0,A,7.0,15.0,2.0,8.0,7.0,6.0,11.0,12.0,2.0,1.0,0.0,0.0,C Pawson
2022-2023,2023-04-08,Southampton,Manchester City,1.0,4.0,A,0.0,1.0,A,4.0,13.0,1.0,8.0,0.0,10.0,6.0,10.0,0.0,2.0,0.0,0.0,R Jones
2022-2023,2023-04-08,Wolverhampton,Chelsea,1.0,0.0,H,1.0,0.0,H,9.0,13.0,4.0,1.0,8.0,8.0,14.0,10.0,2.0,5.0,0.0,0.0,P Bankes
2022-2023,2023-04-08,Tottenham,Brighton,2.0,1.0,H,1.0,1.0,D,9.0,17.0,3.0,4.0,3.0,7.0,15.0,15.0,3.0,1.0,0.0,0.0,S Attwell
2022-2023,2023-04-08,Leicester,Bournemouth,0.0,1.0,A,0.0,1.0,A,14.0,19.0,4.0,7.0,6.0,6.0,10.0,13.0,0.0,3.0,0.0,0.0,D Coote
2022-2023,2023-04-08,Fulham,West Ham,0.0,1.0,A,0.0,1.0,A,16.0,9.0,3.0,5.0,11.0,4.0,10.0,12.0,1.0,1.0,0.0,0.0,J Gillett
2022-2023,2023-04-08,Brentford,Newcastle,1.0,2.0,A,1.0,0.0,H,12.0,10.0,6.0,4.0,6.0,5.0,10.0,15.0,0.0,0.0,0.0,0.0,C Kavanagh
2022-2023,2023-04-08,Aston Villa,Nott'm Forest,2.0,0.0,H,0.0,0.0,D,8.0,6.0,3.0,2.0,1.0,8.0,7.0,17.0,3.0,4.0,0.0,0.0,A Taylor
2022-2023,2023-04-08,Manchester United,Everton,2.0,0.0,H,1.0,0.0,H,29.0,15.0,11.0,1.0,10.0,4.0,10.0,9.0,0.0,0.0,0.0,0.0,M Oliver
2022-2023,2023-04-09,Leeds,Crystal Palace,1.0,5.0,A,1.0,1.0,D,11.0,16.0,7.0,8.0,2.0,4.0,11.0,8.0,3.0,1.0,0.0,0.0,S Hooper
2022-2023,2023-04-09,Liverpool,Arsenal,2.0,2.0,D,1.0,2.0,A,21.0,9.0,6.0,5.0,5.0,4.0,11.0,11.0,4.0,4.0,0.0,0.0,P Tierney
2022-2023,2023-04-15,Manchester City,Leicester,3.0,1.0,H,3.0,0.0,H,12.0,10.0,4.0,4.0,6.0,2.0,8.0,8.0,1.0,1.0,0.0,0.0,D England
2022-2023,2023-04-15,Wolverhampton,Brentford,2.0,0.0,H,1.0,0.0,H,11.0,10.0,9.0,3.0,5.0,2.0,12.0,8.0,1.0,1.0,0.0,0.0,P Tierney
2022-2023,2023-04-15,Tottenham,Bournemouth,2.0,3.0,A,1.0,1.0,D,24.0,6.0,8.0,6.0,8.0,1.0,8.0,9.0,1.0,2.0,0.0,0.0,A Madley
2022-2023,2023-04-15,Aston Villa,Newcastle,3.0,0.0,H,1.0,0.0,H,16.0,8.0,6.0,2.0,7.0,2.0,13.0,15.0,1.0,1.0,0.0,0.0,J Brooks
2022-2023,2023-04-15,Everton,Fulham,1.0,3.0,A,1.0,1.0,D,15.0,21.0,7.0,7.0,4.0,8.0,10.0,6.0,3.0,2.0,0.0,0.0,A Taylor
2022-2023,2023-04-15,Chelsea,Brighton,1.0,2.0,A,1.0,1.0,D,8.0,26.0,2.0,10.0,2.0,8.0,11.0,11.0,2.0,2.0,0.0,0.0,R Jones
2022-2023,2023-04-15,Southampton,Crystal Palace,0.0,2.0,A,0.0,0.0,D,11.0,9.0,4.0,2.0,6.0,2.0,6.0,13.0,3.0,1.0,0.0,0.0,M Oliver
2022-2023,2023-04-16,West Ham,Arsenal,2.0,2.0,D,1.0,2.0,A,16.0,11.0,3.0,5.0,7.0,2.0,11.0,8.0,1.0,2.0,0.0,0.0,D Coote
2022-2023,2023-04-16,Nott'm Forest,Manchester United,0.0,2.0,A,0.0,1.0,A,6.0,22.0,0.0,8.0,4.0,9.0,9.0,9.0,2.0,2.0,0.0,0.0,S Hooper
2022-2023,2023-04-17,Leeds,Liverpool,1.0,6.0,A,0.0,2.0,A,13.0,13.0,3.0,7.0,4.0,2.0,6.0,12.0,0.0,1.0,0.0,0.0,C Pawson
2022-2023,2023-04-21,Arsenal,Southampton,3.0,3.0,D,1.0,2.0,A,25.0,8.0,6.0,6.0,7.0,2.0,10.0,14.0,1.0,5.0,0.0,0.0,S Hooper
2022-2023,2023-04-22,Fulham,Leeds,2.0,1.0,H,0.0,0.0,D,12.0,10.0,5.0,2.0,8.0,6.0,10.0,15.0,1.0,4.0,0.0,0.0,P Bankes
2022-2023,2023-04-22,Brentford,Aston Villa,1.0,1.0,D,0.0,0.0,D,6.0,14.0,5.0,2.0,8.0,4.0,12.0,8.0,3.0,2.0,0.0,0.0,M Salisbury
2022-2023,2023-04-22,Crystal Palace,Everton,0.0,0.0,D,0.0,0.0,D,12.0,10.0,2.0,5.0,8.0,1.0,12.0,14.0,1.0,1.0,0.0,1.0,J Brooks
2022-2023,2023-04-22,Leicester,Wolverhampton,2.0,1.0,H,1.0,1.0,D,15.0,16.0,8.0,3.0,1.0,7.0,17.0,16.0,1.0,3.0,0.0,0.0,A Madley
2022-2023,2023-04-22,Liverpool,Nott'm Forest,3.0,2.0,H,0.0,0.0,D,18.0,11.0,6.0,5.0,9.0,3.0,9.0,12.0,0.0,1.0,0.0,0.0,M Oliver
2022-2023,2023-04-23,Bournemouth,West Ham,0.0,4.0,A,0.0,3.0,A,17.0,18.0,5.0,10.0,8.0,5.0,7.0,8.0,1.0,2.0,0.0,0.0,A Taylor
2022-2023,2023-04-23,Newcastle,Tottenham,6.0,1.0,H,5.0,0.0,H,25.0,11.0,8.0,3.0,9.0,3.0,7.0,13.0,0.0,3.0,0.0,0.0,D Coote
2022-2023,2023-04-25,Leeds,Leicester,1.0,1.0,D,1.0,0.0,H,13.0,15.0,3.0,3.0,3.0,6.0,14.0,15.0,4.0,2.0,0.0,0.0,P Tierney
2022-2023,2023-04-25,Aston Villa,Fulham,1.0,0.0,H,1.0,0.0,H,14.0,1.0,3.0,0.0,8.0,2.0,6.0,18.0,3.0,2.0,0.0,0.0,T Bramall
2022-2023,2023-04-25,Wolverhampton,Crystal Palace,2.0,0.0,H,1.0,0.0,H,9.0,14.0,3.0,4.0,6.0,11.0,13.0,14.0,5.0,4.0,0.0,0.0,R Jones
2022-2023,2023-04-26,Nott'm Forest,Brighton,3.0,1.0,H,1.0,1.0,D,12.0,17.0,5.0,7.0,2.0,7.0,7.0,8.0,2.0,0.0,0.0,0.0,J Gillett
2022-2023,2023-04-26,Chelsea,Brentford,0.0,2.0,A,0.0,1.0,A,15.0,7.0,4.0,1.0,5.0,2.0,5.0,13.0,1.0,2.0,0.0,0.0,A Madley
2022-2023,2023-04-26,West Ham,Liverpool,1.0,2.0,A,1.0,1.0,D,7.0,20.0,2.0,4.0,3.0,6.0,6.0,8.0,0.0,0.0,0.0,0.0,C Kavanagh
2022-2023,2023-04-26,Manchester City,Arsenal,4.0,1.0,H,2.0,0.0,H,14.0,8.0,9.0,2.0,1.0,3.0,13.0,13.0,3.0,1.0,0.0,0.0,M Oliver
2022-2023,2023-04-27,Everton,Newcastle,1.0,4.0,A,0.0,1.0,A,13.0,15.0,5.0,8.0,3.0,14.0,8.0,6.0,2.0,1.0,0.0,0.0,A Marriner
2022-2023,2023-04-27,Southampton,Bournemouth,0.0,1.0,A,0.0,0.0,D,11.0,16.0,2.0,2.0,6.0,4.0,9.0,11.0,0.0,3.0,0.0,0.0,D England
2022-2023,2023-04-27,Tottenham,Manchester United,2.0,2.0,D,0.0,2.0,A,18.0,17.0,7.0,8.0,6.0,8.0,8.0,7.0,1.0,2.0,0.0,0.0,A Taylor
2022-2023,2023-04-29,Crystal Palace,West Ham,4.0,3.0,H,3.0,2.0,H,16.0,8.0,6.0,4.0,8.0,5.0,9.0,17.0,1.0,2.0,0.0,0.0,C Pawson
2022-2023,2023-04-29,Brentford,Nott'm Forest,2.0,1.0,H,0.0,1.0,A,14.0,5.0,8.0,3.0,6.0,0.0,6.0,13.0,1.0,2.0,0.0,0.0,P Bankes
2022-2023,2023-04-29,Brighton,Wolverhampton,6.0,0.0,H,4.0,0.0,H,22.0,10.0,8.0,2.0,2.0,5.0,14.0,11.0,1.0,1.0,0.0,0.0,D Coote
2022-2023,2023-04-30,Newcastle,Southampton,3.0,1.0,H,0.0,1.0,A,22.0,4.0,5.0,3.0,11.0,2.0,7.0,10.0,1.0,4.0,0.0,0.0,A Taylor
2022-2023,2023-04-30,Bournemouth,Leeds,4.0,1.0,H,2.0,1.0,H,12.0,15.0,7.0,6.0,2.0,6.0,12.0,14.0,1.0,0.0,0.0,0.0,C Kavanagh
2022-2023,2023-04-30,Fulham,Manchester City,1.0,2.0,A,1.0,2.0,A,4.0,12.0,1.0,9.0,2.0,5.0,9.0,10.0,1.0,3.0,0.0,0.0,S Hooper
2022-2023,2023-04-30,Manchester United,Aston Villa,1.0,0.0,H,1.0,0.0,H,14.0,7.0,6.0,1.0,1.0,4.0,16.0,7.0,2.0,0.0,0.0,0.0,J Gillett
2022-2023,2023-04-30,Liverpool,Tottenham,4.0,3.0,H,3.0,1.0,H,12.0,10.0,4.0,7.0,5.0,2.0,12.0,6.0,3.0,2.0,0.0,0.0,P Tierney
2022-2023,2023-05-01,Leicester,Everton,2.0,2.0,D,2.0,1.0,H,15.0,23.0,6.0,8.0,2.0,9.0,10.0,12.0,4.0,1.0,0.0,0.0,M Oliver
2022-2023,2023-05-02,Arsenal,Chelsea,3.0,1.0,H,3.0,0.0,H,16.0,7.0,10.0,4.0,7.0,2.0,10.0,10.0,0.0,2.0,0.0,0.0,R Jones
2022-2023,2023-05-03,Liverpool,Fulham,1.0,0.0,H,1.0,0.0,H,15.0,9.0,3.0,3.0,7.0,5.0,10.0,8.0,0.0,0.0,0.0,0.0,S Attwell
2022-2023,2023-05-03,Manchester City,West Ham,3.0,0.0,H,0.0,0.0,D,16.0,6.0,7.0,2.0,6.0,3.0,8.0,8.0,0.0,1.0,0.0,0.0,J Brooks
2022-2023,2023-05-04,Brighton,Manchester United,1.0,0.0,H,0.0,0.0,D,22.0,16.0,6.0,5.0,8.0,6.0,10.0,14.0,4.0,4.0,0.0,0.0,A Marriner
2022-2023,2023-05-06,Bournemouth,Chelsea,1.0,3.0,A,1.0,1.0,D,10.0,11.0,4.0,5.0,7.0,7.0,9.0,11.0,1.0,3.0,0.0,0.0,J Brooks
2022-2023,2023-05-06,Manchester City,Leeds,2.0,1.0,H,2.0,0.0,H,18.0,4.0,6.0,2.0,10.0,1.0,3.0,16.0,0.0,3.0,0.0,0.0,A Madley
2022-2023,2023-05-06,Tottenham,Crystal Palace,1.0,0.0,H,1.0,0.0,H,8.0,7.0,3.0,2.0,8.0,4.0,15.0,14.0,3.0,5.0,0.0,0.0,D England
2022-2023,2023-05-06,Wolverhampton,Aston Villa,1.0,0.0,H,1.0,0.0,H,6.0,16.0,2.0,3.0,5.0,6.0,20.0,9.0,3.0,3.0,0.0,0.0,S Attwell
2022-2023,2023-05-06,Liverpool,Brentford,1.0,0.0,H,1.0,0.0,H,15.0,5.0,5.0,1.0,7.0,3.0,19.0,10.0,4.0,2.0,0.0,0.0,A Taylor
2022-2023,2023-05-07,Newcastle,Arsenal,0.0,2.0,A,0.0,1.0,A,12.0,10.0,5.0,6.0,9.0,4.0,16.0,12.0,2.0,1.0,0.0,0.0,C Kavanagh
2022-2023,2023-05-07,West Ham,Manchester United,1.0,0.0,H,1.0,0.0,H,15.0,19.0,4.0,4.0,5.0,6.0,4.0,9.0,0.0,2.0,0.0,0.0,P Bankes
2022-2023,2023-05-08,Fulham,Leicester,5.0,3.0,H,3.0,0.0,H,17.0,18.0,7.0,9.0,2.0,7.0,13.0,15.0,0.0,3.0,0.0,0.0,R Jones
2022-2023,2023-05-08,Brighton,Everton,1.0,5.0,A,0.0,3.0,A,23.0,10.0,5.0,5.0,15.0,1.0,11.0,13.0,1.0,5.0,0.0,0.0,S Hooper
2022-2023,2023-05-08,Nott'm Forest,Southampton,4.0,3.0,H,3.0,1.0,H,9.0,19.0,4.0,5.0,2.0,11.0,16.0,10.0,1.0,0.0,0.0,0.0,M Oliver
2022-2023,2023-05-13,Southampton,Fulham,0.0,2.0,A,0.0,0.0,D,5.0,9.0,1.0,4.0,1.0,8.0,17.0,12.0,2.0,0.0,0.0,0.0,T Bramall
2022-2023,2023-05-13,Manchester United,Wolverhampton,2.0,0.0,H,1.0,0.0,H,27.0,5.0,9.0,0.0,11.0,7.0,9.0,9.0,3.0,2.0,0.0,0.0,J Brooks
2022-2023,2023-05-13,Crystal Palace,Bournemouth,2.0,0.0,H,1.0,0.0,H,17.0,5.0,5.0,0.0,11.0,2.0,5.0,12.0,0.0,2.0,0.0,0.0,M Salisbury
2022-2023,2023-05-13,Aston Villa,Tottenham,2.0,1.0,H,1.0,0.0,H,8.0,5.0,4.0,2.0,8.0,3.0,9.0,14.0,3.0,3.0,0.0,0.0,P Bankes
2022-2023,2023-05-13,Leeds,Newcastle,2.0,2.0,D,1.0,1.0,D,9.0,18.0,4.0,5.0,2.0,6.0,16.0,14.0,3.0,2.0,1.0,0.0,S Hooper
2022-2023,2023-05-13,Chelsea,Nott'm Forest,2.0,2.0,D,0.0,1.0,A,14.0,11.0,6.0,2.0,2.0,5.0,13.0,15.0,3.0,1.0,0.0,0.0,P Tierney
2022-2023,2023-05-14,Brentford,West Ham,2.0,0.0,H,2.0,0.0,H,24.0,4.0,10.0,4.0,7.0,5.0,5.0,5.0,1.0,0.0,0.0,0.0,M Oliver
2022-2023,2023-05-14,Everton,Manchester City,0.0,3.0,A,0.0,2.0,A,7.0,9.0,3.0,4.0,8.0,6.0,12.0,4.0,1.0,0.0,0.0,0.0,A Taylor
2022-2023,2023-05-14,Arsenal,Brighton,0.0,3.0,A,0.0,0.0,D,14.0,12.0,2.0,6.0,5.0,2.0,13.0,17.0,1.0,2.0,0.0,0.0,A Madley
2022-2023,2023-05-15,Leicester,Liverpool,0.0,3.0,A,0.0,2.0,A,4.0,16.0,4.0,5.0,4.0,4.0,11.0,17.0,2.0,1.0,0.0,0.0,C Pawson
2022-2023,2023-05-18,Newcastle,Brighton,4.0,1.0,H,2.0,0.0,H,22.0,8.0,9.0,2.0,6.0,1.0,17.0,16.0,2.0,4.0,0.0,0.0,R Jones
2022-2023,2023-05-20,Bournemouth,Manchester United,0.0,1.0,A,0.0,1.0,A,10.0,20.0,4.0,5.0,3.0,6.0,6.0,7.0,1.0,0.0,0.0,0.0,C Kavanagh
2022-2023,2023-05-20,Nott'm Forest,Arsenal,1.0,0.0,H,1.0,0.0,H,6.0,11.0,2.0,3.0,3.0,6.0,11.0,12.0,3.0,2.0,0.0,0.0,A Taylor
2022-2023,2023-05-20,Wolverhampton,Everton,1.0,1.0,D,1.0,0.0,H,13.0,19.0,5.0,4.0,1.0,7.0,18.0,10.0,5.0,1.0,0.0,0.0,D Coote
2022-2023,2023-05-20,Tottenham,Brentford,1.0,3.0,A,1.0,0.0,H,22.0,11.0,8.0,4.0,8.0,2.0,11.0,9.0,1.0,1.0,0.0,0.0,J Gillett
2022-2023,2023-05-20,Fulham,Crystal Palace,2.0,2.0,D,1.0,1.0,D,11.0,11.0,4.0,5.0,7.0,4.0,13.0,12.0,3.0,0.0,0.0,0.0,J Smith
2022-2023,2023-05-20,Liverpool,Aston Villa,1.0,1.0,D,0.0,1.0,A,10.0,6.0,5.0,3.0,9.0,4.0,16.0,13.0,3.0,5.0,0.0,0.0,J Brooks
2022-2023,2023-05-21,Brighton,Southampton,3.0,1.0,H,2.0,0.0,H,26.0,5.0,8.0,1.0,4.0,3.0,8.0,9.0,2.0,5.0,0.0,0.0,P Tierney
2022-2023,2023-05-21,West Ham,Leeds,3.0,1.0,H,1.0,1.0,D,19.0,12.0,9.0,3.0,9.0,5.0,6.0,11.0,1.0,3.0,0.0,0.0,P Bankes
2022-2023,2023-05-21,Manchester City,Chelsea,1.0,0.0,H,1.0,0.0,H,15.0,13.0,2.0,6.0,5.0,2.0,12.0,9.0,0.0,2.0,0.0,0.0,M Oliver
2022-2023,2023-05-22,Newcastle,Leicester,0.0,0.0,D,0.0,0.0,D,23.0,1.0,4.0,1.0,12.0,1.0,9.0,5.0,2.0,0.0,0.0,0.0,A Marriner
2022-2023,2023-05-24,Brighton,Manchester City,1.0,1.0,D,1.0,1.0,D,20.0,13.0,7.0,4.0,5.0,1.0,16.0,11.0,2.0,1.0,0.0,0.0,S Hooper
2022-2023,2023-05-25,Manchester United,Chelsea,4.0,1.0,H,2.0,0.0,H,18.0,14.0,9.0,5.0,3.0,4.0,12.0,6.0,1.0,1.0,0.0,0.0,S Attwell
2022-2023,2023-05-28,Arsenal,Wolverhampton,5.0,0.0,H,3.0,0.0,H,14.0,6.0,8.0,0.0,8.0,4.0,8.0,11.0,0.0,0.0,0.0,0.0,A Marriner
2022-2023,2023-05-28,Southampton,Liverpool,4.0,4.0,D,2.0,2.0,D,15.0,30.0,10.0,8.0,2.0,9.0,4.0,10.0,0.0,2.0,0.0,0.0,D England
2022-2023,2023-05-28,Leicester,West Ham,2.0,1.0,H,1.0,0.0,H,13.0,16.0,4.0,3.0,3.0,5.0,8.0,10.0,1.0,1.0,0.0,0.0,S Hooper
2022-2023,2023-05-28,Leeds,Tottenham,1.0,4.0,A,0.0,1.0,A,19.0,11.0,2.0,7.0,12.0,3.0,7.0,5.0,3.0,0.0,0.0,0.0,A Taylor
2022-2023,2023-05-28,Everton,Bournemouth,1.0,0.0,H,0.0,0.0,D,13.0,7.0,6.0,2.0,9.0,3.0,11.0,12.0,1.0,3.0,0.0,0.0,S Attwell
2022-2023,2023-05-28,Manchester United,Fulham,2.0,1.0,H,1.0,1.0,D,21.0,10.0,8.0,3.0,5.0,4.0,14.0,10.0,1.0,2.0,0.0,0.0,R Jones
2022-2023,2023-05-28,Chelsea,Newcastle,1.0,1.0,D,1.0,1.0,D,22.0,13.0,5.0,4.0,10.0,3.0,9.0,11.0,0.0,0.0,0.0,0.0,J Gillett
2022-2023,2023-05-28,Brentford,Manchester City,1.0,0.0,H,0.0,0.0,D,11.0,17.0,4.0,3.0,3.0,4.0,12.0,8.0,4.0,0.0,0.0,0.0,J Brooks
2022-2023,2023-05-28,Aston Villa,Brighton,2.0,1.0,H,2.0,1.0,H,12.0,8.0,5.0,4.0,4.0,3.0,15.0,16.0,4.0,4.0,0.0,0.0,D Coote
2022-2023,2023-05-28,Crystal Palace,Nott'm Forest,1.0,1.0,D,0.0,1.0,A,16.0,7.0,4.0,4.0,5.0,4.0,9.0,13.0,0.0,2.0,0.0,0.0,T Bramall
2023-2024,2023-08-11,Burnley,Manchester City,0.0,3.0,A,0.0,2.0,A,6.0,17.0,1.0,8.0,6.0,5.0,11.0,8.0,0.0,0.0,1.0,0.0,C Pawson
2023-2024,2023-08-12,Sheffield United,Crystal Palace,0.0,1.0,A,0.0,0.0,D,8.0,24.0,1.0,8.0,5.0,5.0,18.0,11.0,3.0,0.0,0.0,0.0,J Brooks
2023-2024,2023-08-12,Arsenal,Nott'm Forest,2.0,1.0,H,2.0,0.0,H,15.0,6.0,7.0,2.0,8.0,3.0,12.0,12.0,2.0,2.0,0.0,0.0,M Oliver
2023-2024,2023-08-12,Bournemouth,West Ham,1.0,1.0,D,0.0,0.0,D,14.0,16.0,5.0,3.0,10.0,4.0,9.0,14.0,1.0,4.0,0.0,0.0,P Bankes
2023-2024,2023-08-12,Brighton,Luton,4.0,1.0,H,1.0,0.0,H,27.0,9.0,12.0,3.0,6.0,7.0,11.0,12.0,2.0,2.0,0.0,0.0,D Coote
2023-2024,2023-08-12,Everton,Fulham,0.0,1.0,A,0.0,0.0,D,19.0,9.0,9.0,2.0,10.0,4.0,12.0,6.0,0.0,2.0,0.0,0.0,S Attwell
2023-2024,2023-08-12,Newcastle,Aston Villa,5.0,1.0,H,2.0,1.0,H,17.0,16.0,13.0,6.0,6.0,5.0,12.0,17.0,4.0,4.0,0.0,0.0,A Madley
2023-2024,2023-08-13,Chelsea,Liverpool,1.0,1.0,D,1.0,1.0,D,10.0,13.0,4.0,1.0,4.0,4.0,5.0,12.0,3.0,3.0,0.0,0.0,A Taylor
2023-2024,2023-08-13,Brentford,Tottenham,2.0,2.0,D,2.0,2.0,D,11.0,18.0,6.0,6.0,3.0,6.0,12.0,13.0,1.0,4.0,0.0,0.0,R Jones
2023-2024,2023-08-14,Manchester United,Wolverhampton,1.0,0.0,H,0.0,0.0,D,15.0,23.0,3.0,6.0,8.0,7.0,14.0,10.0,2.0,3.0,0.0,0.0,S Hooper
2023-2024,2023-08-18,Nott'm Forest,Sheffield United,2.0,1.0,H,1.0,0.0,H,16.0,7.0,4.0,3.0,6.0,7.0,5.0,9.0,2.0,3.0,0.0,0.0,P Bankes
2023-2024,2023-08-19,Fulham,Brentford,0.0,3.0,A,0.0,1.0,A,10.0,17.0,2.0,8.0,5.0,5.0,13.0,12.0,2.0,2.0,1.0,0.0,D Bond
2023-2024,2023-08-19,Liverpool,Bournemouth,3.0,1.0,H,2.0,1.0,H,26.0,13.0,10.0,5.0,10.0,2.0,11.0,13.0,1.0,3.0,1.0,0.0,T Bramall
2023-2024,2023-08-19,Wolverhampton,Brighton,1.0,4.0,A,0.0,1.0,A,16.0,16.0,5.0,8.0,5.0,3.0,14.0,11.0,3.0,6.0,1.0,0.0,A Madley
2023-2024,2023-08-19,Tottenham,Manchester United,2.0,0.0,H,0.0,0.0,D,17.0,22.0,6.0,6.0,5.0,6.0,9.0,8.0,1.0,3.0,0.0,0.0,M Oliver
2023-2024,2023-08-19,Manchester City,Newcastle,1.0,0.0,H,1.0,0.0,H,14.0,7.0,4.0,1.0,3.0,0.0,12.0,11.0,1.0,5.0,0.0,0.0,R Jones
2023-2024,2023-08-20,West Ham,Chelsea,3.0,1.0,H,1.0,1.0,D,12.0,17.0,6.0,4.0,3.0,9.0,12.0,9.0,2.0,3.0,1.0,0.0,J Brooks
2023-2024,2023-08-20,Aston Villa,Everton,4.0,0.0,H,2.0,0.0,H,13.0,9.0,7.0,2.0,7.0,6.0,8.0,12.0,3.0,4.0,0.0,0.0,A Taylor
2023-2024,2023-08-21,Crystal Palace,Arsenal,0.0,1.0,A,0.0,0.0,D,14.0,14.0,2.0,3.0,1.0,8.0,14.0,10.0,2.0,1.0,0.0,1.0,D Coote
2023-2024,2023-08-25,Chelsea,Luton,3.0,0.0,H,1.0,0.0,H,19.0,11.0,8.0,1.0,6.0,4.0,15.0,12.0,2.0,3.0,0.0,0.0,R Jones
2023-2024,2023-08-26,Manchester United,Nott'm Forest,3.0,2.0,H,1.0,2.0,A,18.0,9.0,9.0,4.0,11.0,3.0,13.0,11.0,4.0,4.0,0.0,1.0,S Attwell
2023-2024,2023-08-26,Everton,Wolverhampton,0.0,1.0,A,0.0,0.0,D,15.0,11.0,7.0,2.0,7.0,0.0,10.0,14.0,3.0,4.0,0.0,0.0,C Pawson
2023-2024,2023-08-26,Brighton,West Ham,1.0,3.0,A,0.0,1.0,A,25.0,12.0,10.0,3.0,17.0,4.0,10.0,9.0,1.0,3.0,0.0,0.0,A Taylor
2023-2024,2023-08-26,Arsenal,Fulham,2.0,2.0,D,0.0,1.0,A,19.0,8.0,11.0,3.0,8.0,3.0,6.0,5.0,0.0,3.0,0.0,1.0,P Tierney
2023-2024,2023-08-26,Bournemouth,Tottenham,0.0,2.0,A,0.0,1.0,A,11.0,17.0,3.0,6.0,6.0,2.0,18.0,11.0,1.0,3.0,0.0,0.0,T Robinson
2023-2024,2023-08-26,Brentford,Crystal Palace,1.0,1.0,D,1.0,0.0,H,12.0,15.0,1.0,5.0,8.0,6.0,9.0,15.0,0.0,0.0,0.0,0.0,P Bankes
2023-2024,2023-08-27,Newcastle,Liverpool,1.0,2.0,A,1.0,0.0,H,23.0,9.0,8.0,4.0,5.0,9.0,16.0,10.0,1.0,2.0,0.0,1.0,J Brooks
2023-2024,2023-08-27,Burnley,Aston Villa,1.0,3.0,A,0.0,2.0,A,9.0,16.0,2.0,6.0,4.0,6.0,12.0,11.0,2.0,0.0,0.0,0.0,M Salisbury
2023-2024,2023-08-27,Sheffield United,Manchester City,1.0,2.0,A,0.0,0.0,D,6.0,30.0,2.0,9.0,1.0,12.0,11.0,2.0,3.0,0.0,0.0,0.0,J Gillett
2023-2024,2023-09-01,Luton,West Ham,1.0,2.0,A,0.0,1.0,A,16.0,9.0,1.0,3.0,9.0,6.0,8.0,13.0,1.0,1.0,0.0,0.0,P Tierney
2023-2024,2023-09-02,Sheffield United,Everton,2.0,2.0,D,2.0,1.0,H,13.0,16.0,8.0,6.0,4.0,6.0,11.0,13.0,1.0,2.0,0.0,0.0,A Madley
2023-2024,2023-09-02,Brentford,Bournemouth,2.0,2.0,D,1.0,1.0,D,21.0,12.0,7.0,5.0,5.0,2.0,6.0,13.0,1.0,2.0,0.0,0.0,R Madley
2023-2024,2023-09-02,Burnley,Tottenham,2.0,5.0,A,1.0,2.0,A,16.0,20.0,4.0,10.0,7.0,4.0,15.0,9.0,4.0,3.0,0.0,0.0,D England
2023-2024,2023-09-02,Chelsea,Nott'm Forest,0.0,1.0,A,0.0,0.0,D,21.0,7.0,2.0,3.0,8.0,0.0,10.0,9.0,3.0,4.0,0.0,0.0,T Robinson
2023-2024,2023-09-02,Manchester City,Fulham,5.0,1.0,H,2.0,1.0,H,7.0,6.0,5.0,4.0,4.0,5.0,12.0,12.0,2.0,4.0,0.0,0.0,M Oliver
2023-2024,2023-09-02,Brighton,Newcastle,3.0,1.0,H,1.0,0.0,H,15.0,9.0,6.0,2.0,5.0,3.0,14.0,17.0,4.0,4.0,0.0,0.0,S Attwell
2023-2024,2023-09-03,Crystal Palace,Wolverhampton,3.0,2.0,H,0.0,0.0,D,16.0,12.0,11.0,4.0,4.0,2.0,12.0,12.0,1.0,3.0,0.0,0.0,R Jones
2023-2024,2023-09-03,Liverpool,Aston Villa,3.0,0.0,H,2.0,0.0,H,17.0,9.0,4.0,3.0,7.0,3.0,12.0,7.0,0.0,1.0,0.0,0.0,S Hooper
2023-2024,2023-09-03,Arsenal,Manchester United,3.0,1.0,H,1.0,1.0,D,17.0,10.0,5.0,2.0,12.0,3.0,8.0,7.0,2.0,3.0,0.0,0.0,A Taylor
2023-2024,2023-09-16,Newcastle,Brentford,1.0,0.0,H,0.0,0.0,D,9.0,11.0,2.0,2.0,8.0,3.0,8.0,12.0,3.0,5.0,0.0,0.0,C Pawson
2023-2024,2023-09-16,West Ham,Manchester City,1.0,3.0,A,1.0,0.0,H,6.0,29.0,3.0,15.0,4.0,11.0,7.0,11.0,3.0,2.0,0.0,0.0,A Madley
2023-2024,2023-09-16,Manchester United,Brighton,1.0,3.0,A,0.0,1.0,A,14.0,10.0,4.0,8.0,8.0,1.0,8.0,9.0,2.0,2.0,0.0,0.0,J Gillett
2023-2024,2023-09-16,Tottenham,Sheffield United,2.0,1.0,H,0.0,0.0,D,28.0,7.0,10.0,5.0,15.0,2.0,13.0,14.0,6.0,5.0,0.0,1.0,P Bankes
2023-2024,2023-09-16,Aston Villa,Crystal Palace,3.0,1.0,H,0.0,0.0,D,16.0,6.0,5.0,3.0,4.0,2.0,13.0,9.0,5.0,3.0,0.0,0.0,D England
2023-2024,2023-09-16,Wolverhampton,Liverpool,1.0,3.0,A,1.0,0.0,H,11.0,16.0,2.0,6.0,4.0,4.0,10.0,4.0,1.0,3.0,0.0,0.0,M Oliver
2023-2024,2023-09-16,Fulham,Luton,1.0,0.0,H,0.0,0.0,D,13.0,7.0,2.0,2.0,6.0,2.0,6.0,14.0,2.0,2.0,0.0,0.0,M Salisbury
2023-2024,2023-09-17,Bournemouth,Chelsea,0.0,0.0,D,0.0,0.0,D,13.0,14.0,4.0,6.0,1.0,7.0,15.0,20.0,1.0,5.0,0.0,0.0,D Coote
2023-2024,2023-09-17,Everton,Arsenal,0.0,1.0,A,0.0,0.0,D,8.0,13.0,1.0,4.0,1.0,11.0,12.0,10.0,1.0,1.0,0.0,0.0,S Hooper
2023-2024,2023-09-18,Nott'm Forest,Burnley,1.0,1.0,D,0.0,1.0,A,14.0,10.0,4.0,3.0,5.0,4.0,16.0,10.0,2.0,3.0,0.0,1.0,R Jones
2023-2024,2023-09-23,Crystal Palace,Fulham,0.0,0.0,D,0.0,0.0,D,7.0,10.0,3.0,5.0,3.0,2.0,10.0,15.0,3.0,2.0,0.0,0.0,P Tierney
2023-2024,2023-09-23,Luton,Wolverhampton,1.0,1.0,D,0.0,0.0,D,20.0,3.0,4.0,3.0,10.0,1.0,12.0,17.0,0.0,2.0,0.0,1.0,J Smith
2023-2024,2023-09-23,Manchester City,Nott'm Forest,2.0,0.0,H,2.0,0.0,H,7.0,10.0,4.0,3.0,6.0,6.0,5.0,17.0,3.0,7.0,1.0,0.0,A Taylor
2023-2024,2023-09-23,Brentford,Everton,1.0,3.0,A,1.0,1.0,D,12.0,18.0,2.0,6.0,1.0,4.0,9.0,12.0,2.0,2.0,0.0,0.0,M Oliver
2023-2024,2023-09-23,Burnley,Manchester United,0.0,1.0,A,0.0,1.0,A,12.0,11.0,4.0,4.0,9.0,5.0,6.0,12.0,1.0,2.0,0.0,0.0,T Harrington
2023-2024,2023-09-24,Liverpool,West Ham,3.0,1.0,H,1.0,1.0,D,22.0,11.0,7.0,4.0,7.0,4.0,12.0,13.0,0.0,2.0,0.0,0.0,C Kavanagh
2023-2024,2023-09-24,Arsenal,Tottenham,2.0,2.0,D,1.0,1.0,D,13.0,13.0,6.0,5.0,11.0,4.0,12.0,19.0,3.0,4.0,0.0,0.0,R Jones
2023-2024,2023-09-24,Brighton,Bournemouth,3.0,1.0,H,1.0,1.0,D,13.0,12.0,4.0,4.0,4.0,4.0,12.0,17.0,3.0,3.0,0.0,0.0,J Brooks
2023-2024,2023-09-24,Chelsea,Aston Villa,0.0,1.0,A,0.0,0.0,D,10.0,15.0,4.0,7.0,5.0,11.0,9.0,11.0,2.0,3.0,0.0,0.0,J Gillett
2023-2024,2023-09-24,Sheffield United,Newcastle,0.0,8.0,A,0.0,3.0,A,9.0,22.0,1.0,15.0,2.0,6.0,12.0,8.0,3.0,0.0,0.0,0.0,S Attwell
2023-2024,2023-09-30,Wolverhampton,Manchester City,2.0,1.0,H,1.0,0.0,H,3.0,23.0,1.0,8.0,0.0,6.0,18.0,12.0,5.0,4.0,0.0,0.0,C Pawson
2023-2024,2023-09-30,West Ham,Sheffield United,2.0,0.0,H,2.0,0.0,H,20.0,16.0,9.0,2.0,7.0,4.0,6.0,9.0,1.0,1.0,0.0,0.0,G Scott
2023-2024,2023-09-30,Tottenham,Liverpool,2.0,1.0,H,1.0,1.0,D,24.0,12.0,8.0,4.0,12.0,5.0,11.0,17.0,5.0,4.0,0.0,2.0,S Hooper
2023-2024,2023-09-30,Newcastle,Burnley,2.0,0.0,H,1.0,0.0,H,20.0,8.0,8.0,2.0,5.0,3.0,7.0,15.0,1.0,3.0,0.0,0.0,T Bramall
2023-2024,2023-09-30,Manchester United,Crystal Palace,0.0,1.0,A,0.0,1.0,A,19.0,8.0,4.0,2.0,10.0,4.0,10.0,8.0,3.0,2.0,0.0,0.0,C Kavanagh
2023-2024,2023-09-30,Everton,Luton,1.0,2.0,A,1.0,2.0,A,23.0,9.0,5.0,2.0,3.0,6.0,8.0,10.0,0.0,1.0,0.0,0.0,A Taylor
2023-2024,2023-09-30,Bournemouth,Arsenal,0.0,4.0,A,0.0,2.0,A,8.0,15.0,1.0,8.0,6.0,6.0,11.0,10.0,0.0,1.0,0.0,0.0,M Salisbury
2023-2024,2023-09-30,Aston Villa,Brighton,6.0,1.0,H,3.0,0.0,H,19.0,11.0,9.0,3.0,1.0,3.0,19.0,21.0,4.0,4.0,0.0,0.0,A Madley
2023-2024,2023-10-01,Nott'm Forest,Brentford,1.0,1.0,D,0.0,0.0,D,6.0,18.0,1.0,5.0,1.0,11.0,6.0,10.0,1.0,2.0,1.0,0.0,P Tierney
2023-2024,2023-10-02,Fulham,Chelsea,0.0,2.0,A,0.0,2.0,A,10.0,11.0,3.0,4.0,8.0,1.0,15.0,12.0,1.0,4.0,0.0,0.0,T Robinson
2023-2024,2023-10-03,Luton,Burnley,1.0,2.0,A,0.0,1.0,A,18.0,14.0,3.0,4.0,7.0,6.0,14.0,6.0,4.0,2.0,0.0,0.0,P Bankes
2023-2024,2023-10-07,Crystal Palace,Nott'm Forest,0.0,0.0,D,0.0,0.0,D,8.0,16.0,2.0,5.0,3.0,7.0,7.0,12.0,0.0,1.0,0.0,0.0,C Pawson
2023-2024,2023-10-07,Manchester United,Brentford,2.0,1.0,H,0.0,1.0,A,21.0,11.0,8.0,3.0,7.0,5.0,10.0,17.0,0.0,5.0,0.0,0.0,A Madley
2023-2024,2023-10-07,Fulham,Sheffield United,3.0,1.0,H,0.0,0.0,D,20.0,5.0,6.0,2.0,9.0,4.0,8.0,10.0,1.0,2.0,0.0,0.0,S Barrott
2023-2024,2023-10-07,Burnley,Chelsea,1.0,4.0,A,1.0,1.0,D,10.0,9.0,3.0,5.0,7.0,3.0,11.0,8.0,2.0,4.0,0.0,0.0,S Attwell
2023-2024,2023-10-07,Luton,Tottenham,0.0,1.0,A,0.0,0.0,D,12.0,15.0,2.0,4.0,5.0,6.0,16.0,7.0,2.0,1.0,0.0,1.0,J Brooks
2023-2024,2023-10-07,Everton,Bournemouth,3.0,0.0,H,2.0,0.0,H,25.0,11.0,8.0,4.0,8.0,7.0,14.0,15.0,1.0,2.0,0.0,0.0,D Coote
2023-2024,2023-10-08,Brighton,Liverpool,2.0,2.0,D,1.0,2.0,A,14.0,14.0,3.0,4.0,8.0,1.0,12.0,20.0,1.0,2.0,0.0,0.0,A Taylor
2023-2024,2023-10-08,West Ham,Newcastle,2.0,2.0,D,1.0,0.0,H,5.0,10.0,3.0,3.0,4.0,2.0,11.0,18.0,3.0,3.0,0.0,0.0,P Bankes
2023-2024,2023-10-08,Wolverhampton,Aston Villa,1.0,1.0,D,0.0,0.0,D,8.0,18.0,3.0,4.0,2.0,10.0,19.0,9.0,2.0,2.0,1.0,0.0,R Jones
2023-2024,2023-10-08,Arsenal,Manchester City,1.0,0.0,H,0.0,0.0,D,12.0,4.0,2.0,1.0,5.0,4.0,8.0,7.0,2.0,3.0,0.0,0.0,M Oliver
2023-2024,2023-10-21,Nott'm Forest,Luton,2.0,2.0,D,0.0,0.0,D,19.0,13.0,8.0,4.0,4.0,2.0,12.0,11.0,3.0,0.0,0.0,0.0,S Barrott
2023-2024,2023-10-21,Sheffield United,Manchester United,1.0,2.0,A,1.0,1.0,D,12.0,14.0,6.0,5.0,5.0,4.0,12.0,10.0,3.0,1.0,0.0,0.0,M Oliver
2023-2024,2023-10-21,Chelsea,Arsenal,2.0,2.0,D,1.0,0.0,H,11.0,13.0,5.0,3.0,2.0,7.0,7.0,14.0,3.0,3.0,0.0,0.0,C Kavanagh
2023-2024,2023-10-21,Newcastle,Crystal Palace,4.0,0.0,H,3.0,0.0,H,10.0,17.0,7.0,3.0,6.0,8.0,7.0,12.0,2.0,3.0,0.0,0.0,T Robinson
2023-2024,2023-10-21,Liverpool,Everton,2.0,0.0,H,0.0,0.0,D,26.0,6.0,6.0,1.0,12.0,4.0,9.0,9.0,1.0,1.0,0.0,1.0,C Pawson
2023-2024,2023-10-21,Brentford,Burnley,3.0,0.0,H,1.0,0.0,H,23.0,6.0,10.0,1.0,5.0,5.0,14.0,12.0,5.0,2.0,0.0,1.0,J Smith
2023-2024,2023-10-21,Bournemouth,Wolverhampton,1.0,2.0,A,1.0,0.0,H,7.0,20.0,4.0,7.0,3.0,12.0,15.0,10.0,2.0,6.0,1.0,0.0,P Tierney
2023-2024,2023-10-21,Manchester City,Brighton,2.0,1.0,H,2.0,0.0,H,10.0,5.0,6.0,3.0,2.0,2.0,9.0,11.0,2.0,2.0,1.0,0.0,R Jones
2023-2024,2023-10-22,Aston Villa,West Ham,4.0,1.0,H,1.0,0.0,H,15.0,14.0,7.0,4.0,8.0,7.0,9.0,15.0,0.0,1.0,0.0,0.0,D Coote
2023-2024,2023-10-23,Tottenham,Fulham,2.0,0.0,H,1.0,0.0,H,15.0,10.0,5.0,3.0,3.0,5.0,10.0,14.0,2.0,0.0,0.0,0.0,A Taylor
2023-2024,2023-10-27,Crystal Palace,Tottenham,1.0,2.0,A,0.0,0.0,D,13.0,10.0,3.0,1.0,11.0,2.0,19.0,11.0,2.0,1.0,0.0,0.0,A Madley
2023-2024,2023-10-28,Chelsea,Brentford,0.0,2.0,A,0.0,0.0,D,17.0,7.0,2.0,5.0,10.0,1.0,12.0,7.0,1.0,4.0,0.0,0.0,S Hooper
2023-2024,2023-10-28,Arsenal,Sheffield United,5.0,0.0,H,1.0,0.0,H,13.0,2.0,8.0,0.0,6.0,1.0,9.0,13.0,0.0,3.0,0.0,0.0,T Robinson
2023-2024,2023-10-28,Bournemouth,Burnley,2.0,1.0,H,1.0,1.0,D,13.0,6.0,6.0,3.0,10.0,5.0,9.0,12.0,2.0,3.0,0.0,0.0,S Barrott
2023-2024,2023-10-28,Wolverhampton,Newcastle,2.0,2.0,D,1.0,2.0,A,11.0,13.0,6.0,5.0,8.0,7.0,13.0,15.0,1.0,4.0,0.0,0.0,A Taylor
2023-2024,2023-10-29,Liverpool,Nott'm Forest,3.0,0.0,H,2.0,0.0,H,21.0,9.0,8.0,1.0,8.0,3.0,9.0,13.0,2.0,3.0,0.0,0.0,C Kavanagh
2023-2024,2023-10-29,Brighton,Fulham,1.0,1.0,D,1.0,0.0,H,18.0,10.0,7.0,5.0,7.0,3.0,12.0,8.0,0.0,3.0,0.0,0.0,M Salisbury
2023-2024,2023-10-29,Manchester United,Manchester City,0.0,3.0,A,0.0,1.0,A,7.0,21.0,3.0,10.0,7.0,12.0,9.0,4.0,4.0,1.0,0.0,0.0,P Tierney
2023-2024,2023-10-29,West Ham,Everton,0.0,1.0,A,0.0,0.0,D,12.0,10.0,2.0,4.0,4.0,3.0,7.0,11.0,4.0,1.0,0.0,0.0,S Attwell
2023-2024,2023-10-29,Aston Villa,Luton,3.0,1.0,H,1.0,0.0,H,17.0,7.0,6.0,1.0,6.0,4.0,11.0,10.0,3.0,2.0,0.0,0.0,J Brooks
2023-2024,2023-11-04,Newcastle,Arsenal,1.0,0.0,H,0.0,0.0,D,9.0,14.0,2.0,1.0,0.0,11.0,14.0,9.0,5.0,1.0,0.0,0.0,S Attwell
2023-2024,2023-11-04,Sheffield United,Wolverhampton,2.0,1.0,H,0.0,0.0,D,11.0,10.0,2.0,3.0,4.0,4.0,13.0,10.0,2.0,3.0,0.0,0.0,R Jones
2023-2024,2023-11-04,Manchester City,Bournemouth,6.0,1.0,H,3.0,0.0,H,21.0,5.0,8.0,1.0,12.0,1.0,8.0,9.0,0.0,1.0,0.0,0.0,C Pawson
2023-2024,2023-11-04,Fulham,Manchester United,0.0,1.0,A,0.0,0.0,D,18.0,12.0,3.0,5.0,9.0,4.0,9.0,15.0,5.0,2.0,0.0,0.0,J Brooks
2023-2024,2023-11-04,Burnley,Crystal Palace,0.0,2.0,A,0.0,1.0,A,17.0,4.0,5.0,3.0,12.0,1.0,9.0,12.0,0.0,5.0,0.0,0.0,P Bankes
2023-2024,2023-11-04,Everton,Brighton,1.0,1.0,D,1.0,0.0,H,10.0,7.0,4.0,2.0,3.0,3.0,15.0,5.0,4.0,2.0,0.0,0.0,T Robinson
2023-2024,2023-11-04,Brentford,West Ham,3.0,2.0,H,1.0,2.0,A,16.0,12.0,4.0,2.0,4.0,3.0,12.0,14.0,1.0,4.0,0.0,0.0,T Bramall
2023-2024,2023-11-05,Nott'm Forest,Aston Villa,2.0,0.0,H,1.0,0.0,H,5.0,13.0,3.0,3.0,0.0,10.0,6.0,9.0,1.0,1.0,0.0,0.0,J Gillett
2023-2024,2023-11-05,Luton,Liverpool,1.0,1.0,D,0.0,0.0,D,8.0,24.0,5.0,6.0,4.0,7.0,7.0,13.0,1.0,1.0,0.0,0.0,A Madley
2023-2024,2023-11-06,Tottenham,Chelsea,1.0,4.0,A,1.0,1.0,D,8.0,17.0,5.0,8.0,1.0,6.0,12.0,21.0,1.0,5.0,2.0,0.0,M Oliver
2023-2024,2023-11-11,Bournemouth,Newcastle,2.0,0.0,H,0.0,0.0,D,19.0,8.0,10.0,5.0,6.0,5.0,10.0,4.0,2.0,1.0,0.0,0.0,C Kavanagh
2023-2024,2023-11-11,Wolverhampton,Tottenham,2.0,1.0,H,0.0,1.0,A,17.0,6.0,4.0,2.0,11.0,3.0,19.0,15.0,4.0,3.0,0.0,0.0,T Robinson
2023-2024,2023-11-11,Arsenal,Burnley,3.0,1.0,H,1.0,0.0,H,16.0,8.0,6.0,5.0,3.0,3.0,8.0,9.0,0.0,1.0,1.0,0.0,M Oliver
2023-2024,2023-11-11,Crystal Palace,Everton,2.0,3.0,A,1.0,1.0,D,13.0,8.0,4.0,4.0,9.0,2.0,9.0,18.0,1.0,4.0,0.0,0.0,S Barrott
2023-2024,2023-11-11,Manchester United,Luton,1.0,0.0,H,0.0,0.0,D,15.0,10.0,4.0,4.0,11.0,3.0,9.0,11.0,0.0,2.0,0.0,0.0,G Scott
2023-2024,2023-11-12,Aston Villa,Fulham,3.0,1.0,H,2.0,0.0,H,12.0,9.0,6.0,5.0,2.0,2.0,4.0,17.0,2.0,5.0,0.0,0.0,S Hooper
2023-2024,2023-11-12,Brighton,Sheffield United,1.0,1.0,D,1.0,0.0,H,11.0,9.0,6.0,1.0,6.0,3.0,13.0,16.0,3.0,2.0,1.0,0.0,J Brooks
2023-2024,2023-11-12,Liverpool,Brentford,3.0,0.0,H,1.0,0.0,H,17.0,16.0,10.0,3.0,6.0,8.0,16.0,12.0,1.0,2.0,0.0,0.0,P Tierney
2023-2024,2023-11-12,West Ham,Nott'm Forest,3.0,2.0,H,1.0,1.0,D,16.0,10.0,6.0,5.0,9.0,4.0,9.0,12.0,2.0,2.0,0.0,0.0,M Salisbury
2023-2024,2023-11-12,Chelsea,Manchester City,4.0,4.0,D,2.0,2.0,D,17.0,15.0,9.0,10.0,3.0,3.0,12.0,15.0,5.0,3.0,0.0,0.0,A Taylor
2023-2024,2023-11-25,Burnley,West Ham,1.0,2.0,A,0.0,0.0,D,11.0,11.0,5.0,3.0,4.0,5.0,11.0,7.0,1.0,3.0,0.0,0.0,S Barrott
2023-2024,2023-11-25,Sheffield United,Bournemouth,1.0,3.0,A,0.0,2.0,A,10.0,23.0,2.0,11.0,4.0,7.0,6.0,8.0,4.0,1.0,0.0,0.0,A Madley
2023-2024,2023-11-25,Brentford,Arsenal,0.0,1.0,A,0.0,0.0,D,9.0,15.0,3.0,4.0,1.0,8.0,9.0,7.0,1.0,1.0,0.0,0.0,T Robinson
2023-2024,2023-11-25,Nott'm Forest,Brighton,2.0,3.0,A,1.0,2.0,A,18.0,11.0,5.0,5.0,6.0,4.0,12.0,7.0,2.0,4.0,0.0,1.0,A Taylor
2023-2024,2023-11-25,Manchester City,Liverpool,1.0,1.0,D,1.0,0.0,H,16.0,8.0,5.0,3.0,9.0,6.0,9.0,11.0,1.0,3.0,0.0,0.0,C Kavanagh
2023-2024,2023-11-25,Luton,Crystal Palace,2.0,1.0,H,0.0,0.0,D,8.0,16.0,3.0,8.0,4.0,5.0,15.0,12.0,6.0,1.0,0.0,0.0,J Gillett
2023-2024,2023-11-25,Newcastle,Chelsea,4.0,1.0,H,1.0,1.0,D,14.0,7.0,5.0,4.0,4.0,2.0,13.0,19.0,4.0,4.0,0.0,1.0,S Hooper
2023-2024,2023-11-26,Tottenham,Aston Villa,1.0,2.0,A,1.0,1.0,D,18.0,15.0,8.0,5.0,9.0,3.0,11.0,13.0,0.0,4.0,0.0,0.0,R Jones
2023-2024,2023-11-26,Everton,Manchester United,0.0,3.0,A,0.0,1.0,A,24.0,9.0,6.0,4.0,6.0,5.0,10.0,8.0,3.0,0.0,0.0,0.0,J Brooks
2023-2024,2023-11-27,Fulham,Wolverhampton,3.0,2.0,H,1.0,1.0,D,12.0,10.0,6.0,6.0,6.0,2.0,13.0,13.0,2.0,2.0,0.0,0.0,M Salisbury
2023-2024,2023-12-02,Arsenal,Wolverhampton,2.0,1.0,H,2.0,0.0,H,19.0,6.0,6.0,3.0,4.0,0.0,10.0,10.0,1.0,2.0,0.0,0.0,P Bankes
2023-2024,2023-12-02,Brentford,Luton,3.0,1.0,H,0.0,0.0,D,27.0,7.0,6.0,1.0,7.0,5.0,10.0,8.0,1.0,2.0,0.0,0.0,A Taylor
2023-2024,2023-12-02,Burnley,Sheffield United,5.0,0.0,H,2.0,0.0,H,19.0,6.0,7.0,3.0,6.0,1.0,9.0,12.0,2.0,5.0,0.0,1.0,C Kavanagh
2023-2024,2023-12-02,Nott'm Forest,Everton,0.0,1.0,A,0.0,0.0,D,13.0,12.0,2.0,3.0,4.0,3.0,15.0,14.0,1.0,0.0,0.0,0.0,P Tierney
2023-2024,2023-12-02,Newcastle,Manchester United,1.0,0.0,H,0.0,0.0,D,22.0,8.0,4.0,1.0,7.0,3.0,6.0,13.0,1.0,2.0,0.0,0.0,R Jones
2023-2024,2023-12-03,West Ham,Crystal Palace,1.0,1.0,D,1.0,0.0,H,9.0,9.0,3.0,2.0,2.0,3.0,17.0,7.0,2.0,0.0,0.0,0.0,M Oliver
2023-2024,2023-12-03,Manchester City,Tottenham,3.0,3.0,D,2.0,1.0,H,18.0,8.0,4.0,4.0,10.0,8.0,14.0,14.0,4.0,4.0,0.0,0.0,S Hooper
2023-2024,2023-12-03,Liverpool,Fulham,4.0,3.0,H,2.0,2.0,D,26.0,9.0,12.0,5.0,3.0,4.0,6.0,7.0,0.0,0.0,0.0,0.0,S Attwell
2023-2024,2023-12-03,Bournemouth,Aston Villa,2.0,2.0,D,1.0,1.0,D,15.0,11.0,7.0,3.0,7.0,7.0,16.0,12.0,5.0,3.0,0.0,0.0,T Bramall
2023-2024,2023-12-03,Chelsea,Brighton,3.0,2.0,H,2.0,1.0,H,8.0,18.0,5.0,9.0,5.0,8.0,16.0,12.0,3.0,5.0,1.0,0.0,C Pawson
2023-2024,2023-12-05,Wolverhampton,Burnley,1.0,0.0,H,1.0,0.0,H,7.0,12.0,4.0,3.0,6.0,8.0,11.0,15.0,2.0,4.0,0.0,0.0,J Gillett
2023-2024,2023-12-05,Luton,Arsenal,3.0,4.0,A,1.0,2.0,A,6.0,23.0,4.0,9.0,3.0,8.0,14.0,7.0,2.0,1.0,0.0,0.0,S Barrott
2023-2024,2023-12-06,Brighton,Brentford,2.0,1.0,H,1.0,1.0,D,18.0,8.0,7.0,2.0,7.0,3.0,10.0,8.0,3.0,1.0,0.0,0.0,P Bankes
2023-2024,2023-12-06,Crystal Palace,Bournemouth,0.0,2.0,A,0.0,1.0,A,16.0,11.0,3.0,4.0,3.0,9.0,10.0,17.0,1.0,3.0,0.0,0.0,C Pawson
2023-2024,2023-12-06,Fulham,Nott'm Forest,5.0,0.0,H,2.0,0.0,H,14.0,4.0,6.0,1.0,6.0,1.0,7.0,10.0,0.0,1.0,0.0,0.0,J Smith
2023-2024,2023-12-06,Sheffield United,Liverpool,0.0,2.0,A,0.0,1.0,A,6.0,15.0,1.0,8.0,2.0,12.0,12.0,8.0,2.0,3.0,0.0,0.0,S Hooper
2023-2024,2023-12-06,Aston Villa,Manchester City,1.0,0.0,H,0.0,0.0,D,22.0,2.0,7.0,2.0,6.0,0.0,13.0,13.0,2.0,2.0,0.0,0.0,J Brooks
2023-2024,2023-12-06,Manchester United,Chelsea,2.0,1.0,H,1.0,1.0,D,28.0,13.0,9.0,3.0,12.0,4.0,12.0,12.0,4.0,0.0,0.0,0.0,C Kavanagh
2023-2024,2023-12-07,Everton,Newcastle,3.0,0.0,H,0.0,0.0,D,21.0,13.0,6.0,3.0,5.0,2.0,18.0,8.0,3.0,0.0,0.0,0.0,T Robinson
2023-2024,2023-12-07,Tottenham,West Ham,1.0,2.0,A,1.0,0.0,H,23.0,11.0,7.0,5.0,8.0,4.0,11.0,12.0,3.0,3.0,0.0,0.0,M Salisbury
2023-2024,2023-12-09,Aston Villa,Arsenal,1.0,0.0,H,1.0,0.0,H,10.0,12.0,3.0,5.0,3.0,3.0,16.0,11.0,4.0,2.0,0.0,0.0,J Gillett
2023-2024,2023-12-09,Sheffield United,Brentford,1.0,0.0,H,1.0,0.0,H,9.0,10.0,4.0,4.0,3.0,4.0,14.0,13.0,5.0,1.0,0.0,0.0,S Attwell
2023-2024,2023-12-09,Wolverhampton,Nott'm Forest,1.0,1.0,D,1.0,1.0,D,10.0,8.0,4.0,2.0,4.0,3.0,9.0,11.0,0.0,1.0,0.0,0.0,S Barrott
2023-2024,2023-12-09,Brighton,Burnley,1.0,1.0,D,0.0,1.0,A,29.0,6.0,11.0,3.0,9.0,1.0,5.0,8.0,0.0,4.0,0.0,0.0,S Hooper
2023-2024,2023-12-09,Crystal Palace,Liverpool,1.0,2.0,A,0.0,0.0,D,8.0,14.0,4.0,2.0,6.0,5.0,17.0,17.0,5.0,2.0,1.0,0.0,A Madley
2023-2024,2023-12-09,Manchester United,Bournemouth,0.0,3.0,A,0.0,1.0,A,20.0,10.0,3.0,4.0,10.0,4.0,7.0,10.0,3.0,1.0,0.0,0.0,P Bankes
2023-2024,2023-12-10,Everton,Chelsea,2.0,0.0,H,0.0,0.0,D,9.0,16.0,5.0,4.0,4.0,8.0,12.0,12.0,2.0,2.0,0.0,0.0,M Oliver
2023-2024,2023-12-10,Fulham,West Ham,5.0,0.0,H,3.0,0.0,H,14.0,9.0,8.0,5.0,3.0,6.0,5.0,10.0,2.0,1.0,0.0,0.0,P Tierney
2023-2024,2023-12-10,Luton,Manchester City,1.0,2.0,A,1.0,0.0,H,4.0,18.0,2.0,6.0,6.0,3.0,16.0,6.0,2.0,1.0,0.0,0.0,T Robinson
2023-2024,2023-12-10,Tottenham,Newcastle,4.0,1.0,H,2.0,0.0,H,23.0,9.0,12.0,3.0,3.0,6.0,10.0,12.0,1.0,3.0,0.0,0.0,C Kavanagh
2023-2024,2023-12-15,Nott'm Forest,Tottenham,0.0,2.0,A,0.0,1.0,A,15.0,12.0,1.0,6.0,6.0,4.0,16.0,11.0,2.0,4.0,0.0,1.0,J Gillett
2023-2024,2023-12-16,Burnley,Everton,0.0,2.0,A,0.0,2.0,A,14.0,9.0,2.0,6.0,8.0,6.0,9.0,8.0,0.0,1.0,0.0,0.0,A Taylor
2023-2024,2023-12-16,Newcastle,Fulham,3.0,0.0,H,0.0,0.0,D,27.0,6.0,10.0,4.0,5.0,1.0,7.0,12.0,0.0,2.0,0.0,1.0,S Barrott
2023-2024,2023-12-16,Chelsea,Sheffield United,2.0,0.0,H,0.0,0.0,D,15.0,6.0,6.0,1.0,7.0,6.0,9.0,14.0,1.0,3.0,0.0,0.0,A Madley
2023-2024,2023-12-16,Manchester City,Crystal Palace,2.0,2.0,D,1.0,0.0,H,19.0,5.0,9.0,2.0,6.0,1.0,12.0,9.0,1.0,1.0,0.0,0.0,P Tierney
2023-2024,2023-12-17,Arsenal,Brighton,2.0,0.0,H,0.0,0.0,D,26.0,6.0,9.0,1.0,10.0,1.0,11.0,9.0,1.0,3.0,0.0,0.0,T Robinson
2023-2024,2023-12-17,Brentford,Aston Villa,1.0,2.0,A,1.0,0.0,H,4.0,15.0,3.0,5.0,7.0,12.0,19.0,6.0,6.0,4.0,1.0,1.0,D Coote
2023-2024,2023-12-17,West Ham,Wolverhampton,3.0,0.0,H,2.0,0.0,H,13.0,14.0,4.0,3.0,6.0,6.0,12.0,15.0,3.0,1.0,0.0,0.0,C Kavanagh
2023-2024,2023-12-17,Liverpool,Manchester United,0.0,0.0,D,0.0,0.0,D,34.0,6.0,8.0,1.0,12.0,0.0,13.0,8.0,2.0,4.0,0.0,1.0,M Oliver
2023-2024,2023-12-21,Crystal Palace,Brighton,1.0,1.0,D,1.0,0.0,H,11.0,18.0,3.0,6.0,3.0,1.0,12.0,11.0,5.0,2.0,0.0,0.0,J Brooks
2023-2024,2023-12-22,Aston Villa,Sheffield United,1.0,1.0,D,0.0,0.0,D,12.0,5.0,4.0,2.0,9.0,1.0,11.0,16.0,3.0,3.0,0.0,0.0,A Taylor
2023-2024,2023-12-23,Liverpool,Arsenal,1.0,1.0,D,1.0,1.0,D,13.0,13.0,3.0,2.0,4.0,5.0,13.0,14.0,2.0,5.0,0.0,0.0,C Kavanagh
2023-2024,2023-12-23,Tottenham,Everton,2.0,1.0,H,2.0,0.0,H,13.0,18.0,6.0,8.0,3.0,8.0,6.0,18.0,1.0,4.0,0.0,0.0,S Attwell
2023-2024,2023-12-23,Nott'm Forest,Bournemouth,2.0,3.0,A,0.0,0.0,D,11.0,18.0,5.0,7.0,6.0,6.0,10.0,10.0,0.0,3.0,1.0,0.0,R Jones
2023-2024,2023-12-23,Fulham,Burnley,0.0,2.0,A,0.0,0.0,D,19.0,7.0,5.0,2.0,8.0,6.0,5.0,17.0,2.0,1.0,0.0,0.0,R Welch
2023-2024,2023-12-23,West Ham,Manchester United,2.0,0.0,H,0.0,0.0,D,12.0,11.0,5.0,3.0,4.0,4.0,13.0,15.0,2.0,3.0,0.0,0.0,S Hooper
2023-2024,2023-12-23,Luton,Newcastle,1.0,0.0,H,1.0,0.0,H,16.0,15.0,5.0,2.0,6.0,7.0,11.0,5.0,2.0,1.0,0.0,0.0,D England
2023-2024,2023-12-24,Wolverhampton,Chelsea,2.0,1.0,H,0.0,0.0,D,14.0,16.0,6.0,5.0,10.0,6.0,11.0,9.0,3.0,5.0,0.0,0.0,D Coote
2023-2024,2023-12-26,Newcastle,Nott'm Forest,1.0,3.0,A,1.0,1.0,D,19.0,15.0,7.0,6.0,10.0,2.0,10.0,11.0,3.0,3.0,0.0,0.0,C Kavanagh
2023-2024,2023-12-26,Bournemouth,Fulham,3.0,0.0,H,1.0,0.0,H,16.0,8.0,4.0,3.0,6.0,5.0,10.0,10.0,0.0,2.0,0.0,0.0,T Robinson
2023-2024,2023-12-26,Sheffield United,Luton,2.0,3.0,A,0.0,1.0,A,21.0,12.0,6.0,4.0,9.0,4.0,13.0,13.0,5.0,0.0,0.0,0.0,S Allison
2023-2024,2023-12-26,Burnley,Liverpool,0.0,2.0,A,0.0,1.0,A,9.0,19.0,0.0,10.0,4.0,4.0,7.0,10.0,2.0,1.0,0.0,0.0,P Tierney
2023-2024,2023-12-26,Manchester United,Aston Villa,3.0,2.0,H,0.0,2.0,A,13.0,10.0,7.0,4.0,3.0,6.0,10.0,10.0,1.0,3.0,0.0,0.0,C Pawson
2023-2024,2023-12-27,Brentford,Wolverhampton,1.0,4.0,A,1.0,3.0,A,14.0,11.0,4.0,5.0,8.0,2.0,5.0,14.0,1.0,1.0,0.0,0.0,A Madley
2023-2024,2023-12-27,Chelsea,Crystal Palace,2.0,1.0,H,1.0,1.0,D,9.0,13.0,4.0,5.0,4.0,3.0,13.0,16.0,3.0,2.0,0.0,0.0,M Salisbury
2023-2024,2023-12-27,Everton,Manchester City,1.0,3.0,A,1.0,0.0,H,7.0,23.0,2.0,9.0,8.0,4.0,13.0,5.0,4.0,2.0,0.0,0.0,J Brooks
2023-2024,2023-12-28,Brighton,Tottenham,4.0,2.0,H,2.0,0.0,H,15.0,19.0,9.0,3.0,7.0,6.0,18.0,6.0,3.0,2.0,0.0,0.0,J Gillett
2023-2024,2023-12-28,Arsenal,West Ham,0.0,2.0,A,0.0,1.0,A,30.0,6.0,8.0,3.0,10.0,3.0,8.0,8.0,2.0,0.0,0.0,0.0,M Oliver
2023-2024,2023-12-30,Wolverhampton,Everton,3.0,0.0,H,1.0,0.0,H,12.0,10.0,6.0,0.0,5.0,2.0,9.0,14.0,2.0,3.0,0.0,0.0,T Bramall
2023-2024,2023-12-30,Manchester City,Sheffield United,2.0,0.0,H,1.0,0.0,H,18.0,4.0,4.0,2.0,12.0,2.0,5.0,6.0,1.0,1.0,0.0,0.0,D Coote
2023-2024,2023-12-30,Nott'm Forest,Manchester United,2.0,1.0,H,0.0,0.0,D,8.0,10.0,2.0,5.0,4.0,5.0,9.0,11.0,2.0,4.0,0.0,0.0,T Robinson
2023-2024,2023-12-30,Aston Villa,Burnley,3.0,2.0,H,2.0,1.0,H,19.0,9.0,7.0,5.0,6.0,2.0,9.0,14.0,4.0,1.0,0.0,1.0,S Attwell
2023-2024,2023-12-30,Luton,Chelsea,2.0,3.0,A,0.0,2.0,A,15.0,12.0,6.0,8.0,7.0,2.0,14.0,21.0,2.0,2.0,0.0,0.0,P Tierney
2023-2024,2023-12-30,Crystal Palace,Brentford,3.0,1.0,H,2.0,1.0,H,13.0,9.0,6.0,4.0,7.0,4.0,14.0,10.0,0.0,1.0,0.0,0.0,R Jones
2023-2024,2023-12-31,Fulham,Arsenal,2.0,1.0,H,1.0,1.0,D,15.0,13.0,4.0,3.0,5.0,4.0,11.0,10.0,4.0,1.0,0.0,0.0,J Smith
2023-2024,2023-12-31,Tottenham,Bournemouth,3.0,1.0,H,1.0,0.0,H,12.0,24.0,6.0,4.0,4.0,13.0,9.0,18.0,3.0,3.0,0.0,0.0,S Hooper
2023-2024,2024-01-01,Liverpool,Newcastle,4.0,2.0,H,0.0,0.0,D,34.0,5.0,15.0,3.0,7.0,3.0,16.0,15.0,3.0,5.0,0.0,0.0,A Taylor
2023-2024,2024-01-02,West Ham,Brighton,0.0,0.0,D,0.0,0.0,D,6.0,22.0,2.0,8.0,2.0,0.0,4.0,6.0,1.0,0.0,0.0,0.0,S Barrott
2023-2024,2024-01-12,Burnley,Luton,1.0,1.0,D,1.0,0.0,H,13.0,14.0,7.0,5.0,2.0,8.0,7.0,12.0,1.0,0.0,0.0,0.0,T Harrington
2023-2024,2024-01-13,Newcastle,Manchester City,2.0,3.0,A,2.0,1.0,H,12.0,27.0,5.0,11.0,3.0,13.0,7.0,7.0,1.0,2.0,0.0,0.0,C Kavanagh
2023-2024,2024-01-13,Chelsea,Fulham,1.0,0.0,H,1.0,0.0,H,17.0,14.0,3.0,4.0,6.0,4.0,13.0,9.0,5.0,1.0,0.0,0.0,A Taylor
2023-2024,2024-01-14,Everton,Aston Villa,0.0,0.0,D,0.0,0.0,D,10.0,16.0,2.0,5.0,4.0,5.0,13.0,14.0,1.0,4.0,0.0,0.0,D Coote
2023-2024,2024-01-14,Manchester United,Tottenham,2.0,2.0,D,2.0,1.0,H,9.0,16.0,2.0,6.0,8.0,13.0,8.0,5.0,2.0,1.0,0.0,0.0,J Brooks
2023-2024,2024-01-20,Arsenal,Crystal Palace,5.0,0.0,H,2.0,0.0,H,21.0,12.0,6.0,5.0,6.0,7.0,8.0,12.0,0.0,0.0,0.0,0.0,P Tierney
2023-2024,2024-01-20,Brentford,Nott'm Forest,3.0,2.0,H,1.0,1.0,D,11.0,12.0,5.0,3.0,6.0,4.0,10.0,14.0,1.0,3.0,0.0,0.0,D England
2023-2024,2024-01-21,Sheffield United,West Ham,2.0,2.0,D,1.0,1.0,D,21.0,16.0,6.0,5.0,4.0,1.0,11.0,10.0,3.0,1.0,1.0,1.0,M Salisbury
2023-2024,2024-01-21,Bournemouth,Liverpool,0.0,4.0,A,0.0,0.0,D,11.0,14.0,1.0,7.0,8.0,5.0,9.0,12.0,1.0,2.0,0.0,0.0,A Madley
2023-2024,2024-01-22,Brighton,Wolverhampton,0.0,0.0,D,0.0,0.0,D,11.0,8.0,4.0,3.0,8.0,2.0,10.0,13.0,1.0,4.0,0.0,0.0,C Pawson
2023-2024,2024-01-30,Crystal Palace,Sheffield United,3.0,2.0,H,2.0,2.0,D,12.0,9.0,4.0,5.0,11.0,1.0,8.0,18.0,1.0,4.0,0.0,0.0,T Harrington
2023-2024,2024-01-30,Luton,Brighton,4.0,0.0,H,3.0,0.0,H,18.0,9.0,8.0,2.0,7.0,4.0,13.0,14.0,2.0,2.0,0.0,0.0,R Jones
2023-2024,2024-01-30,Aston Villa,Newcastle,1.0,3.0,A,0.0,2.0,A,12.0,14.0,6.0,5.0,8.0,7.0,14.0,12.0,4.0,1.0,0.0,0.0,J Brooks
2023-2024,2024-01-30,Nott'm Forest,Arsenal,1.0,2.0,A,0.0,0.0,D,9.0,19.0,3.0,3.0,2.0,11.0,6.0,7.0,0.0,1.0,0.0,0.0,S Hooper
2023-2024,2024-01-30,Fulham,Everton,0.0,0.0,D,0.0,0.0,D,25.0,21.0,6.0,4.0,15.0,6.0,6.0,13.0,1.0,2.0,0.0,0.0,T Bramall
2023-2024,2024-01-31,Manchester City,Burnley,3.0,1.0,H,2.0,0.0,H,14.0,8.0,4.0,3.0,7.0,3.0,3.0,13.0,2.0,2.0,0.0,0.0,S Barrott
2023-2024,2024-01-31,Tottenham,Brentford,3.0,2.0,H,0.0,1.0,A,19.0,9.0,5.0,5.0,5.0,3.0,13.0,15.0,2.0,3.0,0.0,0.0,D Coote
2023-2024,2024-01-31,Liverpool,Chelsea,4.0,1.0,H,2.0,0.0,H,28.0,4.0,13.0,3.0,8.0,1.0,15.0,16.0,2.0,4.0,0.0,0.0,P Tierney
2023-2024,2024-02-01,West Ham,Bournemouth,1.0,1.0,D,0.0,1.0,A,9.0,9.0,3.0,4.0,1.0,5.0,13.0,11.0,1.0,3.0,0.0,0.0,T Robinson
2023-2024,2024-02-01,Wolverhampton,Manchester United,3.0,4.0,A,0.0,2.0,A,16.0,21.0,7.0,8.0,4.0,5.0,10.0,10.0,2.0,5.0,0.0,0.0,J Gillett
2023-2024,2024-02-03,Sheffield United,Aston Villa,0.0,5.0,A,0.0,4.0,A,10.0,14.0,5.0,10.0,3.0,4.0,10.0,7.0,1.0,0.0,0.0,0.0,P Tierney
2023-2024,2024-02-03,Newcastle,Luton,4.0,4.0,D,2.0,2.0,D,19.0,11.0,6.0,8.0,8.0,2.0,13.0,16.0,2.0,2.0,0.0,0.0,T Bramall
2023-2024,2024-02-03,Burnley,Fulham,2.0,2.0,D,0.0,2.0,A,12.0,15.0,4.0,7.0,2.0,13.0,11.0,7.0,2.0,2.0,0.0,0.0,D Bond
2023-2024,2024-02-03,Everton,Tottenham,2.0,2.0,D,1.0,2.0,A,14.0,9.0,5.0,6.0,9.0,5.0,8.0,14.0,3.0,0.0,0.0,0.0,M Oliver
2023-2024,2024-02-03,Brighton,Crystal Palace,4.0,1.0,H,3.0,0.0,H,13.0,7.0,6.0,5.0,3.0,2.0,8.0,14.0,1.0,3.0,0.0,0.0,S Hooper
2023-2024,2024-02-04,Bournemouth,Nott'm Forest,1.0,1.0,D,1.0,1.0,D,9.0,8.0,2.0,6.0,11.0,6.0,19.0,12.0,3.0,2.0,1.0,0.0,R Welch
2023-2024,2024-02-04,Chelsea,Wolverhampton,2.0,4.0,A,1.0,2.0,A,15.0,14.0,6.0,7.0,10.0,1.0,15.0,11.0,3.0,2.0,0.0,0.0,T Robinson
2023-2024,2024-02-04,Manchester United,West Ham,3.0,0.0,H,1.0,0.0,H,12.0,22.0,5.0,3.0,5.0,8.0,10.0,5.0,0.0,1.0,0.0,0.0,A Madley
2023-2024,2024-02-04,Arsenal,Liverpool,3.0,1.0,H,1.0,1.0,D,15.0,10.0,7.0,1.0,2.0,4.0,11.0,11.0,6.0,2.0,0.0,1.0,A Taylor
2023-2024,2024-02-05,Brentford,Manchester City,1.0,3.0,A,1.0,1.0,D,9.0,25.0,3.0,15.0,8.0,13.0,2.0,4.0,1.0,0.0,0.0,0.0,J Gillett
2023-2024,2024-02-10,Nott'm Forest,Newcastle,2.0,3.0,A,2.0,2.0,D,13.0,7.0,3.0,5.0,4.0,4.0,9.0,6.0,1.0,2.0,0.0,0.0,A Taylor
2023-2024,2024-02-10,Wolverhampton,Brentford,0.0,2.0,A,0.0,1.0,A,17.0,9.0,5.0,6.0,7.0,4.0,11.0,9.0,2.0,3.0,0.0,0.0,S Hooper
2023-2024,2024-02-10,Tottenham,Brighton,2.0,1.0,H,0.0,1.0,A,16.0,6.0,6.0,3.0,9.0,6.0,14.0,13.0,2.0,3.0,0.0,0.0,S Barrott
2023-2024,2024-02-10,Fulham,Bournemouth,3.0,1.0,H,2.0,0.0,H,7.0,25.0,6.0,4.0,1.0,14.0,11.0,11.0,1.0,2.0,0.0,0.0,D England
2023-2024,2024-02-10,Liverpool,Burnley,3.0,1.0,H,1.0,1.0,D,25.0,9.0,10.0,4.0,9.0,3.0,11.0,13.0,3.0,2.0,0.0,0.0,T Robinson
2023-2024,2024-02-10,Manchester City,Everton,2.0,0.0,H,0.0,0.0,D,19.0,5.0,3.0,1.0,9.0,0.0,6.0,11.0,0.0,2.0,0.0,0.0,J Brooks
2023-2024,2024-02-10,Luton,Sheffield United,1.0,3.0,A,0.0,2.0,A,20.0,7.0,5.0,3.0,13.0,1.0,7.0,12.0,1.0,2.0,0.0,0.0,C Kavanagh
2023-2024,2024-02-11,West Ham,Arsenal,0.0,6.0,A,0.0,4.0,A,5.0,25.0,1.0,12.0,2.0,6.0,17.0,11.0,4.0,0.0,0.0,0.0,C Pawson
2023-2024,2024-02-11,Aston Villa,Manchester United,1.0,2.0,A,0.0,1.0,A,23.0,17.0,10.0,5.0,10.0,8.0,9.0,7.0,3.0,2.0,0.0,0.0,R Jones
2023-2024,2024-02-12,Crystal Palace,Chelsea,1.0,3.0,A,1.0,0.0,H,13.0,14.0,4.0,5.0,1.0,7.0,14.0,7.0,2.0,2.0,0.0,0.0,M Oliver
2023-2024,2024-02-17,Brentford,Liverpool,1.0,4.0,A,0.0,1.0,A,15.0,15.0,6.0,8.0,1.0,6.0,4.0,18.0,2.0,1.0,0.0,0.0,M Oliver
2023-2024,2024-02-17,Burnley,Arsenal,0.0,5.0,A,0.0,2.0,A,8.0,16.0,0.0,7.0,4.0,6.0,11.0,8.0,2.0,1.0,0.0,0.0,J Gillett
2023-2024,2024-02-17,Fulham,Aston Villa,1.0,2.0,A,0.0,1.0,A,15.0,12.0,4.0,3.0,4.0,4.0,11.0,6.0,5.0,2.0,0.0,0.0,L Smith
2023-2024,2024-02-17,Newcastle,Bournemouth,2.0,2.0,D,0.0,0.0,D,17.0,12.0,5.0,7.0,4.0,2.0,9.0,22.0,1.0,3.0,0.0,0.0,M Salisbury
2023-2024,2024-02-17,Nott'm Forest,West Ham,2.0,0.0,H,1.0,0.0,H,19.0,10.0,8.0,3.0,5.0,3.0,13.0,15.0,4.0,4.0,0.0,1.0,T Bramall
2023-2024,2024-02-17,Tottenham,Wolverhampton,1.0,2.0,A,0.0,1.0,A,15.0,12.0,4.0,7.0,10.0,4.0,8.0,13.0,0.0,1.0,0.0,0.0,A Taylor
2023-2024,2024-02-17,Manchester City,Chelsea,1.0,1.0,D,0.0,1.0,A,31.0,9.0,5.0,6.0,12.0,1.0,7.0,12.0,1.0,3.0,0.0,0.0,A Madley
2023-2024,2024-02-18,Luton,Manchester United,1.0,2.0,A,1.0,2.0,A,22.0,21.0,4.0,9.0,8.0,6.0,7.0,21.0,3.0,5.0,0.0,0.0,D Coote
2023-2024,2024-02-18,Sheffield United,Brighton,0.0,5.0,A,0.0,2.0,A,6.0,24.0,1.0,10.0,5.0,10.0,3.0,5.0,1.0,4.0,1.0,0.0,S Attwell
2023-2024,2024-02-19,Everton,Crystal Palace,1.0,1.0,D,0.0,0.0,D,19.0,10.0,4.0,4.0,3.0,6.0,8.0,12.0,0.0,2.0,0.0,0.0,P Tierney
2023-2024,2024-02-20,Manchester City,Brentford,1.0,0.0,H,0.0,0.0,D,25.0,6.0,11.0,2.0,10.0,1.0,12.0,6.0,2.0,4.0,0.0,0.0,D England
2023-2024,2024-02-21,Liverpool,Luton,4.0,1.0,H,0.0,1.0,A,29.0,12.0,13.0,3.0,13.0,4.0,15.0,14.0,1.0,4.0,0.0,0.0,A Madley
2023-2024,2024-02-24,Aston Villa,Nott'm Forest,4.0,2.0,H,3.0,1.0,H,16.0,10.0,6.0,3.0,7.0,2.0,7.0,16.0,1.0,2.0,0.0,0.0,S Barrott
2023-2024,2024-02-24,Brighton,Everton,1.0,1.0,D,0.0,0.0,D,23.0,6.0,7.0,3.0,11.0,3.0,9.0,14.0,2.0,3.0,1.0,0.0,T Harrington
2023-2024,2024-02-24,Crystal Palace,Burnley,3.0,0.0,H,0.0,0.0,D,15.0,2.0,6.0,0.0,12.0,3.0,8.0,13.0,3.0,1.0,0.0,1.0,L Smith
2023-2024,2024-02-24,Manchester United,Fulham,1.0,2.0,A,0.0,0.0,D,21.0,17.0,9.0,5.0,10.0,9.0,6.0,11.0,2.0,5.0,0.0,0.0,M Oliver
2023-2024,2024-02-24,Bournemouth,Manchester City,0.0,1.0,A,0.0,1.0,A,13.0,15.0,4.0,6.0,3.0,8.0,14.0,6.0,2.0,2.0,0.0,0.0,J Gillett
2023-2024,2024-02-24,Arsenal,Newcastle,4.0,1.0,H,2.0,0.0,H,18.0,3.0,8.0,2.0,9.0,0.0,15.0,6.0,1.0,0.0,0.0,0.0,P Tierney
2023-2024,2024-02-25,Wolverhampton,Sheffield United,1.0,0.0,H,1.0,0.0,H,13.0,12.0,2.0,4.0,5.0,6.0,8.0,4.0,2.0,1.0,0.0,0.0,D Bond
2023-2024,2024-02-26,West Ham,Brentford,4.0,2.0,H,2.0,1.0,H,17.0,14.0,6.0,8.0,1.0,7.0,5.0,9.0,1.0,2.0,0.0,0.0,S Hooper
2023-2024,2024-03-02,Brentford,Chelsea,2.0,2.0,D,0.0,1.0,A,14.0,17.0,5.0,6.0,0.0,6.0,10.0,9.0,3.0,1.0,0.0,0.0,J Gillett
2023-2024,2024-03-02,Everton,West Ham,1.0,3.0,A,0.0,0.0,D,22.0,12.0,11.0,5.0,4.0,5.0,9.0,6.0,1.0,2.0,0.0,0.0,C Pawson
2023-2024,2024-03-02,Fulham,Brighton,3.0,0.0,H,2.0,0.0,H,12.0,15.0,5.0,5.0,2.0,6.0,16.0,10.0,1.0,2.0,0.0,0.0,S Hooper
2023-2024,2024-03-02,Newcastle,Wolverhampton,3.0,0.0,H,2.0,0.0,H,14.0,12.0,7.0,3.0,3.0,5.0,8.0,11.0,0.0,1.0,0.0,0.0,T Robinson
2023-2024,2024-03-02,Nott'm Forest,Liverpool,0.0,1.0,A,0.0,0.0,D,8.0,22.0,2.0,2.0,3.0,12.0,11.0,12.0,2.0,2.0,0.0,0.0,P Tierney
2023-2024,2024-03-02,Tottenham,Crystal Palace,3.0,1.0,H,0.0,0.0,D,14.0,4.0,6.0,1.0,11.0,1.0,7.0,16.0,1.0,2.0,0.0,0.0,J Brooks
2023-2024,2024-03-02,Luton,Aston Villa,2.0,3.0,A,0.0,2.0,A,13.0,12.0,5.0,8.0,8.0,6.0,8.0,19.0,1.0,4.0,0.0,0.0,M Oliver
2023-2024,2024-03-03,Burnley,Bournemouth,0.0,2.0,A,0.0,1.0,A,20.0,10.0,6.0,3.0,7.0,2.0,8.0,13.0,2.0,4.0,0.0,0.0,D Coote
2023-2024,2024-03-03,Manchester City,Manchester United,3.0,1.0,H,0.0,1.0,A,27.0,3.0,8.0,1.0,15.0,2.0,5.0,10.0,0.0,1.0,0.0,0.0,A Madley
2023-2024,2024-03-04,Sheffield United,Arsenal,0.0,6.0,A,0.0,5.0,A,4.0,22.0,0.0,10.0,0.0,7.0,11.0,4.0,1.0,0.0,0.0,0.0,S Barrott
2023-2024,2024-03-09,Manchester United,Everton,2.0,0.0,H,2.0,0.0,H,15.0,23.0,8.0,6.0,5.0,8.0,13.0,11.0,1.0,2.0,0.0,0.0,S Hooper
2023-2024,2024-03-09,Bournemouth,Sheffield United,2.0,2.0,D,0.0,1.0,A,32.0,13.0,12.0,9.0,10.0,3.0,12.0,11.0,3.0,5.0,0.0,0.0,A Taylor
2023-2024,2024-03-09,Crystal Palace,Luton,1.0,1.0,D,1.0,0.0,H,21.0,8.0,4.0,2.0,8.0,6.0,20.0,11.0,2.0,3.0,0.0,0.0,S Singh
2023-2024,2024-03-09,Wolverhampton,Fulham,2.0,1.0,H,0.0,0.0,D,8.0,23.0,3.0,6.0,3.0,4.0,7.0,11.0,2.0,2.0,0.0,0.0,T Harrington
2023-2024,2024-03-09,Arsenal,Brentford,2.0,1.0,H,1.0,1.0,D,17.0,9.0,6.0,4.0,10.0,4.0,9.0,10.0,2.0,4.0,0.0,0.0,R Jones
2023-2024,2024-03-10,Aston Villa,Tottenham,0.0,4.0,A,0.0,0.0,D,10.0,9.0,1.0,5.0,6.0,4.0,11.0,15.0,0.0,2.0,1.0,0.0,C Kavanagh
2023-2024,2024-03-10,Brighton,Nott'm Forest,1.0,0.0,H,1.0,0.0,H,10.0,9.0,3.0,4.0,6.0,3.0,14.0,14.0,4.0,4.0,0.0,0.0,M Salisbury
2023-2024,2024-03-10,West Ham,Burnley,2.0,2.0,D,0.0,2.0,A,22.0,11.0,4.0,4.0,4.0,4.0,11.0,18.0,2.0,4.0,0.0,0.0,D England
2023-2024,2024-03-10,Liverpool,Manchester City,1.0,1.0,D,0.0,1.0,A,19.0,10.0,6.0,6.0,7.0,4.0,6.0,10.0,0.0,3.0,0.0,0.0,M Oliver
2023-2024,2024-03-11,Chelsea,Newcastle,3.0,2.0,H,1.0,1.0,D,12.0,11.0,8.0,3.0,0.0,4.0,12.0,7.0,3.0,1.0,0.0,0.0,J Brooks
2023-2024,2024-03-13,Bournemouth,Luton,4.0,3.0,H,0.0,3.0,A,24.0,8.0,10.0,4.0,11.0,3.0,16.0,11.0,1.0,2.0,0.0,0.0,S Allison
2023-2024,2024-03-16,Burnley,Brentford,2.0,1.0,H,1.0,0.0,H,17.0,9.0,6.0,5.0,5.0,4.0,14.0,17.0,2.0,4.0,0.0,1.0,D Bond
2023-2024,2024-03-16,Luton,Nott'm Forest,1.0,1.0,D,0.0,1.0,A,10.0,16.0,4.0,6.0,6.0,7.0,10.0,17.0,1.0,2.0,0.0,0.0,D England
2023-2024,2024-03-16,Fulham,Tottenham,3.0,0.0,H,1.0,0.0,H,16.0,14.0,7.0,5.0,4.0,5.0,9.0,10.0,2.0,3.0,0.0,0.0,R Jones
2023-2024,2024-03-17,West Ham,Aston Villa,1.0,1.0,D,1.0,0.0,H,13.0,13.0,5.0,5.0,7.0,11.0,13.0,12.0,3.0,3.0,0.0,0.0,J Gillett
2023-2024,2024-03-30,Brentford,Manchester United,1.0,1.0,D,0.0,0.0,D,31.0,11.0,5.0,5.0,14.0,4.0,7.0,14.0,2.0,2.0,0.0,0.0,S Hooper
2023-2024,2024-03-30,Aston Villa,Wolverhampton,2.0,0.0,H,1.0,0.0,H,11.0,13.0,5.0,3.0,5.0,4.0,11.0,19.0,3.0,4.0,0.0,0.0,P Tierney
2023-2024,2024-03-30,Tottenham,Luton,2.0,1.0,H,0.0,1.0,A,17.0,7.0,4.0,3.0,3.0,6.0,16.0,14.0,2.0,4.0,0.0,0.0,J Gillett
2023-2024,2024-03-30,Sheffield United,Fulham,3.0,3.0,D,0.0,0.0,D,8.0,24.0,4.0,9.0,2.0,15.0,10.0,13.0,4.0,1.0,0.0,0.0,T Robinson
2023-2024,2024-03-30,Bournemouth,Everton,2.0,1.0,H,0.0,0.0,D,11.0,7.0,4.0,3.0,9.0,8.0,14.0,11.0,1.0,2.0,0.0,0.0,S Barrott
2023-2024,2024-03-30,Chelsea,Burnley,2.0,2.0,D,1.0,0.0,H,33.0,18.0,13.0,7.0,12.0,4.0,12.0,7.0,2.0,2.0,0.0,1.0,D England
2023-2024,2024-03-30,Nott'm Forest,Crystal Palace,1.0,1.0,D,0.0,1.0,A,12.0,10.0,5.0,3.0,4.0,6.0,14.0,12.0,1.0,1.0,0.0,0.0,C Kavanagh
2023-2024,2024-03-30,Newcastle,West Ham,4.0,3.0,H,1.0,2.0,A,24.0,10.0,9.0,4.0,3.0,4.0,9.0,8.0,1.0,1.0,1.0,0.0,R Jones
2023-2024,2024-03-31,Liverpool,Brighton,2.0,1.0,H,1.0,1.0,D,30.0,9.0,8.0,3.0,8.0,4.0,20.0,6.0,5.0,3.0,0.0,0.0,D Coote
2023-2024,2024-03-31,Manchester City,Arsenal,0.0,0.0,D,0.0,0.0,D,12.0,6.0,1.0,2.0,7.0,4.0,9.0,20.0,0.0,2.0,0.0,0.0,A Taylor
2023-2024,2024-04-02,West Ham,Tottenham,1.0,1.0,D,1.0,1.0,D,11.0,13.0,4.0,4.0,9.0,5.0,13.0,9.0,1.0,4.0,0.0,0.0,J Brooks
2023-2024,2024-04-02,Bournemouth,Crystal Palace,1.0,0.0,H,0.0,0.0,D,11.0,3.0,6.0,2.0,9.0,2.0,13.0,14.0,3.0,2.0,0.0,0.0,G Scott
2023-2024,2024-04-02,Burnley,Wolverhampton,1.0,1.0,D,1.0,1.0,D,13.0,8.0,6.0,2.0,7.0,4.0,10.0,12.0,0.0,2.0,0.0,0.0,T Bramall
2023-2024,2024-04-02,Newcastle,Everton,1.0,1.0,D,1.0,0.0,H,18.0,10.0,6.0,3.0,7.0,3.0,9.0,14.0,0.0,3.0,0.0,0.0,T Harrington
2023-2024,2024-04-02,Nott'm Forest,Fulham,3.0,1.0,H,3.0,0.0,H,16.0,18.0,4.0,3.0,3.0,8.0,7.0,8.0,0.0,0.0,0.0,0.0,M Oliver
2023-2024,2024-04-03,Arsenal,Luton,2.0,0.0,H,2.0,0.0,H,13.0,5.0,4.0,1.0,3.0,1.0,12.0,8.0,1.0,1.0,0.0,0.0,C Pawson
2023-2024,2024-04-03,Brentford,Brighton,0.0,0.0,D,0.0,0.0,D,5.0,24.0,2.0,6.0,1.0,5.0,9.0,12.0,1.0,1.0,0.0,0.0,A Madley
2023-2024,2024-04-03,Manchester City,Aston Villa,4.0,1.0,H,2.0,1.0,H,25.0,8.0,11.0,3.0,2.0,3.0,6.0,13.0,1.0,2.0,0.0,0.0,D England
2023-2024,2024-04-04,Liverpool,Sheffield United,3.0,1.0,H,1.0,0.0,H,29.0,8.0,9.0,3.0,13.0,1.0,6.0,9.0,0.0,1.0,0.0,0.0,S Attwell
2023-2024,2024-04-04,Chelsea,Manchester United,4.0,3.0,H,2.0,2.0,D,28.0,19.0,10.0,5.0,12.0,3.0,7.0,15.0,3.0,0.0,0.0,0.0,J Gillett
2023-2024,2024-04-06,Wolverhampton,West Ham,1.0,2.0,A,1.0,0.0,H,14.0,11.0,7.0,4.0,4.0,4.0,15.0,7.0,5.0,2.0,0.0,0.0,T Harrington
2023-2024,2024-04-06,Brighton,Arsenal,0.0,3.0,A,0.0,1.0,A,10.0,20.0,2.0,7.0,8.0,7.0,14.0,13.0,1.0,2.0,0.0,0.0,J Brooks
2023-2024,2024-04-06,Luton,Bournemouth,2.0,1.0,H,0.0,0.0,D,19.0,8.0,9.0,1.0,7.0,2.0,7.0,14.0,0.0,0.0,0.0,0.0,A Madley
2023-2024,2024-04-06,Crystal Palace,Manchester City,2.0,4.0,A,1.0,1.0,D,7.0,18.0,4.0,8.0,2.0,9.0,13.0,3.0,1.0,1.0,0.0,0.0,P Tierney
2023-2024,2024-04-06,Everton,Burnley,1.0,0.0,H,1.0,0.0,H,12.0,6.0,3.0,1.0,3.0,5.0,11.0,13.0,2.0,1.0,0.0,1.0,M Oliver
2023-2024,2024-04-06,Aston Villa,Brentford,3.0,3.0,D,1.0,0.0,H,11.0,8.0,3.0,3.0,11.0,3.0,15.0,11.0,2.0,2.0,0.0,0.0,M Salisbury
2023-2024,2024-04-06,Fulham,Newcastle,0.0,1.0,A,0.0,0.0,D,14.0,12.0,4.0,5.0,14.0,3.0,10.0,13.0,1.0,2.0,0.0,0.0,S Allison
2023-2024,2024-04-07,Manchester United,Liverpool,2.0,2.0,D,0.0,1.0,A,9.0,28.0,5.0,7.0,6.0,11.0,9.0,10.0,5.0,2.0,0.0,0.0,A Taylor
2023-2024,2024-04-07,Sheffield United,Chelsea,2.0,2.0,D,1.0,1.0,D,11.0,6.0,6.0,3.0,7.0,6.0,12.0,10.0,4.0,2.0,0.0,0.0,R Jones
2023-2024,2024-04-07,Tottenham,Nott'm Forest,3.0,1.0,H,1.0,1.0,D,17.0,13.0,7.0,6.0,12.0,2.0,11.0,12.0,2.0,3.0,0.0,0.0,S Hooper
2023-2024,2024-04-13,Bournemouth,Manchester United,2.0,2.0,D,2.0,1.0,H,20.0,8.0,5.0,2.0,7.0,2.0,13.0,14.0,4.0,0.0,0.0,0.0,T Harrington
2023-2024,2024-04-13,Newcastle,Tottenham,4.0,0.0,H,2.0,0.0,H,18.0,11.0,5.0,2.0,16.0,3.0,14.0,12.0,0.0,4.0,0.0,0.0,T Robinson
2023-2024,2024-04-13,Brentford,Sheffield United,2.0,0.0,H,0.0,0.0,D,9.0,8.0,5.0,2.0,3.0,6.0,8.0,11.0,3.0,1.0,0.0,0.0,S Barrott
2023-2024,2024-04-13,Burnley,Brighton,1.0,1.0,D,0.0,0.0,D,11.0,20.0,3.0,8.0,4.0,5.0,18.0,8.0,1.0,2.0,0.0,0.0,S Hooper
2023-2024,2024-04-13,Manchester City,Luton,5.0,1.0,H,1.0,0.0,H,33.0,4.0,13.0,2.0,12.0,1.0,7.0,6.0,1.0,0.0,0.0,0.0,J Brooks
2023-2024,2024-04-13,Nott'm Forest,Wolverhampton,2.0,2.0,D,1.0,1.0,D,18.0,11.0,9.0,4.0,10.0,1.0,15.0,10.0,2.0,3.0,0.0,0.0,C Pawson
2023-2024,2024-04-14,West Ham,Fulham,0.0,2.0,A,0.0,1.0,A,15.0,18.0,4.0,10.0,8.0,3.0,6.0,13.0,1.0,2.0,0.0,0.0,S Attwell
2023-2024,2024-04-14,Arsenal,Aston Villa,0.0,2.0,A,0.0,0.0,D,18.0,11.0,4.0,2.0,4.0,6.0,12.0,7.0,3.0,1.0,0.0,0.0,D Coote
2023-2024,2024-04-14,Liverpool,Crystal Palace,0.0,1.0,A,0.0,1.0,A,21.0,8.0,6.0,5.0,11.0,1.0,10.0,10.0,1.0,1.0,0.0,0.0,C Kavanagh
2023-2024,2024-04-15,Chelsea,Everton,6.0,0.0,H,4.0,0.0,H,14.0,10.0,10.0,2.0,4.0,8.0,5.0,21.0,1.0,4.0,0.0,0.0,P Tierney
2023-2024,2024-04-20,Luton,Brentford,1.0,5.0,A,0.0,2.0,A,6.0,21.0,3.0,9.0,4.0,9.0,13.0,9.0,1.0,2.0,0.0,0.0,J Gillett
2023-2024,2024-04-20,Sheffield United,Burnley,1.0,4.0,A,0.0,2.0,A,18.0,16.0,11.0,9.0,11.0,2.0,10.0,9.0,1.0,0.0,0.0,0.0,A Madley
2023-2024,2024-04-20,Wolverhampton,Arsenal,0.0,2.0,A,0.0,1.0,A,5.0,24.0,3.0,9.0,1.0,2.0,14.0,9.0,3.0,2.0,0.0,0.0,P Tierney
2023-2024,2024-04-21,Crystal Palace,West Ham,5.0,2.0,H,4.0,1.0,H,18.0,4.0,7.0,1.0,4.0,0.0,9.0,9.0,3.0,2.0,0.0,0.0,G Scott
2023-2024,2024-04-21,Fulham,Liverpool,1.0,3.0,A,1.0,1.0,D,12.0,14.0,5.0,7.0,1.0,4.0,5.0,11.0,3.0,0.0,0.0,0.0,C Pawson
2023-2024,2024-04-21,Everton,Nott'm Forest,2.0,0.0,H,1.0,0.0,H,7.0,8.0,4.0,3.0,6.0,4.0,15.0,9.0,3.0,2.0,0.0,0.0,A Taylor
2023-2024,2024-04-21,Aston Villa,Bournemouth,3.0,1.0,H,1.0,1.0,D,14.0,14.0,4.0,6.0,8.0,4.0,8.0,14.0,1.0,3.0,0.0,0.0,T Robinson
2023-2024,2024-04-23,Arsenal,Chelsea,5.0,0.0,H,1.0,0.0,H,27.0,7.0,10.0,1.0,4.0,2.0,12.0,11.0,2.0,2.0,0.0,0.0,S Hooper
2023-2024,2024-04-24,Wolverhampton,Bournemouth,0.0,1.0,A,0.0,1.0,A,15.0,21.0,4.0,6.0,8.0,12.0,10.0,17.0,4.0,1.0,0.0,1.0,S Attwell
2023-2024,2024-04-24,Crystal Palace,Newcastle,2.0,0.0,H,0.0,0.0,D,20.0,7.0,7.0,2.0,7.0,2.0,10.0,15.0,3.0,3.0,0.0,0.0,T Bramall
2023-2024,2024-04-24,Everton,Liverpool,2.0,0.0,H,1.0,0.0,H,16.0,23.0,6.0,7.0,4.0,13.0,6.0,13.0,0.0,3.0,0.0,0.0,A Madley
2023-2024,2024-04-24,Manchester United,Sheffield United,4.0,2.0,H,1.0,1.0,D,25.0,10.0,13.0,4.0,9.0,4.0,7.0,9.0,0.0,1.0,0.0,0.0,M Salisbury
2023-2024,2024-04-25,Brighton,Manchester City,0.0,4.0,A,0.0,3.0,A,7.0,14.0,3.0,6.0,4.0,4.0,10.0,3.0,2.0,0.0,0.0,0.0,J Gillett
2023-2024,2024-04-27,Everton,Brentford,1.0,0.0,H,0.0,0.0,D,18.0,10.0,1.0,4.0,6.0,6.0,10.0,12.0,1.0,2.0,0.0,0.0,D England
2023-2024,2024-04-27,Aston Villa,Chelsea,2.0,2.0,D,2.0,0.0,H,9.0,21.0,4.0,5.0,2.0,4.0,13.0,14.0,3.0,5.0,0.0,0.0,C Pawson
2023-2024,2024-04-27,Wolverhampton,Luton,2.0,1.0,H,1.0,0.0,H,13.0,9.0,5.0,6.0,4.0,4.0,14.0,14.0,3.0,1.0,0.0,0.0,D Coote
2023-2024,2024-04-27,Manchester United,Burnley,1.0,1.0,D,0.0,0.0,D,27.0,16.0,10.0,7.0,6.0,5.0,7.0,11.0,1.0,3.0,0.0,0.0,J Brooks
2023-2024,2024-04-27,Fulham,Crystal Palace,1.0,1.0,D,0.0,0.0,D,9.0,14.0,2.0,4.0,5.0,9.0,11.0,15.0,0.0,2.0,0.0,0.0,S Attwell
2023-2024,2024-04-27,West Ham,Liverpool,2.0,2.0,D,1.0,0.0,H,11.0,28.0,8.0,8.0,5.0,8.0,8.0,10.0,0.0,2.0,0.0,0.0,A Taylor
2023-2024,2024-04-27,Newcastle,Sheffield United,5.0,1.0,H,1.0,1.0,D,20.0,15.0,7.0,5.0,4.0,5.0,9.0,10.0,0.0,0.0,0.0,0.0,T Harrington
2023-2024,2024-04-28,Bournemouth,Brighton,3.0,0.0,H,1.0,0.0,H,15.0,13.0,6.0,1.0,8.0,2.0,14.0,10.0,2.0,2.0,0.0,0.0,P Tierney
2023-2024,2024-04-28,Tottenham,Arsenal,2.0,3.0,A,0.0,3.0,A,14.0,9.0,2.0,3.0,8.0,6.0,12.0,16.0,2.0,1.0,0.0,0.0,M Oliver
2023-2024,2024-04-28,Nott'm Forest,Manchester City,0.0,2.0,A,0.0,1.0,A,14.0,11.0,2.0,5.0,4.0,5.0,8.0,6.0,0.0,0.0,0.0,0.0,S Hooper
2023-2024,2024-05-02,Chelsea,Tottenham,2.0,0.0,H,1.0,0.0,H,16.0,19.0,5.0,3.0,4.0,9.0,12.0,16.0,0.0,1.0,0.0,0.0,R Jones
2023-2024,2024-05-03,Luton,Everton,1.0,1.0,D,1.0,1.0,D,18.0,10.0,5.0,3.0,8.0,7.0,14.0,12.0,1.0,3.0,0.0,0.0,T Robinson
2023-2024,2024-05-04,Arsenal,Bournemouth,3.0,0.0,H,1.0,0.0,H,25.0,7.0,9.0,2.0,6.0,1.0,16.0,12.0,2.0,3.0,0.0,0.0,D Coote
2023-2024,2024-05-04,Brentford,Fulham,0.0,0.0,D,0.0,0.0,D,7.0,15.0,3.0,3.0,7.0,6.0,3.0,6.0,1.0,1.0,0.0,0.0,G Scott
2023-2024,2024-05-04,Burnley,Newcastle,1.0,4.0,A,0.0,3.0,A,17.0,23.0,5.0,11.0,4.0,11.0,8.0,8.0,2.0,2.0,0.0,0.0,A Taylor
2023-2024,2024-05-04,Sheffield United,Nott'm Forest,1.0,3.0,A,1.0,1.0,D,17.0,15.0,5.0,4.0,5.0,3.0,9.0,7.0,0.0,1.0,1.0,0.0,C Kavanagh
2023-2024,2024-05-04,Manchester City,Wolverhampton,5.0,1.0,H,3.0,0.0,H,20.0,2.0,12.0,1.0,6.0,0.0,4.0,17.0,0.0,4.0,0.0,0.0,C Pawson
2023-2024,2024-05-05,Chelsea,West Ham,5.0,0.0,H,3.0,0.0,H,25.0,13.0,14.0,2.0,8.0,6.0,12.0,10.0,1.0,3.0,0.0,0.0,A Madley
2023-2024,2024-05-05,Brighton,Aston Villa,1.0,0.0,H,0.0,0.0,D,15.0,2.0,8.0,1.0,7.0,3.0,13.0,10.0,2.0,1.0,0.0,0.0,R Jones
2023-2024,2024-05-05,Liverpool,Tottenham,4.0,2.0,H,2.0,0.0,H,25.0,11.0,13.0,6.0,8.0,3.0,14.0,12.0,1.0,4.0,0.0,0.0,P Tierney
2023-2024,2024-05-06,Crystal Palace,Manchester United,4.0,0.0,H,2.0,0.0,H,18.0,7.0,10.0,2.0,6.0,3.0,12.0,8.0,1.0,1.0,0.0,0.0,J Gillett 
2023-2024,2024-05-11,Fulham,Manchester City,0.0,4.0,A,0.0,1.0,A,1.0,16.0,1.0,9.0,1.0,7.0,9.0,6.0,1.0,0.0,1.0,0.0,A Taylor
2023-2024,2024-05-11,Bournemouth,Brentford,1.0,2.0,A,0.0,0.0,D,13.0,11.0,4.0,5.0,3.0,8.0,16.0,12.0,2.0,2.0,0.0,0.0,M Donohue
2023-2024,2024-05-11,Everton,Sheffield United,1.0,0.0,H,1.0,0.0,H,15.0,13.0,6.0,1.0,3.0,6.0,6.0,11.0,1.0,2.0,0.0,0.0,S Attwell
2023-2024,2024-05-11,Newcastle,Brighton,1.0,1.0,D,1.0,1.0,D,18.0,15.0,7.0,4.0,8.0,4.0,9.0,16.0,3.0,4.0,0.0,0.0,D England
2023-2024,2024-05-11,Tottenham,Burnley,2.0,1.0,H,1.0,1.0,D,21.0,7.0,9.0,3.0,9.0,3.0,10.0,14.0,3.0,5.0,0.0,0.0,J Gillett
2023-2024,2024-05-11,West Ham,Luton,3.0,1.0,H,0.0,1.0,A,24.0,4.0,8.0,1.0,7.0,6.0,9.0,15.0,1.0,3.0,0.0,0.0,M Oliver
2023-2024,2024-05-11,Wolverhampton,Crystal Palace,1.0,3.0,A,0.0,2.0,A,13.0,13.0,7.0,3.0,8.0,3.0,13.0,12.0,3.0,2.0,0.0,1.0,T Bramall
2023-2024,2024-05-11,Nott'm Forest,Chelsea,2.0,3.0,A,1.0,1.0,D,20.0,12.0,4.0,5.0,5.0,6.0,14.0,8.0,2.0,3.0,0.0,0.0,T Harrington
2023-2024,2024-05-12,Manchester United,Arsenal,0.0,1.0,A,0.0,1.0,A,14.0,11.0,2.0,5.0,4.0,7.0,5.0,6.0,0.0,2.0,0.0,0.0,P Tierney
2023-2024,2024-05-13,Aston Villa,Liverpool,3.0,3.0,D,1.0,2.0,A,19.0,14.0,5.0,7.0,5.0,4.0,11.0,15.0,1.0,1.0,0.0,0.0,S Hooper
2023-2024,2024-05-14,Tottenham,Manchester City,0.0,2.0,A,0.0,0.0,D,10.0,8.0,5.0,5.0,7.0,4.0,14.0,11.0,3.0,3.0,0.0,0.0,C Kavanagh
2023-2024,2024-05-15,Brighton,Chelsea,1.0,2.0,A,0.0,1.0,A,12.0,13.0,2.0,6.0,4.0,6.0,13.0,14.0,2.0,2.0,0.0,1.0,M Salisbury
2023-2024,2024-05-15,Manchester United,Newcastle,3.0,2.0,H,1.0,0.0,H,17.0,21.0,8.0,8.0,9.0,9.0,16.0,7.0,3.0,3.0,0.0,0.0,R Jones
2023-2024,2024-05-19,Sheffield United,Tottenham,0.0,3.0,A,0.0,1.0,A,6.0,18.0,1.0,9.0,2.0,6.0,11.0,9.0,2.0,0.0,0.0,0.0,A Madley
2023-2024,2024-05-19,Manchester City,West Ham,3.0,1.0,H,2.0,1.0,H,28.0,3.0,12.0,2.0,11.0,2.0,3.0,12.0,0.0,1.0,0.0,0.0,J Brooks
2023-2024,2024-05-19,Luton,Fulham,2.0,4.0,A,1.0,2.0,A,15.0,15.0,6.0,7.0,4.0,4.0,15.0,20.0,5.0,4.0,0.0,0.0,M Donohue
2023-2024,2024-05-19,Liverpool,Wolverhampton,2.0,0.0,H,2.0,0.0,H,36.0,4.0,14.0,3.0,10.0,2.0,14.0,11.0,1.0,1.0,0.0,1.0,C Kavanagh
2023-2024,2024-05-19,Crystal Palace,Aston Villa,5.0,0.0,H,2.0,0.0,H,15.0,8.0,9.0,2.0,2.0,4.0,10.0,8.0,1.0,4.0,0.0,0.0,D Bond
2023-2024,2024-05-19,Chelsea,Bournemouth,2.0,1.0,H,1.0,0.0,H,16.0,22.0,6.0,5.0,6.0,5.0,5.0,9.0,2.0,3.0,0.0,0.0,A Taylor
2023-2024,2024-05-19,Burnley,Nott'm Forest,1.0,2.0,A,0.0,2.0,A,20.0,12.0,3.0,6.0,4.0,3.0,11.0,5.0,1.0,0.0,0.0,0.0,G Scott
2023-2024,2024-05-19,Brighton,Manchester United,0.0,2.0,A,0.0,0.0,D,17.0,11.0,3.0,4.0,7.0,5.0,10.0,9.0,1.0,3.0,0.0,0.0,C Pawson
2023-2024,2024-05-19,Brentford,Newcastle,2.0,4.0,A,0.0,3.0,A,10.0,12.0,5.0,7.0,3.0,0.0,15.0,11.0,4.0,4.0,0.0,0.0,S Hooper
2023-2024,2024-05-19,Arsenal,Everton,2.0,1.0,H,1.0,1.0,D,26.0,5.0,5.0,2.0,8.0,1.0,8.0,11.0,4.0,3.0,0.0,0.0,M Oliver
2024-2025,2024-08-16,Manchester United,Fulham,1.0,0.0,H,0.0,0.0,D,14.0,10.0,5.0,2.0,7.0,8.0,12.0,10.0,2.0,3.0,0.0,0.0,R Jones
2024-2025,2024-08-17,West Ham,Aston Villa,1.0,2.0,A,1.0,1.0,D,14.0,15.0,3.0,3.0,5.0,3.0,18.0,11.0,1.0,2.0,0.0,0.0,T Harrington
2024-2025,2024-08-17,Nott'm Forest,Bournemouth,1.0,1.0,D,1.0,0.0,H,14.0,13.0,8.0,4.0,2.0,6.0,17.0,8.0,1.0,3.0,0.0,0.0,M Oliver
2024-2025,2024-08-17,Newcastle,Southampton,1.0,0.0,H,1.0,0.0,H,3.0,19.0,1.0,4.0,3.0,12.0,15.0,16.0,2.0,4.0,1.0,0.0,C Pawson
2024-2025,2024-08-17,Arsenal,Wolverhampton,2.0,0.0,H,1.0,0.0,H,18.0,9.0,6.0,3.0,8.0,2.0,17.0,14.0,2.0,2.0,0.0,0.0,J Gillett
2024-2025,2024-08-17,Ipswich,Liverpool,0.0,2.0,A,0.0,0.0,D,7.0,18.0,2.0,5.0,2.0,10.0,9.0,18.0,3.0,1.0,0.0,0.0,T Robinson
2024-2025,2024-08-17,Everton,Brighton,0.0,3.0,A,0.0,1.0,A,9.0,10.0,1.0,5.0,1.0,5.0,8.0,8.0,1.0,1.0,1.0,0.0,S Hooper
2024-2025,2024-08-18,Brentford,Crystal Palace,2.0,1.0,H,1.0,0.0,H,9.0,14.0,5.0,6.0,4.0,7.0,6.0,15.0,1.0,5.0,0.0,0.0,S Barrott
2024-2025,2024-08-18,Chelsea,Manchester City,0.0,2.0,A,0.0,1.0,A,10.0,11.0,3.0,5.0,4.0,3.0,12.0,9.0,1.0,1.0,0.0,0.0,A Taylor
2024-2025,2024-08-19,Leicester,Tottenham,1.0,1.0,D,0.0,1.0,A,7.0,15.0,3.0,7.0,2.0,13.0,11.0,12.0,1.0,1.0,0.0,0.0,C Kavanagh
2024-2025,2024-08-24,Aston Villa,Arsenal,0.0,2.0,A,0.0,0.0,D,11.0,9.0,3.0,4.0,4.0,1.0,8.0,15.0,1.0,3.0,0.0,0.0,M Oliver
2024-2025,2024-08-24,Tottenham,Everton,4.0,0.0,H,2.0,0.0,H,13.0,10.0,7.0,1.0,12.0,5.0,11.0,15.0,0.0,0.0,0.0,0.0,A Taylor
2024-2025,2024-08-24,Manchester City,Ipswich,4.0,1.0,H,3.0,1.0,H,14.0,1.0,5.0,1.0,10.0,1.0,4.0,15.0,2.0,3.0,0.0,0.0,M Salisbury
2024-2025,2024-08-24,Southampton,Nott'm Forest,0.0,1.0,A,0.0,0.0,D,5.0,23.0,1.0,8.0,4.0,10.0,14.0,14.0,3.0,3.0,0.0,0.0,S Barrott
2024-2025,2024-08-24,Crystal Palace,West Ham,0.0,2.0,A,0.0,0.0,D,14.0,18.0,2.0,3.0,3.0,3.0,9.0,17.0,1.0,1.0,0.0,0.0,R Jones
2024-2025,2024-08-24,Brighton,Manchester United,2.0,1.0,H,1.0,0.0,H,14.0,11.0,5.0,4.0,4.0,4.0,9.0,13.0,1.0,2.0,0.0,0.0,C Pawson
2024-2025,2024-08-24,Fulham,Leicester,2.0,1.0,H,1.0,1.0,D,18.0,10.0,6.0,4.0,7.0,5.0,14.0,13.0,2.0,2.0,0.0,0.0,D Bond
2024-2025,2024-08-25,Bournemouth,Newcastle,1.0,1.0,D,1.0,0.0,H,16.0,14.0,4.0,5.0,8.0,9.0,19.0,8.0,2.0,2.0,0.0,0.0,D Coote
2024-2025,2024-08-25,Wolverhampton,Chelsea,2.0,6.0,A,2.0,2.0,D,12.0,14.0,4.0,8.0,5.0,5.0,13.0,13.0,2.0,3.0,0.0,0.0,D England
2024-2025,2024-08-25,Liverpool,Brentford,2.0,0.0,H,1.0,0.0,H,19.0,8.0,8.0,2.0,9.0,4.0,10.0,7.0,2.0,3.0,0.0,0.0,S Attwell
2024-2025,2024-08-31,West Ham,Manchester City,1.0,3.0,A,1.0,2.0,A,10.0,23.0,2.0,8.0,3.0,11.0,10.0,3.0,3.0,2.0,0.0,0.0,M Oliver
2024-2025,2024-08-31,Nott'm Forest,Wolverhampton,1.0,1.0,D,1.0,1.0,D,16.0,11.0,5.0,3.0,7.0,3.0,15.0,18.0,3.0,4.0,0.0,0.0,S Hooper
2024-2025,2024-08-31,Leicester,Aston Villa,1.0,2.0,A,0.0,1.0,A,9.0,10.0,3.0,5.0,1.0,4.0,13.0,21.0,4.0,5.0,0.0,0.0,D Coote
2024-2025,2024-08-31,Ipswich,Fulham,1.0,1.0,D,1.0,1.0,D,11.0,9.0,4.0,4.0,8.0,6.0,15.0,15.0,2.0,3.0,0.0,0.0,L Smith
2024-2025,2024-08-31,Everton,Bournemouth,2.0,3.0,A,0.0,0.0,D,18.0,17.0,8.0,7.0,8.0,4.0,6.0,1.0,2.0,1.0,0.0,0.0,S Attwell
2024-2025,2024-08-31,Brentford,Southampton,3.0,1.0,H,1.0,0.0,H,20.0,18.0,7.0,6.0,2.0,8.0,10.0,7.0,2.0,1.0,0.0,0.0,J Smith
2024-2025,2024-08-31,Arsenal,Brighton,1.0,1.0,D,1.0,0.0,H,11.0,22.0,7.0,4.0,3.0,7.0,12.0,7.0,3.0,2.0,1.0,0.0,C Kavanagh
2024-2025,2024-09-01,Chelsea,Crystal Palace,1.0,1.0,D,1.0,0.0,H,13.0,9.0,7.0,3.0,4.0,5.0,9.0,13.0,4.0,2.0,0.0,0.0,J Gillett
2024-2025,2024-09-01,Newcastle,Tottenham,2.0,1.0,H,1.0,0.0,H,9.0,20.0,3.0,6.0,7.0,12.0,16.0,13.0,4.0,4.0,0.0,0.0,R Jones
2024-2025,2024-09-01,Manchester United,Liverpool,0.0,3.0,A,0.0,2.0,A,8.0,11.0,3.0,3.0,5.0,2.0,7.0,7.0,4.0,1.0,0.0,0.0,A Taylor
2024-2025,2024-09-14,Bournemouth,Chelsea,0.0,1.0,A,0.0,0.0,D,19.0,10.0,7.0,3.0,6.0,3.0,16.0,9.0,6.0,8.0,0.0,0.0,A Taylor
2024-2025,2024-09-14,Aston Villa,Everton,3.0,2.0,H,1.0,2.0,A,17.0,6.0,8.0,2.0,6.0,2.0,10.0,12.0,1.0,4.0,0.0,0.0,C Pawson
2024-2025,2024-09-14,Manchester City,Brentford,2.0,1.0,H,2.0,1.0,H,18.0,8.0,7.0,5.0,12.0,3.0,9.0,3.0,3.0,1.0,0.0,0.0,D Bond
2024-2025,2024-09-14,Liverpool,Nott'm Forest,0.0,1.0,A,0.0,0.0,D,14.0,5.0,5.0,3.0,7.0,2.0,15.0,6.0,4.0,4.0,0.0,0.0,M Oliver
2024-2025,2024-09-14,Fulham,West Ham,1.0,1.0,D,1.0,0.0,H,21.0,11.0,5.0,3.0,3.0,2.0,15.0,18.0,2.0,3.0,0.0,0.0,T Robinson
2024-2025,2024-09-14,Crystal Palace,Leicester,2.0,2.0,D,0.0,1.0,A,20.0,9.0,4.0,4.0,5.0,2.0,11.0,15.0,0.0,3.0,0.0,0.0,T Harrington
2024-2025,2024-09-14,Brighton,Ipswich,0.0,0.0,D,0.0,0.0,D,21.0,6.0,6.0,1.0,9.0,2.0,14.0,16.0,4.0,3.0,0.0,0.0,S Barrott
2024-2025,2024-09-14,Southampton,Manchester United,0.0,3.0,A,0.0,2.0,A,6.0,20.0,4.0,10.0,0.0,7.0,11.0,14.0,1.0,4.0,1.0,0.0,S Attwell
2024-2025,2024-09-15,Tottenham,Arsenal,0.0,1.0,A,0.0,0.0,D,15.0,7.0,5.0,4.0,7.0,6.0,13.0,10.0,5.0,3.0,0.0,0.0,J Gillett
2024-2025,2024-09-15,Wolverhampton,Newcastle,1.0,2.0,A,1.0,0.0,H,12.0,14.0,5.0,6.0,4.0,7.0,17.0,6.0,3.0,3.0,0.0,0.0,C Kavanagh
2024-2025,2024-09-21,Crystal Palace,Manchester United,0.0,0.0,D,0.0,0.0,D,9.0,15.0,4.0,6.0,4.0,11.0,7.0,12.0,3.0,1.0,0.0,0.0,D Coote
2024-2025,2024-09-21,Tottenham,Brentford,3.0,1.0,H,2.0,1.0,H,23.0,6.0,10.0,6.0,9.0,4.0,11.0,9.0,3.0,1.0,0.0,0.0,J Brooks
2024-2025,2024-09-21,Southampton,Ipswich,1.0,1.0,D,1.0,0.0,H,11.0,13.0,3.0,6.0,2.0,10.0,16.0,16.0,4.0,4.0,0.0,0.0,S Allison
2024-2025,2024-09-21,Liverpool,Bournemouth,3.0,0.0,H,3.0,0.0,H,19.0,19.0,13.0,6.0,3.0,9.0,10.0,12.0,1.0,4.0,0.0,0.0,T Harrington
2024-2025,2024-09-21,Leicester,Everton,1.0,1.0,D,0.0,1.0,A,12.0,16.0,2.0,5.0,6.0,1.0,11.0,12.0,1.0,2.0,0.0,0.0,D England
2024-2025,2024-09-21,Fulham,Newcastle,3.0,1.0,H,2.0,0.0,H,22.0,15.0,11.0,4.0,6.0,0.0,16.0,8.0,6.0,0.0,0.0,0.0,P Bankes
2024-2025,2024-09-21,Aston Villa,Wolverhampton,3.0,1.0,H,0.0,1.0,A,9.0,10.0,4.0,4.0,6.0,5.0,11.0,16.0,3.0,6.0,0.0,0.0,T Robinson
2024-2025,2024-09-21,West Ham,Chelsea,0.0,3.0,A,0.0,2.0,A,15.0,12.0,7.0,5.0,6.0,5.0,17.0,9.0,5.0,2.0,0.0,0.0,S Barrott
2024-2025,2024-09-22,Brighton,Nott'm Forest,2.0,2.0,D,2.0,1.0,H,14.0,4.0,3.0,3.0,9.0,1.0,12.0,11.0,3.0,4.0,0.0,1.0,R Jones
2024-2025,2024-09-22,Manchester City,Arsenal,2.0,2.0,D,1.0,2.0,A,33.0,5.0,11.0,3.0,8.0,2.0,7.0,10.0,3.0,4.0,0.0,1.0,M Oliver
2024-2025,2024-09-28,Wolverhampton,Liverpool,1.0,2.0,A,0.0,1.0,A,8.0,10.0,3.0,6.0,2.0,10.0,16.0,8.0,2.0,3.0,0.0,0.0,A Taylor
2024-2025,2024-09-28,Nott'm Forest,Fulham,0.0,1.0,A,0.0,0.0,D,11.0,14.0,1.0,2.0,6.0,5.0,11.0,15.0,2.0,4.0,0.0,0.0,J Smith
2024-2025,2024-09-28,Everton,Crystal Palace,2.0,1.0,H,0.0,1.0,A,8.0,17.0,2.0,5.0,5.0,8.0,13.0,11.0,2.0,1.0,0.0,0.0,A Madley
2024-2025,2024-09-28,Newcastle,Manchester City,1.0,1.0,D,0.0,1.0,A,11.0,16.0,4.0,6.0,5.0,6.0,14.0,10.0,4.0,4.0,0.0,0.0,J Gillett
2024-2025,2024-09-28,Brentford,West Ham,1.0,1.0,D,1.0,0.0,H,8.0,19.0,3.0,3.0,7.0,7.0,2.0,11.0,2.0,3.0,0.0,0.0,S Hooper
2024-2025,2024-09-28,Arsenal,Leicester,4.0,2.0,H,2.0,0.0,H,36.0,5.0,16.0,3.0,17.0,0.0,11.0,6.0,2.0,4.0,0.0,0.0,S Barrott
2024-2025,2024-09-28,Chelsea,Brighton,4.0,2.0,H,4.0,2.0,H,15.0,15.0,7.0,5.0,8.0,2.0,11.0,8.0,3.0,2.0,0.0,0.0,P Bankes
2024-2025,2024-09-29,Ipswich,Aston Villa,2.0,2.0,D,1.0,2.0,A,15.0,7.0,5.0,3.0,10.0,0.0,10.0,14.0,4.0,1.0,0.0,0.0,S Attwell
2024-2025,2024-09-29,Manchester United,Tottenham,0.0,3.0,A,0.0,1.0,A,11.0,24.0,2.0,10.0,5.0,3.0,16.0,14.0,5.0,3.0,1.0,0.0,C Kavanagh
2024-2025,2024-09-30,Bournemouth,Southampton,3.0,1.0,H,3.0,0.0,H,14.0,9.0,6.0,3.0,7.0,4.0,19.0,12.0,2.0,5.0,0.0,0.0,M Oliver
2024-2025,2024-10-05,Everton,Newcastle,0.0,0.0,D,0.0,0.0,D,8.0,14.0,2.0,3.0,0.0,10.0,12.0,8.0,1.0,2.0,0.0,0.0,C Pawson
2024-2025,2024-10-05,West Ham,Ipswich,4.0,1.0,H,2.0,1.0,H,23.0,9.0,13.0,2.0,5.0,5.0,12.0,6.0,0.0,1.0,0.0,0.0,A Taylor
2024-2025,2024-10-05,Manchester City,Fulham,3.0,2.0,H,1.0,1.0,D,20.0,11.0,7.0,4.0,8.0,3.0,4.0,10.0,2.0,1.0,0.0,0.0,P Bankes
2024-2025,2024-10-05,Leicester,Bournemouth,1.0,0.0,H,1.0,0.0,H,6.0,17.0,2.0,2.0,0.0,9.0,12.0,14.0,4.0,1.0,0.0,0.0,D Bond
2024-2025,2024-10-05,Brentford,Wolverhampton,5.0,3.0,H,4.0,2.0,H,19.0,17.0,12.0,6.0,10.0,3.0,9.0,10.0,2.0,3.0,0.0,0.0,A Madley
2024-2025,2024-10-05,Arsenal,Southampton,3.0,1.0,H,0.0,0.0,D,29.0,8.0,6.0,2.0,13.0,1.0,10.0,9.0,0.0,3.0,0.0,0.0,T Harrington
2024-2025,2024-10-05,Crystal Palace,Liverpool,0.0,1.0,A,0.0,1.0,A,9.0,16.0,5.0,4.0,3.0,8.0,7.0,15.0,4.0,2.0,0.0,0.0,S Hooper
2024-2025,2024-10-06,Aston Villa,Manchester United,0.0,0.0,D,0.0,0.0,D,11.0,10.0,1.0,4.0,6.0,3.0,12.0,11.0,1.0,5.0,0.0,0.0,R Jones
2024-2025,2024-10-06,Chelsea,Nott'm Forest,1.0,1.0,D,0.0,0.0,D,22.0,16.0,8.0,9.0,11.0,3.0,12.0,11.0,6.0,2.0,0.0,1.0,C Kavanagh
2024-2025,2024-10-06,Brighton,Tottenham,3.0,2.0,H,0.0,2.0,A,11.0,13.0,4.0,3.0,4.0,7.0,14.0,10.0,2.0,2.0,0.0,0.0,D Coote
2024-2025,2024-10-19,Bournemouth,Arsenal,2.0,0.0,H,0.0,0.0,D,13.0,6.0,4.0,1.0,7.0,4.0,12.0,11.0,1.0,1.0,0.0,1.0,R Jones
2024-2025,2024-10-19,Southampton,Leicester,2.0,3.0,A,2.0,0.0,H,14.0,18.0,7.0,4.0,10.0,6.0,10.0,10.0,5.0,3.0,1.0,0.0,A Taylor
2024-2025,2024-10-19,Newcastle,Brighton,0.0,1.0,A,0.0,1.0,A,21.0,10.0,6.0,5.0,9.0,4.0,11.0,9.0,2.0,2.0,0.0,0.0,P Bankes
2024-2025,2024-10-19,Tottenham,West Ham,4.0,1.0,H,1.0,1.0,D,22.0,11.0,7.0,4.0,13.0,5.0,10.0,15.0,1.0,3.0,0.0,1.0,A Madley
2024-2025,2024-10-19,Ipswich,Everton,0.0,2.0,A,0.0,2.0,A,13.0,11.0,2.0,8.0,5.0,8.0,12.0,10.0,1.0,1.0,0.0,0.0,M Oliver
2024-2025,2024-10-19,Fulham,Aston Villa,1.0,3.0,A,1.0,1.0,D,10.0,14.0,4.0,5.0,6.0,11.0,8.0,11.0,3.0,3.0,1.0,1.0,D England
2024-2025,2024-10-19,Manchester United,Brentford,2.0,1.0,H,0.0,1.0,A,23.0,8.0,11.0,2.0,9.0,2.0,14.0,5.0,2.0,2.0,0.0,0.0,S Barrott
2024-2025,2024-10-20,Wolverhampton,Manchester City,1.0,2.0,A,1.0,1.0,D,3.0,22.0,2.0,7.0,1.0,18.0,8.0,5.0,4.0,1.0,0.0,0.0,C Kavanagh
2024-2025,2024-10-20,Liverpool,Chelsea,2.0,1.0,H,1.0,0.0,H,9.0,12.0,5.0,2.0,1.0,6.0,12.0,13.0,4.0,3.0,0.0,0.0,J Brooks
2024-2025,2024-10-21,Nott'm Forest,Crystal Palace,1.0,0.0,H,0.0,0.0,D,20.0,20.0,6.0,7.0,6.0,6.0,9.0,12.0,2.0,3.0,0.0,0.0,T Robinson
2024-2025,2024-10-25,Leicester,Nott'm Forest,1.0,3.0,A,1.0,1.0,D,11.0,20.0,1.0,5.0,6.0,7.0,16.0,9.0,5.0,2.0,0.0,0.0,C Pawson
2024-2025,2024-10-26,Aston Villa,Bournemouth,1.0,1.0,D,0.0,0.0,D,18.0,11.0,8.0,3.0,9.0,7.0,12.0,14.0,7.0,6.0,0.0,0.0,A Madley
2024-2025,2024-10-26,Brentford,Ipswich,4.0,3.0,H,2.0,2.0,D,20.0,11.0,9.0,5.0,5.0,5.0,7.0,10.0,0.0,1.0,0.0,1.0,L Smith
2024-2025,2024-10-26,Brighton,Wolverhampton,2.0,2.0,D,1.0,0.0,H,19.0,14.0,6.0,7.0,9.0,6.0,12.0,10.0,3.0,3.0,0.0,0.0,M Oliver
2024-2025,2024-10-26,Manchester City,Southampton,1.0,0.0,H,1.0,0.0,H,22.0,5.0,8.0,2.0,12.0,1.0,9.0,9.0,1.0,3.0,0.0,0.0,T Harrington
2024-2025,2024-10-26,Everton,Fulham,1.0,1.0,D,0.0,0.0,D,10.0,14.0,5.0,3.0,4.0,2.0,8.0,8.0,1.0,0.0,0.0,0.0,J Brooks
2024-2025,2024-10-27,Arsenal,Liverpool,2.0,2.0,D,2.0,1.0,H,9.0,9.0,3.0,4.0,1.0,3.0,14.0,14.0,2.0,2.0,0.0,0.0,A Taylor
2024-2025,2024-10-27,West Ham,Manchester United,2.0,1.0,H,0.0,0.0,D,12.0,18.0,3.0,5.0,6.0,5.0,6.0,7.0,5.0,1.0,0.0,0.0,D Coote
2024-2025,2024-10-27,Crystal Palace,Tottenham,1.0,0.0,H,1.0,0.0,H,14.0,11.0,6.0,3.0,8.0,8.0,16.0,12.0,4.0,4.0,0.0,0.0,D Bond
2024-2025,2024-10-27,Chelsea,Newcastle,2.0,1.0,H,1.0,1.0,D,17.0,11.0,7.0,3.0,7.0,4.0,13.0,16.0,6.0,3.0,0.0,0.0,S Hooper
2024-2025,2024-11-02,Newcastle,Arsenal,1.0,0.0,H,1.0,0.0,H,9.0,10.0,4.0,1.0,4.0,6.0,16.0,18.0,4.0,4.0,0.0,0.0,J Brooks
2024-2025,2024-11-02,Bournemouth,Manchester City,2.0,1.0,H,1.0,0.0,H,12.0,18.0,6.0,4.0,3.0,10.0,11.0,6.0,2.0,1.0,0.0,0.0,M Oliver
2024-2025,2024-11-02,Ipswich,Leicester,1.0,1.0,D,0.0,0.0,D,14.0,20.0,2.0,6.0,4.0,6.0,11.0,10.0,4.0,2.0,1.0,0.0,T Robinson
2024-2025,2024-11-02,Liverpool,Brighton,2.0,1.0,H,0.0,1.0,A,16.0,13.0,8.0,5.0,10.0,7.0,10.0,18.0,1.0,1.0,0.0,0.0,T Harrington
2024-2025,2024-11-02,Nott'm Forest,West Ham,3.0,0.0,H,1.0,0.0,H,19.0,4.0,6.0,2.0,11.0,6.0,7.0,9.0,1.0,2.0,0.0,1.0,P Bankes
2024-2025,2024-11-02,Southampton,Everton,1.0,0.0,H,0.0,0.0,D,9.0,16.0,2.0,5.0,3.0,6.0,14.0,18.0,4.0,2.0,0.0,0.0,A Madley
2024-2025,2024-11-02,Wolverhampton,Crystal Palace,2.0,2.0,D,0.0,0.0,D,11.0,19.0,6.0,7.0,3.0,6.0,7.0,9.0,1.0,2.0,0.0,0.0,A Taylor
2024-2025,2024-11-03,Tottenham,Aston Villa,4.0,1.0,H,0.0,1.0,A,16.0,12.0,6.0,1.0,6.0,4.0,14.0,14.0,2.0,0.0,0.0,0.0,C Pawson
2024-2025,2024-11-03,Manchester United,Chelsea,1.0,1.0,D,0.0,0.0,D,11.0,12.0,4.0,3.0,4.0,8.0,19.0,14.0,6.0,2.0,0.0,0.0,R Jones
2024-2025,2024-11-04,Fulham,Brentford,2.0,1.0,H,0.0,1.0,A,26.0,5.0,12.0,2.0,11.0,3.0,3.0,10.0,2.0,1.0,0.0,0.0,S Attwell
2024-2025,2024-11-09,Brighton,Manchester City,2.0,1.0,H,0.0,1.0,A,10.0,15.0,4.0,6.0,0.0,4.0,12.0,10.0,3.0,3.0,0.0,0.0,S Barrott
2024-2025,2024-11-09,Wolverhampton,Southampton,2.0,0.0,H,1.0,0.0,H,8.0,9.0,4.0,0.0,1.0,9.0,14.0,12.0,1.0,4.0,0.0,0.0,T Bramall
2024-2025,2024-11-09,Liverpool,Aston Villa,2.0,0.0,H,1.0,0.0,H,14.0,12.0,5.0,2.0,2.0,9.0,11.0,15.0,0.0,3.0,0.0,0.0,D Coote
2024-2025,2024-11-09,Crystal Palace,Fulham,0.0,2.0,A,0.0,1.0,A,13.0,17.0,5.0,7.0,1.0,8.0,10.0,11.0,1.0,1.0,1.0,0.0,M Salisbury
2024-2025,2024-11-09,Brentford,Bournemouth,3.0,2.0,H,1.0,1.0,D,12.0,15.0,6.0,3.0,6.0,4.0,8.0,16.0,2.0,4.0,0.0,0.0,D Bond
2024-2025,2024-11-09,West Ham,Everton,0.0,0.0,D,0.0,0.0,D,11.0,18.0,6.0,4.0,7.0,6.0,10.0,9.0,1.0,2.0,0.0,0.0,S Attwell
2024-2025,2024-11-10,Manchester United,Leicester,3.0,0.0,H,2.0,0.0,H,13.0,6.0,3.0,5.0,1.0,5.0,9.0,5.0,0.0,1.0,0.0,0.0,P Bankes
2024-2025,2024-11-10,Nott'm Forest,Newcastle,1.0,3.0,A,1.0,0.0,H,9.0,17.0,3.0,6.0,4.0,5.0,13.0,6.0,1.0,1.0,0.0,0.0,A Taylor
2024-2025,2024-11-10,Tottenham,Ipswich,1.0,2.0,A,0.0,2.0,A,17.0,8.0,5.0,3.0,12.0,2.0,10.0,19.0,1.0,5.0,0.0,0.0,D England
2024-2025,2024-11-10,Chelsea,Arsenal,1.0,1.0,D,0.0,0.0,D,17.0,13.0,3.0,3.0,4.0,3.0,12.0,12.0,4.0,2.0,0.0,0.0,M Oliver
2024-2025,2024-11-23,Manchester City,Tottenham,0.0,4.0,A,0.0,2.0,A,23.0,9.0,5.0,7.0,9.0,3.0,19.0,9.0,4.0,2.0,0.0,0.0,J Brooks
2024-2025,2024-11-23,Fulham,Wolverhampton,1.0,4.0,A,1.0,1.0,D,10.0,10.0,3.0,5.0,7.0,2.0,14.0,14.0,3.0,0.0,0.0,0.0,R Jones
2024-2025,2024-11-23,Everton,Brentford,0.0,0.0,D,0.0,0.0,D,27.0,9.0,5.0,2.0,10.0,4.0,8.0,10.0,0.0,0.0,0.0,1.0,C Kavanagh
2024-2025,2024-11-23,Aston Villa,Crystal Palace,2.0,2.0,D,1.0,2.0,A,17.0,13.0,5.0,6.0,10.0,1.0,10.0,11.0,3.0,2.0,0.0,0.0,T Robinson
2024-2025,2024-11-23,Arsenal,Nott'm Forest,3.0,0.0,H,1.0,0.0,H,19.0,7.0,7.0,0.0,8.0,1.0,10.0,1.0,3.0,2.0,0.0,0.0,S Hooper
2024-2025,2024-11-23,Leicester,Chelsea,1.0,2.0,A,0.0,1.0,A,4.0,16.0,1.0,7.0,2.0,9.0,15.0,12.0,4.0,3.0,0.0,0.0,A Madley
2024-2025,2024-11-23,Bournemouth,Brighton,1.0,2.0,A,0.0,1.0,A,19.0,6.0,5.0,4.0,7.0,0.0,13.0,10.0,2.0,2.0,0.0,1.0,S Attwell
2024-2025,2024-11-24,Southampton,Liverpool,2.0,3.0,A,1.0,1.0,D,7.0,27.0,5.0,11.0,3.0,10.0,11.0,9.0,3.0,4.0,0.0,0.0,S Barrott
2024-2025,2024-11-24,Ipswich,Manchester United,1.0,1.0,D,1.0,1.0,D,11.0,11.0,6.0,4.0,4.0,3.0,11.0,10.0,0.0,0.0,0.0,0.0,A Taylor
2024-2025,2024-11-25,Newcastle,West Ham,0.0,2.0,A,0.0,1.0,A,18.0,15.0,2.0,6.0,8.0,3.0,11.0,8.0,1.0,0.0,0.0,0.0,C Pawson
2024-2025,2024-11-29,Brighton,Southampton,1.0,1.0,D,1.0,0.0,H,22.0,10.0,5.0,2.0,7.0,6.0,20.0,16.0,2.0,4.0,0.0,0.0,R Jones
2024-2025,2024-11-30,West Ham,Arsenal,2.0,5.0,A,2.0,5.0,A,12.0,16.0,5.0,7.0,2.0,10.0,10.0,13.0,4.0,1.0,0.0,0.0,A Taylor
2024-2025,2024-11-30,Nott'm Forest,Ipswich,1.0,0.0,H,0.0,0.0,D,12.0,7.0,5.0,3.0,8.0,7.0,5.0,16.0,1.0,3.0,0.0,0.0,T Harrington
2024-2025,2024-11-30,Wolverhampton,Bournemouth,2.0,4.0,A,1.0,3.0,A,10.0,12.0,3.0,8.0,3.0,4.0,13.0,11.0,4.0,1.0,0.0,0.0,P Bankes
2024-2025,2024-11-30,Crystal Palace,Newcastle,1.0,1.0,D,0.0,0.0,D,16.0,1.0,4.0,0.0,8.0,9.0,12.0,11.0,3.0,3.0,0.0,0.0,D England
2024-2025,2024-11-30,Brentford,Leicester,4.0,1.0,H,3.0,1.0,H,13.0,7.0,6.0,3.0,5.0,4.0,9.0,10.0,1.0,1.0,0.0,0.0,M Oliver
2024-2025,2024-12-01,Chelsea,Aston Villa,3.0,0.0,H,2.0,0.0,H,17.0,10.0,8.0,4.0,3.0,4.0,21.0,6.0,2.0,2.0,0.0,0.0,S Attwell
2024-2025,2024-12-01,Manchester United,Everton,4.0,0.0,H,2.0,0.0,H,11.0,8.0,5.0,2.0,2.0,2.0,12.0,12.0,2.0,3.0,0.0,0.0,J Brooks
2024-2025,2024-12-01,Tottenham,Fulham,1.0,1.0,D,0.0,0.0,D,8.0,14.0,3.0,6.0,7.0,11.0,4.0,14.0,0.0,1.0,0.0,1.0,D Bond
2024-2025,2024-12-01,Liverpool,Manchester City,2.0,0.0,H,1.0,0.0,H,18.0,8.0,7.0,2.0,7.0,4.0,9.0,8.0,1.0,3.0,0.0,0.0,C Kavanagh
2024-2025,2024-12-03,Ipswich,Crystal Palace,0.0,1.0,A,0.0,0.0,D,9.0,13.0,2.0,3.0,4.0,7.0,14.0,13.0,2.0,4.0,0.0,0.0,C Pawson
2024-2025,2024-12-03,Leicester,West Ham,3.0,1.0,H,1.0,0.0,H,8.0,31.0,6.0,10.0,3.0,9.0,9.0,7.0,2.0,2.0,0.0,0.0,J Smith
2024-2025,2024-12-04,Aston Villa,Brentford,3.0,1.0,H,3.0,0.0,H,20.0,9.0,10.0,1.0,10.0,5.0,11.0,15.0,2.0,2.0,0.0,0.0,L Smith
2024-2025,2024-12-04,Arsenal,Manchester United,2.0,0.0,H,0.0,0.0,D,14.0,5.0,6.0,2.0,13.0,0.0,12.0,8.0,1.0,3.0,0.0,0.0,S Barrott
2024-2025,2024-12-04,Southampton,Chelsea,1.0,5.0,A,1.0,3.0,A,6.0,26.0,4.0,13.0,5.0,7.0,7.0,14.0,1.0,0.0,1.0,0.0,T Harrington
2024-2025,2024-12-04,Everton,Wolverhampton,4.0,0.0,H,2.0,0.0,H,13.0,6.0,4.0,2.0,3.0,4.0,10.0,8.0,2.0,0.0,0.0,0.0,M Salisbury
2024-2025,2024-12-04,Manchester City,Nott'm Forest,3.0,0.0,H,2.0,0.0,H,17.0,12.0,7.0,3.0,8.0,2.0,7.0,15.0,2.0,4.0,0.0,0.0,M Oliver
2024-2025,2024-12-04,Newcastle,Liverpool,3.0,3.0,D,1.0,0.0,H,17.0,16.0,6.0,5.0,5.0,6.0,9.0,17.0,2.0,5.0,0.0,0.0,A Madley
2024-2025,2024-12-05,Fulham,Brighton,3.0,1.0,H,1.0,0.0,H,6.0,13.0,2.0,3.0,5.0,6.0,7.0,8.0,2.0,2.0,0.0,0.0,P Bankes
2024-2025,2024-12-05,Bournemouth,Tottenham,1.0,0.0,H,1.0,0.0,H,21.0,12.0,8.0,4.0,5.0,9.0,15.0,8.0,2.0,2.0,0.0,0.0,S Hooper
2024-2025,2024-12-07,Manchester United,Nott'm Forest,2.0,3.0,A,1.0,1.0,D,17.0,11.0,7.0,3.0,5.0,3.0,10.0,13.0,0.0,2.0,0.0,0.0,D England
2024-2025,2024-12-07,Crystal Palace,Manchester City,2.0,2.0,D,1.0,1.0,D,12.0,12.0,3.0,4.0,6.0,8.0,4.0,10.0,1.0,0.0,0.0,1.0,R Jones
2024-2025,2024-12-07,Aston Villa,Southampton,1.0,0.0,H,1.0,0.0,H,18.0,4.0,5.0,0.0,14.0,1.0,18.0,15.0,1.0,3.0,0.0,0.0,D Bond
2024-2025,2024-12-07,Brentford,Newcastle,4.0,2.0,H,2.0,2.0,D,11.0,16.0,8.0,3.0,3.0,4.0,10.0,7.0,3.0,0.0,0.0,0.0,T Robinson
2024-2025,2024-12-08,Fulham,Arsenal,1.0,1.0,D,1.0,0.0,H,2.0,12.0,2.0,4.0,0.0,6.0,10.0,9.0,4.0,2.0,0.0,0.0,C Kavanagh
2024-2025,2024-12-08,Ipswich,Bournemouth,1.0,2.0,A,1.0,0.0,H,18.0,22.0,5.0,6.0,6.0,13.0,9.0,13.0,2.0,1.0,0.0,0.0,M Salisbury
2024-2025,2024-12-08,Leicester,Brighton,2.0,2.0,D,0.0,1.0,A,10.0,16.0,3.0,7.0,5.0,5.0,9.0,10.0,1.0,2.0,0.0,0.0,S Attwell
2024-2025,2024-12-08,Tottenham,Chelsea,3.0,4.0,A,2.0,1.0,H,13.0,17.0,5.0,8.0,5.0,10.0,17.0,11.0,2.0,2.0,0.0,0.0,A Taylor
2024-2025,2024-12-09,West Ham,Wolverhampton,2.0,1.0,H,0.0,0.0,D,19.0,19.0,4.0,5.0,11.0,0.0,12.0,17.0,5.0,4.0,0.0,0.0,J Brooks
2024-2025,2024-12-14,Arsenal,Everton,0.0,0.0,D,0.0,0.0,D,13.0,2.0,5.0,0.0,8.0,2.0,6.0,9.0,0.0,3.0,0.0,0.0,C Pawson
2024-2025,2024-12-14,Liverpool,Fulham,2.0,2.0,D,0.0,1.0,A,16.0,12.0,4.0,3.0,5.0,4.0,10.0,7.0,3.0,4.0,1.0,0.0,T Harrington
2024-2025,2024-12-14,Newcastle,Leicester,4.0,0.0,H,1.0,0.0,H,27.0,4.0,11.0,1.0,5.0,2.0,7.0,16.0,3.0,3.0,0.0,0.0,T Bramall
2024-2025,2024-12-14,Wolverhampton,Ipswich,1.0,2.0,A,0.0,1.0,A,16.0,10.0,6.0,5.0,7.0,3.0,13.0,9.0,0.0,2.0,1.0,0.0,S Hooper
2024-2025,2024-12-14,Nott'm Forest,Aston Villa,2.0,1.0,H,0.0,0.0,D,17.0,8.0,6.0,2.0,4.0,3.0,12.0,6.0,0.0,1.0,0.0,0.0,S Barrott
2024-2025,2024-12-15,Chelsea,Brentford,2.0,1.0,H,1.0,0.0,H,26.0,9.0,8.0,4.0,8.0,5.0,11.0,7.0,0.0,2.0,1.0,0.0,P Bankes
2024-2025,2024-12-15,Brighton,Crystal Palace,1.0,3.0,A,0.0,2.0,A,17.0,13.0,5.0,5.0,8.0,5.0,11.0,15.0,1.0,4.0,0.0,0.0,M Oliver
2024-2025,2024-12-15,Manchester City,Manchester United,1.0,2.0,A,1.0,0.0,H,10.0,10.0,3.0,3.0,8.0,2.0,5.0,14.0,1.0,1.0,0.0,0.0,A Taylor
2024-2025,2024-12-15,Southampton,Tottenham,0.0,5.0,A,0.0,5.0,A,9.0,18.0,3.0,9.0,2.0,5.0,8.0,15.0,1.0,3.0,0.0,0.0,D England
2024-2025,2024-12-16,Bournemouth,West Ham,1.0,1.0,D,0.0,0.0,D,29.0,16.0,9.0,3.0,12.0,6.0,6.0,11.0,0.0,2.0,0.0,0.0,C Kavanagh
2024-2025,2024-12-21,Crystal Palace,Arsenal,1.0,5.0,A,1.0,3.0,A,15.0,14.0,6.0,6.0,3.0,3.0,9.0,8.0,2.0,2.0,0.0,0.0,S Hooper
2024-2025,2024-12-21,West Ham,Brighton,1.0,1.0,D,0.0,0.0,D,11.0,12.0,4.0,6.0,8.0,4.0,14.0,20.0,2.0,2.0,0.0,0.0,R Jones
2024-2025,2024-12-21,Brentford,Nott'm Forest,0.0,2.0,A,0.0,1.0,A,7.0,10.0,3.0,6.0,9.0,5.0,9.0,14.0,3.0,4.0,0.0,0.0,M Oliver
2024-2025,2024-12-21,Aston Villa,Manchester City,2.0,1.0,H,1.0,0.0,H,11.0,12.0,6.0,6.0,5.0,4.0,14.0,7.0,3.0,3.0,0.0,0.0,P Bankes
2024-2025,2024-12-21,Ipswich,Newcastle,0.0,4.0,A,0.0,3.0,A,10.0,15.0,2.0,7.0,2.0,1.0,9.0,7.0,2.0,0.0,0.0,0.0,S Attwell
2024-2025,2024-12-22,Everton,Chelsea,0.0,0.0,D,0.0,0.0,D,5.0,12.0,4.0,5.0,2.0,5.0,20.0,12.0,4.0,1.0,0.0,0.0,C Kavanagh
2024-2025,2024-12-22,Fulham,Southampton,0.0,0.0,D,0.0,0.0,D,16.0,5.0,5.0,1.0,6.0,5.0,8.0,15.0,1.0,3.0,0.0,0.0,T Robinson
2024-2025,2024-12-22,Leicester,Wolverhampton,0.0,3.0,A,0.0,3.0,A,9.0,8.0,5.0,4.0,6.0,1.0,15.0,16.0,2.0,0.0,0.0,0.0,A Taylor
2024-2025,2024-12-22,Manchester United,Bournemouth,0.0,3.0,A,0.0,1.0,A,23.0,10.0,7.0,5.0,13.0,1.0,11.0,11.0,1.0,3.0,0.0,0.0,C Pawson
2024-2025,2024-12-22,Tottenham,Liverpool,3.0,6.0,A,1.0,3.0,A,9.0,24.0,5.0,12.0,7.0,5.0,7.0,9.0,1.0,2.0,0.0,0.0,S Barrott
2024-2025,2024-12-26,Wolverhampton,Manchester United,2.0,0.0,H,0.0,0.0,D,7.0,11.0,4.0,4.0,4.0,4.0,12.0,12.0,2.0,2.0,0.0,1.0,T Harrington
2024-2025,2024-12-26,Southampton,West Ham,0.0,1.0,A,0.0,0.0,D,18.0,16.0,5.0,2.0,2.0,2.0,15.0,8.0,1.0,2.0,0.0,0.0,L Smith
2024-2025,2024-12-26,Nott'm Forest,Tottenham,1.0,0.0,H,1.0,0.0,H,10.0,13.0,3.0,4.0,2.0,7.0,12.0,13.0,3.0,2.0,0.0,1.0,C Pawson
2024-2025,2024-12-26,Liverpool,Leicester,3.0,1.0,H,1.0,1.0,D,19.0,4.0,7.0,1.0,14.0,1.0,17.0,5.0,3.0,2.0,0.0,0.0,D Bond
2024-2025,2024-12-26,Chelsea,Fulham,1.0,2.0,A,1.0,0.0,H,12.0,14.0,8.0,7.0,3.0,1.0,13.0,13.0,1.0,3.0,0.0,0.0,S Barrott
2024-2025,2024-12-26,Bournemouth,Crystal Palace,0.0,0.0,D,0.0,0.0,D,18.0,10.0,4.0,4.0,5.0,2.0,13.0,12.0,2.0,2.0,0.0,0.0,T Bramall
2024-2025,2024-12-26,Manchester City,Everton,1.0,1.0,D,1.0,1.0,D,24.0,8.0,5.0,3.0,8.0,5.0,5.0,10.0,1.0,4.0,0.0,0.0,S Hooper
2024-2025,2024-12-26,Newcastle,Aston Villa,3.0,0.0,H,1.0,0.0,H,22.0,4.0,8.0,1.0,9.0,6.0,15.0,10.0,2.0,1.0,0.0,1.0,A Taylor
2024-2025,2024-12-27,Brighton,Brentford,0.0,0.0,D,0.0,0.0,D,24.0,8.0,7.0,3.0,5.0,3.0,6.0,12.0,0.0,2.0,0.0,0.0,A Madley
2024-2025,2024-12-27,Arsenal,Ipswich,1.0,0.0,H,1.0,0.0,H,13.0,3.0,5.0,0.0,5.0,1.0,7.0,12.0,1.0,1.0,0.0,0.0,D England
2024-2025,2024-12-29,West Ham,Liverpool,0.0,5.0,A,0.0,3.0,A,7.0,22.0,0.0,13.0,3.0,6.0,7.0,10.0,0.0,0.0,0.0,0.0,A Taylor
2024-2025,2024-12-29,Tottenham,Wolverhampton,2.0,2.0,D,2.0,1.0,H,13.0,11.0,3.0,3.0,5.0,5.0,9.0,10.0,1.0,2.0,0.0,0.0,C Kavanagh
2024-2025,2024-12-29,Fulham,Bournemouth,2.0,2.0,D,1.0,0.0,H,11.0,16.0,6.0,9.0,1.0,7.0,7.0,16.0,1.0,3.0,0.0,0.0,R Jones
2024-2025,2024-12-29,Crystal Palace,Southampton,2.0,1.0,H,1.0,1.0,D,19.0,7.0,10.0,3.0,8.0,7.0,18.0,19.0,2.0,3.0,0.0,0.0,M Salisbury
2024-2025,2024-12-29,Leicester,Manchester City,0.0,2.0,A,0.0,1.0,A,11.0,14.0,4.0,5.0,4.0,4.0,11.0,6.0,2.0,1.0,0.0,0.0,M Oliver
2024-2025,2024-12-29,Everton,Nott'm Forest,0.0,2.0,A,0.0,1.0,A,13.0,11.0,2.0,7.0,5.0,4.0,13.0,10.0,4.0,1.0,0.0,0.0,T Harrington
2024-2025,2024-12-30,Aston Villa,Brighton,2.0,2.0,D,1.0,1.0,D,20.0,13.0,4.0,4.0,12.0,3.0,9.0,14.0,2.0,3.0,0.0,0.0,C Pawson
2024-2025,2024-12-30,Ipswich,Chelsea,2.0,0.0,H,1.0,0.0,H,9.0,20.0,6.0,5.0,4.0,7.0,9.0,5.0,4.0,4.0,0.0,0.0,J Brooks
2024-2025,2024-12-30,Manchester United,Newcastle,0.0,2.0,A,0.0,2.0,A,10.0,12.0,0.0,4.0,2.0,3.0,13.0,8.0,1.0,1.0,0.0,0.0,S Hooper
2024-2025,2025-01-01,Brentford,Arsenal,1.0,3.0,A,1.0,1.0,D,5.0,14.0,2.0,5.0,4.0,3.0,6.0,8.0,1.0,2.0,0.0,0.0,P Bankes
2024-2025,2025-01-04,Manchester City,West Ham,4.0,1.0,H,2.0,0.0,H,10.0,17.0,7.0,4.0,7.0,1.0,8.0,13.0,2.0,1.0,0.0,0.0,M Salisbury
2024-2025,2025-01-04,Southampton,Brentford,0.0,5.0,A,0.0,1.0,A,8.0,20.0,1.0,11.0,2.0,2.0,10.0,4.0,2.0,0.0,0.0,0.0,S Attwell
2024-2025,2025-01-04,Crystal Palace,Chelsea,1.0,1.0,D,0.0,1.0,A,13.0,15.0,6.0,1.0,6.0,6.0,9.0,12.0,0.0,2.0,0.0,0.0,T Robinson
2024-2025,2025-01-04,Brighton,Arsenal,1.0,1.0,D,0.0,1.0,A,11.0,9.0,4.0,3.0,2.0,5.0,17.0,14.0,2.0,3.0,0.0,0.0,A Taylor
2024-2025,2025-01-04,Aston Villa,Leicester,2.0,1.0,H,0.0,0.0,D,13.0,4.0,5.0,2.0,7.0,2.0,10.0,11.0,0.0,1.0,0.0,0.0,J Gillett
2024-2025,2025-01-04,Bournemouth,Everton,1.0,0.0,H,0.0,0.0,D,19.0,9.0,8.0,0.0,9.0,3.0,15.0,14.0,2.0,2.0,0.0,0.0,J Brooks
2024-2025,2025-01-04,Tottenham,Newcastle,1.0,2.0,A,1.0,2.0,A,13.0,14.0,4.0,4.0,9.0,10.0,11.0,15.0,1.0,4.0,0.0,0.0,A Madley
2024-2025,2025-01-05,Fulham,Ipswich,2.0,2.0,D,0.0,1.0,A,15.0,7.0,4.0,3.0,9.0,2.0,10.0,14.0,1.0,5.0,0.0,0.0,D Bond
2024-2025,2025-01-05,Liverpool,Manchester United,2.0,2.0,D,0.0,0.0,D,19.0,13.0,6.0,4.0,6.0,9.0,10.0,13.0,2.0,4.0,0.0,0.0,M Oliver
2024-2025,2025-01-06,Wolverhampton,Nott'm Forest,0.0,3.0,A,0.0,2.0,A,13.0,11.0,6.0,3.0,5.0,3.0,10.0,8.0,1.0,2.0,0.0,0.0,P Bankes
2024-2025,2025-01-14,Brentford,Manchester City,2.0,2.0,D,0.0,0.0,D,18.0,21.0,6.0,8.0,4.0,5.0,4.0,4.0,0.0,0.0,0.0,0.0,A Taylor
2024-2025,2025-01-14,Chelsea,Bournemouth,2.0,2.0,D,1.0,0.0,H,26.0,7.0,10.0,3.0,9.0,3.0,15.0,16.0,2.0,3.0,0.0,0.0,R Jones
2024-2025,2025-01-14,Nott'm Forest,Liverpool,1.0,1.0,D,1.0,0.0,H,6.0,23.0,3.0,7.0,0.0,9.0,7.0,10.0,2.0,1.0,0.0,0.0,C Kavanagh
2024-2025,2025-01-14,West Ham,Fulham,3.0,2.0,H,2.0,0.0,H,4.0,21.0,3.0,5.0,0.0,3.0,9.0,18.0,3.0,3.0,0.0,0.0,C Pawson
2024-2025,2025-01-15,Everton,Aston Villa,0.0,1.0,A,0.0,0.0,D,10.0,11.0,3.0,3.0,8.0,5.0,17.0,10.0,2.0,1.0,0.0,0.0,S Barrott
2024-2025,2025-01-15,Leicester,Crystal Palace,0.0,2.0,A,0.0,0.0,D,21.0,9.0,4.0,4.0,4.0,3.0,7.0,6.0,0.0,0.0,0.0,0.0,A Madley
2024-2025,2025-01-15,Newcastle,Wolverhampton,3.0,0.0,H,1.0,0.0,H,17.0,13.0,5.0,7.0,4.0,2.0,10.0,13.0,0.0,2.0,0.0,0.0,D England
2024-2025,2025-01-15,Arsenal,Tottenham,2.0,1.0,H,2.0,1.0,H,14.0,10.0,4.0,2.0,10.0,4.0,16.0,9.0,3.0,1.0,0.0,0.0,S Hooper
2024-2025,2025-01-16,Ipswich,Brighton,0.0,2.0,A,0.0,0.0,D,5.0,11.0,3.0,5.0,1.0,9.0,13.0,14.0,2.0,2.0,0.0,0.0,T Harrington
2024-2025,2025-01-16,Manchester United,Southampton,3.0,1.0,H,0.0,1.0,A,23.0,13.0,9.0,5.0,5.0,4.0,7.0,10.0,1.0,3.0,0.0,0.0,J Brooks
2024-2025,2025-01-18,Arsenal,Aston Villa,2.0,2.0,D,1.0,0.0,H,18.0,8.0,6.0,4.0,10.0,1.0,10.0,18.0,2.0,3.0,0.0,0.0,C Kavanagh
2024-2025,2025-01-18,West Ham,Crystal Palace,0.0,2.0,A,0.0,0.0,D,7.0,12.0,0.0,7.0,2.0,4.0,13.0,10.0,1.0,0.0,1.0,0.0,T Bramall
2024-2025,2025-01-18,Brentford,Liverpool,0.0,2.0,A,0.0,0.0,D,11.0,37.0,6.0,8.0,2.0,15.0,6.0,14.0,2.0,3.0,0.0,0.0,A Madley
2024-2025,2025-01-18,Newcastle,Bournemouth,1.0,4.0,A,1.0,2.0,A,13.0,19.0,5.0,10.0,7.0,6.0,7.0,18.0,1.0,6.0,0.0,0.0,S Attwell
2024-2025,2025-01-18,Leicester,Fulham,0.0,2.0,A,0.0,0.0,D,8.0,17.0,4.0,2.0,5.0,2.0,8.0,8.0,3.0,1.0,0.0,0.0,M Salisbury
2024-2025,2025-01-19,Everton,Tottenham,3.0,2.0,H,3.0,0.0,H,12.0,11.0,6.0,6.0,3.0,8.0,14.0,14.0,2.0,1.0,0.0,0.0,D England
2024-2025,2025-01-19,Manchester United,Brighton,1.0,3.0,A,1.0,1.0,D,10.0,6.0,1.0,3.0,4.0,2.0,13.0,12.0,3.0,3.0,0.0,0.0,P Bankes
2024-2025,2025-01-19,Nott'm Forest,Southampton,3.0,2.0,H,3.0,0.0,H,14.0,10.0,5.0,4.0,2.0,8.0,4.0,18.0,0.0,4.0,0.0,0.0,A Taylor
2024-2025,2025-01-19,Ipswich,Manchester City,0.0,6.0,A,0.0,3.0,A,8.0,17.0,4.0,9.0,4.0,7.0,4.0,7.0,0.0,1.0,0.0,0.0,S Barrott
2024-2025,2025-01-20,Chelsea,Wolverhampton,3.0,1.0,H,1.0,1.0,D,19.0,9.0,7.0,4.0,3.0,6.0,8.0,14.0,4.0,2.0,0.0,0.0,S Hooper
2024-2025,2025-01-25,Manchester City,Chelsea,3.0,1.0,H,1.0,1.0,D,15.0,10.0,6.0,4.0,2.0,4.0,6.0,8.0,3.0,2.0,0.0,0.0,J Brooks
2024-2025,2025-01-25,Wolverhampton,Arsenal,0.0,1.0,A,0.0,0.0,D,9.0,9.0,4.0,3.0,1.0,5.0,20.0,10.0,0.0,1.0,1.0,1.0,M Oliver
2024-2025,2025-01-25,Southampton,Newcastle,1.0,3.0,A,1.0,2.0,A,12.0,17.0,5.0,9.0,3.0,8.0,10.0,5.0,1.0,0.0,0.0,0.0,S Barrott
2024-2025,2025-01-25,Brighton,Everton,0.0,1.0,A,0.0,1.0,A,16.0,3.0,1.0,1.0,9.0,1.0,8.0,11.0,3.0,4.0,0.0,0.0,T Robinson
2024-2025,2025-01-25,Bournemouth,Nott'm Forest,5.0,0.0,H,1.0,0.0,H,16.0,18.0,10.0,4.0,3.0,9.0,9.0,12.0,2.0,3.0,0.0,0.0,C Pawson
2024-2025,2025-01-25,Liverpool,Ipswich,4.0,1.0,H,3.0,0.0,H,16.0,3.0,6.0,3.0,3.0,4.0,10.0,11.0,0.0,2.0,0.0,0.0,M Salisbury
2024-2025,2025-01-26,Aston Villa,West Ham,1.0,1.0,D,1.0,0.0,H,14.0,14.0,4.0,4.0,4.0,3.0,13.0,16.0,2.0,3.0,0.0,0.0,P Bankes
2024-2025,2025-01-26,Crystal Palace,Brentford,1.0,2.0,A,0.0,0.0,D,16.0,13.0,5.0,6.0,4.0,7.0,8.0,11.0,2.0,2.0,0.0,0.0,T Harrington
2024-2025,2025-01-26,Tottenham,Leicester,1.0,2.0,A,1.0,0.0,H,15.0,12.0,6.0,3.0,6.0,4.0,6.0,16.0,1.0,5.0,0.0,0.0,R Jones
2024-2025,2025-01-26,Fulham,Manchester United,0.0,1.0,A,0.0,0.0,D,9.0,4.0,3.0,1.0,3.0,0.0,7.0,9.0,0.0,1.0,0.0,0.0,A Taylor
2024-2025,2025-02-01,Wolverhampton,Aston Villa,2.0,0.0,H,1.0,0.0,H,8.0,10.0,5.0,3.0,5.0,8.0,20.0,13.0,2.0,3.0,0.0,0.0,A Madley
2024-2025,2025-02-01,Newcastle,Fulham,1.0,2.0,A,1.0,0.0,H,11.0,15.0,4.0,4.0,4.0,7.0,10.0,15.0,4.0,4.0,0.0,0.0,C Kavanagh
2024-2025,2025-02-01,Ipswich,Southampton,1.0,2.0,A,1.0,1.0,D,15.0,9.0,6.0,4.0,1.0,2.0,11.0,14.0,0.0,3.0,0.0,0.0,M Oliver
2024-2025,2025-02-01,Everton,Leicester,4.0,0.0,H,3.0,0.0,H,13.0,9.0,7.0,1.0,5.0,6.0,7.0,13.0,0.0,0.0,0.0,0.0,D Bond
2024-2025,2025-02-01,Bournemouth,Liverpool,0.0,2.0,A,0.0,1.0,A,14.0,19.0,3.0,7.0,3.0,3.0,15.0,9.0,2.0,3.0,0.0,0.0,D England
2024-2025,2025-02-01,Nott'm Forest,Brighton,7.0,0.0,H,3.0,0.0,H,14.0,10.0,9.0,5.0,4.0,6.0,8.0,13.0,1.0,3.0,0.0,0.0,S Hooper
2024-2025,2025-02-02,Brentford,Tottenham,0.0,2.0,A,0.0,1.0,A,20.0,13.0,4.0,2.0,10.0,3.0,4.0,11.0,0.0,1.0,0.0,0.0,J Gillett
2024-2025,2025-02-02,Manchester United,Crystal Palace,0.0,2.0,A,0.0,0.0,D,17.0,11.0,2.0,3.0,11.0,0.0,12.0,13.0,3.0,1.0,0.0,0.0,J Brooks
2024-2025,2025-02-02,Arsenal,Manchester City,5.0,1.0,H,1.0,0.0,H,12.0,7.0,7.0,4.0,5.0,2.0,6.0,7.0,2.0,0.0,0.0,0.0,P Bankes
2024-2025,2025-02-03,Chelsea,West Ham,2.0,1.0,H,0.0,1.0,A,22.0,14.0,3.0,5.0,4.0,3.0,11.0,10.0,3.0,1.0,0.0,0.0,S Attwell
2024-2025,2025-02-12,Everton,Liverpool,2.0,2.0,D,1.0,1.0,D,10.0,6.0,3.0,4.0,2.0,3.0,9.0,20.0,2.0,2.0,1.0,1.0,M Oliver
2024-2025,2025-02-14,Brighton,Chelsea,3.0,0.0,H,2.0,0.0,H,13.0,8.0,5.0,0.0,2.0,9.0,12.0,15.0,1.0,2.0,0.0,0.0,K Kavanagh
2024-2025,2025-02-15,Leicester,Arsenal,0.0,2.0,A,0.0,0.0,D,6.0,11.0,2.0,5.0,3.0,7.0,9.0,10.0,2.0,1.0,0.0,0.0,S Barrott
2024-2025,2025-02-15,Aston Villa,Ipswich,1.0,1.0,D,0.0,0.0,D,25.0,4.0,6.0,3.0,16.0,1.0,7.0,11.0,0.0,3.0,0.0,1.0,R Jones
2024-2025,2025-02-15,Fulham,Nott'm Forest,2.0,1.0,H,1.0,1.0,D,24.0,8.0,10.0,2.0,8.0,4.0,13.0,8.0,0.0,0.0,0.0,0.0,T Bramall
2024-2025,2025-02-15,Manchester City,Newcastle,4.0,0.0,H,3.0,0.0,H,11.0,3.0,7.0,1.0,7.0,4.0,5.0,13.0,0.0,1.0,0.0,0.0,A Madley
2024-2025,2025-02-15,Southampton,Bournemouth,1.0,3.0,A,0.0,2.0,A,11.0,14.0,4.0,7.0,4.0,6.0,13.0,15.0,1.0,3.0,0.0,0.0,J Gillett
2024-2025,2025-02-15,West Ham,Brentford,0.0,1.0,A,0.0,1.0,A,13.0,14.0,3.0,5.0,9.0,2.0,10.0,13.0,1.0,1.0,0.0,0.0,D England
2024-2025,2025-02-15,Crystal Palace,Everton,1.0,2.0,A,0.0,1.0,A,17.0,11.0,6.0,6.0,6.0,2.0,9.0,12.0,0.0,1.0,0.0,0.0,A Taylor
2024-2025,2025-02-16,Tottenham,Manchester United,1.0,0.0,H,1.0,0.0,H,22.0,16.0,7.0,6.0,10.0,5.0,13.0,9.0,1.0,2.0,0.0,0.0,P Bankes
2024-2025,2025-02-16,Liverpool,Wolverhampton,2.0,1.0,H,2.0,0.0,H,10.0,16.0,3.0,4.0,4.0,3.0,15.0,13.0,2.0,2.0,0.0,0.0,S Hooper
2024-2025,2025-02-19,Aston Villa,Liverpool,2.0,2.0,D,2.0,1.0,H,9.0,17.0,4.0,3.0,6.0,8.0,8.0,6.0,1.0,0.0,0.0,0.0,C Pawson
2024-2025,2025-02-21,Leicester,Brentford,0.0,4.0,A,0.0,3.0,A,8.0,14.0,3.0,6.0,5.0,6.0,10.0,10.0,4.0,0.0,0.0,0.0,T Harrington
2024-2025,2025-02-22,Southampton,Brighton,0.0,4.0,A,0.0,1.0,A,6.0,18.0,1.0,12.0,5.0,6.0,11.0,12.0,2.0,0.0,0.0,0.0,D Bond
2024-2025,2025-02-22,Everton,Manchester United,2.0,2.0,D,2.0,0.0,H,9.0,9.0,8.0,3.0,7.0,9.0,12.0,9.0,4.0,1.0,0.0,0.0,A Madley
2024-2025,2025-02-22,Arsenal,West Ham,0.0,1.0,A,0.0,1.0,A,20.0,5.0,2.0,2.0,2.0,0.0,16.0,15.0,1.0,3.0,1.0,0.0,C Pawson
2024-2025,2025-02-22,Bournemouth,Wolverhampton,0.0,1.0,A,0.0,1.0,A,8.0,13.0,3.0,5.0,6.0,7.0,17.0,9.0,3.0,3.0,1.0,0.0,M Salisbury
2024-2025,2025-02-22,Fulham,Crystal Palace,0.0,2.0,A,0.0,1.0,A,10.0,10.0,0.0,5.0,7.0,7.0,10.0,7.0,1.0,3.0,0.0,0.0,R Jones
2024-2025,2025-02-22,Ipswich,Tottenham,1.0,4.0,A,1.0,2.0,A,17.0,10.0,5.0,6.0,4.0,4.0,15.0,14.0,2.0,1.0,0.0,0.0,T Robinson
2024-2025,2025-02-22,Aston Villa,Chelsea,2.0,1.0,H,0.0,1.0,A,12.0,15.0,6.0,7.0,2.0,3.0,15.0,16.0,1.0,3.0,0.0,0.0,M Oliver
2024-2025,2025-02-23,Newcastle,Nott'm Forest,4.0,3.0,H,4.0,1.0,H,13.0,17.0,5.0,5.0,7.0,6.0,11.0,13.0,1.0,4.0,0.0,0.0,J Gillett
2024-2025,2025-02-23,Manchester City,Liverpool,0.0,2.0,A,0.0,2.0,A,16.0,8.0,5.0,4.0,7.0,5.0,3.0,10.0,0.0,0.0,0.0,0.0,A Taylor
2024-2025,2025-02-25,Brighton,Bournemouth,2.0,1.0,H,1.0,0.0,H,11.0,19.0,4.0,5.0,1.0,9.0,12.0,14.0,2.0,1.0,0.0,0.0,M Oliver
2024-2025,2025-02-25,Crystal Palace,Aston Villa,4.0,1.0,H,1.0,0.0,H,19.0,6.0,6.0,2.0,3.0,8.0,19.0,10.0,3.0,1.0,0.0,0.0,S Barrott
2024-2025,2025-02-25,Wolverhampton,Fulham,1.0,2.0,A,1.0,1.0,D,18.0,11.0,5.0,5.0,7.0,5.0,8.0,15.0,1.0,3.0,0.0,0.0,P Bankes
2024-2025,2025-02-25,Chelsea,Southampton,4.0,0.0,H,3.0,0.0,H,19.0,7.0,10.0,2.0,4.0,2.0,6.0,9.0,1.0,2.0,0.0,0.0,T Bramall
2024-2025,2025-02-26,Liverpool,Newcastle,2.0,0.0,H,1.0,0.0,H,12.0,3.0,3.0,0.0,4.0,2.0,12.0,11.0,0.0,1.0,0.0,0.0,C Kavanagh
2024-2025,2025-02-26,Tottenham,Manchester City,0.0,1.0,A,0.0,1.0,A,11.0,12.0,6.0,5.0,8.0,3.0,12.0,15.0,3.0,0.0,0.0,0.0,J Gillett
2024-2025,2025-02-26,Manchester United,Ipswich,3.0,2.0,H,2.0,2.0,D,10.0,12.0,6.0,3.0,5.0,6.0,9.0,16.0,4.0,4.0,1.0,0.0,D England
2024-2025,2025-02-26,Brentford,Everton,1.0,1.0,D,1.0,0.0,H,12.0,14.0,3.0,4.0,2.0,5.0,3.0,6.0,2.0,1.0,0.0,0.0,S Hooper
2024-2025,2025-02-26,Nott'm Forest,Arsenal,0.0,0.0,D,0.0,0.0,D,6.0,13.0,2.0,1.0,3.0,11.0,10.0,17.0,1.0,1.0,0.0,0.0,A Madley
2024-2025,2025-02-27,West Ham,Leicester,2.0,0.0,H,2.0,0.0,H,8.0,10.0,2.0,2.0,3.0,3.0,12.0,6.0,0.0,0.0,0.0,0.0,S Attwell
2024-2025,2025-03-08,Nott'm Forest,Manchester City,1.0,0.0,H,0.0,0.0,D,9.0,14.0,4.0,3.0,3.0,2.0,9.0,7.0,3.0,2.0,0.0,0.0,C Kavanagh
2024-2025,2025-03-08,Brighton,Fulham,2.0,1.0,H,1.0,1.0,D,9.0,6.0,4.0,1.0,3.0,7.0,6.0,12.0,0.0,2.0,0.0,0.0,S Barrott
2024-2025,2025-03-08,Crystal Palace,Ipswich,1.0,0.0,H,0.0,0.0,D,19.0,15.0,4.0,8.0,5.0,4.0,8.0,7.0,4.0,3.0,0.0,0.0,S Hooper
2024-2025,2025-03-08,Liverpool,Southampton,3.0,1.0,H,0.0,1.0,A,28.0,6.0,7.0,4.0,6.0,4.0,10.0,9.0,2.0,1.0,0.0,0.0,L Smith
2024-2025,2025-03-08,Brentford,Aston Villa,0.0,1.0,A,0.0,0.0,D,13.0,12.0,3.0,4.0,6.0,5.0,10.0,5.0,2.0,2.0,0.0,0.0,J Gillett
2024-2025,2025-03-08,Wolverhampton,Everton,1.0,1.0,D,1.0,1.0,D,11.0,12.0,3.0,4.0,5.0,5.0,11.0,16.0,2.0,2.0,0.0,0.0,S Attwell
2024-2025,2025-03-09,Chelsea,Leicester,1.0,0.0,H,0.0,0.0,D,20.0,3.0,7.0,3.0,12.0,2.0,12.0,13.0,1.0,0.0,0.0,0.0,T Robinson
2024-2025,2025-03-09,Tottenham,Bournemouth,2.0,2.0,D,0.0,1.0,A,12.0,17.0,4.0,8.0,3.0,6.0,15.0,16.0,3.0,3.0,0.0,0.0,J Brooks
2024-2025,2025-03-09,Manchester United,Arsenal,1.0,1.0,D,1.0,0.0,H,10.0,17.0,6.0,6.0,2.0,9.0,8.0,11.0,0.0,1.0,0.0,0.0,A Taylor
2024-2025,2025-03-10,West Ham,Newcastle,0.0,1.0,A,0.0,0.0,D,9.0,9.0,2.0,3.0,3.0,4.0,7.0,15.0,0.0,1.0,0.0,0.0,M Salisbury
2024-2025,2025-03-15,Southampton,Wolverhampton,1.0,2.0,A,0.0,1.0,A,10.0,5.0,3.0,3.0,5.0,1.0,12.0,13.0,0.0,0.0,0.0,0.0,R Jones
2024-2025,2025-03-15,Bournemouth,Brentford,1.0,2.0,A,1.0,1.0,D,17.0,10.0,5.0,4.0,4.0,3.0,13.0,7.0,3.0,0.0,0.0,0.0,C Pawson
2024-2025,2025-03-15,Manchester City,Brighton,2.0,2.0,D,2.0,1.0,H,11.0,15.0,3.0,3.0,4.0,5.0,10.0,10.0,2.0,5.0,0.0,0.0,S Hooper
2024-2025,2025-03-15,Ipswich,Nott'm Forest,2.0,4.0,A,0.0,3.0,A,11.0,11.0,4.0,6.0,6.0,3.0,4.0,13.0,1.0,1.0,0.0,0.0,M Salisbury
2024-2025,2025-03-15,Everton,West Ham,1.0,1.0,D,0.0,0.0,D,13.0,10.0,5.0,5.0,6.0,5.0,12.0,8.0,1.0,2.0,0.0,0.0,D Bond
2024-2025,2025-03-16,Arsenal,Chelsea,1.0,0.0,H,1.0,0.0,H,12.0,8.0,4.0,2.0,5.0,4.0,10.0,13.0,3.0,3.0,0.0,0.0,C Kavanagh
2024-2025,2025-03-16,Fulham,Tottenham,2.0,0.0,H,0.0,0.0,D,13.0,12.0,4.0,4.0,6.0,5.0,13.0,10.0,0.0,0.0,0.0,0.0,A Madley
2024-2025,2025-03-16,Leicester,Manchester United,0.0,3.0,A,0.0,1.0,A,11.0,18.0,3.0,5.0,6.0,4.0,6.0,6.0,2.0,0.0,0.0,0.0,T Bramall
2024-2025,2025-04-01,Arsenal,Fulham,2.0,1.0,H,1.0,0.0,H,17.0,9.0,4.0,3.0,5.0,4.0,2.0,10.0,1.0,2.0,0.0,0.0,J Brooks
2024-2025,2025-04-01,Wolverhampton,West Ham,1.0,0.0,H,1.0,0.0,H,9.0,10.0,2.0,1.0,1.0,2.0,16.0,12.0,4.0,2.0,0.0,0.0,T Harrington
2024-2025,2025-04-01,Nott'm Forest,Manchester United,1.0,0.0,H,1.0,0.0,H,8.0,23.0,2.0,6.0,3.0,10.0,5.0,12.0,1.0,3.0,0.0,0.0,J Gillett
2024-2025,2025-04-02,Bournemouth,Ipswich,1.0,2.0,A,0.0,1.0,A,24.0,10.0,7.0,2.0,8.0,3.0,14.0,15.0,1.0,2.0,0.0,0.0,R Jones
2024-2025,2025-04-02,Brighton,Aston Villa,0.0,3.0,A,0.0,0.0,D,11.0,8.0,4.0,5.0,4.0,0.0,16.0,11.0,1.0,3.0,0.0,0.0,S Attwell
2024-2025,2025-04-02,Manchester City,Leicester,2.0,0.0,H,2.0,0.0,H,18.0,2.0,5.0,0.0,5.0,0.0,11.0,8.0,1.0,4.0,0.0,0.0,D England
2024-2025,2025-04-02,Newcastle,Brentford,2.0,1.0,H,1.0,0.0,H,21.0,12.0,4.0,3.0,4.0,5.0,12.0,12.0,1.0,1.0,0.0,0.0,P Bankes
2024-2025,2025-04-02,Southampton,Crystal Palace,1.0,1.0,D,1.0,0.0,H,8.0,9.0,2.0,3.0,2.0,2.0,14.0,9.0,2.0,1.0,0.0,0.0,A Madley
2024-2025,2025-04-02,Liverpool,Everton,1.0,0.0,H,0.0,0.0,D,17.0,5.0,3.0,0.0,11.0,5.0,7.0,11.0,2.0,2.0,0.0,0.0,S Barrott
2024-2025,2025-04-03,Chelsea,Tottenham,1.0,0.0,H,0.0,0.0,D,11.0,8.0,5.0,2.0,4.0,6.0,7.0,16.0,5.0,5.0,0.0,0.0,C Pawson
2024-2025,2025-04-05,West Ham,Bournemouth,2.0,2.0,D,0.0,1.0,A,9.0,11.0,3.0,4.0,4.0,7.0,13.0,13.0,2.0,2.0,0.0,0.0,T Robinson
2024-2025,2025-04-05,Ipswich,Wolverhampton,1.0,2.0,A,1.0,0.0,H,6.0,22.0,2.0,7.0,4.0,8.0,12.0,16.0,2.0,2.0,0.0,0.0,P Bankes
2024-2025,2025-04-05,Aston Villa,Nott'm Forest,2.0,1.0,H,2.0,0.0,H,17.0,19.0,8.0,3.0,4.0,4.0,7.0,15.0,2.0,2.0,0.0,0.0,S Hooper
2024-2025,2025-04-05,Everton,Arsenal,1.0,1.0,D,0.0,1.0,A,5.0,14.0,2.0,5.0,3.0,8.0,17.0,13.0,3.0,1.0,0.0,0.0,D England
2024-2025,2025-04-05,Crystal Palace,Brighton,2.0,1.0,H,1.0,1.0,D,8.0,11.0,3.0,5.0,2.0,4.0,12.0,13.0,0.0,1.0,2.0,1.0,A Taylor
2024-2025,2025-04-06,Brentford,Chelsea,0.0,0.0,D,0.0,0.0,D,9.0,21.0,2.0,5.0,3.0,6.0,12.0,12.0,1.0,3.0,0.0,0.0,M Oliver
2024-2025,2025-04-06,Fulham,Liverpool,3.0,2.0,H,3.0,1.0,H,12.0,14.0,6.0,6.0,4.0,4.0,10.0,9.0,3.0,0.0,0.0,0.0,C Kavanagh
2024-2025,2025-04-06,Tottenham,Southampton,3.0,1.0,H,2.0,0.0,H,13.0,12.0,8.0,4.0,4.0,1.0,16.0,20.0,1.0,1.0,0.0,0.0,M Salisbury
2024-2025,2025-04-06,Manchester United,Manchester City,0.0,0.0,D,0.0,0.0,D,13.0,9.0,2.0,5.0,5.0,3.0,13.0,9.0,3.0,2.0,0.0,0.0,J Brooks
2024-2025,2025-04-07,Leicester,Newcastle,0.0,3.0,A,0.0,3.0,A,7.0,16.0,2.0,5.0,12.0,2.0,8.0,9.0,2.0,0.0,0.0,0.0,R Jones
2024-2025,2025-04-12,Manchester City,Crystal Palace,5.0,2.0,H,2.0,2.0,D,21.0,8.0,9.0,3.0,1.0,4.0,10.0,16.0,2.0,3.0,0.0,0.0,J Gillett
2024-2025,2025-04-12,Brighton,Leicester,2.0,2.0,D,1.0,1.0,D,21.0,15.0,7.0,6.0,3.0,6.0,9.0,11.0,2.0,5.0,0.0,0.0,D Bond
2024-2025,2025-04-12,Nott'm Forest,Everton,0.0,1.0,A,0.0,0.0,D,10.0,13.0,5.0,5.0,1.0,7.0,9.0,13.0,0.0,3.0,0.0,0.0,C Pawson
2024-2025,2025-04-12,Southampton,Aston Villa,0.0,3.0,A,0.0,0.0,D,7.0,25.0,2.0,10.0,2.0,14.0,11.0,4.0,3.0,1.0,0.0,0.0,T Bramall
2024-2025,2025-04-12,Arsenal,Brentford,1.0,1.0,D,0.0,0.0,D,14.0,3.0,3.0,2.0,13.0,5.0,7.0,9.0,1.0,3.0,0.0,0.0,S Hooper
2024-2025,2025-04-13,Chelsea,Ipswich,2.0,2.0,D,0.0,2.0,A,34.0,13.0,9.0,4.0,15.0,4.0,11.0,7.0,2.0,2.0,0.0,0.0,S Attwell
2024-2025,2025-04-13,Liverpool,West Ham,2.0,1.0,H,1.0,0.0,H,15.0,11.0,6.0,4.0,10.0,3.0,15.0,8.0,0.0,2.0,0.0,0.0,A Madley
2024-2025,2025-04-13,Wolverhampton,Tottenham,4.0,2.0,H,2.0,0.0,H,13.0,11.0,5.0,4.0,1.0,4.0,12.0,15.0,1.0,2.0,0.0,0.0,A Taylor
2024-2025,2025-04-13,Newcastle,Manchester United,4.0,1.0,H,1.0,1.0,D,13.0,9.0,6.0,5.0,7.0,2.0,7.0,9.0,0.0,2.0,0.0,0.0,C Kavanagh
2024-2025,2025-04-14,Bournemouth,Fulham,1.0,0.0,H,1.0,0.0,H,12.0,12.0,3.0,7.0,6.0,9.0,11.0,10.0,3.0,2.0,0.0,0.0,O Oliver
2024-2025,2025-04-16,Newcastle,Crystal Palace,5.0,0.0,H,4.0,0.0,H,14.0,11.0,7.0,4.0,5.0,4.0,9.0,15.0,2.0,3.0,0.0,0.0,D England
2024-2025,2025-04-19,Brentford,Brighton,4.0,2.0,H,1.0,1.0,D,16.0,12.0,8.0,3.0,4.0,8.0,7.0,11.0,3.0,3.0,0.0,1.0,T Robinson
2024-2025,2025-04-19,Crystal Palace,Bournemouth,0.0,0.0,D,0.0,0.0,D,5.0,15.0,0.0,4.0,5.0,4.0,13.0,10.0,3.0,4.0,1.0,0.0,S Barrott
2024-2025,2025-04-19,Everton,Manchester City,0.0,2.0,A,0.0,0.0,D,8.0,12.0,3.0,7.0,2.0,5.0,7.0,6.0,4.0,0.0,0.0,0.0,S Hooper
2024-2025,2025-04-19,West Ham,Southampton,1.0,1.0,D,0.0,0.0,D,12.0,15.0,4.0,4.0,2.0,5.0,14.0,13.0,2.0,1.0,0.0,0.0,A Kitchen
2024-2025,2025-04-19,Aston Villa,Newcastle,4.0,1.0,H,1.0,1.0,D,23.0,10.0,9.0,3.0,7.0,7.0,9.0,12.0,1.0,3.0,0.0,0.0,J Gillett
2024-2025,2025-04-20,Manchester United,Wolverhampton,0.0,1.0,A,0.0,0.0,D,12.0,4.0,2.0,2.0,9.0,2.0,11.0,18.0,2.0,3.0,0.0,0.0,R Jones
2024-2025,2025-04-20,Leicester,Liverpool,0.0,1.0,A,0.0,0.0,D,5.0,28.0,0.0,10.0,1.0,13.0,11.0,7.0,1.0,2.0,0.0,0.0,S Attwell
2024-2025,2025-04-20,Fulham,Chelsea,1.0,2.0,A,1.0,0.0,H,6.0,13.0,1.0,8.0,6.0,4.0,13.0,9.0,1.0,3.0,0.0,0.0,A Taylor
2024-2025,2025-04-20,Ipswich,Arsenal,0.0,4.0,A,0.0,2.0,A,4.0,24.0,0.0,7.0,0.0,12.0,10.0,7.0,0.0,0.0,1.0,0.0,C Kavanagh
2024-2025,2025-04-21,Tottenham,Nott'm Forest,1.0,2.0,A,0.0,2.0,A,22.0,4.0,6.0,3.0,7.0,1.0,11.0,12.0,1.0,4.0,0.0,0.0,P Bankes
2024-2025,2025-04-22,Manchester City,Aston Villa,2.0,1.0,H,1.0,1.0,D,14.0,7.0,6.0,3.0,10.0,2.0,9.0,10.0,3.0,3.0,0.0,0.0,C Pawson
2024-2025,2025-04-23,Arsenal,Crystal Palace,2.0,2.0,D,2.0,1.0,H,12.0,15.0,6.0,4.0,3.0,6.0,4.0,6.0,1.0,1.0,0.0,0.0,M Salisbury
2024-2025,2025-04-26,Wolverhampton,Leicester,3.0,0.0,H,1.0,0.0,H,20.0,8.0,6.0,2.0,4.0,2.0,7.0,17.0,1.0,4.0,0.0,0.0,S Barrott
2024-2025,2025-04-26,Chelsea,Everton,1.0,0.0,H,1.0,0.0,H,10.0,6.0,7.0,3.0,10.0,2.0,11.0,11.0,0.0,0.0,0.0,0.0,C Kavanagh
2024-2025,2025-04-26,Brighton,West Ham,3.0,2.0,H,1.0,0.0,H,16.0,12.0,9.0,4.0,8.0,1.0,7.0,9.0,1.0,1.0,0.0,0.0,D England
2024-2025,2025-04-26,Newcastle,Ipswich,3.0,0.0,H,1.0,0.0,H,25.0,4.0,5.0,0.0,11.0,2.0,9.0,9.0,1.0,2.0,0.0,1.0,M Salisbury
2024-2025,2025-04-26,Southampton,Fulham,1.0,2.0,A,1.0,0.0,H,7.0,26.0,3.0,5.0,0.0,13.0,10.0,12.0,1.0,1.0,0.0,0.0,T Harrington
2024-2025,2025-04-27,Liverpool,Tottenham,5.0,1.0,H,3.0,1.0,H,25.0,8.0,8.0,3.0,8.0,2.0,16.0,9.0,2.0,1.0,0.0,0.0,T Bramall
2024-2025,2025-04-27,Bournemouth,Manchester United,1.0,1.0,D,1.0,0.0,H,8.0,25.0,1.0,6.0,5.0,10.0,11.0,12.0,4.0,2.0,1.0,0.0,P Bankes
2024-2025,2025-05-01,Nott'm Forest,Brentford,0.0,2.0,A,0.0,1.0,A,14.0,11.0,5.0,3.0,4.0,5.0,10.0,12.0,3.0,5.0,0.0,0.0,D England
2024-2025,2025-05-02,Manchester City,Wolverhampton,1.0,0.0,H,1.0,0.0,H,9.0,6.0,2.0,1.0,4.0,5.0,7.0,11.0,0.0,0.0,0.0,0.0,P Bankes
2024-2025,2025-05-03,Aston Villa,Fulham,1.0,0.0,H,1.0,0.0,H,10.0,11.0,3.0,3.0,5.0,3.0,6.0,17.0,0.0,5.0,0.0,0.0,R Jones
2024-2025,2025-05-03,Everton,Ipswich,2.0,2.0,D,2.0,1.0,H,8.0,12.0,3.0,5.0,3.0,3.0,12.0,15.0,4.0,4.0,0.0,0.0,L Smith
2024-2025,2025-05-03,Leicester,Southampton,2.0,0.0,H,2.0,0.0,H,14.0,8.0,4.0,2.0,7.0,7.0,12.0,13.0,1.0,3.0,0.0,0.0,D Webb
2024-2025,2025-05-03,Arsenal,Bournemouth,1.0,2.0,A,1.0,0.0,H,13.0,9.0,4.0,2.0,2.0,3.0,7.0,16.0,0.0,2.0,0.0,0.0,J Gillett
2024-2025,2025-05-04,Chelsea,Liverpool,3.0,1.0,H,1.0,0.0,H,17.0,11.0,7.0,2.0,3.0,6.0,10.0,11.0,2.0,2.0,0.0,0.0,S Hooper
2024-2025,2025-05-04,West Ham,Tottenham,1.0,1.0,D,1.0,1.0,D,11.0,7.0,2.0,2.0,1.0,3.0,18.0,15.0,2.0,2.0,0.0,0.0,M Oliver
2024-2025,2025-05-04,Brentford,Manchester United,4.0,3.0,H,2.0,1.0,H,12.0,14.0,6.0,5.0,7.0,4.0,8.0,10.0,0.0,2.0,0.0,0.0,A Taylor
2024-2025,2025-05-04,Brighton,Newcastle,1.0,1.0,D,1.0,0.0,H,5.0,13.0,2.0,5.0,1.0,4.0,15.0,10.0,2.0,1.0,0.0,0.0,C Pawson
2024-2025,2025-05-05,Crystal Palace,Nott'm Forest,1.0,1.0,D,0.0,0.0,D,20.0,12.0,3.0,4.0,7.0,4.0,9.0,15.0,3.0,8.0,0.0,0.0,A Madley
2024-2025,2025-05-10,Fulham,Everton,1.0,3.0,A,1.0,1.0,D,18.0,11.0,6.0,7.0,5.0,5.0,15.0,9.0,1.0,0.0,0.0,0.0,M Salisbury
2024-2025,2025-05-10,Ipswich,Brentford,0.0,1.0,A,0.0,1.0,A,11.0,15.0,4.0,5.0,5.0,6.0,6.0,12.0,2.0,4.0,0.0,0.0,S Barrott
2024-2025,2025-05-10,Southampton,Manchester City,0.0,0.0,D,0.0,0.0,D,2.0,26.0,0.0,5.0,1.0,15.0,9.0,8.0,2.0,0.0,0.0,0.0,T Robinson
2024-2025,2025-05-10,Wolverhampton,Brighton,0.0,2.0,A,0.0,1.0,A,10.0,7.0,3.0,2.0,7.0,4.0,8.0,12.0,1.0,1.0,0.0,0.0,M Oliver
2024-2025,2025-05-10,Bournemouth,Aston Villa,0.0,1.0,A,0.0,1.0,A,10.0,6.0,4.0,3.0,10.0,0.0,19.0,12.0,4.0,3.0,0.0,1.0,S Attwell
2024-2025,2025-05-11,Liverpool,Arsenal,2.0,2.0,D,2.0,0.0,H,14.0,15.0,5.0,7.0,3.0,1.0,13.0,10.0,1.0,1.0,0.0,1.0,A Taylor
2024-2025,2025-05-11,Tottenham,Crystal Palace,0.0,2.0,A,0.0,1.0,A,8.0,23.0,1.0,10.0,4.0,8.0,12.0,10.0,1.0,1.0,0.0,0.0,C Kavanagh
2024-2025,2025-05-11,Manchester United,West Ham,0.0,2.0,A,0.0,1.0,A,20.0,9.0,5.0,4.0,8.0,5.0,3.0,13.0,0.0,1.0,0.0,0.0,J Gillett
2024-2025,2025-05-11,Newcastle,Chelsea,2.0,0.0,H,1.0,0.0,H,15.0,10.0,6.0,3.0,2.0,8.0,9.0,13.0,4.0,2.0,0.0,1.0,J Brooks
2024-2025,2025-05-11,Nott'm Forest,Leicester,2.0,2.0,D,1.0,1.0,D,15.0,10.0,4.0,6.0,4.0,4.0,11.0,11.0,3.0,3.0,0.0,0.0,T Harrington
2024-2025,2025-05-16,Aston Villa,Tottenham,2.0,0.0,H,0.0,0.0,D,18.0,3.0,7.0,1.0,9.0,1.0,5.0,12.0,1.0,2.0,0.0,0.0,P Bankes
2024-2025,2025-05-16,Chelsea,Manchester United,1.0,0.0,H,0.0,0.0,D,11.0,4.0,3.0,1.0,7.0,2.0,10.0,14.0,1.0,6.0,0.0,0.0,C Kavanagh
2024-2025,2025-05-18,Everton,Southampton,2.0,0.0,H,2.0,0.0,H,13.0,6.0,5.0,2.0,4.0,5.0,6.0,10.0,1.0,1.0,0.0,0.0,M Oliver
2024-2025,2025-05-18,West Ham,Nott'm Forest,1.0,2.0,A,0.0,1.0,A,16.0,10.0,5.0,5.0,8.0,7.0,14.0,7.0,6.0,3.0,0.0,0.0,S Barrott
2024-2025,2025-05-18,Brentford,Fulham,2.0,3.0,A,2.0,1.0,H,11.0,16.0,6.0,7.0,5.0,3.0,12.0,8.0,4.0,4.0,0.0,0.0,J Gillett
2024-2025,2025-05-18,Leicester,Ipswich,2.0,0.0,H,1.0,0.0,H,9.0,20.0,3.0,2.0,2.0,2.0,15.0,12.0,1.0,0.0,0.0,0.0,A Kitchen
2024-2025,2025-05-18,Arsenal,Newcastle,1.0,0.0,H,0.0,0.0,D,12.0,14.0,4.0,5.0,10.0,7.0,9.0,9.0,3.0,3.0,0.0,0.0,S Hooper
2024-2025,2025-05-19,Brighton,Liverpool,3.0,2.0,H,1.0,2.0,A,25.0,18.0,12.0,5.0,3.0,3.0,9.0,8.0,1.0,0.0,0.0,0.0,J Brooks
2024-2025,2025-05-20,Crystal Palace,Wolverhampton,4.0,2.0,H,2.0,1.0,H,14.0,12.0,10.0,3.0,0.0,10.0,14.0,8.0,1.0,2.0,0.0,0.0,D Webb
2024-2025,2025-05-20,Manchester City,Bournemouth,3.0,1.0,H,2.0,0.0,H,12.0,8.0,5.0,2.0,3.0,1.0,7.0,13.0,1.0,3.0,1.0,1.0,T Bramall
2024-2025,2025-05-25,Newcastle,Everton,0.0,1.0,A,0.0,0.0,D,17.0,14.0,6.0,6.0,12.0,3.0,12.0,9.0,1.0,4.0,0.0,0.0,T Harrington
2024-2025,2025-05-25,Southampton,Arsenal,1.0,2.0,A,0.0,1.0,A,7.0,23.0,2.0,8.0,5.0,8.0,7.0,8.0,0.0,0.0,0.0,0.0,D Bond
2024-2025,2025-05-25,Nott'm Forest,Chelsea,0.0,1.0,A,0.0,0.0,D,10.0,6.0,2.0,2.0,7.0,4.0,10.0,11.0,2.0,2.0,0.0,0.0,A Taylor
2024-2025,2025-05-25,Manchester United,Aston Villa,2.0,0.0,H,0.0,0.0,D,25.0,6.0,10.0,1.0,4.0,3.0,10.0,10.0,2.0,2.0,0.0,1.0,T Bramall
2024-2025,2025-05-25,Tottenham,Brighton,1.0,4.0,A,1.0,0.0,H,4.0,23.0,2.0,8.0,2.0,11.0,13.0,8.0,3.0,1.0,0.0,0.0,R Jones
2024-2025,2025-05-25,Ipswich,West Ham,1.0,3.0,A,0.0,1.0,A,14.0,10.0,4.0,6.0,4.0,0.0,10.0,9.0,1.0,1.0,0.0,0.0,T Robinson
2024-2025,2025-05-25,Fulham,Manchester City,0.0,2.0,A,0.0,1.0,A,13.0,20.0,3.0,5.0,1.0,6.0,11.0,5.0,0.0,0.0,0.0,0.0,A Madley
2024-2025,2025-05-25,Bournemouth,Leicester,2.0,0.0,H,0.0,0.0,D,20.0,3.0,7.0,0.0,6.0,1.0,19.0,16.0,0.0,2.0,0.0,0.0,L Smith
2024-2025,2025-05-25,Liverpool,Crystal Palace,1.0,1.0,D,0.0,1.0,A,14.0,8.0,3.0,5.0,11.0,0.0,7.0,10.0,1.0,0.0,1.0,0.0,D England
2024-2025,2025-05-25,Wolverhampton,Brentford,1.0,1.0,D,0.0,1.0,A,18.0,13.0,6.0,7.0,8.0,3.0,7.0,9.0,2.0,1.0,0.0,0.0,C Pawson
