Season,Player,Club,Position,PositionGroup,Appearances,Minutes,Goals,Assists,Shots,KeyPasses,YellowCards,RedCards,xG,xA,npxG
2014-2015,Sergio Agüero,Manchester City,F,Forward,33,2551,26,8,148,33,4,0,25.270175583660603,5.568926602602005,20.703194603323936
2014-2015,Harry Kane,Tottenham,F,Forward,34,2589,21,4,112,27,4,0,17.15730034559965,3.922502458095551,14.87382235378027
2014-2015,Diego Costa,Chelsea,F,Forward,26,2111,20,3,76,41,8,0,15.21911308169365,4.554670616053045,14.457944065332413
2014-2015,Charlie Austin,Queens Park Rangers,F,Forward,35,3078,18,5,131,23,4,1,17.88185734860599,2.5487459590658545,14.076048335060475
2014-2015,Alexis Sánchez,Arsenal,F,Forward,35,2967,16,8,122,82,4,0,13.45174823794514,8.494180873036385,12.690581277944148
2014-2015,Olivier Giroud,Arsenal,F,Forward,27,1871,14,3,70,29,5,1,8.84634429961443,3.8601363133639097,8.84634429961443
2014-2015,Eden Hazard,Chelsea,M,Midfielder,38,3389,14,9,78,100,2,0,12.01608707383275,11.238891988992693,8.971413988620043
2014-2015,Saido Berahino,West Brom,F,Forward,38,2940,14,1,86,28,2,0,13.841749838553367,1.961659412831068,10.797112329863012
2014-2015,Christian Benteke,Aston Villa,F,Forward,29,2380,13,2,80,33,1,1,8.455075968056917,2.921320070512593,7.693906951695681
2014-2015,David Silva,Manchester City,M,Midfielder,32,2682,12,7,66,92,8,0,9.096988203004004,10.388411475345492,9.096988203004004
2014-2015,Wayne Rooney,Manchester United,F,Forward,33,2887,12,5,79,45,5,1,8.902098581194878,3.983559735119343,7.379762321710586
2014-2015,Graziano Pellè,Southampton,F,Forward,38,3291,12,2,123,43,6,0,18.616504695266485,4.481623421423137,18.616504695266485
2014-2015,Wilfried Bony,"Manchester City,Swansea",F,Forward,30,1604,11,3,89,26,3,1,10.454738814383743,3.508293155580759,9.69357032328844
2014-2015,Nacer Chadli,Tottenham,M,Midfielder,35,2423,11,5,54,41,3,0,6.86552703101188,3.935559631325305,6.86552703101188
2014-2015,Leonardo Ulloa,Leicester,F,Forward,37,2434,11,3,49,36,3,0,8.923917897045612,3.7919961232692,7.401579953730106
2014-2015,Papiss Demba Cissé,Newcastle,F,Forward,22,1137,11,1,45,7,1,0,8.957140743732452,0.334677891805768,8.196008741855621
2014-2015,Mame Biram Diouf,Stoke,F,Forward,34,2451,11,3,55,28,7,0,11.646968324668704,3.466141242533922,11.646968324668704
2014-2015,Danny Ings,Burnley,F,Forward,35,3048,11,4,97,35,6,0,12.289508447051048,4.244325045496225,11.528339490294456
2014-2015,Romelu Lukaku,Everton,F,Forward,36,2880,10,5,105,37,1,0,12.430796798318624,2.350205228663981,10.908533286303282
2014-2015,Christian Eriksen,Tottenham,M,Midfielder,38,3160,10,2,97,84,4,0,7.38963361363858,6.088786491192877,7.38963361363858
2014-2015,Diafra Sakho,West Ham,F,Forward,23,1765,10,2,66,23,2,0,9.070379790849984,2.615855161100626,9.070379790849984
2014-2015,Sadio Mané,Southampton,F,Forward,30,2142,10,3,60,40,5,0,8.5539753716439,3.982480129227042,8.5539753716439
2014-2015,Yaya Touré,Manchester City,M,Midfielder,29,2358,10,1,89,33,5,0,7.109346902929246,3.2435795087367296,5.5870088106021285
2014-2015,Robin van Persie,Manchester United,F,Forward,27,2126,10,2,76,27,5,0,11.6034690849483,2.9860517624765635,10.08113605901599
2014-2015,Juan Mata,Manchester United,M,Midfielder,33,2318,9,4,33,50,2,0,6.5977520532906055,4.968639085069299,5.836587090045214
2014-2015,Steven Gerrard,Liverpool,F,Forward,28,2239,9,1,54,52,7,0,7.108821363188326,3.20907860994339,3.3029708499088883
2014-2015,Ki Sung-yueng,Swansea,M,Midfielder,33,2692,8,1,28,26,4,0,4.3305724542588,1.2641469975933433,4.3305724542588
2014-2015,Jonathan Walters,Stoke,F,Forward,32,2439,8,4,45,24,5,0,5.561566700227559,3.240074263419956,5.561566700227559
2014-2015,Peter Crouch,Stoke,F,Forward,33,1648,8,2,59,15,4,0,6.730622369796038,1.883066506125033,6.730622369796038
2014-2015,Nikica Jelavic,Hull,F,Forward,26,1815,8,1,57,17,3,0,4.894789764657617,0.8632267005741596,4.894789764657617
2014-2015,Kevin Mirallas,Everton,F,Forward,29,1430,7,1,52,18,3,0,4.7185029946267605,1.5895474329590795,3.957334976643324
2014-2015,Raheem Sterling,Liverpool,D,Defender,35,3059,7,7,84,75,5,0,8.785912945866585,6.036621885374188,8.785912945866585
2014-2015,Loïc Remy,"Chelsea,Queens Park Rangers",F,Forward,21,839,7,0,37,6,0,0,4.655210020020604,0.6052642147988081,4.655210020020604
2014-2015,Gylfi Sigurdsson,Swansea,F,Forward,32,2721,7,10,67,73,2,0,5.177992397919297,8.451312126591802,5.177992397919297
2014-2015,Bafétimbi Gomis,Swansea,F,Forward,31,1619,7,0,69,13,0,0,7.497829519212246,0.8869193764403462,7.497829519212246
2014-2015,Ayoze Pérez,Newcastle,F,Forward,36,2369,7,0,61,28,0,0,5.7461924236267805,2.900992516428232,5.7461924236267805
2014-2015,Charlie Adam,Stoke,M,Midfielder,29,1482,7,1,62,33,5,0,3.407766289077699,2.649148471653461,2.6466013556346297
2014-2015,Glenn Murray,Crystal Palace,F,Forward,17,859,7,3,38,7,3,1,9.534023240208626,1.5268471762537956,8.011716201901436
2014-2015,Santiago Cazorla,Arsenal,M,Midfielder,37,2999,7,11,93,78,5,0,10.5907253138721,9.755182644352317,6.023707624524832
2014-2015,Aaron Ramsey,Arsenal,M,Midfielder,29,2013,6,6,63,47,6,0,6.636921921744943,5.299689516425133,6.636921921744943
2014-2015,Jason Puncheon,Crystal Palace,F,Forward,37,2823,6,7,65,65,7,1,2.794277905486524,5.305931127630174,2.794277905486524
2014-2015,Ander Herrera,Manchester United,M,Midfielder,26,1877,6,4,37,26,6,0,2.037225598469377,2.11998759675771,2.037225598469377
2014-2015,Jordan Henderson,Liverpool,M,Midfielder,37,3253,6,9,50,67,6,0,4.29442591406405,6.793559268116951,3.533257396891713
2014-2015,Marouane Fellaini,Manchester United,M,Midfielder,27,1824,6,0,36,21,5,1,5.314917378127575,1.151918701827526,5.314917378127575
2014-2015,Oscar,Chelsea,F,Forward,28,2072,6,8,72,37,5,0,6.540385385975242,5.224342212080956,6.540385385975242
2014-2015,Leroy Fer,Queens Park Rangers,M,Midfielder,29,2375,6,2,54,48,4,0,5.116700321435928,3.586207481566817,5.116700321435928
2014-2015,Steven Naismith,Everton,F,Forward,31,2051,6,0,33,25,8,0,3.9483574014157057,1.943706877529621,3.9483574014157057
2014-2015,Gabriel Agbonlahor,Aston Villa,F,Forward,34,2698,6,1,53,16,7,1,5.630619999021292,1.5529492190107703,5.630619999021292
2014-2015,Stewart Downing,West Ham,F,Forward,37,3315,6,8,70,85,3,0,4.136292829178274,6.626503786537796,4.136292829178274
2014-2015,Frank Lampard,Manchester City,M,Midfielder,32,958,6,1,32,15,1,0,4.004464207217097,0.9529220964759588,4.004464207217097
2014-2015,Adam Lallana,Liverpool,F,Forward,27,1802,5,3,38,33,4,0,4.768371887505055,3.141798905096948,4.768371887505055
2014-2015,Philippe Coutinho,Liverpool,F,Forward,35,2810,5,5,103,59,3,0,4.376542285084724,5.527066104114056,4.376542285084724
2014-2015,James Milner,Manchester City,F,Forward,32,1732,5,7,39,52,6,0,5.722099112346768,4.971145084127784,5.722099112346768
2014-2015,Theo Walcott,Arsenal,F,Forward,14,427,5,0,23,4,0,0,5.347006626427174,0.4013857021927833,5.347006626427174
2014-2015,Mile Jedinak,Crystal Palace,M,Midfielder,24,2092,5,3,31,14,3,1,3.9022558932192624,0.9916814006865023,1.6187490834854543
2014-2015,Connor Wickham,Sunderland,F,Forward,36,2782,5,1,83,21,8,0,7.663331899791956,1.7667267946526408,7.663331899791956
2014-2015,Andy Carroll,West Ham,F,Forward,14,1032,5,1,37,11,2,0,3.693270232528448,0.7689823769032955,3.693270232528448
2014-2015,Dame N&#039;Doye,Hull,F,Forward,15,1195,5,1,42,12,3,0,5.468191267922521,1.0798923633992672,5.468191267922521
2014-2015,Dwight Gayle,Crystal Palace,F,Forward,25,1069,5,1,30,16,1,0,5.163300700485706,0.7665089014917612,4.402129657566547
2014-2015,Jamie Vardy,Leicester,F,Forward,34,2261,5,8,48,35,5,0,7.851607173681259,5.182644807733595,7.851607173681259
2014-2015,Shane Long,Southampton,F,Forward,32,1522,5,5,37,21,2,0,4.035827225074172,2.735771847888828,4.035827225074172
2014-2015,John Terry,Chelsea,D,Defender,38,3420,5,0,20,7,2,0,5.216808937489986,0.3966271001845598,5.216808937489986
2014-2015,Steven Fletcher,Sunderland,F,Forward,30,1782,5,2,37,17,4,0,6.642457719892263,2.051580097526312,6.642457719892263
2014-2015,Stevan Jovetic,Manchester City,F,Forward,17,791,5,3,38,15,0,0,3.329762941226363,1.8126017600297928,3.329762941226363
2014-2015,George Boyd,"Burnley,Hull",M,Midfielder,36,3035,5,2,49,36,7,0,3.479218583554029,3.5598804811015725,3.479218583554029
2014-2015,David Nugent,Leicester,F,Forward,29,1685,5,2,41,21,3,0,6.229936253279448,1.890917195938528,4.7075988464057446
2014-2015,Ashley Barnes,Burnley,F,Forward,35,2435,5,2,66,30,4,1,5.6908798180520535,1.8230766840279105,5.6908798180520535
2014-2015,Esteban Cambiasso,Leicester,M,Midfielder,31,2432,5,1,29,37,1,0,2.480084272101521,1.9381373124197123,2.480084272101521
2014-2015,Daniel Sturridge,Liverpool,F,Forward,12,747,4,1,39,11,0,0,4.518865872174501,1.5182954035699368,4.518865872174501
2014-2015,Mesut Özil,Arsenal,F,Forward,22,1861,4,5,29,69,0,0,3.8600258827209473,6.656995788216591,3.8600258827209473
2014-2015,Danny Welbeck,"Arsenal,Manchester United",F,Forward,27,1714,4,3,58,30,3,0,7.272420795634389,2.887719358317554,7.272420795634389
2014-2015,Yannick Bolasie,Crystal Palace,F,Forward,34,2788,4,6,69,46,3,0,4.837666932493448,5.125395653769374,4.837666932493448
2014-2015,Wilfried Zaha,Crystal Palace,F,Forward,31,1989,4,2,40,14,1,0,4.7616315223276615,2.188598118722439,4.7616315223276615
2014-2015,Cheikhou Kouyaté,West Ham,D,Defender,31,2670,4,2,33,14,5,0,3.0627197325229645,1.1875272747129202,3.0627197325229645
2014-2015,Enner Valencia,West Ham,F,Forward,32,2119,4,3,72,18,2,0,6.480698708444834,2.593669313006103,6.480698708444834
2014-2015,Morgan Schneiderlin,Southampton,M,Midfielder,26,2183,4,1,31,20,5,1,2.391752235591412,1.5581406876444817,2.391752235591412
2014-2015,Phil Jagielka,Everton,D,Defender,37,3295,4,0,15,2,1,0,2.394630601629615,0.0706789996474981,2.394630601629615
2014-2015,Chris Smalling,Manchester United,D,Defender,25,1881,4,0,17,5,1,1,1.863545533269644,0.3918706057593226,1.863545533269644
2014-2015,Fraizer Campbell,Crystal Palace,F,Forward,20,1187,4,0,25,8,5,0,4.221141066402197,0.4663840681314468,4.221141066402197
2014-2015,Branislav Ivanovic,Chelsea,D,Defender,38,3420,4,5,44,35,10,1,4.3701117252931,5.315748207271099,4.3701117252931
2014-2015,Falcao,Manchester United,F,Forward,26,1278,4,4,38,18,2,0,7.156317615881562,1.894074559211731,7.156317615881562
2014-2015,Jermain Defoe,Sunderland,F,Forward,17,1468,4,0,34,13,1,0,4.020906526595354,1.2605447256937623,4.020906526595354
2014-2015,Riyad Mahrez,Leicester,M,Midfielder,30,2091,4,3,63,44,0,0,4.923194195143879,6.056509723886848,4.923194195143879
2014-2015,Jack Colback,Newcastle,D,Defender,35,3130,4,6,27,44,12,0,2.8249618243426085,2.3404141180217266,2.8249618243426085
2014-2015,Moussa Sissoko,Newcastle,M,Midfielder,34,3037,4,2,44,44,7,2,3.952444814145565,4.653361378237605,3.952444814145565
2014-2015,Dusan Tadic,Southampton,F,Forward,31,2072,4,7,53,68,2,0,5.627575958147645,9.004418820142746,4.105238314718008
2014-2015,Bojan,Stoke,M,Midfielder,16,1236,4,1,32,26,2,0,2.5972428917884827,1.701795894652605,1.836074199527502
2014-2015,Adam Johnson,Sunderland,F,Forward,32,2085,4,1,25,39,2,0,3.2225716952234507,3.918955666013062,2.461402678862214
2014-2015,Jordi Gómez,Sunderland,M,Midfielder,29,1952,4,2,31,23,7,0,3.721914557740092,1.792080918326974,1.4384054820984602
2014-2015,Brown Ideye,West Brom,F,Forward,24,1286,4,2,30,11,2,0,3.969936303794384,1.2322598649188876,3.969936303794384
2014-2015,Edin Dzeko,Manchester City,F,Forward,22,928,4,2,43,11,1,0,3.9745049700140953,1.3088596984744072,3.9745049700140953
2014-2015,Abel Hernández,Hull,F,Forward,25,1307,4,1,52,9,2,0,5.410241030156612,0.8517511058598757,4.649109028279781
2014-2015,Didier Drogba,Chelsea,F,Forward,28,831,4,1,30,14,5,0,2.7286731228232384,1.5343704130500555,2.7286731228232384
2014-2015,Mohamed Diamé,"Hull,West Ham",M,Midfielder,15,937,4,0,17,3,2,0,1.209077998995781,0.1744060032069683,1.209077998995781
2014-2015,Eduardo Vargas,Queens Park Rangers,F,Forward,21,1389,3,2,41,15,1,0,3.477742818184197,1.8190635778009887,3.477742818184197
2014-2015,André Schürrle,Chelsea,M,Midfielder,14,428,3,0,21,6,2,0,3.249142402783036,0.5976689020171762,3.249142402783036
2014-2015,Laurent Koscielny,Arsenal,D,Defender,27,2289,3,0,8,2,4,0,1.2747428007423878,0.1164884977042675,1.2747428007423878
2014-2015,Victor Moses,Stoke,F,Forward,19,1473,3,3,41,32,3,0,4.516806649044156,2.320559896528721,3.755638243630529
2014-2015,Seamus Coleman,Everton,D,Defender,35,3062,3,2,19,34,5,0,2.010041296482086,2.727003906853497,2.010041296482086
2014-2015,Tom Cleverley,"Aston Villa,Manchester United",F,Forward,32,2633,3,0,24,27,7,0,1.787795027717948,1.3489686893299222,1.787795027717948
2014-2015,Fernandinho,Manchester City,M,Midfielder,33,2283,3,3,24,30,7,0,2.406892266124487,2.6950497990474105,2.406892266124487
2014-2015,Danny Rose,Tottenham,D,Defender,28,2386,3,4,24,27,7,0,1.670324276201427,2.9121244214475155,1.670324276201427
2014-2015,Cesc Fàbregas,Chelsea,M,Midfielder,34,2895,3,18,43,95,11,1,3.2493744967505336,10.149339623749256,3.2493744967505336
2014-2015,Jack Cork,"Southampton,Swansea",M,Midfielder,27,1795,3,0,8,12,1,0,3.1307579837739468,0.7083081966266036,3.1307579837739468
2014-2015,Wayne Routledge,Swansea,F,Forward,29,2327,3,1,31,28,1,1,3.858188139274717,2.311216900125146,3.858188139274717
2014-2015,Jack Rodwell,Sunderland,M,Midfielder,23,1483,3,0,30,4,5,0,2.4820248344913125,0.2751686032861471,2.4820248344913125
2014-2015,Sebastian Larsson,Sunderland,M,Midfielder,36,3079,3,3,45,58,10,0,2.7219163924455643,3.486309329047799,2.7219163924455643
2014-2015,Jeffrey Schlupp,Leicester,D,Defender,32,2557,3,2,40,23,4,0,2.299107885919512,1.545492778532207,2.299107885919512
2014-2015,Jonjo Shelvey,Swansea,M,Midfielder,31,2471,3,5,62,30,8,1,4.547880021855235,2.943915719166398,3.786711005494
2014-2015,Nathan Dyer,Swansea,F,Forward,32,1879,3,2,17,22,2,0,2.01653119456023,2.235176409594714,2.01653119456023
2014-2015,Craig Gardner,West Brom,M,Midfielder,35,2697,3,4,56,35,10,0,3.340116017498076,3.34378927666694,3.340116017498076
2014-2015,Victor Anichebe,West Brom,F,Forward,21,1019,3,1,25,18,0,0,1.8499117121100423,1.331590000540018,1.8499117121100423
2014-2015,Victor Wanyama,Southampton,M,Midfielder,32,2367,3,1,28,16,10,0,1.723529243841767,0.9338347911834716,1.723529243841767
2014-2015,Matt Phillips,Queens Park Rangers,F,Forward,25,1827,3,8,42,34,1,0,3.0864788740873337,3.036336817778647,3.0864788740873337
2014-2015,Steven N&#039;Zonzi,Stoke,M,Midfielder,38,3381,3,1,47,34,2,0,2.5446494994685054,1.7871553907170892,2.5446494994685054
2014-2015,Morgan Amalfitano,West Ham,F,Forward,24,1174,3,1,19,10,3,0,2.623760821297765,0.99939120747149,2.623760821297765
2014-2015,Ángel Di María,Manchester United,F,Forward,27,1642,3,10,61,52,1,0,2.931911482475698,7.295106165111065,2.931911482475698
2014-2015,Samuel Eto&#039;o,Everton,F,Forward,14,765,3,1,28,11,1,0,2.365505775436759,1.0087521178647876,2.365505775436759
2014-2015,Bobby Zamora,Queens Park Rangers,F,Forward,31,1779,3,4,29,50,4,0,2.987051488365978,6.012670556083322,2.987051488365978
2014-2015,Andreas Weimann,Aston Villa,F,Forward,31,1782,3,2,33,20,5,0,2.715450508520007,1.118879582732916,2.715450508520007
2014-2015,Héctor Bellerín,Arsenal,D,Defender,20,1564,2,1,5,12,5,0,0.2796935010701418,1.7710434943437576,0.2796935010701418
2014-2015,Scott Dann,Crystal Palace,D,Defender,34,2926,2,3,19,13,6,0,1.2500941026955843,3.085112163797021,1.2500941026955843
2014-2015,Joe Ledley,Crystal Palace,D,Defender,32,2581,2,0,13,21,0,0,1.6935906121507287,1.5012018904089928,1.6935906121507287
2014-2015,Emmanuel Adebayor,Tottenham,F,Forward,13,811,2,1,19,12,1,0,2.904069386422634,1.3501760102808475,2.904069386422634
2014-2015,Mark Noble,West Ham,M,Midfielder,28,2321,2,3,21,45,4,0,2.4249141104519367,3.0953231919556856,0.9025766961276532
2014-2015,Aaron Cresswell,West Ham,D,Defender,38,3420,2,4,19,35,5,0,1.2426329869776964,4.838664368726313,1.2426329869776964
2014-2015,Daley Blind,Manchester United,D,Defender,25,2174,2,2,28,17,4,0,0.998192404396832,1.4453516565263271,0.998192404396832
2014-2015,Leighton Baines,Everton,D,Defender,31,2775,2,9,22,70,4,0,2.973817222751677,6.3470416609197855,0.690310106612742
2014-2015,James McCarthy,Everton,M,Midfielder,28,2416,2,1,19,16,7,0,1.406343501061201,1.040039410814643,1.406343501061201
2014-2015,Ross Barkley,Everton,F,Forward,29,1967,2,2,51,33,1,0,3.760159914381802,2.5696881152689457,2.9989909129217267
2014-2015,Aaron Lennon,"Everton,Tottenham",F,Forward,23,1345,2,2,9,24,3,0,1.2197043020278215,2.710264913737774,1.2197043020278215
2014-2015,Nathaniel Clyne,Southampton,D,Defender,35,3148,2,0,19,22,4,0,0.9358650408685208,2.0856677014380693,0.9358650408685208
2014-2015,Alberto Moreno,Liverpool,D,Defender,28,2273,2,0,18,34,6,0,1.9355693021789195,1.6584648666903377,1.9355693021789195
2014-2015,Fernando,Manchester City,M,Midfielder,25,1886,2,2,10,13,6,0,1.6811583247035742,1.577612780034542,1.6811583247035742
2014-2015,Aleksandar Kolarov,Manchester City,D,Defender,21,1483,2,3,27,23,4,0,1.0622944999486208,1.7350498177111149,1.0622944999486208
2014-2015,Ashley Young,Manchester United,D,Defender,26,2076,2,5,29,34,5,0,2.507619036361575,4.1162799606099725,2.507619036361575
2014-2015,James McArthur,Crystal Palace,M,Midfielder,32,2623,2,0,33,28,6,0,2.0698619969189167,1.7737967111170292,2.0698619969189167
2014-2015,Eric Dier,Tottenham,D,Defender,28,2288,2,2,12,14,4,0,1.4194443924352529,1.4741109982132912,1.4194443924352529
2014-2015,Erik Lamela,Tottenham,M,Midfielder,33,2297,2,7,38,60,6,0,2.4520418932661414,6.099330518394709,2.4520418932661414
2014-2015,Willian,Chelsea,M,Midfielder,36,2439,2,3,55,49,3,0,4.227030659094453,5.783547852188349,4.227030659094453
2014-2015,Wes Morgan,Leicester,D,Defender,37,3293,2,2,25,6,1,1,2.2818113109096885,0.9166025705635548,2.2818113109096885
2014-2015,Marc Albrighton,Leicester,D,Defender,18,1011,2,3,14,31,3,0,1.3866986893117428,3.893738207407296,1.3866986893117428
2014-2015,Andros Townsend,Tottenham,M,Midfielder,17,767,2,2,16,13,2,0,1.7839630078524351,0.9517875052988528,1.0227939914911983
2014-2015,Andy King,Leicester,M,Midfielder,24,1366,2,0,14,5,1,0,2.062913218513131,0.129082198254764,2.062913218513131
2014-2015,Craig Dawson,West Brom,D,Defender,29,2593,2,0,16,5,6,0,1.765517331659794,0.3051367048174143,1.765517331659794
2014-2015,Rickie Lambert,Liverpool,F,Forward,25,798,2,2,19,11,2,0,1.8370392173528671,0.8429333930835128,1.8370392173528671
2014-2015,James Chester,Hull,D,Defender,23,1878,2,0,9,5,5,1,0.6936227893456817,0.1987740006297826,0.6936227893456817
2014-2015,Ryan Bertrand,Southampton,D,Defender,34,3057,2,2,14,26,3,1,0.982024872675538,3.735288411378861,0.982024872675538
2014-2015,Samir Nasri,Manchester City,M,Midfielder,24,1596,2,6,34,52,5,0,2.478832798078656,4.465053537860513,2.478832798078656
2014-2015,Ryan Shawcross,Stoke,D,Defender,32,2831,2,1,19,14,7,0,2.276102486997843,1.2505308613181114,2.276102486997843
2014-2015,Leon Osman,Everton,M,Midfielder,21,1262,2,2,28,16,0,0,2.717069311067462,1.5407472848892212,2.717069311067462
2014-2015,Chris Brunt,West Brom,D,Defender,34,2901,2,10,33,50,5,0,2.0603699232451618,5.361505056731403,2.0603699232451618
2014-2015,Marouane Chamakh,Crystal Palace,F,Forward,18,1163,2,0,11,18,4,0,2.01311945496127,0.6836252976208925,2.01311945496127
2014-2015,Yoan Gouffran,Newcastle,F,Forward,31,1991,2,1,24,19,3,0,1.5459727151319385,1.5892759254202249,1.5459727151319385
2014-2015,Brede Hangeland,Crystal Palace,D,Defender,14,1175,2,1,4,4,2,0,0.9855322930961848,0.5508842170238495,0.9855322930961848
2014-2015,Ramires,Chelsea,M,Midfielder,23,1089,2,4,17,10,4,0,1.873456519097089,2.0800595618784428,1.873456519097089
2014-2015,Mauro Zárate,"Queens Park Rangers,West Ham",M,Midfielder,11,481,2,1,17,7,2,0,0.7167854933068156,0.4284241870045662,0.7167854933068156
2014-2015,Andrej Kramaric,Leicester,F,Forward,13,569,2,0,23,6,0,0,2.0635642036795616,0.6953189820051193,2.0635642036795616
2014-2015,James Morrison,West Brom,M,Midfielder,33,2567,2,1,30,37,3,0,1.7436685003340244,3.099483588710428,1.7436685003340244
2014-2015,Jack Wilshere,Arsenal,M,Midfielder,14,739,2,1,18,16,4,0,2.419227445498109,1.4338918002322316,2.419227445498109
2014-2015,Ben Mee,Burnley,D,Defender,33,2889,2,1,20,17,10,0,1.930388911627233,0.867081793025136,1.930388911627233
2014-2015,Scott Arfield,Burnley,M,Midfielder,37,3210,2,1,44,28,6,0,3.165451562963426,2.0567901832982898,2.4042825317010283
2014-2015,Ahmed Elmohamady,Hull,D,Defender,38,3420,2,5,16,64,4,0,1.913043786771596,4.916644488461316,1.913043786771596
2014-2015,Eljero Elia,Southampton,F,Forward,16,798,2,0,15,11,2,0,0.7518642852082849,0.7144423052668571,0.7518642852082849
2014-2015,Carlton Cole,West Ham,F,Forward,23,894,2,0,17,8,2,0,1.7291568778455255,0.6560839973390102,1.7291568778455255
2014-2015,Niko Kranjcar,Queens Park Rangers,M,Midfielder,22,1108,2,1,42,20,2,0,1.9117348054423928,1.7309440784156322,1.9117348054423928
2014-2015,Tomas Rosicky,Arsenal,M,Midfielder,15,562,2,1,10,7,1,0,0.9697352927178144,1.5375187173485756,0.9697352927178144
2014-2015,Lazar Markovic,Liverpool,M,Midfielder,19,932,2,1,16,20,0,0,1.880378445610404,1.4619445130228996,1.880378445610404
2014-2015,Sammy Ameobi,Newcastle,F,Forward,25,1416,2,2,26,21,2,0,0.992425705306232,1.8800859078764915,0.992425705306232
2014-2015,Joe Allen,Liverpool,M,Midfielder,21,1477,1,0,12,15,3,0,0.7004709076136351,0.5434271022677422,0.7004709076136351
2014-2015,Calum Chambers,Arsenal,D,Defender,23,1574,1,1,7,11,7,1,0.8142124898731709,0.8842718033120036,0.8142124898731709
2014-2015,Joel Ward,Crystal Palace,D,Defender,37,3330,1,0,12,22,4,0,0.3118089553900063,0.8839997025206685,0.3118089553900063
2014-2015,Winston Reid,West Ham,D,Defender,30,2497,1,0,11,8,10,0,1.2366657685488462,1.2207213276997209,1.2366657685488462
2014-2015,James Tomkins,West Ham,D,Defender,22,1858,1,3,18,10,6,0,2.159363705664873,2.032975606620312,2.159363705664873
2014-2015,John Stones,Everton,D,Defender,23,2046,1,0,7,4,1,0,0.2041568327695131,0.6552915908396244,0.2041568327695131
2014-2015,Arouna Koné,Everton,F,Forward,12,611,1,1,14,6,2,0,1.128451080992818,0.7295571938157082,1.128451080992818
2014-2015,Emre Can,Liverpool,D,Defender,27,2068,1,0,15,12,2,1,0.4509779969230294,1.2752419114112854,0.4509779969230294
2014-2015,Martin Skrtel,Liverpool,D,Defender,33,2970,1,0,19,5,8,0,0.9992613941431046,0.4422789104282856,0.9992613941431046
2014-2015,Pablo Zabaleta,Manchester City,D,Defender,29,2590,1,4,12,26,6,1,1.358449086546898,3.7550920881330967,1.358449086546898
2014-2015,Gaël Clichy,Manchester City,D,Defender,23,2060,1,3,8,26,1,0,1.0792678203433752,2.3040307015180588,1.0792678203433752
2014-2015,Martín Demichelis,Manchester City,D,Defender,31,2554,1,0,8,5,6,0,0.381496500223875,0.2628271039575338,0.381496500223875
2014-2015,Toby Alderweireld,Southampton,D,Defender,26,2264,1,0,18,7,3,0,0.9311116095632316,0.6971472166478634,0.9311116095632316
2014-2015,Mousa Dembélé,Tottenham,M,Midfielder,26,1122,1,1,11,22,1,0,1.145339130423963,0.7561205942183733,1.145339130423963
2014-2015,Ryan Mason,Tottenham,M,Midfielder,31,2342,1,4,41,29,10,0,2.917303709313273,2.60609803441912,2.917303709313273
2014-2015,Michael Carrick,Manchester United,D,Defender,18,1460,1,2,8,8,1,0,0.2863103067502379,1.698483781889081,0.2863103067502379
2014-2015,Alan Hutton,Aston Villa,D,Defender,30,2415,1,0,11,23,8,0,0.932465978898108,1.9344742149114609,0.932465978898108
2014-2015,Joleon Lescott,West Brom,D,Defender,34,3060,1,2,14,2,3,0,2.396697413176298,0.5493253171443939,2.396697413176298
2014-2015,Carlos Sánchez,Aston Villa,M,Midfielder,28,1987,1,0,17,9,6,1,0.3707006284967065,0.7029740959405899,0.3707006284967065
2014-2015,Jores Okore,Aston Villa,D,Defender,23,2005,1,0,6,6,6,0,0.7885554805397987,0.5431609079241753,0.7885554805397987
2014-2015,Scott Sinclair,"Aston Villa,Manchester City",F,Forward,11,458,1,0,7,2,0,0,1.0023591704666617,0.1050385013222694,1.0023591704666617
2014-2015,Nemanja Matic,Chelsea,M,Midfielder,36,3124,1,3,29,24,10,1,2.7987089725211263,2.3804205218330026,2.7987089725211263
2014-2015,Gary Cahill,Chelsea,D,Defender,36,2986,1,0,22,4,5,0,1.824857423081994,1.692150010727346,1.824857423081994
2014-2015,Jefferson Montero,Swansea,F,Forward,30,1551,1,7,13,27,0,0,1.0105927288532257,3.652138037607074,1.0105927288532257
2014-2015,Fabio Borini,Liverpool,F,Forward,12,389,1,1,14,8,1,1,1.947100818157196,0.9333350993692876,1.947100818157196
2014-2015,Lee Cattermole,Sunderland,M,Midfielder,28,2367,1,0,10,12,14,0,0.2308870982378721,1.0550355045124888,0.2308870982378721
2014-2015,Robert Huth,"Leicester,Stoke",D,Defender,15,1186,1,0,16,0,2,0,1.1736510153859854,0.0,1.1736510153859854
2014-2015,Marcin Wasilewski,Leicester,D,Defender,25,1985,1,1,12,6,6,0,1.421762079000473,0.8871919047087431,1.421762079000473
2014-2015,Daryl Janmaat,Newcastle,D,Defender,37,3263,1,6,35,31,6,1,1.4101378628984094,2.940818637609482,1.4101378628984094
2014-2015,Steven Taylor,Newcastle,D,Defender,10,655,1,0,5,0,2,1,0.4236275032162666,0.0,0.4236275032162666
2014-2015,Siem de Jong,Newcastle,M,Midfielder,4,143,1,0,5,3,0,0,0.4718473087996244,0.4014580100774765,0.4718473087996244
2014-2015,Emmanuel Rivière,Newcastle,F,Forward,23,1231,1,1,32,15,0,0,3.654045790433884,0.9126386996358632,3.654045790433884
2014-2015,Graham Dorrans,West Brom,M,Midfielder,21,1608,1,3,20,25,5,0,1.5093517256900668,2.654246101155877,0.7481827093288302
2014-2015,Jonas Olsson,West Brom,D,Defender,13,817,1,0,3,2,2,0,0.3695265054702759,0.7158549726009369,0.3695265054702759
2014-2015,Gareth McAuley,West Brom,D,Defender,24,2071,1,0,8,3,2,1,1.1422011805698276,0.5258615016937256,1.1422011805698276
2014-2015,Darren Fletcher,"Manchester United,West Bromwich Albion",M,Midfielder,26,1711,1,0,10,14,3,0,0.4506696071475744,0.8802698124200106,0.4506696071475744
2014-2015,Stéphane Sessegnon,West Brom,F,Forward,28,1768,1,3,29,32,5,0,2.12812501564622,2.7812051149085164,2.12812501564622
2014-2015,Sandro,Queens Park Rangers,M,Midfielder,17,1240,1,0,17,3,6,0,0.6715470999479294,0.1261496022343635,0.6715470999479294
2014-2015,James Ward-Prowse,Southampton,F,Forward,25,1488,1,6,30,34,0,1,2.942589432001114,3.9224660005420446,2.1814204156398773
2014-2015,Maya Yoshida,Southampton,D,Defender,22,1688,1,1,10,4,3,0,1.7306068940088153,0.3261952027678489,1.7306068940088153
2014-2015,Gabriel Obertan,Newcastle,M,Midfielder,13,644,1,1,7,14,0,0,0.397959204390645,1.3407188840210438,0.397959204390645
2014-2015,Marko Arnautovic,Stoke,M,Midfielder,29,1930,1,5,44,42,2,0,3.115516749210656,3.5108031556010246,3.115516749210656
2014-2015,Ciaran Clark,Aston Villa,D,Defender,25,2000,1,2,16,6,8,1,2.343070681206882,0.8780082985758781,2.343070681206882
2014-2015,Mathieu Flamini,Arsenal,M,Midfielder,23,1455,1,1,7,5,3,0,1.008351506665349,0.1882055001333356,1.008351506665349
2014-2015,Rolando Aarons,Newcastle,S,Midfielder,4,121,1,0,7,2,1,0,0.3429449051618576,0.0827781036496162,0.3429449051618576
2014-2015,Danny Graham,Sunderland,F,Forward,14,620,1,0,10,6,0,0,1.1095587108284235,0.1769960019737482,1.1095587108284235
2014-2015,Fabricio Coloccini,Newcastle,D,Defender,32,2839,1,0,9,2,3,1,1.313181420788169,0.7221941277384758,1.313181420788169
2014-2015,Glen Johnson,Liverpool,D,Defender,19,1324,1,0,8,5,2,0,1.052791421301663,0.3069631978869438,1.052791421301663
2014-2015,Gastón Ramírez,"Hull,Southampton",F,Forward,23,997,1,2,17,23,1,1,1.0204174099490049,1.636369095183909,1.0204174099490049
2014-2015,Steven Caulker,Queens Park Rangers,D,Defender,35,3019,1,0,28,17,1,0,2.944729307666421,1.179923115298152,2.944729307666421
2014-2015,Alex Oxlade-Chamberlain,Arsenal,M,Midfielder,23,1497,1,1,32,35,4,0,2.849110059440136,3.690096700564027,2.849110059440136
2014-2015,Mathieu Debuchy,Arsenal,D,Defender,10,811,1,0,8,2,2,0,0.8225503079593182,0.398188017308712,0.8225503079593182
2014-2015,Mike Williamson,Newcastle,D,Defender,31,2413,1,1,10,6,5,2,1.3640322852879765,0.8719886168837547,1.3640322852879765
2014-2015,James Wilson,Manchester United,F,Forward,13,329,1,0,8,1,3,0,1.0632624048739672,0.0445859991014003,1.0632624048739672
2014-2015,Aiden McGeady,Everton,M,Midfielder,16,903,1,2,22,17,1,0,0.9916217979043722,2.220251088961959,0.9916217979043722
2014-2015,Joe Cole,Aston Villa,F,Forward,12,263,1,1,4,7,0,0,0.2769546937197447,0.4516037022694945,0.2769546937197447
2014-2015,Kevin Nolan,West Ham,M,Midfielder,29,1742,1,1,31,12,2,0,3.662091393023729,0.9290485139936208,3.662091393023729
2014-2015,Michael Kightly,Burnley,M,Midfielder,17,959,1,2,14,9,3,0,1.5443958789110184,1.1303878743201494,1.5443958789110184
2014-2015,Jake Livermore,Hull,D,Defender,35,3041,1,1,34,27,10,0,1.2238705987110734,0.993219256401062,1.2238705987110734
2014-2015,David Meyler,Hull,M,Midfielder,28,1728,1,1,14,14,7,1,0.9084794074296952,0.9659282024949788,0.9084794074296952
2014-2015,Michael Dawson,Hull,D,Defender,28,2436,1,0,15,6,7,0,0.8768640607595444,0.31183229573071,0.8768640607595444
2014-2015,Mario Balotelli,Liverpool,F,Forward,16,936,1,0,56,9,5,0,5.241074638441205,0.4303749985992908,5.241074638441205
2014-2015,Roberto Soldado,Tottenham,F,Forward,24,776,1,1,21,9,1,0,3.3873679926618934,1.1983178947120905,2.626201032660901
2014-2015,Jonás Gutiérrez,Newcastle,D,Defender,10,629,1,1,10,5,4,0,0.3043811917304992,0.6231456268578768,0.3043811917304992
2014-2015,Rémy Cabella,Newcastle,F,Forward,31,1960,1,2,43,38,2,0,3.0883238092064857,2.1119884252548218,3.0883238092064857
2014-2015,Silvestre Varela,West Brom,M,Midfielder,7,330,1,0,10,6,1,0,0.9810286816209556,0.3591513996943831,0.9810286816209556
2014-2015,Nélson Oliveira,Swansea,F,Forward,10,392,1,0,11,4,0,0,0.9380339160561562,0.1744744982570409,0.9380339160561562
2014-2015,Clint Hill,Queens Park Rangers,D,Defender,19,1411,1,0,7,14,4,0,0.3769401032477617,0.7381682936102152,0.3769401032477617
2014-2015,Paul McShane,Hull,D,Defender,20,1694,1,0,11,2,2,0,1.1034177732653916,0.0542395003139972,1.1034177732653916
2014-2015,Stephen Quinn,Hull,M,Midfielder,28,1641,1,3,16,22,3,1,1.2624665331095457,2.144218698143959,1.2624665331095457
2014-2015,Sone Aluko,Hull,F,Forward,25,1245,1,0,31,13,2,0,1.7469464130699637,1.0573998969048262,1.7469464130699637
2014-2015,Ross Wallace,Burnley,M,Midfielder,15,206,1,0,10,9,2,0,0.5588855035603046,1.2872743792831898,0.5588855035603046
2014-2015,Joey Barton,Queens Park Rangers,M,Midfielder,28,2347,1,3,35,58,11,1,2.055411926470697,5.228928584605455,2.055411926470697
2014-2015,Paul Konchesky,Leicester,D,Defender,26,2264,1,1,5,8,3,2,0.1941552981734275,0.5643991846591234,0.1941552981734275
2014-2015,Chris Wood,Leicester,S,Midfielder,7,91,1,0,5,0,0,0,0.7212272863835096,0.0,0.7212272863835096
2014-2015,Lewis Holtby,Tottenham,S,Midfielder,1,28,0,0,1,0,0,0,0.0457900986075401,0.0,0.0457900986075401
2014-2015,Chicharito,Manchester United,F,Forward,1,49,0,0,0,1,0,0,0.0,0.0155975995585322,0.0
2014-2015,Andreas Christensen,Chelsea,S,Midfielder,1,9,0,0,0,0,0,0,0.0,0.0,0.0
2014-2015,Adnan Januzaj,Manchester United,M,Midfielder,18,841,0,0,25,16,0,0,1.3452877216041088,1.4884035335853696,1.3452877216041088
2014-2015,Lucas Leiva,Liverpool,M,Midfielder,20,1321,0,0,11,8,4,0,0.5969759095460176,0.4187125973403454,0.5969759095460176
2014-2015,Kolo Touré,Liverpool,D,Defender,12,708,0,0,1,1,0,0,0.0194799993187189,0.1440020054578781,0.0194799993187189
2014-2015,Jordon Ibe,Liverpool,F,Forward,12,616,0,0,10,6,0,0,0.5851631872355938,0.3594918064773083,0.5851631872355938
2014-2015,Mamadou Sakho,Liverpool,D,Defender,16,1419,0,0,2,5,1,0,0.1116890963166952,0.1159198004752397,0.1116890963166952
2014-2015,Simon Mignolet,Liverpool,GK,Goalkeeper,36,3225,0,0,0,1,0,0,0.0,0.0231027994304895,0.0
2014-2015,Petr Cech,Chelsea,GK,Goalkeeper,7,607,0,0,0,0,0,0,0.0,0.0,0.0
2014-2015,Gabriel,Arsenal,D,Defender,6,347,0,1,2,1,0,0,0.0429627988487482,0.0274593997746706,0.0429627988487482
2014-2015,Nacho Monreal,Arsenal,D,Defender,28,2308,0,1,4,12,3,0,0.3041379973292351,1.3779590111225843,0.3041379973292351
2014-2015,Francis Coquelin,Arsenal,M,Midfielder,22,1667,0,0,5,5,5,0,0.0836223997175693,0.1876471955329179,0.0836223997175693
2014-2015,David Ospina,Arsenal,GK,Goalkeeper,18,1620,0,0,0,2,0,0,0.0,0.0467964000999927,0.0
2014-2015,Joel Campbell,Arsenal,S,Midfielder,4,34,0,0,0,2,0,0,0.0,0.0855237990617752,0.0
2014-2015,Per Mertesacker,Arsenal,D,Defender,35,3150,0,1,13,3,2,0,0.8197573097422719,0.2377465032041072,0.8197573097422719
2014-2015,Wayne Hennessey,Crystal Palace,GK,Goalkeeper,3,213,0,0,0,0,0,0,0.0,0.0,0.0
2014-2015,Damien Delaney,Crystal Palace,D,Defender,29,2430,0,0,13,8,6,1,0.7433970961719751,0.7396336989477277,0.7433970961719751
2014-2015,Pape Souaré,Crystal Palace,D,Defender,9,603,0,0,3,6,1,0,0.0421450398862361,1.7640714570879936,0.0421450398862361
2014-2015,Julian Speroni,Crystal Palace,GK,Goalkeeper,36,3207,0,0,0,0,1,0,0.0,0.0,0.0
2014-2015,Adrian Mariappa,Crystal Palace,D,Defender,12,838,0,0,0,3,3,0,0.0,0.0643958998844027,0.0
2014-2015,Martin Kelly,Crystal Palace,D,Defender,31,2503,0,1,10,10,2,0,0.1874168999493122,0.8051103092730045,0.1874168999493122
2014-2015,Lee Chung-yong,Crystal Palace,M,Midfielder,3,86,0,0,2,0,0,0,0.0953060984611511,0.0,0.0953060984611511
2014-2015,Adrián,West Ham,GK,Goalkeeper,38,3392,0,0,0,3,3,1,0.0,0.1295814979821443,0.0
2014-2015,Kieran Gibbs,Arsenal,D,Defender,22,1657,0,3,12,15,3,0,1.0783994244411588,1.82130139041692,1.0783994244411588
2014-2015,David de Gea,Manchester United,GK,Goalkeeper,37,3315,0,0,0,0,0,0,0.0,0.0,0.0
2014-2015,Marcos Rojo,Manchester United,D,Defender,22,1767,0,0,16,10,6,0,1.529910685494542,0.3383659971877932,1.529910685494542
2014-2015,Jesse Lingard,Manchester United,M,Midfielder,1,23,0,0,0,0,0,0,0.0,0.0,0.0
2014-2015,Paddy McNair,Manchester United,D,Defender,16,1023,0,0,4,5,2,0,0.3108162861317396,0.2415097020566463,0.3108162861317396
2014-2015,Etienne Capoue,Tottenham,M,Midfielder,12,911,0,0,7,4,2,0,0.1177910016849637,0.2407076973468065,0.1177910016849637
2014-2015,Nathan Aké,Chelsea,S,Midfielder,1,14,0,0,0,0,0,0,0.0,0.0,0.0
2014-2015,Costel Pantilimon,Sunderland,GK,Goalkeeper,28,2520,0,0,0,0,2,0,0.0,0.0,0.0
2014-2015,Adlène Guédioura,Crystal Palace,S,Midfielder,7,111,0,0,5,1,1,0,0.3596608024090528,0.2166499942541122,0.3596608024090528
2014-2015,Joel Robles,Everton,GK,Goalkeeper,7,575,0,0,0,0,1,0,0.0,0.0,0.0
2014-2015,Gareth Barry,Everton,D,Defender,33,2832,0,2,16,16,10,1,1.359760402701795,1.6736177988350391,1.359760402701795
2014-2015,Bryan Oviedo,Everton,D,Defender,6,306,0,0,3,3,3,0,0.0596869988366961,0.536017395555973,0.0596869988366961
2014-2015,Tim Howard,Everton,GK,Goalkeeper,32,2845,0,0,0,1,3,0,0.0,0.019439099356532,0.0
2014-2015,Dejan Lovren,Liverpool,D,Defender,26,2032,0,0,18,2,4,0,0.8934371117502451,0.0718623399734497,0.8934371117502451
2014-2015,Joe Hart,Manchester City,GK,Goalkeeper,36,3240,0,0,0,0,1,0,0.0,0.0,0.0
2014-2015,Vincent Kompany,Manchester City,D,Defender,25,2035,0,0,6,4,7,0,0.3286000061780214,0.8567279204726219,0.3286000061780214
2014-2015,Jesús Navas,Manchester City,M,Midfielder,35,2237,0,8,45,80,3,0,3.682457689195872,8.588478625752032,3.682457689195872
2014-2015,Willy Caballero,Manchester City,GK,Goalkeeper,2,180,0,0,0,0,0,0,0.0,0.0,0.0
2014-2015,Bacary Sagna,Manchester City,D,Defender,9,736,0,0,1,9,1,0,0.0205879006534814,0.7601554878056049,0.0205879006534814
2014-2015,Eliaquim Mangala,Manchester City,D,Defender,25,2188,0,2,14,5,3,1,0.8735053883865476,1.0379029847681522,0.8735053883865476
2014-2015,Antonio Valencia,Manchester United,D,Defender,32,2588,0,2,6,26,4,0,0.2248996999114751,2.2106723207980394,0.2248996999114751
2014-2015,Jordon Mutch,"Crystal Palace,Queens Park Rangers",M,Midfielder,16,850,0,1,14,10,5,0,0.9368359828367828,0.8450062051415443,0.9368359828367828
2014-2015,Alex McCarthy,Queens Park Rangers,GK,Goalkeeper,3,237,0,0,0,0,0,0,0.0,0.0,0.0
2014-2015,Hugo Lloris,Tottenham,GK,Goalkeeper,35,3063,0,0,0,0,0,0,0.0,0.0,0.0
2014-2015,Kyle Walker,Tottenham,D,Defender,15,1309,0,0,6,11,3,0,0.155684900470078,0.9235877171158792,0.155684900470078
2014-2015,Jan Vertonghen,Tottenham,D,Defender,32,2807,0,0,13,3,6,0,0.5924338614568114,0.079674600623548,0.5924338614568114
2014-2015,Michel Vorm,Tottenham,GK,Goalkeeper,4,357,0,0,0,1,0,0,0.0,0.0255913995206356,0.0
2014-2015,Kieran Trippier,Burnley,D,Defender,38,3418,0,4,11,64,2,0,0.4591494016349315,6.785813374444842,0.4591494016349315
2014-2015,Tom Carroll,Swansea,F,Forward,13,694,0,0,4,5,1,0,0.1709691025316715,0.638788478448987,0.1709691025316715
2014-2015,James Collins,West Ham,D,Defender,27,1870,0,0,9,5,5,1,1.042383598163724,0.2978098038583994,1.042383598163724
2014-2015,Alexandre Song,West Ham,M,Midfielder,28,2258,0,3,12,28,4,0,0.723948891274631,2.3790941443294287,0.723948891274631
2014-2015,Ben Davies,Tottenham,D,Defender,14,879,0,1,1,8,3,0,0.0131580997258424,0.3461131351068616,0.0131580997258424
2014-2015,Brad Guzan,Aston Villa,GK,Goalkeeper,34,3060,0,0,0,0,2,0,0.0,0.0,0.0
2014-2015,Aly Cissokho,Aston Villa,D,Defender,25,2142,0,0,9,8,1,0,0.5833376906812191,0.4642169009894132,0.5833376906812191
2014-2015,Ashley Westwood,Aston Villa,M,Midfielder,27,2155,0,1,18,35,4,0,0.5476269014179707,2.522537903860212,0.5476269014179707
2014-2015,Carles Gil,Aston Villa,F,Forward,5,361,0,1,3,6,1,0,0.0863689985126257,0.8867846876382828,0.0863689985126257
2014-2015,Leandro Bacuna,Aston Villa,D,Defender,19,970,0,5,17,17,1,0,0.9967574011534452,1.846682295203209,0.9967574011534452
2014-2015,Jack Grealish,Aston Villa,F,Forward,17,798,0,1,13,18,0,0,1.0659911818802357,2.286719797179103,1.0659911818802357
2014-2015,Thibaut Courtois,Chelsea,GK,Goalkeeper,32,2813,0,0,0,3,1,0,0.0,0.2153796032071113,0.0
2014-2015,César Azpilicueta,Chelsea,D,Defender,29,2483,0,3,7,17,1,1,0.2526192078366875,1.3073479924350977,0.2526192078366875
2014-2015,John Obi Mikel,Chelsea,M,Midfielder,18,678,0,1,3,2,1,0,0.4861995987594127,0.3263580119237304,0.4861995987594127
2014-2015,Ruben Loftus-Cheek,Chelsea,M,Midfielder,3,139,0,0,1,1,0,0,0.0170719996094703,0.079070396721363,0.0170719996094703
2014-2015,Asmir Begovic,Stoke,GK,Goalkeeper,35,3150,0,0,1,1,3,0,0.0670076012611389,0.029391199350357,0.0670076012611389
2014-2015,Lukasz Fabianski,Swansea,GK,Goalkeeper,37,3310,0,0,0,0,0,1,0.0,0.0,0.0
2014-2015,Angel Rangel,Swansea,D,Defender,27,2036,0,0,7,13,1,1,0.1650554994121194,1.47225459292531,0.1650554994121194
2014-2015,Federico Fernández,Swansea,D,Defender,28,2472,0,0,13,3,0,0,0.5938718896359205,0.0922016017138958,0.5938718896359205
2014-2015,Ashley Williams,Swansea,D,Defender,37,3330,0,0,7,6,6,0,0.3995542991906404,0.1468481998890638,0.3995542991906404
2014-2015,Neil Taylor,Swansea,D,Defender,34,3004,0,2,4,22,9,0,0.0754489004611969,1.7879231059923768,0.0754489004611969
2014-2015,Kyle Naughton,"Swansea,Tottenham",D,Defender,15,1189,0,1,3,4,1,2,0.0408255010843277,0.3993144100531935,0.0408255010843277
2014-2015,Modou Barrow,Swansea,M,Midfielder,11,266,0,1,2,5,1,0,0.0445170998573303,0.8047116920351982,0.0445170998573303
2014-2015,Jordi Amat,Swansea,D,Defender,10,591,0,0,0,1,3,0,0.0,0.0372768007218837,0.0
2014-2015,Vito Mannone,Sunderland,GK,Goalkeeper,10,900,0,0,0,1,0,0,0.0,0.0431760996580123,0.0
2014-2015,DeAndre Yedlin,Tottenham,S,Midfielder,1,9,0,0,0,0,0,0,0.0,0.0,0.0
2014-2015,John O&#039;Shea,Sunderland,D,Defender,37,3270,0,0,7,6,4,0,0.5788790062069893,0.3453484009951353,0.5788790062069893
2014-2015,Patrick van Aanholt,Sunderland,D,Defender,28,2301,0,5,30,35,4,0,1.3164323018863795,4.8105680560693145,1.3164323018863795
2014-2015,Younes Kaboul,Tottenham,D,Defender,11,990,0,0,5,4,2,0,0.909060325473547,0.3147166967391968,0.909060325473547
2014-2015,Billy Jones,Sunderland,D,Defender,14,1257,0,0,4,6,7,0,0.5008383113890886,0.7923552002757788,0.5008383113890886
2014-2015,Kasper Schmeichel,Leicester,GK,Goalkeeper,24,2160,0,0,0,2,0,0,0.0,0.0750274006277322,0.0
2014-2015,Danny Simpson,"Leicester,Queens Park Rangers",D,Defender,15,1257,0,0,2,5,4,0,0.0440590996295213,0.4694612883031368,0.0440590996295213
2014-2015,Daniel Drinkwater,Leicester,M,Midfielder,23,1476,0,0,15,9,1,0,0.534087891690433,0.7189151574857533,0.534087891690433
2014-2015,Mark Schwarzer,Leicester,GK,Goalkeeper,6,540,0,0,0,0,0,0,0.0,0.0,0.0
2014-2015,Robert Elliot,Newcastle,GK,Goalkeeper,3,227,0,0,0,1,0,0,0.0,0.0489289984107017,0.0
2014-2015,Vurnon Anita,Newcastle,D,Defender,19,1291,0,0,8,6,3,0,0.1441145800054073,0.2418053038418293,0.1441145800054073
2014-2015,Robbie Brady,Hull,D,Defender,27,1750,0,2,23,35,2,0,1.1762968199327588,4.28132613375783,1.1762968199327588
2014-2015,Youssouf Mulumbu,West Brom,M,Midfielder,17,900,0,0,12,5,1,1,0.4765350986272096,0.3007141947746277,0.4765350986272096
2014-2015,Matthew Jarvis,West Ham,M,Midfielder,11,409,0,0,5,10,0,0,0.3824862018227577,1.025754403322935,0.3824862018227577
2014-2015,Ben Foster,West Brom,GK,Goalkeeper,28,2488,0,0,0,0,2,0,0.0,0.0,0.0
2014-2015,Jonny Evans,Manchester United,D,Defender,14,1095,0,0,1,1,1,0,0.0100948996841907,0.036607701331377,0.0100948996841907
2014-2015,Claudio Yacob,West Brom,M,Midfielder,20,1385,0,0,8,4,5,1,0.2537633031606674,0.1023756572976708,0.2537633031606674
2014-2015,Boaz Myhill,West Brom,GK,Goalkeeper,11,932,0,0,0,0,1,0,0.0,0.0,0.0
2014-2015,Sylvain Distin,Everton,D,Defender,13,1081,0,0,1,3,0,0,0.0563782006502151,0.0975607000291347,0.0563782006502151
2014-2015,Marvin Emnes,Swansea,M,Midfielder,17,488,0,0,13,5,2,0,0.8800223087891936,0.7972883991897106,0.8800223087891936
2014-2015,Leon Britton,Swansea,M,Midfielder,9,541,0,0,0,1,1,0,0.0,0.0167417004704475,0.0
2014-2015,Fraser Forster,Southampton,GK,Goalkeeper,30,2623,0,0,0,1,1,0,0.0,0.0186375007033348,0.0
2014-2015,José Fonte,Southampton,D,Defender,37,3330,0,1,23,11,5,0,1.3340498032048345,1.238560494966805,1.3340498032048345
2014-2015,Paul Dummett,Newcastle,D,Defender,25,2111,0,0,18,15,4,0,1.6393335717730224,1.2245062170550227,1.6393335717730224
2014-2015,Cheick Tioté,Newcastle,M,Midfielder,11,899,0,2,10,8,5,0,0.1609902996569872,0.5410728976130486,0.1609902996569872
2014-2015,Cristian Gamboa,West Brom,D,Defender,10,223,0,1,1,3,1,0,0.0310177002102136,0.2298754025250673,0.0310177002102136
2014-2015,Jack Butland,Stoke,GK,Goalkeeper,3,270,0,0,0,0,0,0,0.0,0.0,0.0
2014-2015,Phil Bardsley,Stoke,D,Defender,25,2079,0,1,22,17,6,0,0.6633689710870385,1.611687340773642,0.6633689710870385
2014-2015,Philipp Wollscheid,Stoke,D,Defender,12,1006,0,0,3,5,4,0,0.224068708717823,0.1324881967157125,0.224068708717823
2014-2015,Geoff Cameron,Stoke,D,Defender,27,2133,0,1,9,12,4,0,1.2347001936286688,1.3203427894040942,1.2347001936286688
2014-2015,Marc Muniesa,Stoke,D,Defender,19,1381,0,0,5,3,3,0,0.1333636036142707,0.1021679090335965,0.1333636036142707
2014-2015,Glenn Whelan,Stoke,M,Midfielder,28,2279,0,0,15,19,6,0,0.4037075992673635,0.59635872207582,0.4037075992673635
2014-2015,Stephen Ireland,Stoke,M,Midfielder,17,934,0,3,15,22,3,0,1.1184633001685145,1.2160577941685915,1.1184633001685145
2014-2015,Dionatan Teixeira,Stoke,S,Midfielder,1,1,0,0,0,0,0,0,0.0,0.0,0.0
2014-2015,Fabian Delph,Aston Villa,M,Midfielder,28,2435,0,3,42,36,1,1,1.542956287972629,2.41554019972682,1.542956287972629
2014-2015,Callum McManaman,West Brom,F,Forward,8,355,0,1,4,7,1,0,0.2652831003069877,0.6855819821357727,0.2652831003069877
2014-2015,Steven Davis,Southampton,M,Midfielder,35,2668,0,2,30,49,3,0,3.119151595979929,3.702249936759472,3.119151595979929
2014-2015,Matt Targett,Southampton,D,Defender,6,221,0,0,1,1,0,0,0.0355154015123844,0.0384635999798774,0.0355154015123844
2014-2015,Erik Pieters,Stoke,D,Defender,31,2571,0,2,8,17,8,0,0.4686110718175769,1.1495825964957476,0.4686110718175769
2014-2015,Shay Given,Aston Villa,GK,Goalkeeper,3,270,0,0,0,0,1,0,0.0,0.0,0.0
2014-2015,Sébastien Pocognoli,West Brom,D,Defender,15,1228,0,0,7,9,1,0,0.1127919014543294,1.1693175081163645,0.1127919014543294
2014-2015,Andre Wisdom,West Brom,D,Defender,24,1971,0,1,3,9,1,0,0.3431071005761623,0.4987742817029357,0.3431071005761623
2014-2015,Jay Fulton,Swansea,M,Midfielder,2,112,0,0,0,0,0,0,0.0,0.0,0.0
2014-2015,Kieran Richardson,Aston Villa,D,Defender,22,1349,0,1,9,8,2,1,0.7576623987406492,1.1378537900745869,0.7576623987406492
2014-2015,Muhamed Besic,Everton,M,Midfielder,23,1293,0,0,18,8,8,0,0.4019687967374921,0.4497352093458175,0.4019687967374921
2014-2015,Brendan Galloway,Everton,D,Defender,2,175,0,0,0,2,1,0,0.0,0.0945373997092247,0.0
2014-2015,Harrison Reed,Southampton,M,Midfielder,9,462,0,0,4,0,0,0,0.120338698849082,0.0,0.120338698849082
2014-2015,Mikael Mandron,Sunderland,S,Midfielder,1,2,0,0,1,0,0,0,0.1086999997496604,0.0,0.1086999997496604
2014-2015,Nabil Bentaleb,Tottenham,D,Defender,26,2195,0,2,26,16,8,0,1.148594387806952,1.75860090367496,1.148594387806952
2014-2015,Joey O&#039;Brien,West Ham,D,Defender,9,523,0,0,2,5,2,0,0.0918129980564117,0.4548986107110977,0.0918129980564117
2014-2015,Darron Gibson,Everton,M,Midfielder,9,406,0,0,10,2,0,0,0.2926197061315179,0.0193425994366407,0.2926197061315179
2014-2015,Andreas Pereira,Manchester United,S,Midfielder,1,12,0,0,0,0,0,0,0.0,0.0,0.0
2014-2015,Steven Pienaar,Everton,M,Midfielder,9,309,0,2,5,5,1,0,0.3001886047422886,0.3296654019504785,0.3001886047422886
2014-2015,Sebastián Coates,Sunderland,D,Defender,10,821,0,0,7,2,1,0,0.3651315961033106,0.0630579963326454,0.3651315961033106
2014-2015,Wes Brown,Sunderland,D,Defender,25,1998,0,0,4,5,5,1,0.2678195983171463,0.2529216967523098,0.2678195983171463
2014-2015,Kurt Zouma,Chelsea,D,Defender,15,633,0,0,1,1,0,0,0.0208250004798173,0.0300549007952213,0.0208250004798173
2014-2015,Carl Jenkinson,West Ham,D,Defender,32,2660,0,2,13,22,2,0,1.1120519153773785,2.1274429839104414,1.1120519153773785
2014-2015,Massadio Haidara,Newcastle,D,Defender,15,1092,0,1,7,8,0,0,0.1060660416260361,0.3449203073978424,0.1060660416260361
2014-2015,Marc Wilson,Stoke,D,Defender,27,2127,0,0,6,6,4,1,0.2635969035327434,0.2408033981919288,0.2635969035327434
2014-2015,Phil Jones,Manchester United,D,Defender,22,1881,0,0,3,5,3,0,0.187755599617958,0.2614507991820574,0.187755599617958
2014-2015,Kelvin Davis,Southampton,GK,Goalkeeper,7,617,0,0,0,0,0,0,0.0,0.0,0.0
2014-2015,Ritchie de Laet,Leicester,D,Defender,26,1881,0,1,4,12,3,0,0.0461221998557448,1.1547532957047224,0.0461221998557448
2014-2015,Kyle Bartley,Swansea,D,Defender,7,630,0,0,4,0,2,0,0.1945104040205478,0.0,0.1945104040205478
2014-2015,Liam Bridcutt,Sunderland,M,Midfielder,18,889,0,2,4,9,6,1,0.0548414997756481,0.7365253865718842,0.0548414997756481
2014-2015,Mikel Arteta,Arsenal,M,Midfielder,7,451,0,1,2,3,1,0,0.0365141602233052,0.0685094986110925,0.0365141602233052
2014-2015,Jerome Sinclair,Liverpool,S,Midfielder,2,22,0,0,0,1,0,0,0.0,0.0521582998335361,0.0
2014-2015,Paulo Gazzaniga,Southampton,GK,Goalkeeper,2,180,0,0,0,0,0,0,0.0,0.0,0.0
2014-2015,Tyias Browning,Everton,S,Midfielder,2,24,0,0,0,1,0,0,0.0,0.0325691998004913,0.0
2014-2015,Tim Krul,Newcastle,GK,Goalkeeper,30,2700,0,1,0,1,1,0,0.0,0.2590459883213043,0.0
2014-2015,Federico Fazio,Tottenham,D,Defender,20,1780,0,0,11,3,2,1,0.4927775058895349,0.0378027204424142,0.4927775058895349
2014-2015,Peter Odemwingie,Stoke,M,Midfielder,7,176,0,0,1,6,0,0,0.0289794001728296,0.3135387059301138,0.0289794001728296
2014-2015,Luke Shaw,Manchester United,D,Defender,16,1131,0,0,3,14,1,1,0.1416075974702835,1.278383206576109,0.1416075974702835
2014-2015,Steve Sidwell,Stoke,M,Midfielder,12,438,0,0,8,1,3,0,0.1550377979874611,0.03437490016222,0.1550377979874611
2014-2015,Rushian Hepburn-Murphy,Aston Villa,S,Midfielder,1,5,0,0,0,0,0,0,0.0,0.0,0.0
2014-2015,Elliot Lee,West Ham,S,Midfielder,1,12,0,0,0,0,0,0,0.0,0.0,0.0
2014-2015,Tony Hibbert,Everton,D,Defender,4,336,0,0,1,0,0,0,0.0211603995412588,0.0,0.0211603995412588
2014-2015,Emanuele Giaccherini,Sunderland,M,Midfielder,8,292,0,0,8,10,2,0,0.3344473950564861,0.5553947146981955,0.3344473950564861
2014-2015,Kenji Gorré,Swansea,S,Midfielder,1,5,0,0,0,0,0,0,0.0,0.0,0.0
2014-2015,Nathan Baker,Aston Villa,D,Defender,11,761,0,0,6,4,0,0,0.3110744971781969,0.2268701009452343,0.3110744971781969
2014-2015,Oliver Shenton,Stoke,S,Midfielder,1,1,0,0,0,0,0,0,0.0,0.0,0.0
2014-2015,Matt Grimes,Swansea,S,Midfielder,3,38,0,0,0,1,0,0,0.0,0.1382659971714019,0.0
2014-2015,Ryan Seager,Southampton,S,Midfielder,1,1,0,0,0,1,0,0,0.0,0.0780112966895103,0.0
2014-2015,Jonathan Williams,Crystal Palace,S,Midfielder,2,28,0,0,2,2,0,0,0.1205721013247966,0.3852010071277618,0.1205721013247966
2014-2015,Gerhard Tremmel,Swansea,GK,Goalkeeper,2,107,0,0,0,0,0,0,0.0,0.0,0.0
2014-2015,Charles N&#039;Zogbia,Aston Villa,D,Defender,27,1455,0,2,27,17,3,0,1.0603895923122764,1.4756773971021175,1.0603895923122764
2014-2015,Nick Powell,Leicester,S,Midfielder,3,36,0,0,2,0,0,0,0.0513297612778842,0.0,0.0513297612778842
2014-2015,Dean Hammond,Leicester,M,Midfielder,12,783,0,0,6,4,3,0,0.1787749994546175,0.1435884982347488,0.1787749994546175
2014-2015,Juan Cuadrado,Chelsea,M,Midfielder,12,302,0,0,8,6,2,0,1.7546650292351842,0.2913039997220039,1.7546650292351842
2014-2015,Diego Poyet,West Ham,M,Midfielder,3,87,0,0,0,1,1,0,0.0,0.0148374000564217,0.0
2014-2015,Ricardo Álvarez,Sunderland,M,Midfielder,13,490,0,0,10,7,3,0,0.2926666997373104,0.7517009004950523,0.2926666997373104
2014-2015,Filip Djuricic,Southampton,F,Forward,9,313,0,0,7,5,1,0,0.4205708056688308,0.3222297988831997,0.4205708056688308
2014-2015,Wojciech Szczesny,Arsenal,GK,Goalkeeper,17,1501,0,0,0,0,1,0,0.0,0.0,0.0
2014-2015,Mohamed Salah,Chelsea,S,Midfielder,3,23,0,0,2,1,0,0,0.5023026093840599,0.0263745002448558,0.5023026093840599
2014-2015,Vlad Chiriches,Tottenham,D,Defender,10,712,0,0,1,3,2,1,0.0137759000062942,0.358144293539226,0.0137759000062942
2014-2015,Mauricio Isla,Queens Park Rangers,D,Defender,26,2128,0,2,7,30,4,0,0.3045692080631852,2.828330373391509,0.3045692080631852
2014-2015,Tom Heaton,Burnley,GK,Goalkeeper,38,3420,0,0,0,2,1,0,0.0,0.0701965000480413,0.0
2014-2015,Matthew Lowton,Aston Villa,D,Defender,12,749,0,0,3,5,2,0,0.1012064013630151,0.4257541075348854,0.1012064013630151
2014-2015,Michael Keane,"Burnley,Manchester United",D,Defender,22,1632,0,1,12,6,1,0,1.3335245307534933,0.2113738004118204,1.3335245307534933
2014-2015,Stephen Ward,Burnley,D,Defender,9,623,0,0,1,7,3,0,0.021849300712347,0.2681835778057575,0.021849300712347
2014-2015,Dean Marney,Burnley,M,Midfielder,20,1690,0,0,9,12,6,0,0.3208225984126329,0.5910359974950552,0.3208225984126329
2014-2015,Sam Vokes,Burnley,F,Forward,15,557,0,0,17,5,0,0,1.4532243087887764,0.152458282187581,1.4532243087887764
2014-2015,Lukas Jutkiewicz,Burnley,F,Forward,25,964,0,2,36,13,1,0,2.712885083630681,2.159586887806654,2.712885083630681
2014-2015,Ezekiel Fryers,Crystal Palace,S,Midfielder,1,1,0,0,0,0,0,0,0.0,0.0,0.0
2014-2015,Nathaniel Chalobah,Burnley,S,Midfielder,4,59,0,0,1,0,1,0,0.0169667992740869,0.0,0.0169667992740869
2014-2015,Curtis Davies,Hull,D,Defender,21,1823,0,0,12,2,2,0,1.4156257174909117,0.1381611004471779,1.4156257174909117
2014-2015,Harry Maguire,Hull,S,Midfielder,3,83,0,0,0,0,1,0,0.0,0.0,0.0
2014-2015,Andrew Robertson,Hull,D,Defender,24,1528,0,2,10,17,7,0,0.3441384984180331,1.067261392250657,0.3441384984180331
2014-2015,Robert Snodgrass,Hull,M,Midfielder,1,39,0,0,0,0,0,0,0.0,0.0,0.0
2014-2015,Tom Huddlestone,Hull,M,Midfielder,31,2552,0,2,38,24,6,2,0.9374580001458526,1.1501444019377232,0.9374580001458526
2014-2015,Eldin Jakupovic,Hull,GK,Goalkeeper,3,228,0,0,0,0,0,0,0.0,0.0,0.0
2014-2015,Víctor Valdés,Manchester United,GK,Goalkeeper,2,105,0,0,0,0,0,0,0.0,0.0,0.0
2014-2015,Javier Manquillo,Liverpool,D,Defender,10,765,0,0,2,1,3,0,0.0792083013802766,0.0726722031831741,0.0792083013802766
2014-2015,Kevin Long,Burnley,S,Midfielder,1,20,0,0,0,0,0,0,0.0,0.0,0.0
2014-2015,Ainsley Maitland-Niles,Arsenal,S,Midfielder,1,1,0,0,0,0,0,0,0.0,0.0,0.0
2014-2015,Jake Hesketh,Southampton,M,Midfielder,2,49,0,0,2,0,1,0,0.0838008970022201,0.0,0.0838008970022201
2014-2015,Ben Hamer,Leicester,GK,Goalkeeper,8,720,0,0,0,0,0,0,0.0,0.0,0.0
2014-2015,Lloyd Isgrove,Southampton,S,Midfielder,1,6,0,0,0,0,0,0,0.0,0.0,0.0
2014-2015,Reece Burke,West Ham,D,Defender,5,417,0,0,4,1,0,0,0.1679463945329189,0.0650554969906807,0.1679463945329189
2014-2015,David Jones,Burnley,M,Midfielder,36,3218,0,0,21,25,0,0,1.5607124958187342,2.0149611523374915,1.5607124958187342
2014-2015,Fredrik Ulvestad,Burnley,M,Midfielder,2,67,0,0,0,0,1,0,0.0,0.0,0.0
2014-2015,Chuba Akpom,Arsenal,S,Midfielder,3,23,0,0,2,0,0,0,0.5139970183372498,0.0,0.5139970183372498
2014-2015,Ravel Morrison,West Ham,S,Midfielder,1,31,0,0,0,0,0,0,0.0,0.0,0.0
2014-2015,Santiago Vergini,Sunderland,D,Defender,31,2638,0,0,13,5,6,0,1.092772277072072,0.1561556970700621,1.092772277072072
2014-2015,Filipe Luis,Chelsea,D,Defender,15,940,0,0,5,10,1,0,0.2597896968945861,0.4944403991103172,0.2597896968945861
2014-2015,Christian Atsu,Everton,F,Forward,5,108,0,1,4,5,0,0,0.2264489009976387,1.3633009791374209,0.2264489009976387
2014-2015,Antolin Alcaraz,Everton,D,Defender,8,516,0,0,2,0,1,1,0.1200581975281238,0.0,0.1200581975281238
2014-2015,Rafael,Manchester United,D,Defender,10,587,0,1,2,6,2,0,0.0832101013511419,0.6008911095559597,0.0832101013511419
2014-2015,Benjamin Stambouli,Tottenham,M,Midfielder,12,448,0,0,2,3,4,0,0.0606999993324279,0.0652042012661695,0.0606999993324279
2014-2015,Hatem Ben Arfa,Hull,F,Forward,8,383,0,0,3,8,1,0,0.4892523065209389,0.4060616958886385,0.4892523065209389
2014-2015,Lukas Podolski,Arsenal,S,Midfielder,7,83,0,0,9,2,0,0,0.9136223215609788,0.3546019867062568,0.9136223215609788
2014-2015,Jussi Jääskeläinen,West Ham,S,Midfielder,1,26,0,0,0,0,0,0,0.0,0.0,0.0
2014-2015,Guy Demel,West Ham,D,Defender,6,263,0,0,0,1,0,0,0.0,0.1064760014414787,0.0
2014-2015,Anthony Réveillere,Sunderland,D,Defender,16,1328,0,1,4,10,0,0,0.0826492011547088,0.9263477101922036,0.0826492011547088
2014-2015,Chris Baird,West Brom,D,Defender,19,802,0,0,4,5,2,0,0.1287390002980828,0.2698460984975099,0.1287390002980828
2014-2015,Robert Green,Queens Park Rangers,GK,Goalkeeper,36,3183,0,0,0,3,1,0,0.0,0.059990300796926,0.0
2014-2015,Darnell Furlong,Queens Park Rangers,D,Defender,3,228,0,0,1,0,1,0,0.009575449861586,0.0,0.009575449861586
2014-2015,Nedum Onuoha,Queens Park Rangers,D,Defender,23,1928,0,0,9,8,2,1,1.374483815394342,0.3494613049551844,1.374483815394342
2014-2015,Yun Suk-Young,Queens Park Rangers,D,Defender,23,1721,0,0,6,9,4,0,0.5935319093987346,0.3570782411843538,0.5935319093987346
2014-2015,Karl Henry,Queens Park Rangers,M,Midfielder,33,2507,0,0,10,11,8,0,0.2998349014669657,0.443589299917221,0.2998349014669657
2014-2015,Junior Hoilett,Queens Park Rangers,M,Midfielder,22,868,0,0,24,12,2,0,0.8032064093276858,1.0915372902527452,0.8032064093276858
2014-2015,Shaun Wright-Phillips,Queens Park Rangers,M,Midfielder,4,127,0,0,1,1,0,0,0.0180606991052627,0.0202970001846551,0.0180606991052627
2014-2015,Emiliano Martinez,Arsenal,GK,Goalkeeper,4,299,0,0,0,0,0,0,0.0,0.0,0.0
2014-2015,Yaya Sanogo,"Arsenal,Crystal Palace",F,Forward,13,452,0,0,17,5,1,0,1.7943356409668922,0.2049696035683155,1.7943356409668922
2014-2015,Mehdi Abeid,Newcastle,M,Midfielder,13,654,0,0,12,1,0,0,0.4207100942730903,0.0244446992874145,0.4207100942730903
2014-2015,Ryan Taylor,Newcastle,D,Defender,14,909,0,1,16,14,3,0,0.6939951069653034,0.828603096306324,0.6939951069653034
2014-2015,Florin Gardos,Southampton,D,Defender,11,572,0,0,1,1,1,0,0.0225041005760431,0.0179507005959749,0.0225041005760431
2014-2015,Allan McGregor,Hull,GK,Goalkeeper,26,2340,0,0,0,0,0,0,0.0,0.0,0.0
2014-2015,Alex Bruce,Hull,D,Defender,22,1457,0,1,1,1,3,0,0.0620572008192539,0.613985002040863,0.0620572008192539
2014-2015,Maynor Figueroa,Hull,D,Defender,3,213,0,0,2,2,0,0,0.0232210997492074,0.0414264984428882,0.0232210997492074
2014-2015,Steve Harper,Hull,GK,Goalkeeper,10,852,0,0,0,0,0,0,0.0,0.0,0.0
2014-2015,Jason McCarthy,Southampton,S,Midfielder,1,2,0,0,0,0,0,0,0.0,0.0,0.0
2014-2015,Adam Armstrong,Newcastle,F,Forward,11,188,0,1,7,6,1,0,0.7543584117665887,0.4861120823770761,0.7543584117665887
2014-2015,Jason Shackell,Burnley,D,Defender,38,3346,0,0,9,9,3,0,0.8140063025057316,0.4381554895080626,0.8140063025057316
2014-2015,Steven Reid,Burnley,M,Midfielder,7,108,0,0,0,0,1,0,0.0,0.0,0.0
2014-2015,Michael Duff,Burnley,D,Defender,21,1812,0,0,2,4,4,1,0.1104770973324775,0.7724526710808277,0.1104770973324775
2014-2015,Daniel Lafferty,Burnley,S,Midfielder,1,14,0,0,0,0,0,0,0.0,0.0,0.0
2014-2015,Rio Ferdinand,Queens Park Rangers,D,Defender,11,990,0,0,0,0,2,0,0.0,0.0,0.0
2014-2015,Armand Traore,Queens Park Rangers,D,Defender,16,770,0,0,7,6,2,0,0.3853635061532259,0.1860294016078114,0.3853635061532259
2014-2015,Michael Doughty,Queens Park Rangers,S,Midfielder,3,44,0,0,0,1,0,0,0.0,0.1417409926652908,0.0
2014-2015,Ron Vlaar,Aston Villa,D,Defender,20,1644,0,1,14,2,3,1,1.1542229726910591,0.6243054270744324,1.1542229726910591
2014-2015,Nenê,West Ham,S,Midfielder,8,115,0,0,9,4,0,0,0.3611745964735746,0.4466039966791868,0.3611745964735746
2014-2015,Shola Ameobi,Crystal Palace,S,Midfielder,4,32,0,0,1,0,0,0,0.022843699902296,0.0,0.022843699902296
2014-2015,Luke Garbutt,Everton,D,Defender,4,285,0,0,1,4,1,0,0.0591408982872962,0.201261093840003,0.0591408982872962
2014-2015,Matt Upson,Leicester,D,Defender,5,382,0,0,2,1,0,0,0.0596888996660709,0.0288602001965045,0.0596888996660709
2014-2015,Matthew James,Leicester,M,Midfielder,27,1884,0,1,27,37,2,1,1.7331535071134567,2.196557796560228,1.7331535071134567
2014-2015,Paulinho,Tottenham,M,Midfielder,15,461,0,1,7,4,3,0,0.4308960027992725,0.9786125011742116,0.4308960027992725
2014-2015,Yannick Sagbo,Hull,S,Midfielder,4,45,0,0,0,1,0,0,0.0,0.0648915022611618,0.0
2014-2015,Richard Dunne,Queens Park Rangers,D,Defender,23,1886,0,0,8,3,7,0,1.0475114909932015,0.0815635006874799,1.0475114909932015
2014-2015,Reece Grego-Cox,Queens Park Rangers,F,Forward,4,134,0,0,1,0,0,0,0.3061160147190094,0.0,0.3061160147190094
2014-2015,Brandon Comley,Queens Park Rangers,S,Midfielder,1,9,0,0,1,0,0,0,0.0138274999335408,0.0,0.0138274999335408
2014-2015,Dominic Gape,Southampton,S,Midfielder,1,1,0,0,0,0,0,0,0.0,0.0,0.0
2014-2015,Dwight Tiendalli,Swansea,D,Defender,3,125,0,0,0,2,0,0,0.0,0.0261256005614995,0.0
2014-2015,Adel Taarabt,Queens Park Rangers,M,Midfielder,7,296,0,0,11,13,0,0,0.3101955968886614,0.3372079702094197,0.3101955968886614
2014-2015,Tom Ince,Hull,F,Forward,7,302,0,0,7,2,0,0,0.803355410695076,0.0422907993197441,0.803355410695076
2014-2015,Jak Alnwick,Newcastle,GK,Goalkeeper,6,493,0,0,0,0,0,0,0.0,0.0,0.0
2014-2015,Cole Kpekawa,Queens Park Rangers,S,Midfielder,1,4,0,0,0,0,0,0,0.0,0.0,0.0
2014-2015,Brad Jones,Liverpool,GK,Goalkeeper,3,195,0,0,0,0,0,0,0.0,0.0,0.0
2014-2015,Tom Lawrence,Leicester,S,Midfielder,3,47,0,0,3,0,0,0,0.2336082048714161,0.0,0.2336082048714161
2014-2015,Liam Rosenior,Hull,D,Defender,13,568,0,1,4,3,0,0,0.0697268191725015,0.8106440007686615,0.0697268191725015
2014-2015,Tyler Blackett,Manchester United,D,Defender,11,644,0,0,0,0,3,1,0.0,0.0,0.0
2014-2015,Matthew Taylor,Burnley,M,Midfielder,10,576,0,1,9,8,0,0,1.9399820901453493,0.9087487012147905,1.178813073784113
2014-2015,Jazz Richards,Swansea,D,Defender,10,633,0,1,0,3,1,0,0.0,0.1276699993759393,0.0
2014-2015,Dedryck Boyata,Manchester City,D,Defender,2,91,0,0,0,0,1,0,0.0,0.0,0.0
2014-2015,Philippe Senderos,Aston Villa,D,Defender,8,631,0,0,5,1,2,0,0.6512041054666042,0.0150575004518032,0.6512041054666042
2014-2015,Marvin Sordell,Burnley,F,Forward,14,271,0,0,3,2,2,0,0.1581116039305925,0.1310485005378723,0.1581116039305925
2014-2015,William Buckley,Sunderland,F,Forward,22,858,0,2,3,12,2,0,0.1758511047810316,1.460556786507368,0.1758511047810316
2014-2015,Jed Steer,Aston Villa,GK,Goalkeeper,1,90,0,0,0,0,0,0,0.0,0.0,0.0
2014-2015,Jason Davidson,West Brom,D,Defender,2,101,0,0,0,1,0,0,0.0,0.0524008013308048,0.0
2014-2015,Isaiah Brown,Chelsea,S,Midfielder,1,8,0,0,0,0,0,0,0.0,0.0,0.0
2014-2015,José Pozo,Manchester City,F,Forward,3,141,0,0,3,2,0,0,0.5196045003831387,0.1819099932909011,0.5196045003831387
2014-2015,Jerome Thomas,Crystal Palace,S,Midfielder,1,5,0,0,0,0,0,0,0.0,0.0,0.0
2014-2015,Barry Bannan,Crystal Palace,M,Midfielder,7,137,0,0,2,3,1,0,0.0343653997406363,0.1498096995055675,0.0343653997406363
2014-2015,Oussama Assaidi,Stoke,M,Midfielder,9,202,0,1,5,3,1,0,0.2824720963835716,0.1809542011469602,0.2824720963835716
2014-2015,Emmanuel Mayuka,Southampton,S,Midfielder,5,39,0,0,0,1,0,0,0.0,0.0120043996721506,0.0
2014-2015,José Enrique,Liverpool,D,Defender,4,201,0,0,1,2,0,0,0.0123947998508811,0.0608837008476257,0.0123947998508811
2014-2015,Jozy Altidore,Sunderland,F,Forward,11,289,0,0,7,3,0,0,0.3541574999690056,0.0460365992039442,0.3541574999690056
2014-2015,Liam Moore,Leicester,D,Defender,11,934,0,0,4,1,4,0,0.7805151119828224,0.0113374004140496,0.7805151119828224
2014-2015,Anthony Knockaert,Leicester,M,Midfielder,9,324,0,0,8,2,0,0,0.8844657093286514,0.166900098323822,0.8844657093286514
2014-2015,Georgios Samaras,West Brom,S,Midfielder,5,59,0,0,1,0,0,0,0.0683377012610435,0.0,0.0683377012610435
2014-2015,Kevin Doyle,Crystal Palace,S,Midfielder,3,30,0,0,0,0,0,0,0.0,0.0,0.0
2014-2015,Ricardo Vaz Te,West Ham,M,Midfielder,4,225,0,0,7,3,0,0,1.084789913147688,0.2327760010957718,1.084789913147688
2014-2015,Sebastián Blanco,West Brom,S,Midfielder,3,30,0,0,2,0,1,0,0.0398552007973194,0.0,0.0398552007973194
2014-2015,Haris Vuckic,Newcastle,S,Midfielder,1,7,0,0,0,0,0,0,0.0,0.0,0.0
2014-2015,Darren Bent,Aston Villa,S,Midfielder,7,70,0,0,1,1,0,0,0.0577308982610702,0.0082178199663758,0.0577308982610702
2014-2015,Tom Thorpe,Manchester United,S,Midfielder,1,1,0,0,0,0,0,0,0.0,0.0,0.0
2014-2015,Anderson,Manchester United,S,Midfielder,1,19,0,0,0,1,0,0,0.0,0.0881339982151985,0.0
2014-2015,Alejandro Faurlin,Queens Park Rangers,M,Midfielder,2,94,0,0,3,1,0,0,0.1125579997897148,0.4859839975833893,0.1125579997897148
2014-2015,Valentin Roberge,Sunderland,D,Defender,1,90,0,0,1,0,1,0,0.2825590074062347,0.0,0.2825590074062347
2014-2015,Stuart O&#039;Keefe,Crystal Palace,M,Midfielder,2,88,0,0,0,1,0,0,0.0,0.0199461001902818,0.0
2014-2015,Gary Taylor-Fletcher,Leicester,S,Midfielder,1,16,0,0,0,0,0,0,0.0,0.0,0.0
2014-2015,Nani,Manchester United,S,Midfielder,1,41,0,0,0,0,0,0,0.0,0.0,0.0
2015-2016,Harry Kane,Tottenham,F,Forward,38,3382,25,1,159,44,5,0,22.732071943581104,3.0885122008621693,18.92625818029046
2015-2016,Sergio Agüero,Manchester City,F,Forward,30,2399,24,2,119,27,1,0,20.077226005494595,2.0287595679983497,16.271372936666012
2015-2016,Jamie Vardy,Leicester,F,Forward,36,3154,24,6,115,48,5,1,22.13541193306446,6.267153458669782,17.568440221250057
2015-2016,Romelu Lukaku,Everton,F,Forward,37,3194,18,6,118,51,3,0,20.058772021904588,5.680433500558138,18.536478037014604
2015-2016,Riyad Mahrez,Leicester,M,Midfielder,37,3087,17,11,86,68,1,0,11.88214811310172,11.454100407660007,7.315134212374687
2015-2016,Olivier Giroud,Arsenal,F,Forward,38,2411,16,6,101,36,2,0,14.503991460427642,5.762219719588757,13.742822444066404
2015-2016,Odion Ighalo,Watford,F,Forward,37,3160,15,3,109,37,4,0,16.093822445720434,2.232191821560264,16.093822445720434
2015-2016,Jermain Defoe,Sunderland,F,Forward,33,2558,15,1,85,22,3,0,11.712620459496977,1.1022664522752166,10.951450489461422
2015-2016,Alexis Sánchez,Arsenal,M,Midfielder,30,2463,13,4,107,62,1,0,13.104378208518028,8.5547467879951,13.104378208518028
2015-2016,Troy Deeney,Watford,F,Forward,38,3291,13,7,94,56,6,0,12.199151435866952,7.923330025747418,6.8709652265533805
2015-2016,André Ayew,Swansea,F,Forward,34,2967,12,2,67,23,5,0,8.46296308748424,2.337733743712306,8.46296308748424
2015-2016,Diego Costa,Chelsea,F,Forward,28,2386,12,6,68,30,8,0,12.080561351031063,2.8887833151966333,12.080561351031063
2015-2016,Anthony Martial,Manchester United,F,Forward,31,2632,11,4,57,37,2,0,7.273541077971458,6.173327440395951,7.273541077971458
2015-2016,Gylfi Sigurdsson,Swansea,F,Forward,36,2921,11,3,88,57,6,0,7.710650116205215,5.429829095490277,5.427143078297377
2015-2016,Georginio Wijnaldum,Newcastle,M,Midfielder,38,3178,11,5,54,47,1,0,7.928211936727166,3.8174392245709896,7.167042950168252
2015-2016,Sadio Mané,Southampton,F,Forward,37,2614,11,6,86,41,4,2,12.514568300917745,5.139249017462134,11.753399284556508
2015-2016,Graziano Pellè,Southampton,F,Forward,30,2167,11,6,80,37,6,0,7.350180992856622,3.987356685101986,7.350180992856622
2015-2016,Marko Arnautovic,Stoke,F,Forward,34,2836,11,6,70,50,2,0,12.05915871821344,6.117617999669164,9.77568761818111
2015-2016,Roberto Firmino,Liverpool,F,Forward,31,2005,10,7,63,49,1,0,7.1310254614800215,5.3966775089502335,7.1310254614800215
2015-2016,Dele Alli,Tottenham,M,Midfielder,33,2490,10,9,74,55,7,0,8.315971579402685,6.802972770296037,8.315971579402685
2015-2016,Shane Long,Southampton,F,Forward,28,2114,10,4,64,33,2,0,10.61739412508905,2.7126416452229023,10.61739412508905
2015-2016,Dimitri Payet,West Ham,F,Forward,30,2576,9,12,69,119,3,0,5.748615788295865,11.665769186802208,5.748615788295865
2015-2016,Andy Carroll,West Ham,F,Forward,27,1411,9,2,56,20,2,0,6.137788807973266,2.7616127114742994,5.376620193943381
2015-2016,Christian Benteke,Liverpool,F,Forward,29,1496,9,3,61,31,2,0,9.98186818882823,2.7818546555936337,9.220699172466992
2015-2016,Aleksandar Mitrovic,Newcastle,F,Forward,34,2103,9,4,79,30,4,2,10.339352402836084,2.2244459111243486,8.817017409950495
2015-2016,Salomón Rondón,West Brom,F,Forward,34,2581,9,2,71,28,1,1,9.896931927651169,1.9187822239473464,9.896931927651169
2015-2016,Daniel Sturridge,Liverpool,F,Forward,14,981,8,1,48,7,0,0,5.741582944989204,0.5159462941810489,5.741582944989204
2015-2016,Philippe Coutinho,Liverpool,F,Forward,26,2019,8,5,111,50,2,1,6.49630680680275,5.286333870142698,6.49630680680275
2015-2016,Michail Antonio,West Ham,D,Defender,26,2074,8,3,54,24,3,0,5.896233828738332,2.84874646551907,5.896233828738332
2015-2016,Ross Barkley,Everton,M,Midfielder,38,3102,8,8,95,56,4,0,8.793569456785917,5.907710798084736,7.271230440586805
2015-2016,Kelechi Iheanacho,Manchester City,F,Forward,26,727,8,1,28,14,1,0,4.937837693840265,1.5855757798999548,4.937837693840265
2015-2016,Wayne Rooney,Manchester United,F,Forward,28,2411,8,6,72,43,4,0,7.317086679860949,4.480131337419152,6.555921657010913
2015-2016,Kevin De Bruyne,Manchester City,M,Midfielder,25,2006,7,9,49,81,2,0,4.308095835149288,8.33203162252903,4.308095835149288
2015-2016,Mark Noble,West Ham,M,Midfielder,37,3221,7,4,34,50,8,1,3.879513105377555,3.2432395946234465,1.596007790416479
2015-2016,Jordan Ayew,Aston Villa,F,Forward,30,2356,7,0,59,18,6,1,4.692514030262828,1.4725213972851634,3.931344913318753
2015-2016,Pedro,Chelsea,M,Midfielder,29,2061,7,2,57,42,3,0,6.120477117598057,4.614514185115695,6.120477117598057
2015-2016,Dieumerci Mbokani,Norwich,F,Forward,29,1568,7,1,37,25,0,0,6.585035309195519,1.5376300066709518,6.585035309195519
2015-2016,Dusan Tadic,Southampton,M,Midfielder,34,2318,7,12,57,74,2,0,6.417935328558087,8.644171416759491,5.656765328720212
2015-2016,Bojan,Stoke,F,Forward,27,1741,7,1,36,26,2,0,4.585217607673258,1.803873172961176,3.0629195696674287
2015-2016,Joshua King,Bournemouth,F,Forward,31,1931,6,2,55,25,1,0,5.712771352380514,3.535969901829958,5.712771352380514
2015-2016,Mesut Özil,Arsenal,M,Midfielder,35,3065,6,19,48,146,4,0,7.923172945156693,17.618861105293036,7.923172945156693
2015-2016,Manuel Lanzini,West Ham,F,Forward,26,1941,6,2,48,33,3,0,4.531228398904204,2.836365235969424,4.531228398904204
2015-2016,Juan Mata,Manchester United,M,Midfielder,38,2907,6,5,57,53,4,1,6.460017409175634,5.284316685050726,5.698849428445101
2015-2016,Raheem Sterling,Manchester City,F,Forward,31,1943,6,2,52,35,1,0,7.149213088676333,3.246622446924448,7.149213088676333
2015-2016,Christian Eriksen,Tottenham,M,Midfielder,35,2950,6,13,100,115,2,0,5.512105284258723,9.80885074287653,5.512105284258723
2015-2016,Bafétimbi Gomis,Swansea,F,Forward,33,1685,6,0,59,17,0,0,6.098333736881614,2.4120547231286764,5.337160786613822
2015-2016,Leonardo Ulloa,Leicester,F,Forward,29,942,6,2,34,14,0,0,6.906455801799893,1.466686885803938,6.145286785438657
2015-2016,Ayoze Pérez,Newcastle,F,Forward,34,2046,6,2,50,30,4,0,3.795658176764846,2.894735593348741,3.795658176764846
2015-2016,Nathan Redmond,Norwich,M,Midfielder,35,2321,6,3,54,45,0,0,3.4319807747378945,3.6447911020368338,3.4319807747378945
2015-2016,Yaya Touré,Manchester City,M,Midfielder,32,2345,6,5,77,44,3,0,5.663291418924928,4.417276362888515,4.902123415842652
2015-2016,Callum Wilson,Bournemouth,F,Forward,13,769,5,0,17,7,0,0,2.346478898078203,1.084264986217022,1.5853149481117723
2015-2016,Divock Origi,Liverpool,F,Forward,16,660,5,1,24,9,0,0,3.3548461496829987,0.5015547964721918,3.3548461496829987
2015-2016,James Milner,Liverpool,F,Forward,28,2428,5,11,39,61,9,1,3.398423934355378,5.385005238465965,2.637255409732461
2015-2016,Theo Walcott,Arsenal,F,Forward,28,1374,5,2,45,17,0,0,8.386532507836819,2.0374574419111013,8.386532507836819
2015-2016,Aaron Ramsey,Arsenal,M,Midfielder,31,2624,5,4,69,37,4,0,8.614322556182742,4.046241706237197,8.614322556182742
2015-2016,Scott Dann,Crystal Palace,D,Defender,35,3150,5,1,29,10,7,0,2.5363450115546584,0.6297998037189245,2.5363450115546584
2015-2016,Yohan Cabaye,Crystal Palace,M,Midfielder,33,2728,5,1,67,50,7,0,6.7147998213768005,3.237457119859755,3.67012457549572
2015-2016,Yannick Bolasie,Crystal Palace,F,Forward,26,2075,5,3,57,23,2,0,4.791508495807648,3.785496551543474,4.791508495807648
2015-2016,Connor Wickham,Crystal Palace,F,Forward,21,1328,5,3,34,12,1,0,4.318102177232504,0.8700869707390666,3.5569338016211987
2015-2016,Cheikhou Kouyaté,West Ham,D,Defender,34,3017,5,2,45,21,5,1,5.835475044324994,1.3813032917678356,5.835475044324994
2015-2016,Marcus Rashford,Manchester United,F,Forward,11,870,5,2,16,6,0,0,3.0254475995898247,0.759778780862689,3.0254475995898247
2015-2016,Aaron Lennon,Everton,F,Forward,25,1534,5,0,18,23,1,0,2.2260953821241856,1.6979509945958853,2.2260953821241856
2015-2016,Arouna Koné,Everton,F,Forward,25,1464,5,4,36,14,1,0,4.518551206216216,2.134571185335517,4.518551206216216
2015-2016,Erik Lamela,Tottenham,M,Midfielder,34,2404,5,9,58,75,9,0,6.299697618931532,8.93490382656455,6.299697618931532
2015-2016,Diafra Sakho,West Ham,F,Forward,21,1539,5,1,48,14,3,0,7.360721768811345,1.8989981887862089,7.360721768811345
2015-2016,Rudy Gestede,Aston Villa,F,Forward,32,1632,5,2,61,15,2,0,5.696741838008165,1.4262413000687957,5.696741838008165
2015-2016,Cesc Fàbregas,Chelsea,M,Midfielder,37,2901,5,7,45,67,5,0,3.869538052938879,8.421028561890125,2.3472050121054053
2015-2016,Willian,Chelsea,M,Midfielder,35,2766,5,6,60,81,5,0,4.4275352749973536,7.687523938715458,4.4275352749973536
2015-2016,Fabio Borini,Sunderland,F,Forward,26,1913,5,2,48,18,6,0,4.93459333665669,1.737776736728847,4.173425326123834
2015-2016,Shinji Okazaki,Leicester,F,Forward,36,2105,5,0,46,20,1,0,8.607688304968178,1.1344577930867672,8.607688304968178
2015-2016,Jonathan Walters,Stoke,F,Forward,27,1718,5,3,32,24,1,0,5.66549963876605,2.3749693855643272,5.66549963876605
2015-2016,Mame Biram Diouf,Stoke,F,Forward,26,1246,5,1,30,10,3,0,5.139999140053988,0.7568941134959459,5.139999140053988
2015-2016,Steven Davis,Southampton,D,Defender,34,2637,5,3,20,54,4,0,2.531914735212922,4.076438756659627,2.531914735212922
2015-2016,Son Heung-Min,Tottenham,M,Midfielder,28,1110,4,1,38,18,0,0,4.179750515148044,0.7707014922052622,4.179750515148044
2015-2016,Steve Cook,Bournemouth,D,Defender,36,3199,4,0,25,6,5,0,2.054982926696539,0.914485789835453,2.054982926696539
2015-2016,Matt Ritchie,Bournemouth,M,Midfielder,37,2985,4,6,77,41,5,0,4.234732269309461,3.577278872951865,4.234732269309461
2015-2016,Adam Lallana,Liverpool,F,Forward,30,2115,4,6,44,50,2,0,3.5331818871200085,5.648350378498435,3.5331818871200085
2015-2016,Laurent Koscielny,Arsenal,D,Defender,33,2848,4,0,19,8,3,0,3.3445703331381083,0.7183354124426842,3.3445703331381083
2015-2016,Danny Welbeck,Arsenal,F,Forward,11,581,4,2,20,7,1,0,2.9756076019257307,0.760790191590786,2.9756076019257307
2015-2016,Enner Valencia,West Ham,F,Forward,19,1014,4,2,34,12,1,0,4.249641552567482,1.475322525948286,4.249641552567482
2015-2016,Jesse Lingard,Manchester United,F,Forward,25,1641,4,1,31,14,4,0,3.2912297286093235,1.2874503061175346,3.2912297286093235
2015-2016,Kevin Mirallas,Everton,F,Forward,23,985,4,2,41,18,0,2,3.3397473292425275,1.8302945913746955,3.3397473292425275
2015-2016,Ramiro Funes Mori,Everton,D,Defender,28,2189,4,1,24,6,4,1,2.9086846550926566,0.758610226213932,2.9086846550926566
2015-2016,Wilfried Bony,Manchester City,F,Forward,26,1203,4,3,60,13,1,0,6.749876271001995,2.988756734877825,5.988702247850597
2015-2016,Toby Alderweireld,Tottenham,D,Defender,38,3420,4,2,40,10,3,0,3.0251707853749394,0.8221089970320463,3.0251707853749394
2015-2016,Eden Hazard,Chelsea,F,Forward,31,2183,4,3,36,66,2,0,2.578371524810791,4.175006551668048,2.578371524810791
2015-2016,Patrick van Aanholt,Sunderland,D,Defender,33,2970,4,3,46,30,2,0,2.54197043273598,3.797237947583199,2.54197043273598
2015-2016,Andros Townsend,"Newcastle United,Tottenham",M,Midfielder,16,1149,4,2,29,28,0,0,1.4662211015820503,2.820960408076644,1.4662211015820503
2015-2016,Wes Hoolahan,Norwich,M,Midfielder,30,2026,4,8,26,49,1,0,3.4676506221294403,4.911916113458574,2.706481605768204
2015-2016,Craig Dawson,West Brom,D,Defender,38,3387,4,0,38,28,3,0,4.9939436465501785,3.273947911337018,4.9939436465501785
2015-2016,Saido Berahino,West Brom,F,Forward,31,1727,4,0,35,18,0,0,7.118001105263829,1.0141102001070976,5.595701085403562
2015-2016,Steven Naismith,"Everton,Norwich",M,Midfielder,23,1343,4,1,25,20,3,0,3.011758865788579,2.0797792114317417,3.011758865788579
2015-2016,Benik Afobe,Bournemouth,F,Forward,15,950,4,0,14,12,0,0,3.395960964262485,0.6378889800980687,3.395960964262485
2015-2016,Joselu,Stoke,F,Forward,22,1072,4,1,29,10,0,0,3.42055097874254,0.8887685872614384,3.42055097874254
2015-2016,Steven Fletcher,Sunderland,F,Forward,16,1021,4,0,25,8,0,0,3.1093484219163656,0.8061626013368368,3.1093484219163656
2015-2016,Charlie Daniels,Bournemouth,D,Defender,37,3288,3,5,20,37,2,0,2.930394820868969,2.489581812173128,1.408056490123272
2015-2016,Dan Gosling,Bournemouth,M,Midfielder,34,2442,3,1,40,27,6,0,3.2276471266523004,1.8973795399069784,3.2276471266523004
2015-2016,Junior Stanislas,Bournemouth,M,Midfielder,21,1448,3,2,44,34,1,0,2.733297389000654,3.781087612733245,2.733297389000654
2015-2016,Marc Pugh,Bournemouth,M,Midfielder,26,1328,3,2,22,13,1,0,2.465305913239717,1.1982270358130336,2.465305913239717
2015-2016,Joel Campbell,Arsenal,M,Midfielder,19,891,3,2,19,13,0,0,2.59413100220263,2.8309967815876007,2.59413100220263
2015-2016,Ander Herrera,Manchester United,M,Midfielder,27,1535,3,2,24,21,4,0,2.770497987046838,2.1379278171807528,2.009328970685601
2015-2016,Aleksandar Kolarov,Manchester City,D,Defender,29,2282,3,3,39,38,3,0,2.389820823445916,2.884808447211981,1.6286518070846796
2015-2016,Mousa Dembélé,Tottenham,M,Midfielder,29,2286,3,1,22,28,3,0,1.482901705428958,0.8319704830646515,1.482901705428958
2015-2016,Eric Dier,Tottenham,D,Defender,37,3271,3,2,30,18,10,0,1.6450099218636751,1.380221512168646,1.6450099218636751
2015-2016,Nacer Chadli,Tottenham,M,Midfielder,29,922,3,2,25,24,1,0,2.929527999833226,2.760443637147546,2.929527999833226
2015-2016,Oscar,Chelsea,M,Midfielder,27,1785,3,3,52,29,4,0,5.17186302319169,3.297748578712344,3.6495230086147785
2015-2016,Dwight Gayle,Crystal Palace,F,Forward,16,755,3,0,22,8,1,1,3.890564911067486,0.71475759614259,3.890564911067486
2015-2016,Robert Huth,Leicester,D,Defender,35,3150,3,0,28,2,8,0,3.4519033562392,0.6899090297520161,3.4519033562392
2015-2016,Jeremain Lens,Sunderland,F,Forward,20,1299,3,3,26,18,3,1,1.33960447832942,2.9814170990139246,1.33960447832942
2015-2016,Russell Martin,Norwich,D,Defender,30,2699,3,0,18,8,4,1,1.8422323176637287,1.0656029731035233,1.8422323176637287
2015-2016,Robbie Brady,Norwich,D,Defender,36,2996,3,2,53,54,3,0,2.794267915189266,5.04878506064415,2.794267915189266
2015-2016,Jonny Howson,Norwich,M,Midfielder,36,2960,3,4,35,26,7,0,2.2518839417025447,2.8945629689842463,2.2518839417025447
2015-2016,Cameron Jerome,Norwich,F,Forward,34,1770,3,2,46,8,2,0,8.215384827926755,0.3745400048792362,8.215384827926755
2015-2016,Craig Gardner,West Brom,M,Midfielder,34,2037,3,3,46,24,5,0,4.136256244033575,3.020390295423568,3.3750872425735
2015-2016,Virgil van Dijk,Southampton,D,Defender,34,3060,3,0,29,9,2,0,3.2997162602841854,1.340610295534134,3.2997162602841854
2015-2016,Papiss Demba Cissé,Newcastle,F,Forward,21,1079,3,0,23,10,1,0,3.0891173183918,0.6837781090289354,3.0891173183918
2015-2016,Glenn Murray,"Bournemouth,Crystal Palace",F,Forward,21,789,3,0,25,9,2,0,4.022136937826872,0.5152826830744743,3.260970901697874
2015-2016,Xherdan Shaqiri,Stoke,F,Forward,27,2072,3,6,40,50,3,0,3.074525742791593,6.42092464491725,3.074525742791593
2015-2016,Duncan Watmore,Sunderland,F,Forward,23,880,3,1,14,12,0,0,1.465447487309575,0.947002712637186,1.465447487309575
2015-2016,Mauro Zárate,West Ham,F,Forward,15,796,3,0,29,20,1,0,1.550888579338789,1.3420005030930042,1.550888579338789
2015-2016,James Morrison,West Brom,M,Midfielder,18,1354,3,3,24,15,3,0,1.8907658848911524,1.1233719112351537,1.1295968685299158
2015-2016,Joe Allen,Liverpool,M,Midfielder,19,720,2,1,12,12,0,0,1.3847471065819263,1.3596460912376642,1.3847471065819263
2015-2016,Alex Iwobi,Arsenal,M,Midfielder,13,639,2,2,15,12,0,0,1.5485198199748993,1.5110217109322548,1.5485198199748993
2015-2016,Joel Ward,Crystal Palace,D,Defender,30,2694,2,1,17,13,4,0,1.150739767588675,1.8000704925507307,1.150739767588675
2015-2016,Damien Delaney,Crystal Palace,D,Defender,32,2880,2,3,21,10,2,0,1.834194477647543,2.6911376118659973,1.834194477647543
2015-2016,Jason Puncheon,Crystal Palace,F,Forward,31,2647,2,3,54,59,3,0,3.873505707830191,4.142699588090181,3.873505707830191
2015-2016,Bakary Sako,Crystal Palace,F,Forward,20,1073,2,1,34,9,1,0,2.3595071816816926,1.8894953643903136,2.3595071816816926
2015-2016,Wilfried Zaha,Crystal Palace,F,Forward,34,2507,2,1,32,41,5,0,2.624895393848419,4.474730141460896,2.624895393848419
2015-2016,Aaron Cresswell,West Ham,D,Defender,37,3319,2,4,28,40,1,0,1.0925629902631044,3.2946184799075127,1.0925629902631044
2015-2016,Memphis Depay,Manchester United,F,Forward,29,1470,2,0,57,12,2,0,4.733708648942411,1.2230775114148855,4.733708648942411
2015-2016,Sebastian Prödl,Watford,D,Defender,21,1774,2,0,13,2,5,0,1.5338504202663898,0.1290602032095194,1.5338504202663898
2015-2016,Almen Abdi,Watford,F,Forward,32,1998,2,0,38,32,4,0,2.0675654159858823,2.5999508891254663,2.0675654159858823
2015-2016,Ben Watson,Watford,M,Midfielder,35,2814,2,0,17,33,4,0,0.4924735939130187,2.1229016734287143,0.4924735939130187
2015-2016,Leighton Baines,Everton,D,Defender,18,1473,2,1,9,22,0,0,1.2093742927536368,1.6651656907051802,0.4482050007209182
2015-2016,James McCarthy,Everton,M,Midfielder,29,2445,2,2,16,14,5,1,0.8192178858444095,1.3880207985639572,0.8192178858444095
2015-2016,Gerard Deulofeu,Everton,F,Forward,26,1389,2,8,9,35,2,0,1.413774512708187,5.973309900611639,1.413774512708187
2015-2016,Tom Cleverley,Everton,M,Midfielder,22,1618,2,4,24,23,1,0,1.491365397349,2.2500664331018925,1.491365397349
2015-2016,Jordan Henderson,Liverpool,M,Midfielder,17,1300,2,3,26,18,1,0,1.527289591729641,1.300453895702958,1.527289591729641
2015-2016,Vincent Kompany,Manchester City,D,Defender,14,1179,2,0,11,3,5,0,0.4174300068989396,0.0813498990610241,0.4174300068989396
2015-2016,Fernandinho,Manchester City,M,Midfielder,33,2736,2,2,29,29,8,0,1.23233259934932,2.5116884037852287,1.23233259934932
2015-2016,Fernando,Manchester City,M,Midfielder,24,1703,2,0,15,8,4,0,2.896815828979016,0.3292692955583334,2.896815828979016
2015-2016,David Silva,Manchester City,M,Midfielder,24,1818,2,11,29,67,1,0,2.598524495959282,4.727522297762334,2.598524495959282
2015-2016,James McArthur,Crystal Palace,M,Midfielder,28,2206,2,2,16,22,5,0,1.0581504269503057,1.085091905668378,1.0581504269503057
2015-2016,Ashley Westwood,Aston Villa,M,Midfielder,32,2720,2,2,38,41,6,0,1.7461493341252208,3.151757683604956,1.7461493341252208
2015-2016,Carles Gil,Aston Villa,F,Forward,23,1454,2,0,17,25,3,0,0.7563516963273287,1.486159997060895,0.7563516963273287
2015-2016,Scott Sinclair,Aston Villa,F,Forward,27,1598,2,0,17,5,0,0,2.815946187824011,0.131769198924303,2.054780151695013
2015-2016,César Azpilicueta,Chelsea,D,Defender,37,3208,2,3,10,21,7,0,1.2036286052316427,2.2325296327471733,1.2036286052316427
2015-2016,Branislav Ivanovic,Chelsea,D,Defender,33,2922,2,2,28,13,5,0,2.355595279484988,2.0069943265989423,2.355595279484988
2015-2016,Bertrand Traoré,Chelsea,F,Forward,10,365,2,1,17,5,0,0,1.6593624241650105,0.627598786726594,1.6593624241650105
2015-2016,Nemanja Matic,Chelsea,M,Midfielder,33,2426,2,2,34,19,4,1,2.506363909691572,2.058973101899028,2.506363909691572
2015-2016,Gary Cahill,Chelsea,D,Defender,23,1952,2,1,13,3,2,0,1.5026721898466349,0.1968750972300768,1.5026721898466349
2015-2016,Ashley Williams,Swansea,D,Defender,36,3240,2,1,16,11,8,0,1.7815254908055067,0.4403919987380504,1.7815254908055067
2015-2016,Alberto Paloschi,Swansea,F,Forward,10,675,2,0,15,3,2,0,2.420431124046445,0.603236598894,2.420431124046445
2015-2016,Wayne Routledge,Swansea,F,Forward,28,1700,2,1,18,29,3,0,2.52651600074023,1.7192793767899277,2.52651600074023
2015-2016,Ki Sung-yueng,Swansea,M,Midfielder,28,1852,2,1,24,22,4,0,2.4574378253892064,1.0774459028616548,2.4574378253892064
2015-2016,Lamine Koné,Sunderland,D,Defender,15,1318,2,1,10,5,0,0,2.458799561485648,0.7516853213310242,2.458799561485648
2015-2016,Wahbi Khazri,Sunderland,M,Midfielder,14,1087,2,1,24,27,3,0,0.8625685963779688,2.2329065892845392,0.8625685963779688
2015-2016,Wes Morgan,Leicester,D,Defender,38,3420,2,0,21,2,3,0,3.00750370323658,0.0531145986169576,3.00750370323658
2015-2016,Daniel Drinkwater,Leicester,M,Midfielder,35,3045,2,7,41,44,3,1,2.187858287245035,5.324235362932086,2.187858287245035
2015-2016,Marc Albrighton,Leicester,M,Midfielder,38,2796,2,6,42,62,4,0,2.549340220168233,8.095411790534854,2.549340220168233
2015-2016,Daryl Janmaat,Newcastle,D,Defender,32,2754,2,4,19,25,5,1,1.1652493462897835,3.490501798223704,1.1652493462897835
2015-2016,Jamaal Lascelles,Newcastle,D,Defender,18,1135,2,0,4,2,1,1,0.4158274009823799,0.1482736989855766,0.4158274009823799
2015-2016,Andy King,Leicester,M,Midfielder,25,1030,2,1,19,9,2,0,2.715634703636169,1.0578415095806122,2.715634703636169
2015-2016,Alexander Tettey,Norwich,M,Midfielder,23,1956,2,0,20,5,10,0,0.6745796985924244,0.1093363417312502,0.6745796985924244
2015-2016,Stéphane Sessegnon,West Brom,F,Forward,25,1770,2,2,31,27,1,0,1.287262612953782,2.786615217104554,1.287262612953782
2015-2016,James McClean,West Brom,F,Forward,35,2414,2,2,31,29,7,1,2.168414603918791,3.026410101912916,2.168414603918791
2015-2016,Adam Smith,Bournemouth,D,Defender,31,2085,2,0,15,14,5,0,0.4881399013102054,1.1019454840570688,0.4881399013102054
2015-2016,José Fonte,Southampton,D,Defender,37,3171,2,1,20,5,4,1,2.431196888908744,1.2865146612748504,2.431196888908744
2015-2016,James Ward-Prowse,Southampton,M,Midfielder,33,1505,2,4,28,32,5,0,2.065772909671068,4.687691954895854,1.3046038821339607
2015-2016,Giannelli Imbula,Stoke,M,Midfielder,14,1260,2,0,21,11,4,0,0.7641459014266729,0.446632195264101,0.7641459014266729
2015-2016,Ibrahim Afellay,Stoke,M,Midfielder,31,2105,2,2,39,21,3,1,2.3782680314034224,2.0416691973805428,2.3782680314034224
2015-2016,Fabian Delph,Manchester City,M,Midfielder,17,753,2,0,13,2,0,0,0.3005909994244575,0.4260794129222631,0.3005909994244575
2015-2016,Samir Nasri,Manchester City,M,Midfielder,12,520,2,2,14,10,3,0,2.637317957356572,0.9286920242011548,2.637317957356572
2015-2016,Adam Johnson,Sunderland,F,Forward,19,1136,2,5,16,29,3,0,1.8067023092880845,2.185626655817032,1.04553338047117
2015-2016,Ramires,Chelsea,M,Midfielder,12,612,2,0,10,1,1,0,1.3262329697608948,0.0581614002585411,1.3262329697608948
2015-2016,Carl Jenkinson,West Ham,D,Defender,20,1220,2,0,7,6,3,1,0.6154201049357653,1.13735419139266,0.6154201049357653
2015-2016,Danny Ings,Liverpool,F,Forward,6,336,2,0,10,5,1,0,1.851082548499108,0.3525632973760366,1.851082548499108
2015-2016,Timm Klose,Norwich,D,Defender,10,849,1,0,3,0,3,0,0.5434640273451805,0.0,0.5434640273451805
2015-2016,Adnan Januzaj,Manchester United,M,Midfielder,5,141,1,0,4,1,1,0,0.2422624006867408,0.0320644006133079,0.2422624006867408
2015-2016,Tommy Elphick,Bournemouth,D,Defender,12,1011,1,0,4,1,1,0,0.2931244038045406,0.0162585005164146,0.2931244038045406
2015-2016,Max Gradel,Bournemouth,M,Midfielder,14,918,1,2,18,10,1,0,1.706090216524899,0.682281706482172,1.706090216524899
2015-2016,Lewis Grabban,"Bournemouth,Norwich",F,Forward,21,806,1,0,19,8,2,0,2.3116526901721954,0.4200644008815288,2.3116526901721954
2015-2016,Kolo Touré,Liverpool,D,Defender,14,865,1,0,4,1,1,0,0.2425589971244335,0.0187493003904819,0.2425589971244335
2015-2016,Jordon Ibe,Liverpool,F,Forward,27,1161,1,2,29,20,0,0,1.426460581831634,1.639091721735895,1.426460581831634
2015-2016,Mamadou Sakho,Liverpool,D,Defender,22,1856,1,0,6,4,1,0,0.8336915113031864,0.0714537985622882,0.8336915113031864
2015-2016,Héctor Bellerín,Arsenal,D,Defender,36,3240,1,5,13,24,3,0,0.7077546939253807,4.75375734642148,0.7077546939253807
2015-2016,Gabriel,Arsenal,D,Defender,21,1761,1,0,11,1,4,1,0.9500337094068528,0.044633898884058,0.9500337094068528
2015-2016,Joe Ledley,Crystal Palace,M,Midfielder,19,979,1,0,7,3,1,0,0.3060399070382118,0.1568491961807012,0.3060399070382118
2015-2016,Emmanuel Adebayor,Crystal Palace,F,Forward,12,619,1,1,12,6,1,0,1.8238637335598469,0.1452674306929111,1.8238637335598469
2015-2016,Lee Chung-yong,Crystal Palace,M,Midfielder,13,375,1,0,5,6,0,0,0.1582505032420158,0.4583900086581707,0.1582505032420158
2015-2016,Winston Reid,West Ham,D,Defender,24,2139,1,1,17,7,5,0,1.3956439103931189,0.3526056036353111,1.3956439103931189
2015-2016,Victor Moses,West Ham,F,Forward,21,982,1,2,22,16,0,0,1.9115974642336369,1.506265616044402,1.9115974642336369
2015-2016,Kieran Gibbs,Arsenal,D,Defender,15,367,1,0,5,1,0,0,0.5577400848269463,0.0406477004289627,0.5577400848269463
2015-2016,Daley Blind,Manchester United,D,Defender,35,3123,1,1,4,25,2,0,0.1542002009227872,1.880606411024928,0.1542002009227872
2015-2016,Morgan Schneiderlin,Manchester United,M,Midfielder,29,2204,1,0,11,9,3,0,0.8295513093471527,0.4136638976633549,0.8295513093471527
2015-2016,Matteo Darmian,Manchester United,D,Defender,28,1937,1,0,6,12,8,0,0.1750630959868431,1.879050144925713,0.1750630959868431
2015-2016,Nathan Aké,Watford,D,Defender,24,1868,1,0,16,9,4,1,1.6093680169433355,0.7008997928351164,1.6093680169433355
2015-2016,Craig Cathcart,Watford,D,Defender,35,3034,1,0,5,3,3,0,0.6867376808077097,0.1060620993375778,0.6867376808077097
2015-2016,Seamus Coleman,Everton,D,Defender,28,2392,1,3,27,18,4,0,2.323581524193287,1.440727211534977,2.323581524193287
2015-2016,Nathaniel Clyne,Liverpool,D,Defender,33,2970,1,0,29,24,6,0,1.8151895105838776,1.8440426997840405,1.8151895105838776
2015-2016,Emre Can,Liverpool,D,Defender,30,2501,1,0,30,32,9,0,1.2145628472790122,3.202119203284383,1.2145628472790122
2015-2016,Martin Skrtel,Liverpool,D,Defender,22,1882,1,0,10,5,5,0,0.635306098498404,0.809040131047368,0.635306098498404
2015-2016,Alberto Moreno,Liverpool,D,Defender,32,2546,1,4,36,61,3,0,1.65450559835881,4.2261937954463065,1.65450559835881
2015-2016,Nicolás Otamendi,Manchester City,D,Defender,30,2673,1,0,27,5,9,0,0.9926669923588634,0.628144808113575,0.9926669923588634
2015-2016,Marouane Fellaini,Manchester United,F,Forward,18,1069,1,0,23,11,2,0,4.1750429049134254,0.6421577008441091,4.1750429049134254
2015-2016,Ashley Young,Manchester United,D,Defender,18,1053,1,2,7,10,5,0,0.8914634939283133,1.4585475930944083,0.8914634939283133
2015-2016,Kyle Walker,Tottenham,D,Defender,33,2947,1,3,21,34,7,0,0.876290250569582,4.270705763250589,0.876290250569582
2015-2016,Danny Rose,Tottenham,D,Defender,24,2139,1,3,26,24,7,0,1.2215758142992854,3.2962171770632267,1.2215758142992854
2015-2016,Ryan Mason,Tottenham,M,Midfielder,22,797,1,0,20,10,3,0,3.093703493475914,0.7011371180415154,3.093703493475914
2015-2016,Kieran Trippier,Tottenham,D,Defender,6,456,1,1,2,6,1,0,0.4173209052532911,0.4763298947364092,0.4173209052532911
2015-2016,Tom Carroll,Tottenham,M,Midfielder,19,489,1,0,5,9,3,0,0.2286784034222364,0.2454057931900024,0.2286784034222364
2015-2016,Joleon Lescott,"Aston Villa,West Bromwich Albion",D,Defender,32,2812,1,0,11,4,2,0,1.8732635146006944,0.1732784043997526,1.8732635146006944
2015-2016,Micah Richards,Aston Villa,D,Defender,24,2049,1,1,11,8,3,0,1.012163701467216,0.419517801143229,1.012163701467216
2015-2016,Leandro Bacuna,Aston Villa,D,Defender,31,2421,1,0,32,16,8,0,1.905084615573287,1.1993913184851408,1.905084615573287
2015-2016,Jack Grealish,Aston Villa,F,Forward,16,831,1,0,16,12,1,0,0.5990190040320158,0.6424275133758783,0.5990190040320158
2015-2016,Ruben Loftus-Cheek,Chelsea,M,Midfielder,13,399,1,0,12,4,0,0,0.9546099007129668,0.1375066991895437,0.9546099007129668
2015-2016,Kenedy,Chelsea,D,Defender,14,544,1,0,13,6,0,0,0.3206858960911631,0.5036235116422176,0.3206858960911631
2015-2016,Loïc Remy,Chelsea,F,Forward,13,269,1,0,13,4,0,0,2.0837942995131016,0.1587666012346744,2.0837942995131016
2015-2016,Alexandre Pato,Chelsea,F,Forward,2,134,1,0,4,0,0,0,1.7201659679412842,0.0,0.9589969925582408
2015-2016,Falcao,Chelsea,F,Forward,10,208,1,0,11,2,1,0,0.7739494126290083,0.091769004240632,0.7739494126290083
2015-2016,Federico Fernández,Swansea,D,Defender,32,2880,1,1,17,8,3,0,1.670275891199708,0.3864244502037763,1.670275891199708
2015-2016,Jack Cork,Swansea,M,Midfielder,35,2543,1,2,19,30,3,0,0.918854609131813,1.96001591347158,0.918854609131813
2015-2016,Modou Barrow,Swansea,F,Forward,22,762,1,2,11,13,0,0,0.4563116068020463,1.181954595260322,0.4563116068020463
2015-2016,Dame N&#039;Doye,Sunderland,F,Forward,11,562,1,0,9,4,2,0,0.5422570034861565,0.2607949022203684,0.5422570034861565
2015-2016,Yann M&#039;Vila,Sunderland,M,Midfielder,37,3194,1,4,29,46,1,0,0.8662016959860921,4.275107302702963,0.8662016959860921
2015-2016,Jack Rodwell,Sunderland,M,Midfielder,22,1137,1,0,25,14,5,0,2.4888862976804376,0.8463182114064693,2.4888862976804376
2015-2016,Billy Jones,Sunderland,D,Defender,24,2039,1,1,14,12,8,0,2.414166036993265,1.1011948119848969,2.414166036993265
2015-2016,N&#039;Golo Kanté,Leicester,M,Midfielder,37,3011,1,4,21,30,3,0,0.5621250942349434,2.7279574144631624,0.5621250942349434
2015-2016,Jeffrey Schlupp,Leicester,D,Defender,24,1383,1,2,26,17,4,0,1.9894177075475448,2.20846017356962,1.9894177075475448
2015-2016,Jack Colback,Newcastle,D,Defender,29,2409,1,1,15,16,11,0,0.8832448916509748,1.2081099371425807,0.8832448916509748
2015-2016,Vurnon Anita,Newcastle,D,Defender,28,2112,1,3,8,13,6,0,0.2250929996371269,0.6107363002374768,0.2250929996371269
2015-2016,Jonjo Shelvey,"Newcastle United,Swansea",M,Midfielder,31,2270,1,5,56,43,8,0,2.5407283902168274,4.389030389487743,1.7795596793293953
2015-2016,Moussa Sissoko,Newcastle,M,Midfielder,37,3234,1,7,38,57,3,0,3.3141868663951755,5.964938495308161,3.3141868663951755
2015-2016,Nathan Dyer,"Leicester,Swansea",S,Midfielder,13,209,1,1,5,5,1,0,0.2630394995212555,0.5702419877052307,0.2630394995212555
2015-2016,Martin Olsson,Norwich,D,Defender,24,1767,1,2,7,7,2,0,0.1644793003797531,0.9000751879066229,0.1644793003797531
2015-2016,Matthew Jarvis,"Norwich,West Ham",M,Midfielder,22,1100,1,1,10,18,0,0,1.0162738040089607,1.5426131635904312,1.0162738040089607
2015-2016,Jonas Olsson,West Brom,D,Defender,28,2019,1,1,6,4,5,0,0.9869292164221406,1.0481974948197603,0.9869292164221406
2015-2016,Gareth McAuley,West Brom,D,Defender,34,3060,1,0,7,7,4,1,0.5205572098493576,0.6936065852642059,0.5205572098493576
2015-2016,Jonny Evans,West Brom,D,Defender,30,2600,1,1,7,9,4,0,1.2419001199305058,0.7815928049385548,1.2419001199305058
2015-2016,Darren Fletcher,West Brom,M,Midfielder,38,3377,1,3,22,30,3,0,2.497494393028319,2.580059782601893,2.497494393028319
2015-2016,Rickie Lambert,West Brom,F,Forward,19,604,1,1,14,11,2,0,1.4416358908638358,0.9207850070670248,0.6804667999967933
2015-2016,Sebastien Bassong,Norwich,D,Defender,32,2788,1,0,20,2,4,0,1.3719307715073228,0.0742453020066022,1.3719307715073228
2015-2016,Cuco Martina,Southampton,D,Defender,15,1076,1,1,3,12,1,0,0.1117531042546033,1.3458772003650663,0.1117531042546033
2015-2016,Ryan Bertrand,Southampton,D,Defender,32,2880,1,3,12,22,6,0,1.4651850974187255,3.441076635383069,0.7040162933990359
2015-2016,Victor Wanyama,Southampton,M,Midfielder,30,2507,1,1,31,16,4,3,1.5128119876608253,1.090257404372096,1.5128119876608253
2015-2016,Oriol Romeu,Southampton,M,Midfielder,29,1598,1,0,28,11,7,0,1.755586312152445,1.012617589905858,1.755586312152445
2015-2016,Maya Yoshida,Southampton,D,Defender,20,1000,1,0,2,0,0,0,1.0490809977054596,0.0,1.0490809977054596
2015-2016,Charlie Austin,Southampton,F,Forward,7,203,1,0,8,1,0,0,1.193167395889759,0.0267402008175849,1.193167395889759
2015-2016,Paul Dummett,Newcastle,D,Defender,23,1907,1,0,5,4,3,0,0.2723962003365159,0.1616812963038683,0.2723962003365159
2015-2016,Charlie Adam,Stoke,M,Midfielder,22,1050,1,1,29,10,6,1,0.8703569914214313,0.8281959071755409,0.8703569914214313
2015-2016,Ciaran Clark,Aston Villa,D,Defender,18,1442,1,0,10,4,6,0,0.8913228996098042,0.6958843991160393,0.8913228996098042
2015-2016,Harry Arter,Bournemouth,M,Midfielder,21,1692,1,0,36,25,7,0,0.9920001598075032,1.0252581341192126,0.9920001598075032
2015-2016,Gabriel Agbonlahor,Aston Villa,F,Forward,15,1051,1,2,10,13,0,0,1.2428807243704796,1.4772773999720812,1.2428807243704796
2015-2016,Bastian Schweinsteiger,Manchester United,M,Midfielder,18,1199,1,0,12,8,3,0,1.461834579706192,0.254170699045062,1.461834579706192
2015-2016,Rolando Aarons,Newcastle,D,Defender,10,365,1,1,2,5,1,0,0.4009544104337692,0.5955119878053665,0.4009544104337692
2015-2016,John Terry,Chelsea,D,Defender,24,1999,1,0,10,2,2,2,1.4788405783474443,0.1022738981992006,1.4788405783474443
2015-2016,Steven Whittaker,Norwich,D,Defender,8,660,1,0,8,2,1,1,0.4572330955415964,0.0352065004408359,0.4572330955415964
2015-2016,Kurt Zouma,Chelsea,D,Defender,23,1912,1,1,17,1,0,0,1.8363503962755203,0.5467770099639893,1.8363503962755203
2015-2016,Nikica Jelavic,West Ham,F,Forward,13,318,1,2,11,9,1,0,1.487870400771499,1.0062958588823676,1.487870400771499
2015-2016,Fabricio Coloccini,Newcastle,D,Defender,26,2294,1,0,10,3,2,1,0.9142137980088592,0.3086645975708961,0.9142137980088592
2015-2016,Ritchie de Laet,Leicester,D,Defender,12,655,1,0,2,6,1,0,0.1470789983868599,0.3315953984856605,0.1470789983868599
2015-2016,Alex Oxlade-Chamberlain,Arsenal,M,Midfielder,22,911,1,0,23,19,0,0,1.5034727901220322,1.8971569072455168,1.5034727901220322
2015-2016,Miguel Layún,Watford,M,Midfielder,3,134,1,0,4,2,0,0,0.1906062066555023,0.1768390983343124,0.1906062066555023
2015-2016,Modibo Maiga,West Ham,S,Midfielder,3,18,1,0,2,0,0,0,0.2375389989465475,0.0,0.2375389989465475
2015-2016,Chicharito,Manchester United,S,Midfielder,1,22,0,0,1,1,0,0,0.3870880007743835,0.0423400998115539,0.3870880007743835
2015-2016,Jan Kirchhoff,Sunderland,M,Midfielder,15,1096,0,0,8,11,0,0,0.5767954010516405,0.4666622933000326,0.5767954010516405
2015-2016,Artur Boruc,Bournemouth,GK,Goalkeeper,32,2880,0,0,0,1,2,0,0.0,0.0938415005803108,0.0
2015-2016,Simon Francis,Bournemouth,D,Defender,38,3388,0,4,7,35,5,1,0.2090822048485279,2.3881555441766977,0.2090822048485279
2015-2016,Andrew Surman,Bournemouth,M,Midfielder,38,3420,0,3,16,43,4,0,0.5702397022396326,1.399254309013486,0.5702397022396326
2015-2016,Adam Federici,Bournemouth,GK,Goalkeeper,6,499,0,0,0,0,0,0,0.0,0.0,0.0
2015-2016,Shaun MacDonald,Bournemouth,S,Midfielder,3,24,0,0,0,0,0,0,0.0,0.0,0.0
2015-2016,Eunan O&#039;Kane,Bournemouth,M,Midfielder,16,739,0,1,6,7,2,0,0.5159941166639328,0.3260610997676849,0.5159941166639328
2015-2016,Danny Ward,Liverpool,GK,Goalkeeper,2,180,0,0,0,0,0,0,0.0,0.0,0.0
2015-2016,Connor Randall,Liverpool,D,Defender,3,165,0,0,2,1,0,0,0.1192030012607574,0.0581432990729808,0.1192030012607574
2015-2016,Lucas Leiva,Liverpool,D,Defender,27,1948,0,1,9,22,8,0,0.6402260018512607,1.5367639092728496,0.6402260018512607
2015-2016,Brad Smith,Liverpool,D,Defender,4,281,0,0,1,2,1,1,0.0526629015803337,0.0753695964813232,0.0526629015803337
2015-2016,Sheyi Ojo,Liverpool,F,Forward,8,395,0,3,5,12,0,0,0.2691828059032559,1.5683929026126862,0.2691828059032559
2015-2016,Kevin Stewart,Liverpool,M,Midfielder,7,562,0,0,5,4,1,0,0.1321856006979942,0.1015038043260574,0.1321856006979942
2015-2016,Simon Mignolet,Liverpool,GK,Goalkeeper,34,3060,0,0,0,1,2,0,0.0,0.0067829601466655,0.0
2015-2016,Jon Flanagan,Liverpool,D,Defender,5,422,0,1,0,2,1,0,0.0,0.1449427977204322,0.0
2015-2016,Petr Cech,Arsenal,GK,Goalkeeper,34,3060,0,0,0,1,0,0,0.0,0.0467074997723102,0.0
2015-2016,Nacho Monreal,Arsenal,D,Defender,37,3247,0,3,12,28,1,0,0.9100389927625656,2.911943500861525,0.9100389927625656
2015-2016,Mohamed Elneny,Arsenal,M,Midfielder,11,799,0,1,13,3,3,0,1.3251584004610777,0.3016597013920545,1.3251584004610777
2015-2016,Francis Coquelin,Arsenal,M,Midfielder,26,1652,0,0,8,6,5,1,0.1550964033231139,0.3483756929636001,0.1550964033231139
2015-2016,David Ospina,Arsenal,GK,Goalkeeper,4,360,0,0,0,0,0,0,0.0,0.0,0.0
2015-2016,Per Mertesacker,Arsenal,D,Defender,24,2050,0,0,8,2,1,1,1.3489637859165668,0.3447166942059994,1.3489637859165668
2015-2016,Calum Chambers,Arsenal,D,Defender,12,299,0,0,2,2,2,0,0.1363250017166137,0.2018568962812423,0.1363250017166137
2015-2016,Wayne Hennessey,Crystal Palace,GK,Goalkeeper,29,2610,0,0,0,0,1,0,0.0,0.0,0.0
2015-2016,Pape Souaré,Crystal Palace,D,Defender,34,3017,0,1,11,27,6,1,0.3214282998815179,2.517557479441166,0.3214282998815179
2015-2016,Mile Jedinak,Crystal Palace,M,Midfielder,27,1511,0,0,13,8,6,0,0.9263467136770488,0.8903788039460778,0.9263467136770488
2015-2016,Julian Speroni,Crystal Palace,GK,Goalkeeper,2,180,0,0,0,0,0,0,0.0,0.0,0.0
2015-2016,Adrian Mariappa,Crystal Palace,D,Defender,3,256,0,0,0,0,0,0,0.0,0.0,0.0
2015-2016,Martin Kelly,Crystal Palace,D,Defender,13,1039,0,0,1,4,3,0,0.0146246002987027,0.1302272994071245,0.0146246002987027
2015-2016,Adrián,West Ham,GK,Goalkeeper,32,2880,0,0,0,0,1,1,0.0,0.0,0.0
2015-2016,Angelo Ogbonna,West Ham,D,Defender,28,2326,0,0,6,2,5,0,0.3006751993671059,0.1014899984002113,0.3006751993671059
2015-2016,James Tomkins,West Ham,D,Defender,25,1979,0,0,9,12,4,0,0.3937388593330979,1.6080678896978498,0.3937388593330979
2015-2016,Emmanuel Emenike,West Ham,F,Forward,13,499,0,0,10,7,0,0,1.4561971388757229,0.3378948029130697,1.4561971388757229
2015-2016,Darren Randolph,West Ham,GK,Goalkeeper,6,540,0,0,1,0,0,0,0.0764757990837097,0.0,0.0764757990837097
2015-2016,Pedro Obiang,West Ham,M,Midfielder,24,1069,0,1,8,3,2,0,0.2413672702386975,0.7868882790207863,0.2413672702386975
2015-2016,Reece Oxford,West Ham,D,Defender,7,206,0,0,1,0,0,0,0.1037110015749931,0.0,0.1037110015749931
2015-2016,David de Gea,Manchester United,GK,Goalkeeper,34,3060,0,0,0,0,0,0,0.0,0.0,0.0
2015-2016,Guillermo Varela,Manchester United,D,Defender,4,312,0,0,1,1,1,0,0.0120516000315546,0.0229803994297981,0.0120516000315546
2015-2016,Timothy Fosu-Mensah,Manchester United,D,Defender,8,247,0,1,2,1,1,0,0.0445834994316101,0.5879679918289185,0.0445834994316101
2015-2016,Marcos Rojo,Manchester United,D,Defender,16,1264,0,1,8,10,3,0,0.2959688995033502,0.804326593875885,0.2959688995033502
2015-2016,Paddy McNair,Manchester United,D,Defender,8,308,0,0,3,1,0,0,0.1490419954061508,0.1408360004425048,0.1490419954061508
2015-2016,Sergio Romero,Manchester United,GK,Goalkeeper,4,360,0,0,0,0,0,0,0.0,0.0,0.0
2015-2016,James Weir,Manchester United,S,Midfielder,1,1,0,0,0,0,0,0,0.0,0.0,0.0
2015-2016,Heurelho Gomes,Watford,GK,Goalkeeper,38,3398,0,0,0,0,4,0,0.0,0.0,0.0
2015-2016,Nyom,Watford,D,Defender,32,2483,0,1,7,7,8,0,0.3207143954932689,0.5813760934397578,0.3207143954932689
2015-2016,Miguel Britos,Watford,D,Defender,24,2079,0,0,6,0,7,0,0.3842486049979925,0.0,0.3842486049979925
2015-2016,José Holebas,Watford,D,Defender,11,948,0,0,13,6,2,0,0.5325350929051638,0.0901373978704214,0.5325350929051638
2015-2016,Valon Behrami,Watford,M,Midfielder,21,1284,0,1,1,5,3,1,0.0117324003949761,0.517133648507297,0.0117324003949761
2015-2016,Etienne Capoue,Watford,M,Midfielder,33,2834,0,1,35,24,7,0,3.072994276881218,1.4461284149438145,3.072994276881218
2015-2016,Nordin Amrabat,Watford,F,Forward,12,494,0,0,7,5,2,1,0.7446609828621149,0.5844015013426542,0.7446609828621149
2015-2016,Mario Suárez,Watford,M,Midfielder,15,736,0,0,8,7,2,0,0.2208740022033453,0.3330914042890072,0.2208740022033453
2015-2016,Ikechi Anya,Watford,D,Defender,28,1675,0,1,10,19,0,0,0.6807065000757575,1.284966191276908,0.6807065000757575
2015-2016,Juan Carlos Paredes,Watford,D,Defender,17,758,0,0,5,4,1,0,0.118601600639522,0.5345230102539062,0.118601600639522
2015-2016,Costel Pantilimon,Sunderland,GK,Goalkeeper,17,1530,0,0,0,1,3,0,0.0,0.0236226003617048,0.0
2015-2016,Jurado,Watford,F,Forward,27,2057,0,0,36,41,3,0,1.3688285937532785,3.5557379331439734,1.3688285937532785
2015-2016,Adlène Guédioura,Watford,M,Midfielder,18,407,0,2,13,10,2,0,0.3290424859151244,0.7133982982486486,0.3290424859151244
2015-2016,Joel Robles,Everton,GK,Goalkeeper,13,1170,0,0,0,0,1,0,0.0,0.0,0.0
2015-2016,John Stones,Everton,D,Defender,33,2781,0,0,8,6,3,0,0.4201038014143705,2.0363227166235447,0.4201038014143705
2015-2016,Phil Jagielka,Everton,D,Defender,21,1854,0,0,9,2,0,0,0.812141184695065,0.1359141990542411,0.812141184695065
2015-2016,Gareth Barry,Everton,M,Midfielder,33,2840,0,1,15,34,5,1,1.2188139986246824,2.900790685787797,1.2188139986246824
2015-2016,Bryan Oviedo,Everton,D,Defender,14,1001,0,1,5,13,0,0,0.4693509079515934,1.525049313902855,0.4693509079515934
2015-2016,Oumar Niasse,Everton,F,Forward,5,139,0,0,2,3,0,0,0.1348116993904113,0.458635002374649,0.1348116993904113
2015-2016,Tim Howard,Everton,GK,Goalkeeper,25,2250,0,0,0,1,1,0,0.0,0.0726474970579147,0.0
2015-2016,Dejan Lovren,Liverpool,D,Defender,24,1901,0,0,22,8,2,0,1.1265994105488062,0.2830609027296304,1.1265994105488062
2015-2016,Joe Hart,Manchester City,GK,Goalkeeper,35,3112,0,0,0,2,0,0,0.0,0.6797931017354131,0.0
2015-2016,Pablo Zabaleta,Manchester City,D,Defender,13,1061,0,1,3,2,3,0,0.177699701860547,0.633639819920063,0.177699701860547
2015-2016,Gaël Clichy,Manchester City,D,Defender,14,1090,0,1,2,12,0,0,0.0381582994014024,1.0334121156483889,0.0381582994014024
2015-2016,Jesús Navas,Manchester City,M,Midfielder,34,2283,0,7,31,54,1,0,2.952996770851314,5.385789071209729,2.952996770851314
2015-2016,Martín Demichelis,Manchester City,D,Defender,20,999,0,0,5,4,3,0,0.2987082097679376,0.3832595013082027,0.2987082097679376
2015-2016,Willy Caballero,Manchester City,GK,Goalkeeper,4,308,0,0,0,0,0,0,0.0,0.0,0.0
2015-2016,Bacary Sagna,Manchester City,D,Defender,28,2449,0,3,5,27,4,0,0.1598246991634369,2.814246805384755,0.1598246991634369
2015-2016,Eliaquim Mangala,Manchester City,D,Defender,23,2017,0,0,7,0,8,0,1.6006391737610102,0.0,1.6006391737610102
2015-2016,Antonio Valencia,Manchester United,D,Defender,14,847,0,3,6,7,1,0,0.1930263023823499,0.5558440117165446,0.1930263023823499
2015-2016,Chris Smalling,Manchester United,D,Defender,35,3150,0,1,18,6,8,0,1.587316076271236,0.6364649888128042,1.587316076271236
2015-2016,Jordon Mutch,Crystal Palace,F,Forward,20,784,0,0,17,7,0,0,0.9309703093022108,0.4809456095099449,0.9309703093022108
2015-2016,Fraizer Campbell,Crystal Palace,F,Forward,11,354,0,0,4,1,1,0,0.75689297914505,0.0803079009056091,0.75689297914505
2015-2016,Alex McCarthy,Crystal Palace,GK,Goalkeeper,7,630,0,0,0,0,0,0,0.0,0.0,0.0
2015-2016,Hugo Lloris,Tottenham,GK,Goalkeeper,37,3330,0,0,0,1,0,0,0.0,0.0237199999392032,0.0
2015-2016,Jan Vertonghen,Tottenham,D,Defender,29,2596,0,0,11,6,5,0,0.5788122043013573,0.3509038984775543,0.5788122043013573
2015-2016,Kevin Wimmer,Tottenham,D,Defender,10,814,0,0,1,2,2,0,0.0609239004552364,0.0708954017609357,0.0609239004552364
2015-2016,Michel Vorm,Tottenham,GK,Goalkeeper,1,90,0,0,0,0,0,0,0.0,0.0,0.0
2015-2016,Michael Carrick,Manchester United,D,Defender,28,1982,0,0,7,10,4,0,0.2196184014901518,0.2824397115036845,0.2196184014901518
2015-2016,James Collins,West Ham,D,Defender,19,1437,0,0,13,2,3,1,0.8689481904730201,0.1897890940308571,0.8689481904730201
2015-2016,Alexandre Song,West Ham,M,Midfielder,12,658,0,0,6,8,1,0,0.1801397018134594,0.2122628018260002,0.1801397018134594
2015-2016,Ben Davies,Tottenham,D,Defender,17,1281,0,2,9,15,3,0,0.4415080929175019,1.4291233206167815,0.4415080929175019
2015-2016,Josh Onomah,Tottenham,S,Midfielder,8,69,0,0,3,1,0,0,0.1788647007197141,0.0354382991790771,0.1788647007197141
2015-2016,Brad Guzan,Aston Villa,GK,Goalkeeper,28,2520,0,0,0,1,2,0,0.0,0.044632900506258,0.0
2015-2016,Alan Hutton,Aston Villa,D,Defender,28,2331,0,1,9,21,6,1,0.5536272544413805,2.284129679203033,0.5536272544413805
2015-2016,Aly Cissokho,Aston Villa,D,Defender,18,1605,0,0,4,9,3,1,0.1072683986276388,0.4952607005834579,0.1072683986276388
2015-2016,Carlos Sánchez,Aston Villa,M,Midfielder,20,1373,0,0,13,4,3,0,0.3657971695065498,0.377815212123096,0.3657971695065498
2015-2016,Idrissa Gueye,Aston Villa,M,Midfielder,35,3085,0,1,30,28,10,0,0.8781897984445095,0.98757900390774,0.8781897984445095
2015-2016,Jordan Lyden,Aston Villa,D,Defender,4,149,0,0,1,1,0,0,0.0626055970788002,0.0284503009170293,0.0626055970788002
2015-2016,Jores Okore,Aston Villa,D,Defender,12,1080,0,0,0,1,1,0,0.0,0.1215000003576278,0.0
2015-2016,Jordan Veretout,Aston Villa,M,Midfielder,25,1831,0,5,19,39,4,0,0.5650775404646993,2.729467500001192,0.5650775404646993
2015-2016,Mark Bunn,Aston Villa,GK,Goalkeeper,10,900,0,0,0,0,2,0,0.0,0.0,0.0
2015-2016,Thibaut Courtois,Chelsea,GK,Goalkeeper,23,2023,0,0,0,0,1,2,0.0,0.0,0.0
2015-2016,Matt Miazga,Chelsea,D,Defender,2,138,0,0,0,0,1,0,0.0,0.0,0.0
2015-2016,Abdul Rahman Baba,Chelsea,D,Defender,15,1018,0,1,6,3,1,0,0.3791146036237478,0.1792413964867591,0.3791146036237478
2015-2016,John Obi Mikel,Chelsea,D,Defender,25,1782,0,1,7,5,6,0,0.2847858062013984,0.1094794003292918,0.2847858062013984
2015-2016,Jake Clarke-Salter,Chelsea,S,Midfielder,1,13,0,0,0,0,0,0,0.0,0.0,0.0
2015-2016,Asmir Begovic,Chelsea,GK,Goalkeeper,17,1393,0,0,0,0,0,0,0.0,0.0,0.0
2015-2016,Adam Bogdan,Liverpool,GK,Goalkeeper,2,180,0,0,0,0,0,0,0.0,0.0,0.0
2015-2016,Tammy Abraham,Chelsea,S,Midfielder,2,51,0,0,2,0,0,0,0.1651079952716827,0.0,0.1651079952716827
2015-2016,Fikayo Tomori,Chelsea,S,Midfielder,1,29,0,0,0,0,0,0,0.0,0.0,0.0
2015-2016,Lukasz Fabianski,Swansea,GK,Goalkeeper,37,3330,0,1,1,2,1,0,0.0186777003109455,0.1067896988242864,0.0186777003109455
2015-2016,Angel Rangel,Swansea,D,Defender,23,1824,0,0,14,12,6,0,0.850328590720892,0.6480673085898161,0.850328590720892
2015-2016,Neil Taylor,Swansea,D,Defender,34,2951,0,1,9,16,4,0,0.2196004493162036,1.0369009878486397,0.2196004493162036
2015-2016,Leroy Fer,Swansea,M,Midfielder,11,758,0,2,5,8,2,0,0.2485554032027721,0.4633057992905378,0.2485554032027721
2015-2016,Jefferson Montero,Swansea,F,Forward,23,1355,0,2,20,26,0,0,1.672670589759946,2.939996268600225,1.672670589759946
2015-2016,Kyle Naughton,Swansea,D,Defender,27,1750,0,3,8,20,2,1,0.2736861938610673,2.022213464602828,0.2736861938610673
2015-2016,Jordi Amat,Swansea,D,Defender,8,451,0,0,1,1,0,0,0.6412090063095093,0.0736297965049743,0.6412090063095093
2015-2016,Kristoffer Nordfeldt,Swansea,GK,Goalkeeper,1,90,0,0,0,0,0,0,0.0,0.0,0.0
2015-2016,Vito Mannone,Sunderland,GK,Goalkeeper,19,1710,0,0,0,0,2,0,0.0,0.0,0.0
2015-2016,DeAndre Yedlin,Sunderland,D,Defender,23,1810,0,1,4,12,2,0,0.2071893289685249,1.1340486258268356,0.2071893289685249
2015-2016,John O&#039;Shea,Sunderland,D,Defender,28,2000,0,0,7,1,2,0,0.2818367015570402,0.5797989964485168,0.2818367015570402
2015-2016,Younes Kaboul,Sunderland,D,Defender,23,2014,0,1,12,6,3,1,0.777892111800611,0.8246368728578091,0.777892111800611
2015-2016,Lee Cattermole,Sunderland,M,Midfielder,31,2230,0,0,11,23,8,0,0.4802329000085592,1.7009663991630075,0.4802329000085592
2015-2016,Ola Toivonen,Sunderland,M,Midfielder,12,668,0,2,7,8,1,0,0.816760390996933,1.0173840755596757,0.816760390996933
2015-2016,Sebastian Larsson,Sunderland,M,Midfielder,18,531,0,1,7,7,2,0,0.34777030069381,0.7345791906118393,0.34777030069381
2015-2016,Jordan Pickford,Sunderland,GK,Goalkeeper,2,180,0,0,0,0,0,0,0.0,0.0,0.0
2015-2016,Steven Berghuis,Watford,S,Midfielder,9,210,0,2,8,8,2,0,0.8419065782800317,0.8893931917846203,0.8419065782800317
2015-2016,Kasper Schmeichel,Leicester,GK,Goalkeeper,38,3420,0,0,0,5,2,0,0.0,0.3699235003441572,0.0
2015-2016,Danny Simpson,Leicester,D,Defender,30,2620,0,0,7,6,3,1,0.7629526928067207,0.3491460923105478,0.7629526928067207
2015-2016,Christian Fuchs,Leicester,D,Defender,32,2706,0,4,19,45,4,0,0.8510159999132156,4.107187246903777,0.8510159999132156
2015-2016,Daniel Amartey,Leicester,D,Defender,5,98,0,0,1,1,0,0,0.3933579921722412,0.0586096011102199,0.3933579921722412
2015-2016,Marcin Wasilewski,Leicester,D,Defender,4,300,0,0,1,0,2,0,0.0286359991878271,0.0,0.0286359991878271
2015-2016,Gökhan Inler,Leicester,M,Midfielder,5,195,0,0,2,1,0,0,0.0359413996338844,0.0299472007900476,0.0359413996338844
2015-2016,Demarai Gray,Leicester,M,Midfielder,12,163,0,1,5,6,0,0,0.5406618043780327,1.242211502045393,0.5406618043780327
2015-2016,Robert Elliot,Newcastle,GK,Goalkeeper,21,1890,0,0,0,1,1,0,0.0,0.0229892991483211,0.0
2015-2016,Steven Taylor,Newcastle,D,Defender,10,810,0,0,1,2,1,0,0.0839437991380691,0.1118389964103698,0.0839437991380691
2015-2016,Siem de Jong,Newcastle,M,Midfielder,18,434,0,1,8,2,0,0,0.9610869996249676,0.0683836005628109,0.9610869996249676
2015-2016,Seydou Doumbia,Newcastle,S,Midfielder,3,25,0,0,1,0,0,0,0.068741001188755,0.0,0.068741001188755
2015-2016,Emmanuel Rivière,Newcastle,F,Forward,3,64,0,0,3,1,0,0,0.2406504973769188,0.0839437991380691,0.2406504973769188
2015-2016,Henri Saivet,Newcastle,M,Midfielder,4,150,0,0,0,1,0,0,0.0,0.0153256002813577,0.0
2015-2016,Jamie Sterry,Newcastle,S,Midfielder,1,4,0,0,0,0,0,0,0.0,0.0,0.0
2015-2016,Karl Darlow,Newcastle,GK,Goalkeeper,9,810,0,0,0,0,0,0,0.0,0.0,0.0
2015-2016,John Ruddy,Norwich,GK,Goalkeeper,27,2430,0,0,0,0,0,0,0.0,0.0,0.0
2015-2016,Ivo Pinto,Norwich,D,Defender,10,811,0,0,0,2,0,0,0.0,0.121313203126192,0.0
2015-2016,Ryan Bennett,Norwich,D,Defender,22,1842,0,0,8,4,7,0,0.57474460080266,0.2777703925967216,0.57474460080266
2015-2016,Gary O&#039;Neil,Norwich,M,Midfielder,27,1738,0,0,11,9,7,1,0.8533069975674152,0.5954609988257289,0.8533069975674152
2015-2016,Youssouf Mulumbu,Norwich,M,Midfielder,7,374,0,0,3,1,1,0,0.1450005993247032,0.0152241997420787,0.1450005993247032
2015-2016,Declan Rudd,Norwich,GK,Goalkeeper,11,990,0,0,0,0,2,0,0.0,0.0,0.0
2015-2016,Graham Dorrans,Norwich,M,Midfielder,21,1289,0,1,16,15,2,0,0.5596574051305652,1.159778194501996,0.5596574051305652
2015-2016,Ben Foster,West Brom,GK,Goalkeeper,15,1350,0,0,0,0,1,0,0.0,0.0,0.0
2015-2016,Claudio Yacob,West Brom,M,Midfielder,34,2862,0,1,9,8,8,0,0.1748810997232794,0.521934631280601,0.1748810997232794
2015-2016,Alex Pritchard,"Tottenham,West Bromwich Albion",S,Midfielder,3,59,0,0,2,0,0,0,0.0759627968072891,0.0,0.0759627968072891
2015-2016,Sandro,West Brom,M,Midfielder,12,382,0,0,3,1,0,0,0.0484007997438311,0.1187580004334449,0.0484007997438311
2015-2016,Victor Anichebe,West Brom,F,Forward,10,355,0,0,13,5,0,0,1.1712062265723944,0.3101911954581737,1.1712062265723944
2015-2016,James Chester,West Brom,D,Defender,13,965,0,0,0,4,5,0,0.0,0.2575351018458605,0.0
2015-2016,Boaz Myhill,West Brom,GK,Goalkeeper,23,2070,0,0,0,0,2,0,0.0,0.0,0.0
2015-2016,Patrick Bamford,"Crystal Palace,Norwich",F,Forward,13,340,0,0,10,4,0,0,0.9378967843949796,0.2633689008653164,0.9378967843949796
2015-2016,Vadis Odjidja-Ofoe,Norwich,M,Midfielder,10,268,0,2,3,8,2,0,0.0819438025355339,0.3517073020339012,0.0819438025355339
2015-2016,Juan Iturbe,Bournemouth,S,Midfielder,2,51,0,0,1,1,0,0,0.0280562005937099,0.0127202998846769,0.0280562005937099
2015-2016,Sylvain Distin,Bournemouth,D,Defender,12,841,0,0,2,1,0,0,0.0642729001119732,0.0071753300726413,0.0642729001119732
2015-2016,Marvin Emnes,Swansea,F,Forward,2,66,0,0,1,0,0,0,0.0244686007499694,0.0,0.0244686007499694
2015-2016,Leon Britton,Swansea,M,Midfielder,25,1532,0,0,5,4,4,0,0.1018131989985704,0.0973522998392582,0.1018131989985704
2015-2016,Fraser Forster,Southampton,GK,Goalkeeper,18,1620,0,0,0,0,0,0,0.0,0.0,0.0
2015-2016,Jordy Clasie,Southampton,M,Midfielder,22,1574,0,0,14,14,5,0,0.4878841750323772,0.7646423000842333,0.4878841750323772
2015-2016,Jay Rodriguez,Southampton,M,Midfielder,12,328,0,0,17,3,1,0,1.6927368082106111,0.0973894009366631,1.6927368082106111
2015-2016,Maarten Stekelenburg,Southampton,GK,Goalkeeper,17,1530,0,0,0,1,0,0,0.0,0.0363661982119083,0.0
2015-2016,Cédric Soares,Southampton,D,Defender,24,1986,0,2,10,26,3,0,0.3194497190415859,3.427258152514696,0.3194497190415859
2015-2016,Chancel Mbemba,Newcastle,D,Defender,33,2923,0,0,12,4,5,0,0.7767010671086609,0.2683054096996784,0.7767010671086609
2015-2016,Gabriel Obertan,Newcastle,M,Midfielder,5,279,0,1,3,3,1,0,0.0740198008716106,0.1920862942934036,0.0740198008716106
2015-2016,Cheick Tioté,Newcastle,M,Midfielder,20,1244,0,0,1,8,5,0,0.0192125998437404,0.7427316242828965,0.0192125998437404
2015-2016,Cristian Gamboa,West Brom,S,Midfielder,1,24,0,0,1,0,1,0,0.0229334998875856,0.0,0.0229334998875856
2015-2016,Jack Butland,Stoke,GK,Goalkeeper,31,2790,0,0,0,1,0,0,0.0,0.0282733999192714,0.0
2015-2016,Phil Bardsley,Stoke,D,Defender,11,813,0,1,7,4,1,0,0.1287099989131093,0.6606273846700788,0.1287099989131093
2015-2016,Philipp Wollscheid,Stoke,D,Defender,31,2681,0,0,2,5,2,0,0.0756397191435098,0.3243431001901626,0.0756397191435098
2015-2016,Geoff Cameron,Stoke,D,Defender,30,2361,0,0,15,9,0,1,0.6193308066576719,0.689332882873714,0.6193308066576719
2015-2016,Marc Muniesa,Stoke,D,Defender,15,1113,0,0,3,5,2,0,0.0907410997897386,0.2224982995539903,0.0907410997897386
2015-2016,Glenn Whelan,Stoke,M,Midfielder,37,3189,0,1,11,25,6,0,0.221585800871253,0.930567406117916,0.221585800871253
2015-2016,Stephen Ireland,Stoke,S,Midfielder,13,206,0,1,3,8,2,0,0.5473723858594894,1.6458038538694382,0.5473723858594894
2015-2016,Dionatan Teixeira,Stoke,S,Midfielder,1,42,0,0,0,0,0,0,0.0,0.0,0.0
2015-2016,Jakob Haugaard,Stoke,GK,Goalkeeper,5,402,0,0,0,0,0,0,0.0,0.0,0.0
2015-2016,Peter Crouch,Stoke,F,Forward,11,446,0,1,7,4,0,0,0.3046404980123043,0.3946677977219224,0.3046404980123043
2015-2016,Andre Green,Aston Villa,S,Midfielder,2,54,0,0,1,2,0,0,0.0157680995762348,0.1859554946422577,0.0157680995762348
2015-2016,Jonathan Leko,West Brom,M,Midfielder,5,272,0,1,0,2,0,0,0.0,0.564852885901928,0.0
2015-2016,Callum McManaman,West Brom,M,Midfielder,12,267,0,1,8,8,2,0,0.4444282874464988,0.2453343011438846,0.4444282874464988
2015-2016,Matt Targett,Southampton,D,Defender,14,1077,0,1,3,6,1,0,0.1248128022998571,0.3632865063846111,0.1248128022998571
2015-2016,Ryan Shawcross,Stoke,D,Defender,20,1698,0,0,8,1,2,1,0.7236680183559656,0.0386926010251045,0.7236680183559656
2015-2016,Erik Pieters,Stoke,D,Defender,35,3101,0,1,5,19,10,0,0.1312969047576189,2.170645748265088,0.1312969047576189
2015-2016,Shay Given,Stoke,GK,Goalkeeper,3,228,0,0,0,0,1,0,0.0,0.0,0.0
2015-2016,Leon Osman,Everton,M,Midfielder,9,206,0,0,3,0,0,0,0.1363625973463058,0.0,0.1363625973463058
2015-2016,Stephen Kingsley,Swansea,D,Defender,4,357,0,1,1,2,0,0,0.0162419006228446,0.6693355739116669,0.0162419006228446
2015-2016,Sébastien Pocognoli,West Brom,S,Midfielder,1,33,0,1,0,2,0,0,0.0,0.1696649938821792,0.0
2015-2016,Andre Wisdom,Norwich,D,Defender,10,827,0,0,2,4,1,0,0.1478172019124031,0.4556616060435772,0.1478172019124031
2015-2016,Mathieu Flamini,Arsenal,M,Midfielder,16,1084,0,0,7,3,3,0,1.114936726167798,0.1270070988684892,1.114936726167798
2015-2016,Jay Fulton,Swansea,S,Midfielder,2,19,0,0,0,0,0,0,0.0,0.0,0.0
2015-2016,Juanmi,Southampton,S,Midfielder,12,140,0,0,5,3,0,0,0.3624053001403808,0.2236694945022463,0.3624053001403808
2015-2016,Obbi Oularé,Watford,S,Midfielder,2,2,0,0,0,0,0,0,0.0,0.0,0.0
2015-2016,Kieran Richardson,Aston Villa,D,Defender,11,722,0,1,7,4,4,0,0.1554974997416138,0.163758598268032,0.1554974997416138
2015-2016,Adama Traoré,Aston Villa,S,Midfielder,10,167,0,1,2,1,1,0,0.1319373995065689,0.0841938033699989,0.1319373995065689
2015-2016,Kevin Toner,Aston Villa,D,Defender,4,313,0,1,1,1,0,0,0.0519183985888958,0.0486772991716861,0.0519183985888958
2015-2016,Sam Byram,West Ham,D,Defender,4,286,0,0,0,2,3,0,0.0,0.1970272921025753,0.0
2015-2016,Chris Brunt,West Brom,D,Defender,22,1802,0,3,18,21,7,0,0.6611344888806343,2.363816289231181,0.6611344888806343
2015-2016,Marouane Chamakh,Crystal Palace,F,Forward,10,239,0,0,2,4,1,0,0.4842874929308891,0.1751471012830734,0.4842874929308891
2015-2016,Manu García,Manchester City,S,Midfielder,1,9,0,0,0,0,0,0,0.0,0.0,0.0
2015-2016,Muhamed Besic,Everton,D,Defender,12,547,0,0,4,5,1,0,0.09823680203408,0.4399205986410379,0.09823680203408
2015-2016,Brendan Galloway,Everton,D,Defender,15,1230,0,1,8,4,2,0,0.4483555927872658,0.5782207902520895,0.4483555927872658
2015-2016,Harrison Reed,Southampton,S,Midfielder,1,9,0,0,0,0,0,0,0.0,0.0,0.0
2015-2016,Nabil Bentaleb,Tottenham,M,Midfielder,5,165,0,0,3,2,1,0,0.1023948974907398,0.0313737988471984,0.1023948974907398
2015-2016,Yoan Gouffran,Newcastle,M,Midfielder,8,220,0,0,3,1,0,0,0.3648428972810507,0.0193860009312629,0.3648428972810507
2015-2016,Matthew Pennington,Everton,D,Defender,4,298,0,0,2,0,1,0,0.0790696963667869,0.0,0.0790696963667869
2015-2016,Darron Gibson,Everton,M,Midfielder,7,236,0,1,2,4,3,0,0.0388463009148836,0.5095470063388348,0.0388463009148836
2015-2016,Andreas Pereira,Manchester United,S,Midfielder,4,76,0,0,0,3,2,0,0.0,0.1760952062904834,0.0
2015-2016,Steven Pienaar,Everton,S,Midfielder,4,115,0,0,2,1,0,0,0.0748004019260406,0.0505042001605033,0.0748004019260406
2015-2016,Patrick Roberts,Manchester City,S,Midfielder,1,3,0,0,0,0,0,0,0.0,0.0,0.0
2015-2016,Sebastián Coates,Sunderland,D,Defender,16,1231,0,1,6,2,4,0,0.4768164902925491,0.2198508009314537,0.4768164902925491
2015-2016,Wes Brown,Sunderland,D,Defender,6,540,0,0,0,0,1,0,0.0,0.0,0.0
2015-2016,Jordi Gómez,Sunderland,M,Midfielder,6,363,0,0,2,2,0,0,0.052657600492239,0.0803149035200476,0.052657600492239
2015-2016,Danny Graham,Sunderland,F,Forward,10,352,0,0,4,0,0,0,0.3150747045874595,0.0,0.3150747045874595
2015-2016,Brede Hangeland,Crystal Palace,D,Defender,7,630,0,0,5,0,2,0,0.4924242980778217,0.0,0.4924242980778217
2015-2016,João Teixeira,Liverpool,S,Midfielder,1,2,0,0,0,0,0,0,0.0,0.0,0.0
2015-2016,Florian Thauvin,Newcastle,M,Midfielder,13,412,0,0,8,5,1,0,0.3105266019701957,0.6077729854732752,0.3105266019701957
2015-2016,Massadio Haidara,Newcastle,D,Defender,7,554,0,0,3,2,1,0,0.0466082002967596,0.0746975019574165,0.0466082002967596
2015-2016,Glen Johnson,Stoke,D,Defender,25,2191,0,3,17,18,1,0,0.8090794961899519,3.0968168638646603,0.8090794961899519
2015-2016,Marc Wilson,Stoke,D,Defender,4,257,0,0,0,1,0,0,0.0,0.0655407011508941,0.0
2015-2016,Marco van Ginkel,Stoke,M,Midfielder,17,735,0,0,12,5,0,0,1.0349852070212364,0.1119262017309665,1.0349852070212364
2015-2016,Víctor Ibarbo,Watford,S,Midfielder,4,60,0,0,0,0,0,0,0.0,0.0,0.0
2015-2016,Alessandro Diamanti,Watford,S,Midfielder,3,60,0,0,1,2,0,0,0.0140984002500772,0.200776994228363,0.0140984002500772
2015-2016,Giedrius Arlauskis,Watford,S,Midfielder,1,22,0,0,0,0,0,0,0.0,0.0,0.0
2015-2016,Phil Jones,Manchester United,D,Defender,10,524,0,0,1,0,0,0,0.058942899107933,0.0,0.058942899107933
2015-2016,Gastón Ramírez,Southampton,S,Midfielder,3,25,0,1,0,2,0,0,0.0,0.97019281424582,0.0
2015-2016,Steven Caulker,"Liverpool,Southampton",D,Defender,6,149,0,0,3,1,0,0,0.1920135989785194,0.0125793004408478,0.1920135989785194
2015-2016,Kelvin Davis,Southampton,GK,Goalkeeper,1,90,0,0,0,0,0,0,0.0,0.0,0.0
2015-2016,Andrej Kramaric,Leicester,S,Midfielder,2,18,0,0,1,1,0,0,0.4252740144729614,0.0224716998636722,0.4252740144729614
2015-2016,Yann Kermorgant,Bournemouth,S,Midfielder,7,117,0,0,1,1,0,0,0.0329244993627071,0.0267533008009195,0.0329244993627071
2015-2016,Tokelo Rantie,Bournemouth,S,Midfielder,3,33,0,0,1,1,0,0,0.1042999997735023,0.0196566991508007,0.1042999997735023
2015-2016,Clinton N&#039;Jie,Tottenham,S,Midfielder,8,171,0,1,6,2,0,0,0.3994066081941128,0.6547431712970138,0.3994066081941128
2015-2016,Jordan Amavi,Aston Villa,D,Defender,10,835,0,2,5,7,2,0,0.0950818993151187,0.8446443090215325,0.0950818993151187
2015-2016,José Ángel Crespo,Aston Villa,D,Defender,1,90,0,0,0,0,0,0,0.0,0.0,0.0
2015-2016,Eder,Swansea,F,Forward,13,253,0,0,5,3,0,0,0.2208317965269088,0.1257194001227617,0.2208317965269088
2015-2016,Kyle Bartley,Swansea,D,Defender,5,283,0,0,2,1,2,0,0.1161414012312889,0.0769058987498283,0.1161414012312889
2015-2016,Santiago Cazorla,Arsenal,M,Midfielder,15,1297,0,3,24,38,2,1,1.8686606083065271,4.38658672105521,1.1074920073151588
2015-2016,Mathieu Debuchy,Arsenal,D,Defender,2,147,0,0,1,1,0,0,0.0284454002976417,0.0179124008864164,0.0284454002976417
2015-2016,Mikel Arteta,Arsenal,S,Midfielder,9,157,0,0,1,1,1,0,0.516431987285614,0.4725930094718933,0.516431987285614
2015-2016,Paulo Gazzaniga,Southampton,GK,Goalkeeper,2,180,0,0,0,0,0,0,0.0,0.0,0.0
2015-2016,Yohan Benalouane,Leicester,S,Midfielder,4,56,0,0,0,0,1,0,0.0,0.0,0.0
2015-2016,Lee Tomlin,Bournemouth,M,Midfielder,6,298,0,0,5,7,1,0,0.208229199051857,0.497168704867363,0.208229199051857
2015-2016,Tyias Browning,Everton,D,Defender,5,299,0,0,2,2,1,0,0.2205912992358207,0.0394110009074211,0.2205912992358207
2015-2016,Kyle Lafferty,Norwich,S,Midfielder,1,10,0,0,0,0,0,0,0.0,0.0,0.0
2015-2016,Tim Krul,Newcastle,GK,Goalkeeper,8,720,0,0,0,0,0,0,0.0,0.0,0.0
2015-2016,Kevin Mbabu,Newcastle,D,Defender,3,147,0,0,1,1,0,0,0.0183614995330572,0.1067750006914138,0.0183614995330572
2015-2016,Joseph Gomez,Liverpool,D,Defender,5,442,0,1,1,3,3,0,0.0124465003609657,0.0890143997967243,0.0124465003609657
2015-2016,Jordan Rossiter,Liverpool,S,Midfielder,1,13,0,0,0,0,0,0,0.0,0.0,0.0
2015-2016,James Wilson,Manchester United,S,Midfielder,1,6,0,0,0,0,0,0,0.0,0.0,0.0
2015-2016,Serge Gnabry,West Brom,S,Midfielder,1,10,0,0,2,1,0,0,0.0584723018109798,0.014007699675858,0.0584723018109798
2015-2016,Ivan Toney,Newcastle,S,Midfielder,2,6,0,0,0,0,0,0,0.0,0.0,0.0
2015-2016,Joseph Dodoo,Leicester,S,Midfielder,1,17,0,0,0,0,0,0,0.0,0.0,0.0
2015-2016,Peter Odemwingie,Stoke,S,Midfielder,5,89,0,0,2,0,0,0,0.0914863999933004,0.0,0.0914863999933004
2015-2016,Luke Shaw,Manchester United,D,Defender,5,450,0,1,1,4,1,0,0.0692462995648384,0.6791073977947235,0.0692462995648384
2015-2016,Steve Sidwell,Stoke,S,Midfielder,1,10,0,0,0,0,0,0,0.0,0.0,0.0
2015-2016,Gary Hooper,Norwich,S,Midfielder,2,9,0,0,1,0,0,0,0.0579553991556167,0.0,0.0579553991556167
2015-2016,Bradley Johnson,Norwich,M,Midfielder,4,144,0,0,10,2,0,0,0.7982524037361145,0.0487213991582393,0.7982524037361145
2015-2016,Sam Field,West Brom,S,Midfielder,1,1,0,0,0,0,0,0,0.0,0.0,0.0
2015-2016,Tyler Roberts,West Brom,S,Midfielder,1,15,0,0,1,0,1,0,0.1533479988574981,0.0,0.1533479988574981
2015-2016,Rushian Hepburn-Murphy,Aston Villa,S,Midfielder,1,1,0,0,0,0,0,0,0.0,0.0,0.0
2015-2016,Josh Cullen,West Ham,S,Midfielder,1,1,0,0,0,0,0,0,0.0,0.0,0.0
2015-2016,Pedro Chirivella,Liverpool,M,Midfielder,1,47,0,0,0,0,0,0,0.0,0.0,0.0
2015-2016,Cameron Brannagan,Liverpool,M,Midfielder,3,110,0,0,1,3,0,0,0.0712428987026214,0.6725328154861927,0.0712428987026214
2015-2016,Tyrone Mings,Bournemouth,S,Midfielder,1,11,0,0,0,0,0,0,0.0,0.0,0.0
2015-2016,Libor Kozák,Aston Villa,F,Forward,4,255,0,0,6,3,0,0,0.4715524166822433,0.1194764003157615,0.4715524166822433
2015-2016,Kevin Nolan,West Ham,F,Forward,2,59,0,0,0,0,0,0,0.0,0.0,0.0
2015-2016,Tony Hibbert,Everton,S,Midfielder,1,43,0,0,1,0,0,0,0.0585572011768817,0.0,0.0585572011768817
2015-2016,Kieran Dowell,Everton,M,Midfielder,2,74,0,0,0,1,0,0,0.0,0.051129300147295,0.0
2015-2016,Adam Matthews,Sunderland,S,Midfielder,1,33,0,0,0,0,0,0,0.0,0.0,0.0
2015-2016,Jack Wilshere,Arsenal,M,Midfielder,3,141,0,0,1,1,0,0,0.318120002746582,0.1165319979190826,0.318120002746582
2015-2016,Cameron Borthwick-Jackson,Manchester United,D,Defender,10,693,0,1,1,7,0,0,0.01488250028342,1.0451586116105318,0.01488250028342
2015-2016,Tom Davies,Everton,M,Midfielder,2,94,0,0,1,0,0,0,0.051129300147295,0.0,0.051129300147295
2015-2016,Callum Connolly,Everton,S,Midfielder,1,33,0,0,0,0,0,0,0.0,0.0,0.0
2015-2016,Matt Grimes,Swansea,M,Midfielder,1,90,0,0,1,1,0,0,0.0164778009057045,0.0222875997424125,0.0164778009057045
2015-2016,George Honeyman,Sunderland,S,Midfielder,1,37,0,0,0,1,0,0,0.0,0.0680442973971366,0.0
2015-2016,Will Keane,Manchester United,S,Midfielder,1,1,0,0,0,0,0,0,0.0,0.0,0.0
2015-2016,Donald Love,Manchester United,S,Midfielder,1,54,0,0,0,0,0,0,0.0,0.0,0.0
2015-2016,Ryan Allsop,Bournemouth,S,Midfielder,1,41,0,0,0,0,0,0,0.0,0.0,0.0
2015-2016,Bersant Celina,Manchester City,S,Midfielder,1,11,0,1,0,2,0,0,0.0,0.2556419968605041,0.0
2015-2016,Hiram Boateng,Crystal Palace,S,Midfielder,1,17,0,0,1,0,0,0,0.0218455009162426,0.0,0.0218455009162426
2015-2016,Jonathan Williams,Crystal Palace,S,Midfielder,1,8,0,0,0,0,0,0,0.0,0.0,0.0
2015-2016,Charles N&#039;Zogbia,Aston Villa,S,Midfielder,2,39,0,0,0,0,0,0,0.0,0.0,0.0
2015-2016,Sullay Kaikai,Crystal Palace,S,Midfielder,1,42,0,0,3,2,0,0,0.1263190060853958,0.3695830106735229,0.1263190060853958
2015-2016,Nick Powell,Manchester United,S,Midfielder,1,14,0,0,0,0,0,0,0.0,0.0,0.0
2015-2016,Sergi Canos,Liverpool,S,Midfielder,1,7,0,0,0,0,0,0,0.0,0.0,0.0
2015-2016,Thomas Robson,Sunderland,D,Defender,1,90,0,0,0,0,0,0,0.0,0.0,0.0
2015-2016,Rees Greenwood,Sunderland,M,Midfielder,1,53,0,0,0,1,0,0,0.0,0.0229841005057096,0.0
2015-2016,Jonjoe Kenny,Everton,S,Midfielder,1,62,0,0,1,0,0,0,0.0936497002840042,0.0,0.0936497002840042
2015-2016,Juan Cuadrado,Chelsea,S,Midfielder,1,22,0,0,1,0,0,0,0.0393531993031501,0.0,0.0393531993031501
2016-2017,Harry Kane,Tottenham,F,Forward,30,2556,29,7,110,41,3,0,19.820082779973745,5.553893640637398,15.253082547336817
2016-2017,Romelu Lukaku,Everton,F,Forward,37,3271,25,6,110,47,3,0,16.66546426527202,5.440814970061183,15.904293252155185
2016-2017,Alexis Sánchez,Arsenal,F,Forward,38,3233,24,10,129,78,6,0,17.724455885589123,8.988114705309272,15.440943889319897
2016-2017,Sergio Agüero,Manchester City,F,Forward,31,2408,20,3,139,31,4,1,22.67258767783641,4.665909027680755,18.86673802882433
2016-2017,Diego Costa,Chelsea,F,Forward,35,3101,20,7,111,42,10,0,15.43179689347744,4.912057062610984,14.670627877116203
2016-2017,Dele Alli,Tottenham,F,Forward,37,3060,18,7,94,52,4,0,14.708574248477817,4.573811557143927,13.947405276820064
2016-2017,Zlatan Ibrahimovic,Manchester United,F,Forward,28,2435,17,5,115,48,7,0,14.637965865433216,5.118233298882842,12.354456894099712
2016-2017,Joshua King,Bournemouth,F,Forward,36,2734,16,2,67,30,1,0,10.91174860484898,2.409231800585985,8.62825040332973
2016-2017,Eden Hazard,Chelsea,F,Forward,36,3050,16,5,77,88,3,0,11.03284815326333,6.4405673667788506,8.749343048781157
2016-2017,Christian Benteke,Crystal Palace,F,Forward,36,3153,15,2,105,32,10,0,17.355868473649025,2.0585755221545696,14.311190653592348
2016-2017,Jermain Defoe,Sunderland,F,Forward,37,3324,15,2,99,20,1,0,13.647576574236156,1.3696143869310615,9.841728202998638
2016-2017,Fernando Llorente,Swansea,F,Forward,33,2462,15,1,51,26,2,0,8.028607591986656,2.090565759688616,8.028607591986656
2016-2017,Son Heung-Min,Tottenham,F,Forward,34,2069,14,6,80,43,2,0,7.765331827104092,4.696415961720049,7.765331827104092
2016-2017,Philippe Coutinho,Liverpool,F,Forward,31,2265,13,7,106,65,2,0,8.867860339581966,6.25872659496963,8.867860339581966
2016-2017,Jamie Vardy,Leicester,F,Forward,35,2822,13,5,53,31,2,1,9.94716601073742,4.675951764918864,9.94716601073742
2016-2017,Sadio Mané,Liverpool,F,Forward,27,2257,13,5,57,43,4,0,9.480924274772406,4.445209952071309,9.480924274772406
2016-2017,Olivier Giroud,Arsenal,F,Forward,29,1170,12,3,39,17,2,0,6.999083910137415,2.0118066053837538,6.999083910137415
2016-2017,Roberto Firmino,Liverpool,F,Forward,35,3077,11,7,100,78,5,0,10.364667488262056,7.852917684242129,10.364667488262056
2016-2017,Theo Walcott,Arsenal,F,Forward,28,1944,10,2,62,13,1,0,9.901477228850126,2.52560676727444,9.140307921916246
2016-2017,Troy Deeney,Watford,F,Forward,37,2940,10,4,42,40,7,0,8.593502411618829,3.109722388908267,6.309996869415045
2016-2017,Sam Vokes,Burnley,F,Forward,37,2030,10,3,57,15,0,0,8.347450690343976,1.5290202079340816,6.825112214311957
2016-2017,Michail Antonio,West Ham,D,Defender,29,2451,9,3,77,31,4,1,9.790301950648429,3.3898478094488382,9.790301950648429
2016-2017,Pedro,Chelsea,F,Forward,35,2178,9,9,59,42,6,0,5.991286236792803,5.526838485151529,5.991286236792803
2016-2017,Gylfi Sigurdsson,Swansea,F,Forward,38,3329,9,13,116,79,2,0,8.569288490340114,8.268965737894177,6.28578289039433
2016-2017,Andre Gray,Burnley,F,Forward,32,2279,9,3,47,19,2,0,7.564629638567567,1.471580351702869,6.0422916654497385
2016-2017,Álvaro Negredo,Middlesbrough,F,Forward,36,2891,9,4,69,26,5,0,8.803118763957173,4.10040766838938,7.28078123787418
2016-2017,Adam Lallana,Liverpool,F,Forward,31,2371,8,7,50,42,3,0,4.506964456290007,4.112386392429471,4.506964456290007
2016-2017,Mesut Özil,Arsenal,M,Midfielder,33,2856,8,9,40,100,2,0,5.606561478227377,8.070462390780449,5.606561478227377
2016-2017,Manuel Lanzini,West Ham,F,Forward,35,2727,8,2,69,57,9,0,6.071731213480234,4.006757194176316,4.5493931118398905
2016-2017,Christian Eriksen,Tottenham,M,Midfielder,36,3181,8,15,133,112,0,0,8.864699277095497,11.74070107191801,8.864699277095497
2016-2017,Willian,Chelsea,F,Forward,34,1509,8,2,44,51,3,0,3.7568806800991297,3.064136871136725,3.7568806800991297
2016-2017,Salomón Rondón,West Brom,F,Forward,38,2902,8,2,93,26,2,0,9.35797328967601,2.8521678745746613,9.35797328967601
2016-2017,Junior Stanislas,Bournemouth,M,Midfielder,21,1489,7,5,43,22,1,0,4.84797247685492,3.854849436320365,3.325630450621248
2016-2017,Divock Origi,Liverpool,F,Forward,34,1450,7,3,37,16,0,0,5.523562506772578,1.6023159064352512,5.523562506772578
2016-2017,James Milner,Liverpool,D,Defender,36,3170,7,3,36,56,5,0,7.355010665953159,3.951043674722314,1.2656571343541143
2016-2017,Wilfried Zaha,Crystal Palace,F,Forward,35,3033,7,9,49,38,8,0,5.570255206897855,4.54127549380064,5.570255206897855
2016-2017,Andy Carroll,West Ham,F,Forward,18,1318,7,1,39,14,3,0,4.521655203774571,1.7217979226261375,4.521655203774571
2016-2017,Etienne Capoue,Watford,M,Midfielder,37,3231,7,1,50,37,5,0,3.717312013730407,1.509296577423811,3.717312013730407
2016-2017,Raheem Sterling,Manchester City,F,Forward,33,2532,7,6,64,46,7,0,8.106005489826202,5.496264124289155,8.106005489826202
2016-2017,Nathan Redmond,Southampton,F,Forward,37,2917,7,1,83,57,2,1,4.817707560956478,5.891832923516631,4.817707560956478
2016-2017,Peter Crouch,Stoke,F,Forward,27,1319,7,2,37,17,3,0,5.874591821338981,3.2038370687514544,5.874591821338981
2016-2017,Islam Slimani,Leicester,F,Forward,23,1275,7,4,35,17,1,0,6.823915811255574,2.0667077153921127,6.062746794894338
2016-2017,Robert Snodgrass,"Hull,West Ham",F,Forward,35,2563,7,5,50,61,2,0,4.383588116616011,4.324671380221844,2.861250091344118
2016-2017,Gabriel Jesus,Manchester City,F,Forward,10,649,7,4,24,10,2,0,7.243854932487011,1.890662670135498,6.48272293061018
2016-2017,Kevin De Bruyne,Manchester City,F,Forward,36,2893,6,18,86,103,4,0,6.771996311843395,15.888654900714757,6.010865323245525
2016-2017,Callum Wilson,Bournemouth,F,Forward,20,1382,6,0,31,8,0,0,5.36559328250587,0.5500716008245945,3.0820868369191885
2016-2017,Joe Allen,Stoke,M,Midfielder,36,2942,6,2,40,28,9,0,5.681928737089038,4.653242416679859,5.681928737089038
2016-2017,Juan Mata,Manchester United,F,Forward,25,1641,6,3,40,45,3,0,5.665137184783816,4.540481245145202,5.665137184783816
2016-2017,Gary Cahill,Chelsea,D,Defender,37,3299,6,0,24,5,5,0,3.2974409023299813,0.1710185036063194,3.2974409023299813
2016-2017,Leroy Fer,Swansea,D,Defender,34,2393,6,2,36,18,9,0,5.205665404908359,1.0550480000674725,5.205665404908359
2016-2017,André Ayew,West Ham,F,Forward,25,1432,6,3,33,15,1,0,7.654208952561021,2.3669463582336903,7.654208952561021
2016-2017,Riyad Mahrez,Leicester,F,Forward,36,2859,6,3,76,52,4,0,8.950818019919097,6.248245885595679,5.144971984438598
2016-2017,Georginio Wijnaldum,Liverpool,M,Midfielder,36,2981,6,9,60,43,2,0,5.565248481929302,5.296915907412767,5.565248481929302
2016-2017,Gareth McAuley,West Brom,D,Defender,36,3150,6,1,16,6,5,0,3.691566973924637,0.3782481029629707,3.691566973924637
2016-2017,Benik Afobe,Bournemouth,F,Forward,31,1436,6,3,39,23,1,0,8.921731073409319,1.8278376227244733,8.160559136420488
2016-2017,Charlie Austin,Southampton,F,Forward,15,946,6,1,37,8,1,0,6.621346771717072,1.620297323912382,5.099007815122604
2016-2017,Marko Arnautovic,Stoke,F,Forward,32,2742,6,5,60,50,9,1,9.1962870080024,7.129753512330353,8.43511831946671
2016-2017,Marcos Alonso,Chelsea,M,Midfielder,31,2696,6,3,46,24,2,0,4.146677130833268,3.147042380645871,4.146677130833268
2016-2017,Ashley Barnes,Burnley,F,Forward,28,1788,6,2,44,21,6,1,6.592154681682587,2.387533606961369,5.069816034287214
2016-2017,Leroy Sané,Manchester City,F,Forward,26,1793,5,3,33,35,4,0,5.820728005841374,5.704544333741069,5.820728005841374
2016-2017,Marcus Rashford,Manchester United,F,Forward,32,1687,5,1,44,20,3,0,6.274289522320032,1.991822112351656,6.274289522320032
2016-2017,Ross Barkley,Everton,F,Forward,36,2922,5,8,89,84,5,0,6.935658210888505,7.259016836993396,6.935658210888505
2016-2017,Emre Can,Liverpool,M,Midfielder,32,2360,5,2,45,32,6,0,3.2143853222951293,2.0903315898031,3.2143853222951293
2016-2017,Wayne Rooney,Manchester United,F,Forward,25,1538,5,5,52,36,8,0,7.070011952891946,3.005505710840225,6.308840909972787
2016-2017,James McArthur,Crystal Palace,M,Midfielder,29,2034,5,3,23,16,5,0,1.6981026465073228,2.3486888743937016,1.6981026465073228
2016-2017,Nacer Chadli,West Brom,F,Forward,31,2169,5,5,47,33,2,0,5.810080662369728,4.2694517113268375,5.048912689089775
2016-2017,Cesc Fàbregas,Chelsea,M,Midfielder,29,1294,5,12,26,62,8,0,2.809538900852204,7.848821707069874,2.809538900852204
2016-2017,Patrick van Aanholt,"Crystal Palace,Sunderland",D,Defender,32,2493,5,1,34,37,3,0,3.4783157277852297,2.137767430394888,3.4783157277852297
2016-2017,Jay Rodriguez,Southampton,F,Forward,24,866,5,2,33,7,0,0,4.763505078852177,0.5137137975543737,4.763505078852177
2016-2017,Yaya Touré,Manchester City,M,Midfielder,25,1955,5,0,32,19,4,0,3.702670432627201,1.1150561925023794,2.1803329065442085
2016-2017,James Morrison,West Brom,M,Midfielder,31,1736,5,2,23,23,3,0,2.478531064465642,1.3765214690938592,2.478531064465642
2016-2017,Michy Batshuayi,Chelsea,F,Forward,20,221,5,1,17,1,0,0,3.7648217137902975,0.0279444009065628,3.7648217137902975
2016-2017,Paul Pogba,Manchester United,M,Midfielder,30,2606,5,4,92,57,7,0,6.50561457592994,5.5897779408842325,6.50561457592994
2016-2017,Henrikh Mkhitaryan,Manchester United,F,Forward,24,1347,4,1,32,29,1,0,2.7058538030833006,3.524276046082377,2.7058538030833006
2016-2017,Charlie Daniels,Bournemouth,D,Defender,34,3060,4,3,19,29,1,0,1.6076873922720551,2.1656230110675097,1.6076873922720551
2016-2017,Yohan Cabaye,Crystal Palace,M,Midfielder,32,2138,4,3,40,34,7,0,3.425436284393072,2.888524482026696,2.664267268031836
2016-2017,Anthony Martial,Manchester United,F,Forward,25,1558,4,6,42,25,2,0,3.31182773783803,3.670776694081724,3.31182773783803
2016-2017,Seamus Coleman,Everton,D,Defender,26,2317,4,3,18,17,3,0,1.3783671893179417,2.760131001472473,1.3783671893179417
2016-2017,Kevin Mirallas,Everton,F,Forward,35,2100,4,6,61,43,2,0,3.547299104742706,3.7305216286331415,3.547299104742706
2016-2017,Oumar Niasse,Hull,F,Forward,17,1083,4,1,26,10,3,1,3.604678697884083,0.807890597730875,3.604678697884083
2016-2017,David Silva,Manchester City,F,Forward,34,2775,4,7,48,82,6,0,6.241526518017054,8.11968045681715,6.241526518017054
2016-2017,Kelechi Iheanacho,Manchester City,F,Forward,20,515,4,3,22,13,0,0,4.739896599203348,2.534386456012726,4.739896599203348
2016-2017,Craig Dawson,West Brom,D,Defender,37,3281,4,0,21,21,10,0,2.965410745702684,1.097650544717908,2.965410745702684
2016-2017,Victor Wanyama,Tottenham,M,Midfielder,36,3021,4,1,40,32,10,0,4.787810305133462,2.03554951492697,4.787810305133462
2016-2017,James Ward-Prowse,Southampton,M,Midfielder,30,1886,4,4,42,43,4,0,4.645749989897013,2.8906938089057803,4.645749989897013
2016-2017,Jonathan Walters,Stoke,F,Forward,23,1278,4,2,25,12,1,0,4.316956800408661,0.8909997064620256,3.555787784047425
2016-2017,Xherdan Shaqiri,Stoke,F,Forward,21,1721,4,2,48,41,2,0,2.6227936781942844,4.274763828143477,2.6227936781942844
2016-2017,Manolo Gabbiadini,Southampton,F,Forward,11,737,4,0,29,6,1,0,3.822397604584694,0.3400459019467234,3.0612285882234573
2016-2017,Abel Hernández,Hull,F,Forward,24,1439,4,3,39,13,0,0,4.70654087793082,1.0438039964064956,4.70654087793082
2016-2017,Cristhian Stuani,Middlesbrough,F,Forward,23,1369,4,0,21,7,4,0,2.8069687839597464,0.5279853157699108,2.8069687839597464
2016-2017,Marten de Roon,Middlesbrough,M,Midfielder,33,2779,4,0,29,11,8,0,2.814053447917104,0.7112408000975847,2.814053447917104
2016-2017,Alfie Mawson,Swansea,D,Defender,27,2430,4,0,23,4,1,0,2.047377497889101,0.3918485986068845,2.047377497889101
2016-2017,Nolito,Manchester City,F,Forward,19,786,4,2,32,13,3,1,3.989437036216259,1.4063788950443268,3.989437036216259
2016-2017,Matt Phillips,West Brom,F,Forward,27,2208,4,8,47,33,2,0,2.854000320658088,4.393438269384205,2.854000320658088
2016-2017,Stefano Okaka,Watford,F,Forward,19,941,4,0,27,14,5,0,2.620595447719097,1.3582880264148116,2.620595447719097
2016-2017,Ilkay Gündogan,Manchester City,M,Midfielder,10,717,3,1,16,12,0,0,1.921189139597118,0.9761678762733936,1.921189139597118
2016-2017,Daniel Sturridge,Liverpool,F,Forward,20,757,3,1,40,14,1,0,4.347297552973032,1.6363770924508572,4.347297552973032
2016-2017,Alex Iwobi,Arsenal,M,Midfielder,26,1471,3,3,39,26,1,0,3.227379996329546,2.2150607239454985,3.227379996329546
2016-2017,Scott Dann,Crystal Palace,D,Defender,23,1746,3,1,21,6,2,0,1.393032391555607,0.915567122399807,1.393032391555607
2016-2017,James Tomkins,Crystal Palace,D,Defender,24,1984,3,0,14,2,4,0,4.003372926265001,0.1012417003512382,4.003372926265001
2016-2017,Mark Noble,West Ham,M,Midfielder,30,2422,3,0,25,24,10,0,3.651965294964612,1.4297507805749774,2.1296242820099
2016-2017,Enner Valencia,"Everton,West Ham",F,Forward,24,907,3,1,31,7,1,0,4.101015366613865,0.8733555935323238,4.101015366613865
2016-2017,Victor Moses,Chelsea,M,Midfielder,34,2519,3,2,45,28,4,0,4.045990202575922,2.633279960602522,4.045990202575922
2016-2017,Nathan Aké,"Bournemouth,Chelsea",D,Defender,12,826,3,1,7,4,1,0,2.1903573852032423,1.0062817707657814,2.1903573852032423
2016-2017,Phil Jagielka,Everton,D,Defender,27,2252,3,2,14,5,4,1,1.2690291870385408,0.7028575781732798,1.2690291870385408
2016-2017,Vincent Kompany,Manchester City,D,Defender,11,826,3,0,9,2,5,0,0.6902353912591934,0.5746745243668556,0.6902353912591934
2016-2017,Wayne Routledge,Swansea,F,Forward,27,1957,3,1,19,25,1,0,3.782799627631903,2.054804333485663,3.782799627631903
2016-2017,Shinji Okazaki,Leicester,F,Forward,30,1594,3,1,29,14,1,0,2.964745203964412,1.240434980019927,2.964745203964412
2016-2017,Andros Townsend,Crystal Palace,F,Forward,36,2542,3,4,56,51,4,0,3.331525790505111,5.83449300378561,3.331525790505111
2016-2017,Victor Anichebe,Sunderland,F,Forward,18,1212,3,0,30,11,2,0,2.426557875238359,0.7153269127011299,2.426557875238359
2016-2017,Shane Long,Southampton,F,Forward,32,1231,3,1,41,14,2,0,5.245460886508226,1.568783400580287,4.484291795641184
2016-2017,Dusan Tadic,Southampton,F,Forward,33,2457,3,5,63,66,4,0,6.760316548869014,5.7028485760092735,5.237976578995585
2016-2017,Bojan,Stoke,F,Forward,9,474,3,0,10,4,1,0,2.816583713516593,0.1553522981703281,0.5330776115879416
2016-2017,Chris Brunt,West Brom,D,Defender,31,2478,3,4,38,40,5,0,1.5911602908745408,4.866877308115363,1.5911602908745408
2016-2017,Sofiane Feghouli,West Ham,F,Forward,21,1034,3,3,20,19,1,1,2.854199543595314,1.5520698856562376,2.854199543595314
2016-2017,Ryan Fraser,Bournemouth,D,Defender,28,1774,3,5,24,32,3,0,2.1123162023723125,3.622358724474907,2.1123162023723125
2016-2017,Sam Clucas,Hull,D,Defender,37,3195,3,1,42,15,9,1,2.7785697178915143,1.5413982747122643,2.7785697178915143
2016-2017,Hal Robson-Kanu,West Brom,F,Forward,29,654,3,2,16,9,3,0,1.9389457143843167,0.8019475154578686,1.9389457143843167
2016-2017,Michael Dawson,Hull,D,Defender,22,1718,3,0,12,4,4,0,0.6878849286586046,0.2418445022776723,0.6878849286586046
2016-2017,Granit Xhaka,Arsenal,M,Midfielder,32,2492,2,2,34,35,5,2,0.9050186015665532,2.115309687331319,0.9050186015665532
2016-2017,Steve Cook,Bournemouth,D,Defender,38,3420,2,0,29,3,5,0,1.654715915210545,0.4837766960263252,1.654715915210545
2016-2017,Dan Gosling,Bournemouth,M,Midfielder,27,1336,2,0,16,10,6,0,1.4571681842207909,0.7769592925906181,1.4571681842207909
2016-2017,Marc Pugh,Bournemouth,D,Defender,21,1345,2,2,18,19,1,0,1.6018412858247757,1.878648228943348,1.6018412858247757
2016-2017,Laurent Koscielny,Arsenal,D,Defender,33,2828,2,0,9,3,4,1,1.3298050742596388,0.1977356020361185,1.3298050742596388
2016-2017,Danny Welbeck,Arsenal,F,Forward,16,743,2,2,19,5,0,0,3.4654518999159336,1.1594071947038174,3.4654518999159336
2016-2017,Calum Chambers,"Arsenal,Middlesbrough",D,Defender,25,2250,2,1,8,6,4,0,0.8403274239972234,0.6078136097639799,0.8403274239972234
2016-2017,Connor Wickham,Crystal Palace,F,Forward,8,406,2,0,10,0,1,0,1.089648500084877,0.0,1.089648500084877
2016-2017,Winston Reid,West Ham,D,Defender,30,2595,2,2,11,8,8,1,0.8129212111234665,0.9388464195653796,0.8129212111234665
2016-2017,Dimitri Payet,West Ham,F,Forward,18,1520,2,6,55,74,2,0,3.223100610077381,5.917087025940418,3.223100610077381
2016-2017,José Holebas,Watford,D,Defender,33,2917,2,4,28,36,14,0,0.9236078038811684,2.9176323590800166,0.9236078038811684
2016-2017,Leighton Baines,Everton,D,Defender,32,2827,2,3,15,46,4,0,2.7509228345006704,2.6850180039182305,0.467415502294898
2016-2017,Gareth Barry,Everton,M,Midfielder,33,2109,2,1,17,28,10,0,0.861535887233913,1.3470333004370332,0.861535887233913
2016-2017,Dejan Lovren,Liverpool,D,Defender,29,2559,2,1,15,7,6,0,1.136596292257309,0.4440005030483007,1.136596292257309
2016-2017,Fernandinho,Manchester City,D,Defender,32,2752,2,1,36,33,4,2,3.2935858806595206,2.46622970700264,3.2935858806595206
2016-2017,Wilfried Bony,Stoke,F,Forward,10,702,2,0,21,7,1,0,2.463130015879869,0.8356749005615711,2.463130015879869
2016-2017,Danny Rose,Tottenham,D,Defender,18,1538,2,2,23,26,8,0,0.8990533081814647,1.3458631113171575,0.8990533081814647
2016-2017,Eric Dier,Tottenham,D,Defender,36,3045,2,0,23,14,6,0,1.5872800033539534,0.7489531114697456,1.5872800033539534
2016-2017,James Collins,West Ham,D,Defender,22,1649,2,0,11,4,3,0,1.055944075807929,0.1963449008762836,1.055944075807929
2016-2017,Younes Kaboul,"Sunderland,Watford",D,Defender,23,1919,2,0,12,2,2,0,1.416746001690626,0.0675264010205864,1.416746001690626
2016-2017,Fabio Borini,Sunderland,F,Forward,24,1739,2,0,33,15,5,0,2.044637428596616,0.5919893030077219,2.044637428596616
2016-2017,Robert Huth,Leicester,D,Defender,33,2932,2,2,26,6,9,0,2.030397089198232,1.5547647550702095,2.030397089198232
2016-2017,Christian Fuchs,Leicester,D,Defender,36,3108,2,4,21,38,10,0,1.3513160282745955,3.4672655882313848,1.3513160282745955
2016-2017,Marc Albrighton,Leicester,D,Defender,33,2449,2,6,21,47,5,0,1.282536887563765,4.638040881603956,1.282536887563765
2016-2017,Daryl Janmaat,Watford,D,Defender,27,1620,2,1,26,13,2,0,1.470455477014184,1.5475112907588482,1.470455477014184
2016-2017,Martin Olsson,Swansea,D,Defender,15,1252,2,0,9,7,2,0,0.70154869556427,0.3955680020153522,0.70154869556427
2016-2017,Jonny Evans,West Brom,D,Defender,31,2635,2,1,9,7,8,0,1.805808998644352,0.3334583966061473,1.805808998644352
2016-2017,Darren Fletcher,West Brom,M,Midfielder,38,3242,2,3,20,23,0,0,1.874785890802741,1.7452845815569162,1.874785890802741
2016-2017,Ryan Bertrand,Southampton,D,Defender,28,2509,2,4,19,28,3,0,0.6660360107198358,2.694297209382057,0.6660360107198358
2016-2017,Gastón Ramírez,Middlesbrough,F,Forward,24,1561,2,3,32,31,8,1,3.113752471283078,3.0068857222795486,3.113752471283078
2016-2017,Santiago Cazorla,Arsenal,M,Midfielder,8,621,2,2,8,10,2,0,1.6693916991353035,0.8027662038803101,0.147053699940443
2016-2017,Alex Oxlade-Chamberlain,Arsenal,M,Midfielder,29,1564,2,7,28,32,1,0,2.440088886767626,4.469723431393504,2.440088886767626
2016-2017,Tom Davies,Everton,M,Midfielder,24,1540,2,3,14,13,4,0,1.399094196036458,1.967228788882494,1.399094196036458
2016-2017,M&#039;Baye Niang,Watford,F,Forward,16,1278,2,2,32,9,2,0,1.2735738176852465,1.851557504385709,1.2735738176852465
2016-2017,Andrea Ranocchia,Hull,D,Defender,16,1330,2,2,8,3,2,0,0.8233591802418232,0.5870831049978733,0.8233591802418232
2016-2017,Michael Keane,Burnley,D,Defender,35,3150,2,1,23,8,4,0,1.458498489111662,0.9949255008250476,1.458498489111662
2016-2017,George Boyd,Burnley,M,Midfielder,36,2866,2,1,34,17,3,0,1.4767534052953124,2.1451754877343774,1.4767534052953124
2016-2017,Ahmed Musa,Leicester,F,Forward,21,733,2,0,17,7,1,0,1.4059602422639728,1.214856117963791,1.4059602422639728
2016-2017,Harry Maguire,Hull,D,Defender,29,2311,2,2,34,11,5,0,1.9734392035752533,0.8420128859579563,1.9734392035752533
2016-2017,Adama Diomande,Hull,D,Defender,22,1149,2,0,23,13,1,0,2.5380394235253334,0.6628724932670593,2.5380394235253334
2016-2017,Shkodran Mustafi,Arsenal,D,Defender,26,2274,2,2,24,9,11,0,1.1007174905389547,0.9719927944242954,1.1007174905389547
2016-2017,Roberto Pereyra,Watford,F,Forward,13,1044,2,2,9,15,2,1,1.3779955133795738,1.700189407914877,1.3779955133795738
2016-2017,Christian Kabasele,Watford,D,Defender,16,767,2,0,7,3,1,0,1.665544230490923,0.1006660033017396,1.665544230490923
2016-2017,Vincent Janssen,Tottenham,F,Forward,27,815,2,2,30,16,0,0,4.417053328827024,1.2540392242372036,3.655887352302672
2016-2017,Jeff Hendrick,Burnley,M,Midfielder,32,2698,2,1,31,13,6,1,1.3130618361756206,0.653957792557776,1.3130618361756206
2016-2017,Lazar Markovic,Hull,M,Midfielder,12,1024,2,0,12,8,4,0,2.2206648513674736,0.445965301245451,2.2206648513674736
2016-2017,Wilfred Ndidi,Leicester,M,Midfielder,17,1523,2,1,31,6,0,0,1.8456833129748704,0.9799964837729932,1.8456833129748704
2016-2017,Luka Milivojevic,Crystal Palace,M,Midfielder,14,1230,2,0,14,5,4,0,1.9874194264411928,0.6430021040141582,0.4650815967470407
2016-2017,Joel Matip,Liverpool,D,Defender,29,2453,1,0,25,10,3,0,3.102064985781908,0.5122785046696663,3.102064985781908
2016-2017,Héctor Bellerín,Arsenal,D,Defender,33,2496,1,4,22,28,4,0,2.2728806994855404,3.5707100834697485,2.2728806994855404
2016-2017,Aaron Ramsey,Arsenal,M,Midfielder,23,1212,1,4,42,23,3,0,3.50575712043792,4.432390306144953,3.50575712043792
2016-2017,Joe Ledley,Crystal Palace,M,Midfielder,18,1169,1,0,3,6,1,0,0.133109200745821,0.1476328959688544,0.133109200745821
2016-2017,Yannick Bolasie,"Crystal Palace,Everton",F,Forward,14,1056,1,4,27,20,3,0,1.2203223071992395,4.774217233061791,1.2203223071992395
2016-2017,Cheikhou Kouyaté,West Ham,D,Defender,31,2738,1,0,21,9,3,0,1.052809914574027,0.3161097271367907,1.052809914574027
2016-2017,Pedro Obiang,West Ham,M,Midfielder,22,1778,1,1,9,6,7,0,0.383512394502759,0.4733996344730258,0.383512394502759
2016-2017,Daley Blind,Manchester United,D,Defender,23,1827,1,2,9,27,2,0,0.4325320981442928,2.05253379419446,0.4325320981442928
2016-2017,Marcos Rojo,Manchester United,D,Defender,21,1658,1,0,14,5,5,0,1.0273041892796757,0.2739330008625984,1.0273041892796757
2016-2017,Morgan Schneiderlin,"Everton,Manchester United",M,Midfielder,17,1067,1,0,8,6,2,0,0.7051461040973663,0.1290040984749794,0.7051461040973663
2016-2017,Ander Herrera,Manchester United,M,Midfielder,31,2466,1,6,38,36,5,1,1.4344899840652945,3.9950235225260258,1.4344899840652945
2016-2017,Jesse Lingard,Manchester United,F,Forward,25,1384,1,2,37,29,3,0,3.757661821320653,2.1995952278375626,3.757661821320653
2016-2017,Sebastian Prödl,Watford,D,Defender,33,2774,1,1,22,10,10,1,1.8484823750332,0.8706913068890572,1.8484823750332
2016-2017,Miguel Britos,Watford,D,Defender,27,2291,1,2,18,7,6,2,2.0071697011590004,1.5747581291943789,2.0071697011590004
2016-2017,Odion Ighalo,Watford,F,Forward,18,1292,1,1,37,11,1,0,3.474221682175994,0.6421252936124802,3.474221682175994
2016-2017,James McCarthy,Everton,M,Midfielder,12,608,1,1,6,5,2,0,0.4602263029664755,0.2503915000706911,0.4602263029664755
2016-2017,Jordan Henderson,Liverpool,M,Midfielder,24,2122,1,4,17,32,8,0,0.7973979115486145,2.579310784116388,0.7973979115486145
2016-2017,Pablo Zabaleta,Manchester City,D,Defender,20,1055,1,1,7,11,2,0,0.6953417919576168,0.4551854999735951,0.6953417919576168
2016-2017,Nicolás Otamendi,Manchester City,D,Defender,30,2588,1,1,15,6,9,0,1.0554080856963992,1.1595253236591816,1.0554080856963992
2016-2017,Gaël Clichy,Manchester City,D,Defender,25,2127,1,0,2,16,2,0,0.033283500932157,0.9297903496772052,0.033283500932157
2016-2017,Aleksandar Kolarov,Manchester City,D,Defender,29,2532,1,1,32,15,6,0,1.023250583559275,1.0573674039915204,1.023250583559275
2016-2017,Antonio Valencia,Manchester United,D,Defender,28,2488,1,3,9,31,5,0,1.8512356001883743,2.627352198585868,1.8512356001883743
2016-2017,Chris Smalling,Manchester United,D,Defender,18,1212,1,1,7,3,0,0,0.4038978004828095,0.6390482895076275,0.4038978004828095
2016-2017,Marouane Fellaini,Manchester United,M,Midfielder,28,1591,1,0,23,18,9,1,2.173114680685103,0.6634103013202548,2.173114680685103
2016-2017,Fraizer Campbell,Crystal Palace,S,Midfielder,12,125,1,0,4,1,0,0,0.4415289834141731,0.0511308014392852,0.4415289834141731
2016-2017,Toby Alderweireld,Tottenham,D,Defender,30,2610,1,0,28,6,1,0,1.9968210961669683,0.3265845961868763,1.9968210961669683
2016-2017,Mousa Dembélé,Tottenham,M,Midfielder,30,2085,1,1,15,25,5,0,0.5696422858163714,0.976125587709248,0.5696422858163714
2016-2017,Erik Lamela,Tottenham,M,Midfielder,9,590,1,1,18,18,1,0,1.8015877902507784,1.2001086585223677,1.0404187962412834
2016-2017,Ryan Mason,Hull,M,Midfielder,16,931,1,0,17,8,4,0,0.6050022980198264,0.3290861062705517,0.6050022980198264
2016-2017,Tom Carroll,"Swansea,Tottenham",M,Midfielder,18,1395,1,2,9,16,1,0,0.2893514251336455,1.5475282818078997,0.2893514251336455
2016-2017,Diafra Sakho,West Ham,F,Forward,4,183,1,0,3,1,0,0,0.6023831851780415,0.0572974011301994,0.6023831851780415
2016-2017,Ben Davies,Tottenham,D,Defender,23,1729,1,3,13,29,1,0,0.4300550054758787,2.614672888070345,0.4300550054758787
2016-2017,Idrissa Gueye,Everton,M,Midfielder,33,2700,1,1,25,25,11,0,1.989438253454864,2.139620100148022,1.989438253454864
2016-2017,Rudy Gestede,Middlesbrough,F,Forward,16,514,1,0,15,11,3,0,1.292148396372795,0.7781423926353455,1.292148396372795
2016-2017,Jordan Ayew,Swansea,F,Forward,14,858,1,3,12,6,1,0,1.021994834765792,1.8366587739437816,1.021994834765792
2016-2017,César Azpilicueta,Chelsea,D,Defender,38,3420,1,4,18,22,4,0,0.6433532983064651,1.6755605190992355,0.6433532983064651
2016-2017,Nemanja Matic,Chelsea,M,Midfielder,35,2699,1,7,20,26,4,0,1.1329743070527911,3.0576382223516703,1.1329743070527911
2016-2017,Angel Rangel,Swansea,D,Defender,18,811,1,0,5,7,1,0,0.2413316024467349,0.6948097981512547,0.2413316024467349
2016-2017,Ashley Williams,Everton,D,Defender,36,3156,1,3,15,10,7,1,1.3583404114469886,1.2082149414345622,1.3583404114469886
2016-2017,Kyle Naughton,Swansea,D,Defender,31,2722,1,0,20,23,5,0,0.5690799048170447,1.8282627910375595,0.5690799048170447
2016-2017,Lamine Koné,Sunderland,D,Defender,30,2544,1,0,17,2,4,0,1.9712954126298428,0.520187608897686,1.9712954126298428
2016-2017,Wahbi Khazri,Sunderland,F,Forward,21,824,1,0,23,21,6,0,1.1389319077134132,1.916474310681224,1.1389319077134132
2016-2017,Billy Jones,Sunderland,D,Defender,27,2273,1,0,15,29,8,0,1.838329615071416,2.115543740801513,1.838329615071416
2016-2017,Wes Morgan,Leicester,D,Defender,27,2430,1,0,14,4,3,0,1.8657884895801544,0.131089499220252,1.8657884895801544
2016-2017,N&#039;Golo Kanté,Chelsea,M,Midfielder,35,3141,1,1,27,22,9,0,2.168148285709321,1.8752306448295712,2.168148285709321
2016-2017,Daniel Drinkwater,Leicester,M,Midfielder,29,2466,1,1,31,15,6,0,1.143527909182012,1.121955804526806,1.143527909182012
2016-2017,Leonardo Ulloa,Leicester,F,Forward,16,412,1,0,11,2,0,0,1.90044217556715,0.1030394025146961,1.90044217556715
2016-2017,Daniel Amartey,Leicester,D,Defender,24,1651,1,1,14,15,3,0,0.829638198018074,0.5581089816987514,0.829638198018074
2016-2017,Demarai Gray,Leicester,F,Forward,30,1015,1,3,27,17,2,0,0.9837647201493382,1.7882255781441927,0.9837647201493382
2016-2017,Ben Chilwell,Leicester,D,Defender,12,686,1,0,7,2,2,0,0.668289303779602,0.3706484157592058,0.668289303779602
2016-2017,Andy King,Leicester,M,Midfielder,23,1439,1,0,14,6,4,0,0.6111542116850615,0.2418254036456346,0.6111542116850615
2016-2017,Robbie Brady,Burnley,M,Midfielder,14,710,1,2,19,16,1,0,0.7694878149777651,1.6063628867268562,0.7694878149777651
2016-2017,James McClean,West Brom,F,Forward,34,1444,1,2,23,19,9,0,1.4911542292684317,2.328659363090992,1.4911542292684317
2016-2017,Patrick Bamford,"Burnley,Middlesbrough",F,Forward,14,294,1,0,7,1,1,0,1.1432095877826214,0.0881612002849578,1.1432095877826214
2016-2017,Adam Smith,Bournemouth,D,Defender,36,3094,1,5,26,30,6,0,1.389054604806006,4.811003897339106,1.389054604806006
2016-2017,Virgil van Dijk,Southampton,D,Defender,21,1857,1,0,17,6,3,1,1.365999385714531,0.4759070966392755,1.365999385714531
2016-2017,Jordy Clasie,Southampton,M,Midfielder,16,1038,1,1,12,5,3,0,0.5245746076107025,0.3227007016539573,0.5245746076107025
2016-2017,Oriol Romeu,Southampton,M,Midfielder,35,3071,1,0,28,17,11,0,1.8110417937859893,1.178143517114222,1.8110417937859893
2016-2017,Maya Yoshida,Southampton,D,Defender,23,2070,1,0,15,4,2,0,1.9002595152705908,0.1771642034873366,1.9002595152705908
2016-2017,Marc Muniesa,Stoke,D,Defender,10,644,1,0,6,4,2,0,0.2343004997819662,0.0858995988965034,0.2343004997819662
2016-2017,Mame Biram Diouf,Stoke,D,Defender,27,1381,1,2,20,10,3,0,2.9089983757585287,1.3079153932631016,2.9089983757585287
2016-2017,Charlie Adam,Stoke,M,Midfielder,24,1504,1,3,40,29,7,0,2.73026436381042,2.478656131774187,1.96909570787102
2016-2017,Fabian Delph,Manchester City,M,Midfielder,7,216,1,0,6,2,1,0,0.2262789942324161,0.361032897606492,0.2262789942324161
2016-2017,Harry Arter,Bournemouth,M,Midfielder,35,2963,1,4,54,32,11,1,3.2334471782669425,2.121980854310096,2.4722785903140903
2016-2017,Ryan Shawcross,Stoke,D,Defender,35,3150,1,1,20,5,6,0,1.2419532062485814,0.2228154968470335,1.2419532062485814
2016-2017,John Terry,Chelsea,D,Defender,9,489,1,0,8,2,1,0,1.541232004761696,0.540275115519762,1.541232004761696
2016-2017,Matthew Pennington,Everton,D,Defender,3,180,1,0,1,1,0,0,0.6383320093154907,0.1736419945955276,0.6383320093154907
2016-2017,Harry Winks,Tottenham,M,Midfielder,21,455,1,1,6,8,1,0,1.023467589169741,0.6690505091100931,1.023467589169741
2016-2017,Ben Mee,Burnley,D,Defender,34,3018,1,0,16,6,5,0,0.8950457377359271,0.2317345961928367,0.8950457377359271
2016-2017,Stephen Ward,Burnley,D,Defender,37,3233,1,1,7,22,5,0,1.3775879833847284,2.214286603033542,1.3775879833847284
2016-2017,Steven Defour,Burnley,M,Midfielder,21,1088,1,3,8,23,1,0,0.4937535068020224,1.1825319500640037,0.4937535068020224
2016-2017,Dean Marney,Burnley,M,Midfielder,21,1779,1,2,12,5,7,0,0.2687266506254673,0.5393413184210658,0.2687266506254673
2016-2017,Scott Arfield,Burnley,M,Midfielder,31,2118,1,0,44,34,3,0,2.939779778942466,1.87863211426884,2.939779778942466
2016-2017,Johann Berg Gudmundsson,Burnley,M,Midfielder,20,988,1,2,17,15,1,0,0.6135827992111444,1.21002347022295,0.6135827992111444
2016-2017,Jonathan Calleri,West Ham,F,Forward,16,526,1,0,16,7,0,0,2.451969303190708,0.4131692955270409,2.451969303190708
2016-2017,David Luiz,Chelsea,D,Defender,33,2959,1,0,31,10,6,0,1.4128169966861606,1.363066304475069,1.4128169966861606
2016-2017,Andrew Robertson,Hull,D,Defender,33,2741,1,2,7,19,5,0,0.2454737024381756,1.393277415074408,0.2454737024381756
2016-2017,Jake Livermore,"Hull,West Bromwich Albion",D,Defender,37,2989,1,1,33,20,5,1,1.5671485988423228,1.6891981847584248,1.5671485988423228
2016-2017,Shaun Maloney,Hull,M,Midfielder,9,269,1,2,3,4,0,0,1.0631715841591358,0.6026207804679871,1.0631715841591358
2016-2017,David Meyler,Hull,D,Defender,20,943,1,0,8,6,2,0,0.5081378016620874,0.5061498871073127,0.5081378016620874
2016-2017,Tom Huddlestone,Hull,M,Midfielder,31,2025,1,0,21,19,5,1,1.2344687096774578,1.0967805199325085,0.4732996933162212
2016-2017,Lucas Pérez,Arsenal,F,Forward,11,254,1,0,9,7,0,0,0.9380822032690048,0.5734851062297821,0.9380822032690048
2016-2017,Borja Bastón,Swansea,F,Forward,18,526,1,0,15,5,0,0,2.2868412025272846,0.2195116970688104,2.2868412025272846
2016-2017,Mike van der Hoorn,Swansea,D,Defender,8,659,1,0,4,0,1,0,1.3173155840486288,0.0,1.3173155840486288
2016-2017,Ben Gibson,Middlesbrough,D,Defender,38,3420,1,1,15,3,4,0,0.8124675033614039,0.5862094834446907,0.8124675033614039
2016-2017,Stewart Downing,Middlesbrough,D,Defender,30,2214,1,3,29,29,1,0,2.140358505770564,2.293597299605608,2.140358505770564
2016-2017,Daniel Ayala,Middlesbrough,D,Defender,14,913,1,0,10,0,3,0,1.2105267867445946,0.0,1.2105267867445946
2016-2017,Javier Manquillo,Sunderland,D,Defender,20,1423,1,0,3,4,2,0,0.4919749032706022,0.1937013957649469,0.4919749032706022
2016-2017,Didier Ndong,Sunderland,M,Midfielder,31,2519,1,0,16,16,5,0,0.7632233016192913,1.2343515437096355,0.7632233016192913
2016-2017,Juan Zuñiga,Watford,D,Defender,21,804,1,0,6,5,1,0,0.547059204429388,0.2428239025175571,0.547059204429388
2016-2017,Isaac Success,Watford,M,Midfielder,19,463,1,1,14,5,2,0,1.246619775891304,0.3569929003715515,1.246619775891304
2016-2017,Abdoulaye Doucouré,Watford,M,Midfielder,20,1349,1,0,22,11,4,0,1.8816117206588387,0.4213321041315794,1.8816117206588387
2016-2017,Sofiane Boufal,Southampton,F,Forward,24,1090,1,0,25,23,5,0,1.1150527093559504,1.2859111968427896,1.1150527093559504
2016-2017,Bruno Martins Indi,Stoke,D,Defender,35,3149,1,0,18,2,5,0,1.6193588357418776,0.1282583959400653,1.6193588357418776
2016-2017,Alfred N&#039;Diaye,Hull,M,Midfielder,15,1286,1,0,10,4,7,0,1.190684880129993,0.1391911972314119,1.190684880129993
2016-2017,Joey Barton,Burnley,M,Midfielder,14,1104,1,0,12,8,4,0,0.4118446018546819,0.6195554044097662,0.4118446018546819
2016-2017,Grant Leadbitter,Middlesbrough,M,Midfielder,13,707,1,0,13,8,1,0,0.7558514047414064,0.2924201972782612,0.7558514047414064
2016-2017,Dominic Calvert-Lewin,Everton,F,Forward,11,340,1,0,7,0,1,0,1.245162097737193,0.0,1.245162097737193
2016-2017,Ademola Lookman,Everton,F,Forward,8,289,1,0,16,0,0,0,1.1416975036263466,0.0,1.1416975036263466
2016-2017,Josh Harrop,Manchester United,F,Forward,1,90,1,0,2,1,0,0,0.1439490020275116,0.0165718998759984,0.1439490020275116
2016-2017,Loris Karius,Liverpool,GK,Goalkeeper,10,900,0,0,0,0,0,0,0.0,0.0,0.0
2016-2017,Ron-Robert Zieler,Leicester,GK,Goalkeeper,9,752,0,0,0,0,0,0,0.0,0.0,0.0
2016-2017,Håvard Nordtveit,West Ham,D,Defender,16,955,0,1,7,4,2,0,0.1332853026688099,0.7496677190065384,0.1332853026688099
2016-2017,Jan Kirchhoff,Sunderland,M,Midfielder,7,435,0,0,3,1,1,0,0.2340211048722267,0.0751333981752395,0.2340211048722267
2016-2017,Ragnar Klavan,Liverpool,D,Defender,20,1402,0,0,4,3,3,0,0.1919241044670343,0.1798550933599472,0.1919241044670343
2016-2017,Adnan Januzaj,Sunderland,F,Forward,25,1632,0,3,27,34,3,1,1.524125313386321,2.468368206173181,1.524125313386321
2016-2017,Pierre-Emile Højbjerg,Southampton,M,Midfielder,22,1296,0,0,28,16,2,0,1.3645170638337731,0.6220744978636503,1.3645170638337731
2016-2017,Artur Boruc,Bournemouth,GK,Goalkeeper,35,3150,0,0,0,1,2,0,0.0,0.0229061003774404,0.0
2016-2017,Simon Francis,Bournemouth,D,Defender,34,2945,0,1,7,19,4,1,0.1653731008991599,1.5683694994077086,0.1653731008991599
2016-2017,Andrew Surman,Bournemouth,M,Midfielder,22,1803,0,1,8,11,1,1,0.5123748127371073,0.4358646925538778,0.5123748127371073
2016-2017,Max Gradel,Bournemouth,S,Midfielder,11,107,0,0,5,1,3,0,0.2880242057144642,0.138032004237175,0.2880242057144642
2016-2017,Lewis Grabban,Bournemouth,S,Midfielder,3,51,0,1,1,1,0,0,0.0744960978627204,0.0892584025859832,0.0744960978627204
2016-2017,Adam Federici,Bournemouth,GK,Goalkeeper,2,180,0,0,0,0,1,0,0.0,0.0,0.0
2016-2017,Lucas Leiva,Liverpool,D,Defender,24,1097,0,3,8,6,4,0,0.7886195899918675,0.6543113999068737,0.7886195899918675
2016-2017,Brad Smith,Bournemouth,D,Defender,5,274,0,0,2,2,1,0,0.090692900121212,0.0748870000243187,0.090692900121212
2016-2017,Kevin Stewart,Liverpool,S,Midfielder,4,15,0,0,0,0,0,0,0.0,0.0,0.0
2016-2017,Jordon Ibe,Bournemouth,F,Forward,25,1067,0,0,15,18,0,0,0.8431019950658083,1.0524157071486115,0.8431019950658083
2016-2017,Mamadou Sakho,Crystal Palace,D,Defender,8,688,0,0,2,4,0,0,0.1358580999076366,0.2737864069640636,0.1358580999076366
2016-2017,Simon Mignolet,Liverpool,GK,Goalkeeper,28,2520,0,0,0,0,0,0,0.0,0.0,0.0
2016-2017,Jon Flanagan,Burnley,D,Defender,6,360,0,0,0,1,2,0,0.0,0.0560050010681152,0.0
2016-2017,Petr Cech,Arsenal,GK,Goalkeeper,35,3097,0,0,0,0,2,0,0.0,0.0,0.0
2016-2017,Gabriel,Arsenal,D,Defender,19,1517,0,0,9,4,6,0,0.3913955921307206,0.2694435007870197,0.3913955921307206
2016-2017,Nacho Monreal,Arsenal,D,Defender,36,3152,0,2,12,12,5,0,1.1331041110679507,1.9305520094931128,1.1331041110679507
2016-2017,Mohamed Elneny,Arsenal,M,Midfielder,14,693,0,1,15,4,1,0,0.5528803020715714,0.1320842020213604,0.5528803020715714
2016-2017,Francis Coquelin,Arsenal,M,Midfielder,29,1799,0,0,14,15,5,0,0.7722077909857035,0.6728747999295592,0.7722077909857035
2016-2017,David Ospina,Arsenal,GK,Goalkeeper,2,143,0,0,0,0,0,0,0.0,0.0,0.0
2016-2017,Per Mertesacker,Arsenal,S,Midfielder,1,35,0,0,0,0,0,0,0.0,0.0,0.0
2016-2017,Wayne Hennessey,Crystal Palace,GK,Goalkeeper,29,2610,0,0,0,3,1,0,0.0,0.0900442972779274,0.0
2016-2017,Joel Ward,Crystal Palace,D,Defender,38,3420,0,1,14,11,7,0,0.938627978786826,0.8645517863333225,0.938627978786826
2016-2017,Damien Delaney,Crystal Palace,D,Defender,30,1999,0,2,5,6,8,0,0.2144262576475739,1.6946072950959206,0.2144262576475739
2016-2017,Pape Souaré,Crystal Palace,D,Defender,3,270,0,0,2,2,0,0,0.0181965995579957,0.1499380022287368,0.0181965995579957
2016-2017,Jason Puncheon,Crystal Palace,M,Midfielder,36,3099,0,5,45,60,9,0,1.7941933497786522,5.027023102156818,1.7941933497786522
2016-2017,Mile Jedinak,Crystal Palace,M,Midfielder,1,90,0,0,0,2,0,0,0.0,0.0682374984025955,0.0
2016-2017,Bakary Sako,Crystal Palace,S,Midfielder,7,121,0,0,4,1,0,0,0.1308701988309621,0.0900105983018875,0.1308701988309621
2016-2017,Adrian Mariappa,Watford,D,Defender,7,556,0,0,2,1,0,0,0.1235710009932518,0.0842455998063087,0.1235710009932518
2016-2017,Martin Kelly,Crystal Palace,D,Defender,29,2145,0,2,3,8,4,0,0.2385208979249,0.5268526971340179,0.2385208979249
2016-2017,Lee Chung-yong,Crystal Palace,M,Midfielder,15,463,0,1,4,7,0,0,0.2505840854719281,0.90725512849167,0.2505840854719281
2016-2017,Adrián,West Ham,GK,Goalkeeper,16,1440,0,0,0,1,1,0,0.0,0.0273687001317739,0.0
2016-2017,Angelo Ogbonna,West Ham,D,Defender,20,1757,0,0,3,6,2,0,0.0701812990009784,0.2699175029993057,0.0701812990009784
2016-2017,Aaron Cresswell,West Ham,D,Defender,26,2124,0,2,11,17,2,1,0.58590570371598,2.37870701495558,0.58590570371598
2016-2017,Darren Randolph,West Ham,GK,Goalkeeper,22,1980,0,0,0,0,1,0,0.0,0.0,0.0
2016-2017,Kieran Gibbs,Arsenal,D,Defender,11,701,0,1,5,10,3,0,0.3278139997273683,0.6635113917291164,0.3278139997273683
2016-2017,David de Gea,Manchester United,GK,Goalkeeper,35,3150,0,0,0,0,2,0,0.0,0.0,0.0
2016-2017,Timothy Fosu-Mensah,Manchester United,D,Defender,4,95,0,0,1,0,0,0,0.0319125987589359,0.0,0.0319125987589359
2016-2017,Memphis Depay,Manchester United,S,Midfielder,4,13,0,0,0,0,1,0,0.0,0.0,0.0
2016-2017,Matteo Darmian,Manchester United,D,Defender,18,1333,0,0,2,2,3,0,0.0914873965084552,0.4010920077562332,0.0914873965084552
2016-2017,Paddy McNair,Sunderland,M,Midfielder,9,359,0,0,1,3,0,0,0.07151660323143,0.1883467957377433,0.07151660323143
2016-2017,Sergio Romero,Manchester United,GK,Goalkeeper,2,180,0,0,0,0,0,0,0.0,0.0,0.0
2016-2017,Heurelho Gomes,Watford,GK,Goalkeeper,38,3339,0,0,0,1,1,0,0.0,0.0404191985726356,0.0
2016-2017,Nyom,West Brom,D,Defender,32,2640,0,2,6,11,8,0,0.2824708968400955,0.91437279433012,0.2824708968400955
2016-2017,Valon Behrami,Watford,D,Defender,27,2056,0,0,6,5,7,0,0.1859294967725873,0.4166424870491028,0.1859294967725873
2016-2017,Ben Watson,Watford,S,Midfielder,4,46,0,0,0,0,0,1,0.0,0.0,0.0
2016-2017,Nordin Amrabat,Watford,D,Defender,29,2120,0,3,29,30,4,0,1.0545150060206652,2.7587036974728107,1.0545150060206652
2016-2017,Ikechi Anya,Watford,S,Midfielder,1,5,0,0,0,0,0,0,0.0,0.0,0.0
2016-2017,Costel Pantilimon,Watford,S,Midfielder,2,81,0,0,0,0,0,0,0.0,0.0,0.0
2016-2017,Craig Cathcart,Watford,D,Defender,15,1154,0,1,3,4,3,0,0.1438650004565715,0.7175358980894089,0.1438650004565715
2016-2017,Adlène Guédioura,"Middlesbrough,Watford",M,Midfielder,17,854,0,1,19,8,2,0,0.4991823006421327,0.6587621942162514,0.4991823006421327
2016-2017,Joel Robles,Everton,GK,Goalkeeper,20,1735,0,1,0,1,2,0,0.0,0.0849992036819458,0.0
2016-2017,John Stones,Manchester City,D,Defender,27,2011,0,0,13,4,1,0,1.4638394135981798,0.2321748984977603,1.4638394135981798
2016-2017,Gerard Deulofeu,Everton,F,Forward,11,452,0,0,7,10,1,0,0.6818259106948972,0.4787795031443238,0.6818259106948972
2016-2017,Aaron Lennon,Everton,F,Forward,11,511,0,1,5,6,0,0,0.2752276044338941,0.5299299117177725,0.2752276044338941
2016-2017,Tom Cleverley,"Everton,Watford",M,Midfielder,27,1839,0,2,10,28,4,0,0.7425862830132246,1.70999950543046,0.7425862830132246
2016-2017,Ramiro Funes Mori,Everton,D,Defender,23,1530,0,1,12,4,0,0,0.7628409136086702,0.9811176974326372,0.7628409136086702
2016-2017,Bryan Oviedo,"Everton,Sunderland",D,Defender,16,1325,0,0,4,10,4,0,0.1306107034906745,0.9008791986852884,0.1306107034906745
2016-2017,Arouna Koné,Everton,S,Midfielder,6,62,0,0,3,1,0,0,0.1136250980198383,0.0222731996327638,0.1136250980198383
2016-2017,Nathaniel Clyne,Liverpool,D,Defender,37,3326,0,2,26,45,0,0,1.434063296765089,4.596979730762541,1.434063296765089
2016-2017,Alberto Moreno,Liverpool,D,Defender,12,282,0,1,3,5,1,0,0.2099559046328067,0.3072495013475418,0.2099559046328067
2016-2017,Fernando,Manchester City,D,Defender,15,547,0,0,2,3,3,0,0.1035420000553131,0.1597385071218013,0.1035420000553131
2016-2017,Jesús Navas,Manchester City,D,Defender,24,1053,0,0,8,21,2,0,0.2297584982588887,2.4299806505441666,0.2297584982588887
2016-2017,Willy Caballero,Manchester City,GK,Goalkeeper,17,1450,0,0,0,0,0,0,0.0,0.0,0.0
2016-2017,Bacary Sagna,Manchester City,D,Defender,17,1341,0,1,4,8,2,0,0.071701749227941,0.6896925009787083,0.071701749227941
2016-2017,Ashley Young,Manchester United,D,Defender,12,757,0,1,5,11,2,0,0.2542202994227409,0.8711635079234838,0.2542202994227409
2016-2017,Jordon Mutch,Crystal Palace,S,Midfielder,4,42,0,0,0,1,0,0,0.0,0.0186484009027481,0.0
2016-2017,Hugo Lloris,Tottenham,GK,Goalkeeper,34,3004,0,0,0,2,0,0,0.0,0.0446447003632783,0.0
2016-2017,Kyle Walker,Tottenham,D,Defender,33,2710,0,5,19,39,8,0,0.6887417519465089,3.7017951970919967,0.6887417519465089
2016-2017,Jan Vertonghen,Tottenham,D,Defender,33,2902,0,0,14,7,5,0,0.5898440014570951,0.3142293002456426,0.5898440014570951
2016-2017,Kevin Wimmer,Tottenham,D,Defender,5,357,0,0,0,1,3,0,0.0,0.0364072993397712,0.0
2016-2017,Michel Vorm,Tottenham,GK,Goalkeeper,5,416,0,0,0,0,0,0,0.0,0.0,0.0
2016-2017,Kieran Trippier,Tottenham,D,Defender,12,561,0,5,3,14,1,0,0.0792184993624687,2.760999917984009,0.0792184993624687
2016-2017,Michael Carrick,Manchester United,M,Midfielder,23,1607,0,0,8,12,2,0,0.2107790987938642,0.5740241073071957,0.2107790987938642
2016-2017,Josh Onomah,Tottenham,S,Midfielder,5,11,0,0,1,0,0,0,0.0865195989608764,0.0,0.0865195989608764
2016-2017,Brad Guzan,Middlesbrough,GK,Goalkeeper,10,900,0,0,0,0,0,0,0.0,0.0,0.0
2016-2017,Joleon Lescott,Sunderland,D,Defender,2,120,0,0,0,0,0,0,0.0,0.0,0.0
2016-2017,Ashley Westwood,Burnley,M,Midfielder,9,549,0,0,2,5,3,0,0.0317745991051197,0.1513935998082161,0.0317745991051197
2016-2017,Thibaut Courtois,Chelsea,GK,Goalkeeper,36,3240,0,0,0,0,1,0,0.0,0.0,0.0
2016-2017,Branislav Ivanovic,Chelsea,D,Defender,13,578,0,0,7,3,2,0,0.3240773035213351,0.1858418993651867,0.3240773035213351
2016-2017,Ruben Loftus-Cheek,Chelsea,S,Midfielder,6,23,0,0,1,0,0,0,0.1375000029802322,0.0,0.1375000029802322
2016-2017,Kenedy,"Chelsea,Watford",M,Midfielder,2,91,0,0,3,1,0,0,0.1576309949159622,0.0422700010240078,0.1576309949159622
2016-2017,Loïc Remy,Crystal Palace,F,Forward,5,121,0,0,6,2,0,0,0.3525534942746162,0.0815501026809215,0.3525534942746162
2016-2017,Oscar,Chelsea,M,Midfielder,9,457,0,1,12,15,1,0,0.4914333969354629,1.2346308156847954,0.4914333969354629
2016-2017,Asmir Begovic,Chelsea,GK,Goalkeeper,2,180,0,0,0,0,0,0,0.0,0.0,0.0
2016-2017,Lukasz Fabianski,Swansea,GK,Goalkeeper,37,3330,0,0,0,0,1,0,0.0,0.0,0.0
2016-2017,Federico Fernández,Swansea,D,Defender,27,2430,0,2,15,3,7,0,1.6510254181921482,0.796491514891386,1.6510254181921482
2016-2017,Neil Taylor,Swansea,D,Defender,11,923,0,0,4,2,1,0,0.0549204014241695,0.049771100282669,0.0549204014241695
2016-2017,Jack Cork,Swansea,M,Midfielder,30,2233,0,0,18,13,7,0,1.3317926889285443,1.22106858715415,1.3317926889285443
2016-2017,Jefferson Montero,Swansea,F,Forward,13,359,0,1,4,10,0,0,0.1757615953683853,1.2649257853627205,0.1757615953683853
2016-2017,Modou Barrow,Swansea,F,Forward,18,1165,0,2,15,21,1,0,0.8852935042232275,2.2491155033931136,0.8852935042232275
2016-2017,Jordi Amat,Swansea,D,Defender,17,1409,0,0,7,2,5,0,0.8267893875017762,0.0405860990285873,0.8267893875017762
2016-2017,Kristoffer Nordfeldt,Swansea,GK,Goalkeeper,1,90,0,0,0,0,0,0,0.0,0.0,0.0
2016-2017,Ki Sung-yueng,Swansea,M,Midfielder,23,1286,0,1,9,12,3,0,0.3156440015882253,0.4234952013939619,0.3156440015882253
2016-2017,Ola Aina,Chelsea,S,Midfielder,3,20,0,0,1,0,0,0,0.0409686006605625,0.0,0.0409686006605625
2016-2017,Vito Mannone,Sunderland,GK,Goalkeeper,9,810,0,0,0,0,0,0,0.0,0.0,0.0
2016-2017,John O&#039;Shea,Sunderland,D,Defender,28,2162,0,1,3,1,5,0,0.1725596971809864,0.4787240028381347,0.1725596971809864
2016-2017,Jack Rodwell,Sunderland,M,Midfielder,20,1497,0,1,19,8,4,0,1.153120094910264,0.7307150065898895,1.153120094910264
2016-2017,Lee Cattermole,Sunderland,M,Midfielder,8,652,0,0,4,2,4,0,0.070084000006318,0.0256047006696462,0.070084000006318
2016-2017,Sebastian Larsson,Sunderland,M,Midfielder,21,1472,0,1,16,23,4,1,0.7138744089752436,1.9478583820164204,0.7138744089752436
2016-2017,Jordan Pickford,Sunderland,GK,Goalkeeper,29,2610,0,0,0,4,0,0,0.0,0.5408075042068958,0.0
2016-2017,Kasper Schmeichel,Leicester,GK,Goalkeeper,30,2668,0,0,0,0,1,0,0.0,0.0,0.0
2016-2017,Danny Simpson,Leicester,D,Defender,35,2994,0,2,2,11,12,0,0.1069530043751001,0.8389066997915506,0.1069530043751001
2016-2017,Jeffrey Schlupp,"Crystal Palace,Leicester",D,Defender,19,1129,0,0,3,6,0,0,0.1036892980337143,0.3942666053771972,0.1036892980337143
2016-2017,Marcin Wasilewski,Leicester,D,Defender,1,90,0,0,0,0,0,0,0.0,0.0,0.0
2016-2017,Moussa Sissoko,Tottenham,F,Forward,25,878,0,2,17,21,3,0,0.8654736988246441,1.0400274256244302,0.8654736988246441
2016-2017,Jeremain Lens,Sunderland,S,Midfielder,2,64,0,0,3,2,0,0,0.1271509975194931,0.1900340020656585,0.1271509975194931
2016-2017,Nathan Dyer,Swansea,F,Forward,8,203,0,1,3,3,0,0,0.0866806972771883,0.1286595975980162,0.0866806972771883
2016-2017,Dieumerci Mbokani,Hull,F,Forward,12,765,0,1,14,8,0,0,1.549893588759005,0.4510626122355461,1.549893588759005
2016-2017,Ben Foster,West Brom,GK,Goalkeeper,38,3420,0,0,1,2,2,0,0.0321922004222869,0.0918270982801914,0.0321922004222869
2016-2017,Jonas Olsson,West Brom,D,Defender,7,593,0,0,3,0,3,0,0.1953666023910045,0.0,0.1953666023910045
2016-2017,Claudio Yacob,West Brom,M,Midfielder,33,2416,0,0,9,6,9,0,0.6284845862537622,0.31842109747231,0.6284845862537622
2016-2017,Saido Berahino,"Stoke,West Bromwich Albion",F,Forward,17,974,0,0,19,5,1,0,2.9080232679843903,0.5703176073729992,2.9080232679843903
2016-2017,Craig Gardner,West Brom,M,Midfielder,9,207,0,1,2,10,1,0,0.1090942025184631,1.5410642689093947,0.1090942025184631
2016-2017,Rickie Lambert,West Brom,S,Midfielder,1,9,0,0,2,1,0,0,0.173126995563507,0.1349499970674514,0.173126995563507
2016-2017,Leon Britton,Swansea,M,Midfielder,16,1201,0,0,0,2,3,0,0.0,0.0622444003820419,0.0
2016-2017,Fraser Forster,Southampton,GK,Goalkeeper,38,3420,0,0,0,1,3,0,0.0,0.3446770012378692,0.0
2016-2017,Cuco Martina,Southampton,D,Defender,9,595,0,0,1,5,0,0,0.0345433987677097,0.2235802970826625,0.0345433987677097
2016-2017,José Fonte,"Southampton,West Ham",D,Defender,33,2937,0,0,17,8,4,0,0.8182645915076137,0.3955119997262954,0.8182645915076137
2016-2017,Maarten Stekelenburg,Everton,GK,Goalkeeper,19,1685,0,0,0,0,2,0,0.0,0.0,0.0
2016-2017,Cédric Soares,Southampton,D,Defender,30,2524,0,3,20,39,7,0,0.6518529802560806,3.0751688815653324,0.6518529802560806
2016-2017,Jack Butland,Stoke,GK,Goalkeeper,5,450,0,0,0,0,0,0,0.0,0.0,0.0
2016-2017,Phil Bardsley,Stoke,D,Defender,15,1177,0,0,11,9,4,1,0.2093588998541236,1.0495597086846828,0.2093588998541236
2016-2017,Philipp Wollscheid,Stoke,D,Defender,2,180,0,0,1,0,1,0,0.0142283998429775,0.0,0.0142283998429775
2016-2017,Geoff Cameron,Stoke,D,Defender,19,1626,0,1,11,10,1,0,1.2535540219396353,0.8354027923196554,1.2535540219396353
2016-2017,Giannelli Imbula,Stoke,M,Midfielder,12,800,0,0,9,5,1,0,0.3351894011721015,0.2905458994209766,0.3351894011721015
2016-2017,Glenn Whelan,Stoke,M,Midfielder,30,2285,0,1,6,21,5,0,0.1078666001558303,1.351826086640358,0.1078666001558303
2016-2017,Ibrahim Afellay,Stoke,M,Midfielder,12,363,0,0,6,1,0,0,0.6516735907644033,0.3263599872589111,0.6516735907644033
2016-2017,Samir Nasri,Manchester City,S,Midfielder,1,13,0,0,3,1,0,0,0.5359929800033569,0.1074799969792366,0.5359929800033569
2016-2017,Jonathan Leko,West Brom,S,Midfielder,9,99,0,1,0,2,0,0,0.0,0.1416973946616053,0.0
2016-2017,Steven Davis,Southampton,M,Midfielder,32,2643,0,3,31,32,3,0,2.5133817866444588,2.833783206529916,2.5133817866444588
2016-2017,Matt Targett,Southampton,D,Defender,5,373,0,0,2,5,0,0,0.0756064001470804,0.2909561023116112,0.0756064001470804
2016-2017,Erik Pieters,Stoke,D,Defender,36,3151,0,1,9,18,4,0,0.7645714906975627,1.5609517879784107,0.7645714906975627
2016-2017,Shay Given,Stoke,GK,Goalkeeper,5,450,0,0,0,0,1,0,0.0,0.0,0.0
2016-2017,Stephen Kingsley,Swansea,D,Defender,13,1038,0,0,4,4,0,0,0.1032450962811708,0.1447409000247717,0.1032450962811708
2016-2017,Mathieu Flamini,Crystal Palace,M,Midfielder,10,272,0,0,1,1,0,0,0.0330180004239082,0.0785484984517097,0.0330180004239082
2016-2017,Jay Fulton,Swansea,M,Midfielder,11,700,0,0,3,3,2,0,0.0862901005893945,0.0750405006110668,0.0862901005893945
2016-2017,Adama Traoré,Middlesbrough,F,Forward,27,1530,0,1,11,18,1,0,0.95049068890512,1.4442803133279083,0.95049068890512
2016-2017,Sam Byram,West Ham,D,Defender,18,1237,0,1,8,7,5,1,0.2568340031430125,0.923184284940362,0.2568340031430125
2016-2017,Brendan Galloway,West Brom,D,Defender,3,251,0,0,2,1,0,0,0.0844402983784675,0.0736948028206825,0.0844402983784675
2016-2017,Harrison Reed,Southampton,M,Midfielder,3,62,0,0,0,0,0,0,0.0,0.0,0.0
2016-2017,Duncan Watmore,Sunderland,F,Forward,14,1044,0,2,16,11,1,0,0.9554287297651172,1.6772051844745874,0.9554287297651172
2016-2017,Darron Gibson,Sunderland,M,Midfielder,12,647,0,0,6,2,4,0,0.135678899474442,0.0415950007736682,0.135678899474442
2016-2017,Steven Pienaar,Sunderland,F,Forward,15,815,0,0,4,7,5,1,0.7518728971481323,0.1657810974866151,0.7518728971481323
2016-2017,Axel Tuanzebe,Manchester United,D,Defender,4,307,0,0,2,1,0,0,0.0403217989951372,0.0550887994468212,0.0403217989951372
2016-2017,Kurt Zouma,Chelsea,D,Defender,9,241,0,1,1,1,0,0,0.0409400984644889,0.5744730234146118,0.0409400984644889
2016-2017,Carl Jenkinson,Arsenal,D,Defender,1,84,0,0,0,0,0,0,0.0,0.0,0.0
2016-2017,Mauro Zárate,Watford,F,Forward,3,217,0,0,8,4,0,0,0.3138998933136463,0.0891497991979122,0.3138998933136463
2016-2017,Glen Johnson,Stoke,D,Defender,23,1952,0,0,8,11,1,0,0.459941410459578,1.4694390036165714,0.459941410459578
2016-2017,Marc Wilson,West Brom,D,Defender,4,258,0,0,1,2,3,0,0.0140891997143626,0.1204101033508777,0.0140891997143626
2016-2017,Phil Jones,Manchester United,D,Defender,18,1588,0,0,3,2,2,0,0.1069572009146213,0.2172710075974464,0.1069572009146213
2016-2017,Mathieu Debuchy,Arsenal,D,Defender,1,15,0,0,0,0,0,0,0.0,0.0,0.0
2016-2017,Jerome Sinclair,Watford,F,Forward,5,110,0,0,1,1,0,0,0.0575341992080211,0.0240631997585296,0.0575341992080211
2016-2017,Yohan Benalouane,Leicester,D,Defender,11,925,0,0,4,2,4,0,0.3551678005605936,0.0650375001132488,0.3551678005605936
2016-2017,Baily Cargill,Bournemouth,S,Midfielder,1,8,0,0,0,0,0,0,0.0,0.0,0.0
2016-2017,Mason Holgate,Everton,D,Defender,18,1378,0,1,6,9,2,0,0.3201606087386608,1.572614874690771,0.3201606087386608
2016-2017,Luke Shaw,Manchester United,D,Defender,11,702,0,1,6,10,1,0,0.1930140983313322,1.0119865275919435,0.1930140983313322
2016-2017,Sam Field,West Brom,M,Midfielder,8,278,0,0,1,3,2,0,0.0495009012520313,0.1092850007116794,0.0495009012520313
2016-2017,Matej Vydra,Watford,S,Midfielder,1,1,0,0,0,0,0,0,0.0,0.0,0.0
2016-2017,Tyrone Mings,Bournemouth,D,Defender,7,511,0,0,1,1,0,0,0.0331392996013164,0.2611019909381866,0.0331392996013164
2016-2017,Lynden Gooch,Sunderland,M,Midfielder,11,357,0,0,3,4,3,0,0.3314999938011169,0.2556931041181087,0.3314999938011169
2016-2017,Jack Wilshere,"Arsenal,Bournemouth",M,Midfielder,29,1955,0,2,27,34,4,0,2.166446993127465,2.823251873254776,2.166446993127465
2016-2017,Jason Denayer,Sunderland,D,Defender,24,1885,0,0,6,2,2,0,0.2626847540959716,0.1441393010318279,0.2626847540959716
2016-2017,George Honeyman,Sunderland,M,Midfielder,5,229,0,0,2,2,1,0,0.3735342025756836,0.123184997588396,0.3735342025756836
2016-2017,Will Keane,Hull,F,Forward,5,282,0,0,4,3,0,0,0.2365871965885162,0.1365969032049179,0.2365871965885162
2016-2017,Donald Love,Sunderland,D,Defender,12,598,0,1,2,4,1,0,0.0502020996063947,0.384750897064805,0.0502020996063947
2016-2017,Ryan Allsop,Bournemouth,GK,Goalkeeper,1,90,0,0,0,0,0,0,0.0,0.0,0.0
2016-2017,Aleix García,Manchester City,M,Midfielder,4,72,0,0,0,1,0,0,0.0,0.0125626996159553,0.0
2016-2017,Sullay Kaikai,Crystal Palace,S,Midfielder,1,21,0,0,0,0,0,0,0.0,0.0,0.0
2016-2017,Papy Djilobodji,Sunderland,D,Defender,18,1579,0,0,8,1,4,1,0.3790947012603283,0.0808918997645378,0.3790947012603283
2016-2017,Jonjoe Kenny,Everton,S,Midfielder,1,11,0,0,0,0,0,0,0.0,0.0,0.0
2016-2017,Simone Zaza,West Ham,F,Forward,8,460,0,0,16,8,2,0,0.9579112268984318,0.3290069047361612,0.9579112268984318
2016-2017,Tom Heaton,Burnley,GK,Goalkeeper,35,3150,0,0,0,3,1,0,0.0,0.1396289989352226,0.0
2016-2017,Matthew Lowton,Burnley,D,Defender,36,3240,0,2,6,31,9,0,0.5120369298383594,1.8188618961721656,0.5120369298383594
2016-2017,Aiden O&#039;Neill,Burnley,S,Midfielder,3,83,0,0,1,0,0,0,0.0589645989239215,0.0,0.0589645989239215
2016-2017,Lukas Jutkiewicz,Burnley,S,Midfielder,2,9,0,0,0,0,0,0,0.0,0.0,0.0
2016-2017,James Tarkowski,Burnley,D,Defender,19,536,0,0,5,4,1,0,0.6106175947934389,0.3722441121935844,0.6106175947934389
2016-2017,Paul Robinson,Burnley,GK,Goalkeeper,3,270,0,0,0,0,0,0,0.0,0.0,0.0
2016-2017,Michael Kightly,Burnley,M,Midfielder,5,96,0,0,1,0,0,0,0.0816970020532608,0.0,0.0816970020532608
2016-2017,Marko Grujic,Liverpool,S,Midfielder,5,31,0,0,4,1,1,0,0.210300201550126,0.0296346992254257,0.210300201550126
2016-2017,Steve Mandanda,Crystal Palace,GK,Goalkeeper,9,810,0,0,0,0,0,0,0.0,0.0,0.0
2016-2017,Ezekiel Fryers,Crystal Palace,S,Midfielder,8,164,0,1,0,2,0,0,0.0,0.3745900094509125,0.0
2016-2017,Edimilson Fernandes,West Ham,M,Midfielder,28,948,0,0,20,6,4,0,0.6350155007094145,0.2864412982016802,0.6350155007094145
2016-2017,Ashley Fletcher,West Ham,F,Forward,16,329,0,0,9,4,2,0,1.0369999893009665,0.3355157021433115,1.0369999893009665
2016-2017,Nathaniel Chalobah,Chelsea,M,Midfielder,10,152,0,1,1,4,2,0,0.03790869936347,0.6755060106515884,0.03790869936347
2016-2017,Luis Hernández,Leicester,D,Defender,4,327,0,0,0,4,1,0,0.0,0.2169884070754051,0.0
2016-2017,David Marshall,Hull,GK,Goalkeeper,16,1440,0,0,0,0,0,0,0.0,0.0,0.0
2016-2017,Ahmed Elmohamady,Hull,D,Defender,33,2509,0,2,9,26,3,1,0.2188167013227939,1.8537243753671648,0.2188167013227939
2016-2017,Curtis Davies,Hull,D,Defender,26,2153,0,2,10,2,4,0,0.7267857976257801,1.024655893445015,0.7267857976257801
2016-2017,Markus Henriksen,Hull,M,Midfielder,15,623,0,0,3,3,1,0,0.1254808027297258,0.1958780046552419,0.1254808027297258
2016-2017,Eldin Jakupovic,Hull,GK,Goalkeeper,22,1980,0,0,0,0,0,0,0.0,0.0,0.0
2016-2017,Gökhan Töre,West Ham,F,Forward,5,245,0,1,5,6,0,0,0.2876570001244545,1.117505967617035,0.2876570001244545
2016-2017,Álvaro Arbeloa,West Ham,D,Defender,3,258,0,0,1,2,3,0,0.0176474992185831,0.0953857973217964,0.0176474992185831
2016-2017,Víctor Valdés,Middlesbrough,GK,Goalkeeper,28,2520,0,0,0,0,1,0,0.0,0.0,0.0
2016-2017,Antonio Barragán,Middlesbrough,D,Defender,26,2195,0,0,3,9,5,0,0.0847570998594164,0.7534768879413605,0.0847570998594164
2016-2017,George Friend,Middlesbrough,D,Defender,24,1956,0,2,15,11,4,0,0.6226175986230373,1.149581279605627,0.6226175986230373
2016-2017,Adam Forshaw,Middlesbrough,M,Midfielder,34,2711,0,1,28,28,4,0,1.3408304303884506,2.229192676022649,1.3408304303884506
2016-2017,Viktor Fischer,Middlesbrough,F,Forward,13,434,0,3,12,7,0,0,0.8227257113903761,1.5478860139846802,0.8227257113903761
2016-2017,Jordan Rhodes,Middlesbrough,F,Forward,6,207,0,0,6,2,0,0,0.6461863033473492,0.0888553000986576,0.6461863033473492
2016-2017,Bernardo,Middlesbrough,D,Defender,11,978,0,0,2,0,2,0,0.0222477493807673,0.0,0.0222477493807673
2016-2017,Adam Clayton,Middlesbrough,M,Midfielder,34,2807,0,2,11,20,10,0,0.3151699993759393,1.287519589997828,0.3151699993759393
2016-2017,Georges-Kévin Nkoudou,Tottenham,S,Midfielder,8,43,0,0,2,0,0,0,0.0626586992293596,0.0,0.0626586992293596
2016-2017,Claudio Bravo,Manchester City,GK,Goalkeeper,22,1970,0,0,0,0,0,0,0.0,0.0,0.0
2016-2017,Sam McQueen,Southampton,D,Defender,13,599,0,0,1,2,0,0,0.0281805992126464,0.5292291939258575,0.0281805992126464
2016-2017,Jack Stephens,Southampton,D,Defender,17,1468,0,1,4,4,1,0,0.3511767014861107,0.9190052039921284,0.3511767014861107
2016-2017,Oliver McBurnie,Swansea,S,Midfielder,5,69,0,0,2,2,0,0,0.0776455029845237,0.1045650020241737,0.0776455029845237
2016-2017,Eric Bailly,Manchester United,D,Defender,25,2066,0,0,6,1,4,0,0.3060203036293387,0.0290568992495536,0.3060203036293387
2016-2017,Lee Grant,Stoke,GK,Goalkeeper,28,2520,0,0,0,0,1,0,0.0,0.0,0.0
2016-2017,Josh Tymon,Hull,D,Defender,5,331,0,0,0,1,1,0,0.0,0.0125866001471877,0.0
2016-2017,Kevin Long,Burnley,D,Defender,3,270,0,0,1,0,0,0,0.0246635004878044,0.0,0.0246635004878044
2016-2017,Lys Mousset,Bournemouth,F,Forward,11,254,0,0,10,3,0,0,1.5235898848623035,0.0885770991444587,1.5235898848623035
2016-2017,Rob Holding,Arsenal,D,Defender,9,810,0,0,5,3,3,0,0.5570453740656376,0.1054676994681358,0.5570453740656376
2016-2017,Ainsley Maitland-Niles,Arsenal,S,Midfielder,1,1,0,0,0,0,0,0,0.0,0.0,0.0
2016-2017,Fabio,Middlesbrough,D,Defender,24,1856,0,0,5,16,8,0,0.1470823008567094,0.7305000070482492,0.1470823008567094
2016-2017,David Nugent,Middlesbrough,S,Midfielder,4,36,0,0,0,0,0,0,0.0,0.0,0.0
2016-2017,Joel Asoro,Sunderland,S,Midfielder,1,7,0,0,0,0,0,0,0.0,0.0,0.0
2016-2017,Nsue,Middlesbrough,D,Defender,4,326,0,0,2,2,0,0,0.1229384019970893,0.067860098555684,0.1229384019970893
2016-2017,Arthur Masuaku,West Ham,D,Defender,13,969,0,1,4,7,1,0,0.0472891004756093,0.947554713115096,0.0472891004756093
2016-2017,Ovie Ejaria,Liverpool,S,Midfielder,2,3,0,0,0,0,0,0,0.0,0.0,0.0
2016-2017,Ramadan Sobhi,Stoke,M,Midfielder,17,840,0,1,4,9,2,0,0.5948705971240997,1.4871754087507725,0.5948705971240997
2016-2017,Jonathan Benteke,Crystal Palace,S,Midfielder,1,5,0,0,1,0,0,0,0.0224475003778934,0.0,0.0224475003778934
2016-2017,Jarrod Bowen,Hull,M,Midfielder,7,168,0,0,3,0,0,0,0.3194136917591095,0.0,0.3194136917591095
2016-2017,Julien Ngoy,Stoke,S,Midfielder,5,39,0,0,2,1,0,0,0.1273771002888679,0.0921394973993301,0.1273771002888679
2016-2017,Albert Adomah,Middlesbrough,M,Midfielder,2,119,0,0,4,1,0,0,0.3841077126562595,0.0895430967211723,0.3841077126562595
2016-2017,Jérémy Pied,Southampton,D,Defender,4,119,0,0,3,1,0,0,0.0967013984918594,0.0714898034930229,0.0967013984918594
2016-2017,Nampalys Mendy,Leicester,M,Midfielder,4,277,0,0,0,2,1,0,0.0,0.1299369931221008,0.0
2016-2017,David Jones,Burnley,M,Midfielder,1,88,0,0,0,0,1,0,0.0,0.0,0.0
2016-2017,Lewis Cook,Bournemouth,M,Midfielder,6,432,0,2,5,6,1,0,0.1000344008207321,0.4739302061498165,0.1000344008207321
2016-2017,Trent Alexander-Arnold,Liverpool,D,Defender,7,165,0,0,3,1,0,0,0.204378105700016,0.0303824990987777,0.204378105700016
2016-2017,Martín Cáceres,Southampton,D,Defender,1,90,0,0,1,0,0,0,0.0255059991031885,0.0,0.0255059991031885
2016-2017,Kamil Grosicki,Hull,M,Midfielder,15,1145,0,3,29,23,1,0,2.034929482266307,3.488165456801653,2.034929482266307
2016-2017,Emiliano Martinez,Arsenal,GK,Goalkeeper,2,180,0,0,0,0,0,0,0.0,0.0,0.0
2016-2017,Matthew James,Leicester,S,Midfielder,1,1,0,0,0,0,0,0,0.0,0.0,0.0
2016-2017,Andrew Eleftheriou,Watford,S,Midfielder,1,52,0,0,0,1,0,0,0.0,0.0485430993139743,0.0
2016-2017,Evandro,Hull,M,Midfielder,11,581,0,0,3,11,1,0,0.1212319983169436,0.7039093896746635,0.1212319983169436
2016-2017,Omar Elabdellaoui,Hull,D,Defender,8,616,0,0,0,4,0,0,0.0,0.1120546013116836,0.0
2016-2017,Declan Rice,West Ham,S,Midfielder,1,1,0,0,0,0,0,0,0.0,0.0,0.0
2016-2017,Luciano Narsingh,Swansea,F,Forward,13,400,0,3,2,7,0,0,0.1758510023355484,0.6974846012890339,0.1758510023355484
2016-2017,Ben Woodburn,Liverpool,M,Midfielder,5,83,0,0,2,0,0,0,0.0747347027063369,0.0,0.0747347027063369
2016-2017,Brandon Mason,Watford,D,Defender,2,111,0,0,0,0,0,0,0.0,0.0,0.0
2016-2017,Dion Pereira,Watford,S,Midfielder,2,19,0,0,0,1,0,0,0.0,0.0425821989774704,0.0
2016-2017,Scott McTominay,Manchester United,M,Midfielder,2,94,0,0,1,1,1,0,0.0363675989210605,0.1549499928951263,0.0363675989210605
2016-2017,Daniel Agyei,Burnley,S,Midfielder,3,20,0,0,2,0,0,0,0.0976220965385437,0.0,0.0976220965385437
2016-2017,Josh Sims,Southampton,F,Forward,7,199,0,1,5,2,0,0,0.5632529966533184,0.8554522916674614,0.5632529966533184
2016-2017,Filip Lesniak,Tottenham,S,Midfielder,1,3,0,1,0,1,0,0,0.0,0.0845538005232811,0.0
2016-2017,Demetri Mitchell,Manchester United,D,Defender,1,90,0,0,0,2,0,0,0.0,0.056777399033308,0.0
2016-2017,Joel Pereira,Manchester United,GK,Goalkeeper,1,90,0,0,0,0,0,0,0.0,0.0,0.0
2016-2017,James Husband,Middlesbrough,D,Defender,1,62,0,0,0,0,0,0,0.0,0.0,0.0
2016-2017,Michael Folivi,Watford,S,Midfielder,1,6,0,0,0,0,0,0,0.0,0.0,0.0
2016-2017,Angel Gomes,Manchester United,S,Midfielder,1,1,0,0,0,0,0,0,0.0,0.0,0.0
2016-2017,Matt Worthington,Bournemouth,S,Midfielder,1,14,0,0,0,0,0,0,0.0,0.0,0.0
2017-2018,Mohamed Salah,Liverpool,F,Forward,36,2954,32,10,143,62,1,0,25.13649255037308,8.344478905200958,23.614155545830727
2017-2018,Harry Kane,Tottenham,F,Forward,37,3094,30,2,183,34,5,0,26.859878040850163,3.8204427883028975,24.57636994868517
2017-2018,Sergio Agüero,Manchester City,F,Forward,25,1985,21,6,95,39,2,0,18.568616069853302,6.533231791108847,15.523945644497871
2017-2018,Jamie Vardy,Leicester,F,Forward,37,3269,20,1,70,33,3,0,15.26695853471756,3.63082717359066,10.69998712092638
2017-2018,Raheem Sterling,Manchester City,F,Forward,33,2594,18,11,87,55,3,1,18.82997048087418,8.844120325520635,18.068801494315267
2017-2018,Romelu Lukaku,Manchester United,F,Forward,34,2869,16,7,86,33,4,0,15.468227744102478,5.473205121234059,14.707053691148758
2017-2018,Roberto Firmino,Liverpool,F,Forward,37,2814,15,7,84,56,1,0,10.763703489676118,7.678424785844982,10.002534905448556
2017-2018,Alexandre Lacazette,Arsenal,F,Forward,32,2235,14,4,67,36,1,0,13.831237014383078,4.839555331505835,12.30889869108796
2017-2018,Gabriel Jesus,Manchester City,F,Forward,29,1692,13,3,55,18,6,0,15.36618173867464,2.307676523923874,13.843847759068012
2017-2018,Son Heung-Min,Tottenham,D,Defender,37,2315,12,6,75,38,0,0,11.02160226739943,6.592508684843779,11.02160226739943
2017-2018,Eden Hazard,Chelsea,F,Forward,34,2451,12,4,71,84,2,0,8.21246101334691,7.303081020712852,6.690125960856676
2017-2018,Riyad Mahrez,Leicester,F,Forward,36,2977,12,10,74,57,2,0,6.613530645146966,7.551042467355728,6.613530645146966
2017-2018,Glenn Murray,Brighton,F,Forward,35,2204,12,0,52,16,9,0,12.380600294098258,1.2383802104741335,7.813586769625544
2017-2018,Marko Arnautovic,West Ham,F,Forward,31,2343,11,6,71,34,5,1,9.801479201763868,4.4477998204529285,9.801479201763868
2017-2018,Álvaro Morata,Chelsea,F,Forward,31,2069,11,6,79,36,7,0,13.90470589697361,3.583240458741784,13.90470589697361
2017-2018,Pierre-Emerick Aubameyang,Arsenal,F,Forward,13,1056,10,4,31,13,0,0,9.174359612166882,1.264147974550724,7.652027260512114
2017-2018,Leroy Sané,Manchester City,D,Defender,32,2421,10,15,56,58,4,0,6.241070871241391,9.04887949116528,6.241070871241391
2017-2018,Wayne Rooney,Everton,F,Forward,31,2301,10,2,45,34,5,0,8.90544430166483,2.2813411355018616,4.338429160416126
2017-2018,Christian Eriksen,Tottenham,M,Midfielder,37,3239,10,10,96,95,0,0,7.245935456827283,11.893049276433883,7.245935456827283
2017-2018,Sadio Mané,Liverpool,F,Forward,29,2230,10,7,70,49,3,1,11.518154991790652,5.250220185145736,11.518154991790652
2017-2018,Chris Wood,Burnley,F,Forward,24,1639,10,1,40,11,1,0,7.639496721327305,0.6027080062776804,7.639496721327305
2017-2018,Luka Milivojevic,Crystal Palace,M,Midfielder,36,3087,10,1,42,21,8,0,7.874590067192912,1.2642450015991926,1.785385811701417
2017-2018,Alexis Sánchez,"Arsenal,Manchester United",F,Forward,31,2562,9,6,88,77,5,0,11.422600204125049,7.917656555771828,9.900261035189033
2017-2018,Wilfried Zaha,Crystal Palace,F,Forward,29,2551,9,3,64,53,5,0,9.735283127054572,5.2962576597929,9.735283127054572
2017-2018,Anthony Martial,Manchester United,F,Forward,30,1589,9,5,49,33,1,0,6.301932895556092,5.435460576787591,5.540763879194856
2017-2018,David Silva,Manchester City,M,Midfielder,29,2442,9,11,54,61,5,0,9.241167284548284,8.827983185648918,9.241167284548284
2017-2018,Dele Alli,Tottenham,F,Forward,36,2991,9,10,69,64,7,0,10.104952063411474,8.836121248081326,10.104952063411474
2017-2018,Ashley Barnes,Burnley,F,Forward,36,2143,9,0,61,17,10,0,6.560562869533896,1.5027275774627924,6.560562869533896
2017-2018,Chicharito,West Ham,F,Forward,28,1524,8,0,29,21,3,0,5.248026132583618,1.4220358971506355,5.248026132583618
2017-2018,Kevin De Bruyne,Manchester City,M,Midfielder,37,3103,8,16,93,105,2,0,5.40172931086272,13.101718165911734,5.40172931086272
2017-2018,Joshua King,Bournemouth,F,Forward,33,2458,8,3,51,38,3,0,6.555600753054023,4.888206169009209,5.033263443037868
2017-2018,Callum Wilson,Bournemouth,F,Forward,28,2007,8,2,54,18,0,0,7.619609080255032,1.552441207692027,7.619609080255032
2017-2018,Jesse Lingard,Manchester United,F,Forward,33,1836,8,5,56,26,2,0,8.04835014604032,3.581980141811073,8.04835014604032
2017-2018,Oumar Niasse,Everton,F,Forward,22,1075,8,2,37,11,2,0,7.417299885302782,1.5471328031271696,7.417299885302782
2017-2018,Ayoze Pérez,Newcastle,F,Forward,36,2502,8,5,60,36,3,0,6.864799472503364,5.451955894008279,6.864799472503364
2017-2018,Xherdan Shaqiri,Stoke,F,Forward,36,3066,8,7,69,76,5,0,4.985687501728535,6.875527895987034,4.224518910050392
2017-2018,Pascal Groß,Brighton,F,Forward,38,2979,7,8,43,81,2,0,3.33502649795264,8.656003165990114,2.5738579919561744
2017-2018,Philippe Coutinho,Liverpool,F,Forward,14,1132,7,6,54,40,0,0,3.6399386562407017,4.951584819704294,3.6399386562407017
2017-2018,Olivier Giroud,"Arsenal,Chelsea",F,Forward,29,953,7,1,47,20,0,0,7.604708576574922,3.013065330684185,7.604708576574922
2017-2018,Aaron Ramsey,Arsenal,M,Midfielder,24,1849,7,8,56,28,0,0,6.840765129774809,5.922476544976234,6.840765129774809
2017-2018,Marcus Rashford,Manchester United,F,Forward,35,1792,7,5,62,22,3,0,5.530903106555343,4.5970649272203445,5.530903106555343
2017-2018,Jordan Ayew,Swansea,F,Forward,36,2862,7,2,65,16,2,1,6.851808795705438,1.9186685755848885,6.090640120208263
2017-2018,Salomón Rondón,West Brom,F,Forward,36,2781,7,3,78,23,4,0,6.871560588479042,2.614863349124789,6.871560588479042
2017-2018,Jay Rodriguez,West Brom,F,Forward,37,2845,7,1,69,21,2,0,7.642788392491639,1.8346650106832385,6.8816204043105245
2017-2018,Charlie Austin,Southampton,F,Forward,24,1023,7,0,47,4,2,0,7.720579285174608,0.6937103793025017,6.959410268813372
2017-2018,Marcos Alonso,Chelsea,D,Defender,33,2869,7,2,65,34,6,0,4.369033144786954,3.057155482470989,4.369033144786954
2017-2018,Abdoulaye Doucouré,Watford,M,Midfielder,37,3326,7,3,46,40,10,0,3.106084388680756,2.39364858251065,3.106084388680756
2017-2018,Steve Mounie,Huddersfield,F,Forward,28,1850,7,1,49,16,2,0,5.801503697410226,1.6073069255799055,5.801503697410226
2017-2018,Willian,Chelsea,F,Forward,36,1872,6,7,54,62,1,0,5.983236160129309,6.1695123594254255,5.222104173153639
2017-2018,Dwight Gayle,Newcastle,F,Forward,35,1968,6,3,57,21,3,0,9.672669507563114,2.3920685946941376,9.672669507563114
2017-2018,Shinji Okazaki,Leicester,F,Forward,27,1340,6,2,28,15,2,0,7.492761306464672,1.8460099026560783,7.492761306464672
2017-2018,Dusan Tadic,Southampton,F,Forward,36,2854,6,3,40,59,4,0,5.660929972305894,6.163575306534767,4.899760695174336
2017-2018,Mame Biram Diouf,Stoke,D,Defender,35,2609,6,2,58,20,6,0,7.4912008829414845,2.1150793274864554,7.4912008829414845
2017-2018,Paul Pogba,Manchester United,M,Midfielder,27,2158,6,10,76,39,5,1,7.813677807338536,4.590676190331578,7.813677807338536
2017-2018,Bernardo Silva,Manchester City,F,Forward,35,1500,6,4,25,30,0,0,4.527405306696892,3.058387469500304,4.527405306696892
2017-2018,Laurent Depoitre,Huddersfield,F,Forward,33,1794,6,1,24,13,1,0,3.5911888889968395,1.3660856960341334,3.5911888889968395
2017-2018,Eric Maxim Choupo-Moting,Stoke,F,Forward,30,2257,5,5,60,20,3,0,6.2899730913341045,3.2263085041195154,6.2899730913341045
2017-2018,Junior Stanislas,Bournemouth,F,Forward,19,1313,5,2,44,23,1,0,3.831800082698464,1.9147699438035488,3.070631066337228
2017-2018,Nacho Monreal,Arsenal,D,Defender,28,2246,5,2,21,13,3,0,1.902514301240444,3.013729577884078,1.902514301240444
2017-2018,Danny Welbeck,Arsenal,F,Forward,28,1169,5,2,32,13,1,0,5.722649320960045,1.3699032897129657,5.722649320960045
2017-2018,Manuel Lanzini,West Ham,F,Forward,27,2054,5,6,44,41,4,0,3.83309031650424,3.7344188131392,3.0719210039824247
2017-2018,Troy Deeney,Watford,F,Forward,29,1832,5,2,36,26,1,1,7.1495320573449135,2.376047436147928,3.343683119863272
2017-2018,Fernandinho,Manchester City,M,Midfielder,34,2890,5,3,47,21,7,0,2.466341315768659,2.843062289059162,2.466341315768659
2017-2018,James McArthur,Crystal Palace,M,Midfielder,33,2440,5,1,30,20,5,0,4.228802299126983,2.0599375953897834,4.228802299126983
2017-2018,Tammy Abraham,Swansea,F,Forward,31,1706,5,1,42,12,0,0,6.159964485093951,1.444298505783081,6.159964485093951
2017-2018,Patrick van Aanholt,Crystal Palace,D,Defender,28,2184,5,1,33,18,7,0,3.3932690117508173,2.4554789066314697,3.3932690117508173
2017-2018,Peter Crouch,Stoke,F,Forward,31,1532,5,2,23,21,4,0,4.21564557403326,3.1475227996706963,4.21564557403326
2017-2018,Manolo Gabbiadini,Southampton,F,Forward,28,1056,5,0,22,7,2,0,2.5225429721176624,0.5467096976935863,1.7613744623959064
2017-2018,Andre Gray,Watford,F,Forward,31,1486,5,2,34,17,1,0,7.001016400754452,2.318395357578993,7.001016400754452
2017-2018,Ryan Fraser,Bournemouth,D,Defender,26,2016,5,3,31,43,0,0,1.9803190175443888,2.735152375884354,1.9803190175443888
2017-2018,Roberto Pereyra,Watford,F,Forward,32,1618,5,2,33,23,3,0,3.9139166036620736,2.6690995041280985,3.9139166036620736
2017-2018,Richarlison,Watford,F,Forward,38,2832,5,4,95,26,4,0,10.662871407344936,3.807929429225624,10.662871407344936
2017-2018,José Izquierdo,Brighton,F,Forward,32,1998,5,3,52,21,2,0,3.62331239040941,2.325506566092372,3.62331239040941
2017-2018,Cenk Tosun,Everton,F,Forward,14,998,5,0,19,15,0,0,3.18513151537627,1.7238552728667855,3.18513151537627
2017-2018,Ilkay Gündogan,Manchester City,M,Midfielder,30,1504,4,1,35,21,3,0,3.583664510399103,2.348830319941044,2.8224959895014763
2017-2018,Mesut Özil,Arsenal,F,Forward,26,2166,4,8,39,84,4,0,4.391981052234769,9.12885046750307,4.391981052234769
2017-2018,Mark Noble,West Ham,M,Midfielder,29,2411,4,0,15,20,6,0,2.2789487233385444,1.8096711933612823,0.7566106906160712
2017-2018,Nicolás Otamendi,Manchester City,D,Defender,34,2975,4,0,32,12,9,0,3.190081707201898,1.1602247087284925,3.190081707201898
2017-2018,Chris Smalling,Manchester United,D,Defender,29,2533,4,0,13,2,4,0,2.170547580346465,0.1769175007939338,2.170547580346465
2017-2018,Marouane Fellaini,Manchester United,M,Midfielder,16,601,4,0,10,5,1,0,2.731988660991192,0.1612558979541063,2.731988660991192
2017-2018,Pedro,Chelsea,F,Forward,31,1523,4,2,56,26,1,0,3.599892320111394,1.685534816235304,3.599892320111394
2017-2018,Gylfi Sigurdsson,Everton,F,Forward,27,2265,4,3,39,36,2,0,3.1870517786592245,3.74633795581758,3.1870517786592245
2017-2018,Jermain Defoe,Bournemouth,F,Forward,24,1074,4,1,27,13,1,0,4.541552532464266,1.0175689067691565,4.541552532464266
2017-2018,Joselu,Newcastle,F,Forward,30,1730,4,1,47,16,2,0,6.360844762995839,1.2996560516767204,5.599676789715886
2017-2018,Sam Vokes,Burnley,F,Forward,29,953,4,1,30,9,3,0,3.0060578919947147,1.1516355201601982,3.0060578919947147
2017-2018,Dominic Calvert-Lewin,Everton,D,Defender,32,1861,4,6,42,20,4,0,5.436773799359798,3.065156100317836,5.436773799359798
2017-2018,Aaron Mooy,Huddersfield,M,Midfielder,36,3077,4,3,29,50,4,0,2.863142983056605,4.150494369678199,2.101973013021052
2017-2018,Henrikh Mkhitaryan,"Arsenal,Manchester United",F,Forward,26,1735,3,9,36,44,2,0,2.4736711923033,6.771662788465619,2.4736711923033
2017-2018,Matt Ritchie,Newcastle,D,Defender,35,2822,3,5,58,53,6,0,3.193384911864996,6.588136021979153,3.193384911864996
2017-2018,Alex Iwobi,Arsenal,F,Forward,26,1873,3,5,45,36,1,0,4.132385391741991,3.4858011808246374,4.132385391741991
2017-2018,Theo Walcott,"Arsenal,Everton",F,Forward,20,1207,3,3,19,13,2,0,3.1527174934744835,3.0277583124116063,3.1527174934744835
2017-2018,Bakary Sako,Crystal Palace,F,Forward,16,446,3,0,17,7,0,0,2.270360799506306,0.7738896021619439,2.270360799506306
2017-2018,James Tomkins,Crystal Palace,D,Defender,28,2386,3,0,22,1,8,0,2.709296519868076,0.0720945000648498,2.709296519868076
2017-2018,Michail Antonio,West Ham,D,Defender,21,1347,3,1,34,14,1,0,2.009118705056608,0.9207209972664714,2.009118705056608
2017-2018,Andy Carroll,West Ham,F,Forward,16,739,3,0,28,7,5,1,1.572163701057434,0.5253243083134294,1.572163701057434
2017-2018,Victor Moses,Chelsea,D,Defender,28,2128,3,3,35,20,3,0,3.084544111043215,2.6375407949090004,3.084544111043215
2017-2018,Juan Mata,Manchester United,F,Forward,28,1942,3,5,28,51,1,0,3.809659145772457,4.732914689928293,3.809659145772457
2017-2018,Emre Can,Liverpool,D,Defender,26,2099,3,4,27,24,8,0,1.5114368125796318,3.046363800764084,1.5114368125796318
2017-2018,Christian Benteke,Crystal Palace,F,Forward,31,2224,3,5,59,27,6,0,11.166239574551582,3.276504263281822,9.643899515271189
2017-2018,Kelechi Iheanacho,Leicester,F,Forward,21,809,3,3,29,11,2,0,4.825843458995223,2.0846432354301214,4.825843458995223
2017-2018,Antonio Valencia,Manchester United,D,Defender,31,2746,3,1,16,23,7,0,0.5440770946443081,1.4601711966097357,0.5440770946443081
2017-2018,André Ayew,"Swansea,West Ham",F,Forward,30,1859,3,4,26,16,5,0,4.747824262827635,1.506501194089651,3.986653219908476
2017-2018,Demarai Gray,Leicester,M,Midfielder,35,1680,3,1,36,27,2,0,2.6410223077982664,3.2531555984169245,2.6410223077982664
2017-2018,Daryl Janmaat,Watford,D,Defender,23,1823,3,0,24,12,3,0,1.6508419197052715,0.9912612996995448,1.6508419197052715
2017-2018,Jamaal Lascelles,Newcastle,D,Defender,33,2929,3,0,12,6,5,0,1.5097707957029345,0.3699572999030351,1.5097707957029345
2017-2018,Andy King,"Leicester,Swansea",M,Midfielder,22,1264,3,0,14,6,2,0,1.5606136871501803,0.2566477991640568,1.5606136871501803
2017-2018,James Ward-Prowse,Southampton,M,Midfielder,30,1714,3,3,28,36,4,0,2.3137239003553987,3.945750737562776,2.3137239003553987
2017-2018,Steven Davis,Southampton,M,Midfielder,23,1529,3,0,13,18,0,0,1.2866384191438556,1.176685381680727,1.2866384191438556
2017-2018,Alex Oxlade-Chamberlain,"Arsenal,Liverpool",D,Defender,35,1705,3,7,47,38,3,0,2.599621747620404,4.965171135962009,2.599621747620404
2017-2018,Sam Clucas,Swansea,D,Defender,29,2043,3,1,18,15,2,0,1.939704421907664,0.988725827075541,1.939704421907664
2017-2018,Shkodran Mustafi,Arsenal,D,Defender,27,2272,3,1,13,7,6,0,0.7174238907173276,1.895219819620252,0.7174238907173276
2017-2018,Vicente Iborra,Leicester,M,Midfielder,19,1424,3,0,14,8,0,0,1.5937971249222755,0.4845300959423184,1.5937971249222755
2017-2018,Danilo,Manchester City,D,Defender,23,1338,3,2,19,5,2,0,1.246730917133391,0.1910918019711971,1.246730917133391
2017-2018,Anthony Knockaert,Brighton,M,Midfielder,33,2433,3,1,46,32,4,1,4.248457320034504,3.075597818940878,4.248457320034504
2017-2018,Rajiv van La Parra,Huddersfield,F,Forward,33,2165,3,0,44,14,3,1,3.088003504090011,0.8345380071550608,2.32687150221318
2017-2018,Sead Kolasinac,Arsenal,D,Defender,27,2154,2,4,21,19,3,0,2.5496985241770744,4.005558914504945,2.5496985241770744
2017-2018,Steve Cook,Bournemouth,D,Defender,34,2761,2,1,21,4,5,0,1.360102791339159,1.0196236222982409,1.360102791339159
2017-2018,Andrew Surman,Bournemouth,M,Midfielder,25,1842,2,5,18,16,2,0,0.9914278090000151,1.5283968970179558,0.9914278090000151
2017-2018,Dan Gosling,Bournemouth,F,Forward,28,1940,2,1,23,18,8,0,2.266780578531325,0.9464141987264156,2.266780578531325
2017-2018,Joe Allen,Stoke,M,Midfielder,36,3143,2,6,24,31,8,0,2.120808765292168,2.568119958974421,2.120808765292168
2017-2018,Jordon Ibe,Bournemouth,F,Forward,32,2005,2,6,54,37,1,0,2.9314231853932142,3.7532153269276014,2.9314231853932142
2017-2018,Daniel Sturridge,"Liverpool,West Bromwich Albion",F,Forward,15,539,2,1,24,15,0,0,2.6555239595472813,0.8860519006848335,2.6555239595472813
2017-2018,Héctor Bellerín,Arsenal,D,Defender,35,3051,2,3,29,32,5,0,2.469969682395458,4.652230934239924,2.469969682395458
2017-2018,Laurent Koscielny,Arsenal,D,Defender,25,2232,2,0,9,7,4,0,2.167561603710056,0.4440887998789549,2.167561603710056
2017-2018,Cheikhou Kouyaté,West Ham,D,Defender,33,2803,2,3,22,16,5,0,1.797162496484816,0.8765670051798224,1.797162496484816
2017-2018,Pedro Obiang,West Ham,M,Midfielder,21,1564,2,0,13,7,3,0,0.3268697001039982,0.5585408955812454,0.3268697001039982
2017-2018,Nathan Aké,Bournemouth,D,Defender,38,3353,2,3,18,9,5,0,2.2271396135911345,1.868868112564087,2.2271396135911345
2017-2018,Leighton Baines,Everton,D,Defender,22,1911,2,3,7,24,1,0,2.0704966159537435,2.298934182152152,0.5481556029990315
2017-2018,Dejan Lovren,Liverpool,D,Defender,29,2121,2,1,13,7,4,0,2.011371836066246,1.327236097306013,2.011371836066246
2017-2018,Wilfried Bony,Swansea,F,Forward,15,699,2,0,19,4,2,0,1.4676998127251863,0.1828439980745315,1.4676998127251863
2017-2018,Ashley Young,Manchester United,D,Defender,30,2451,2,4,18,27,7,0,0.7093265019357204,3.751370241865516,0.7093265019357204
2017-2018,Erik Lamela,Tottenham,M,Midfielder,25,822,2,2,20,16,4,0,3.576409109868109,1.848822276107967,3.576409109868109
2017-2018,Diafra Sakho,West Ham,S,Midfielder,14,264,2,0,9,1,2,0,1.7452047057449818,0.0256936997175216,1.7452047057449818
2017-2018,Ben Davies,Tottenham,D,Defender,29,2328,2,6,18,47,3,0,1.02003928180784,3.743327368516475,1.02003928180784
2017-2018,Idrissa Gueye,Everton,M,Midfielder,33,2769,2,1,24,15,6,1,1.5035941749811172,1.20610910654068,1.5035941749811172
2017-2018,César Azpilicueta,Chelsea,D,Defender,37,3330,2,6,13,32,1,0,1.3824910335242748,4.652556613087654,1.3824910335242748
2017-2018,Cesc Fàbregas,Chelsea,M,Midfielder,32,2314,2,4,38,90,5,1,2.5169959999620914,6.851440900936723,2.5169959999620914
2017-2018,Ruben Loftus-Cheek,Crystal Palace,M,Midfielder,24,1877,2,3,32,26,1,0,3.4516441831365228,3.24505303427577,3.4516441831365228
2017-2018,Kenedy,Newcastle,D,Defender,13,1039,2,2,23,13,1,0,2.404393939301372,1.815445363521576,2.404393939301372
2017-2018,Jack Cork,Burnley,M,Midfielder,38,3420,2,1,16,18,7,0,1.695135110989213,0.7797284973785281,1.695135110989213
2017-2018,Ki Sung-yueng,Swansea,M,Midfielder,25,1869,2,2,20,19,2,0,0.845365091226995,1.7742285821586847,0.845365091226995
2017-2018,Marc Albrighton,Leicester,D,Defender,34,2551,2,7,20,47,5,1,1.6331818122416737,5.699213662184775,1.6331818122416737
2017-2018,Andros Townsend,Crystal Palace,F,Forward,36,3141,2,7,62,66,3,0,3.11042121052742,8.643183490261436,3.11042121052742
2017-2018,Craig Dawson,West Brom,D,Defender,28,2512,2,0,15,9,6,0,2.262333201244473,0.9375915974378586,2.262333201244473
2017-2018,Jonny Evans,West Brom,D,Defender,28,2276,2,2,10,8,7,0,1.737644301727414,1.0450095143169165,1.737644301727414
2017-2018,Shane Long,Southampton,F,Forward,30,1566,2,1,32,20,6,0,3.991607930511236,1.311991207301617,3.991607930511236
2017-2018,Maya Yoshida,Southampton,D,Defender,24,2051,2,0,19,5,1,1,1.985938349738717,0.5512872105464339,1.985938349738717
2017-2018,Ciaran Clark,Newcastle,D,Defender,20,1744,2,1,11,4,3,0,2.1719513945281506,0.9510246887803078,2.1719513945281506
2017-2018,Tom Davies,Everton,M,Midfielder,33,1901,2,1,21,10,7,0,1.4846298242919147,0.6502153109759092,1.4846298242919147
2017-2018,João Mário,West Ham,F,Forward,13,1037,2,1,16,16,0,0,1.7682282999157906,1.1529978923499584,1.7682282999157906
2017-2018,Scott Arfield,Burnley,M,Midfielder,18,1343,2,1,18,7,3,0,1.3560621263459325,0.3993820995092392,1.3560621263459325
2017-2018,Johann Berg Gudmundsson,Burnley,M,Midfielder,35,2845,2,8,52,68,2,0,2.947692224755883,5.046248677186668,2.947692224755883
2017-2018,Michy Batshuayi,Chelsea,F,Forward,12,342,2,1,13,1,0,0,1.3368121981620789,0.0939797013998031,1.3368121981620789
2017-2018,Harry Maguire,Leicester,D,Defender,38,3420,2,4,29,18,8,0,2.30911120492965,4.558800941333175,2.30911120492965
2017-2018,Jake Livermore,West Brom,M,Midfielder,34,2677,2,2,15,20,5,0,2.63809828273952,1.529144805856049,2.63809828273952
2017-2018,Christian Kabasele,Watford,D,Defender,28,2330,2,0,10,3,5,0,0.7799922414124012,0.1301094982773065,0.7799922414124012
2017-2018,Alfie Mawson,Swansea,D,Defender,38,3420,2,1,19,5,3,0,2.5057023419067264,0.5643081031739712,2.5057023419067264
2017-2018,Sofiane Boufal,Southampton,M,Midfielder,26,1198,2,2,30,21,1,0,1.6343520805239675,1.7094557285308838,1.6343520805239675
2017-2018,Jack Stephens,Southampton,D,Defender,22,1980,2,0,11,4,6,1,1.3008270058780909,0.2391973892226815,1.3008270058780909
2017-2018,Matt Phillips,West Brom,D,Defender,30,2097,2,2,28,33,3,0,2.595402989536524,3.2734625097364187,2.595402989536524
2017-2018,Hal Robson-Kanu,West Brom,F,Forward,21,811,2,0,19,8,2,1,1.898131085559725,0.4064530003815889,1.898131085559725
2017-2018,Jeff Hendrick,Burnley,M,Midfielder,34,2363,2,2,26,26,1,0,2.092277371324599,2.6957106050103903,2.092277371324599
2017-2018,Lys Mousset,Bournemouth,F,Forward,23,569,2,0,22,4,1,0,1.1464906251057982,1.1066882945597172,1.1464906251057982
2017-2018,Ramadan Sobhi,Stoke,D,Defender,24,1227,2,0,13,15,2,0,1.0705089047551155,0.9927289932966232,1.0705089047551155
2017-2018,Antonio Rüdiger,Chelsea,D,Defender,27,2337,2,1,16,3,4,0,2.0695582795888186,0.5013577099889517,2.0695582795888186
2017-2018,Christian Atsu,Newcastle,M,Midfielder,28,1777,2,2,35,24,1,0,3.966686042025685,2.780285203829408,3.966686042025685
2017-2018,Tiemoué Bakayoko,Chelsea,M,Midfielder,29,2118,2,2,40,16,3,1,3.4481765162199736,1.316331576555967,3.4481765162199736
2017-2018,Serge Aurier,Tottenham,D,Defender,17,1432,2,2,15,15,1,1,0.7677816124632955,2.6423257868736982,0.7677816124632955
2017-2018,Ahmed Hegazy,West Brom,D,Defender,38,3389,2,0,14,6,4,0,2.3179467879235744,0.4174182005226612,2.3179467879235744
2017-2018,Tomer Hemed,Brighton,F,Forward,16,849,2,2,17,3,0,0,1.702439421787858,0.1079846993088722,1.702439421787858
2017-2018,Tom Ince,Huddersfield,M,Midfielder,33,2465,2,0,70,18,0,0,6.729042689315975,1.4676385000348091,6.729042689315975
2017-2018,Mohamed Diamé,Newcastle,M,Midfielder,31,2042,2,0,20,14,3,0,1.6824482176452875,1.005540020763874,1.6824482176452875
2017-2018,Will Hughes,Watford,F,Forward,15,1004,2,3,12,18,0,0,0.6624465938657522,1.4841907946392894,0.6624465938657522
2017-2018,Badou Ndiaye,Stoke,M,Midfielder,13,1144,2,1,19,7,5,0,1.147782389074564,0.3058458026498556,1.147782389074564
2017-2018,Granit Xhaka,Arsenal,M,Midfielder,38,3274,1,7,66,39,10,0,2.1774980118498206,2.860932535491884,2.1774980118498206
2017-2018,Elias Kachunga,Huddersfield,F,Forward,19,1350,1,1,12,10,1,0,1.8368729976937173,0.6263600084930658,1.8368729976937173
2017-2018,Ragnar Klavan,Liverpool,D,Defender,19,1448,1,0,1,4,0,0,0.9329169988632202,0.1354067996144294,0.9329169988632202
2017-2018,Joel Matip,Liverpool,D,Defender,25,1993,1,0,11,5,3,0,2.3469542302191257,0.5782749094069004,2.3469542302191257
2017-2018,Charlie Daniels,Bournemouth,D,Defender,35,3012,1,3,20,30,0,0,0.5691780680790544,2.4838927080854774,0.5691780680790544
2017-2018,Mamadou Sakho,Crystal Palace,D,Defender,19,1598,1,2,3,2,1,0,1.4854769185185432,1.0133860111236572,1.4854769185185432
2017-2018,Per Mertesacker,Arsenal,D,Defender,6,360,1,0,2,0,0,0,0.0877454970031976,0.0,0.0877454970031976
2017-2018,Scott Dann,Crystal Palace,D,Defender,17,1435,1,0,19,5,4,0,2.433366016484797,0.2180560976266861,2.433366016484797
2017-2018,Yannick Bolasie,Everton,F,Forward,16,851,1,0,19,4,0,0,2.023974006064236,0.3391269966959953,2.023974006064236
2017-2018,Angelo Ogbonna,West Ham,D,Defender,32,2880,1,0,9,6,3,0,0.7748627103865147,0.4505201913416385,0.7748627103865147
2017-2018,Aaron Cresswell,West Ham,D,Defender,36,3081,1,7,21,34,7,0,0.6747351279482245,3.3183175958693027,0.6747351279482245
2017-2018,Miguel Britos,Watford,D,Defender,12,798,1,0,3,3,3,1,0.8243592055514455,0.8880611248314381,0.8243592055514455
2017-2018,Etienne Capoue,Watford,M,Midfielder,23,1544,1,0,23,8,3,0,0.975931303575635,0.7933374866843224,0.975931303575635
2017-2018,Gareth Barry,West Brom,M,Midfielder,25,1935,1,1,16,17,4,0,1.364056725986302,1.4177412083372474,1.364056725986302
2017-2018,Gerard Deulofeu,Watford,F,Forward,7,443,1,0,8,11,0,0,0.5635107047855854,0.5860524969175458,0.5635107047855854
2017-2018,Tom Cleverley,Watford,M,Midfielder,23,1909,1,2,16,29,1,1,1.7756134159862995,1.4005652014166117,1.014444399625063
2017-2018,Jordan Henderson,Liverpool,M,Midfielder,27,2172,1,1,15,25,1,0,1.1374372886493802,1.953770898282528,1.1374372886493802
2017-2018,Vincent Kompany,Manchester City,D,Defender,17,1401,1,1,9,4,6,0,1.020152511075139,0.4082298064604401,1.020152511075139
2017-2018,Nacer Chadli,West Brom,F,Forward,5,216,1,0,4,2,1,0,0.1247536987066268,0.0998227968811988,0.1247536987066268
2017-2018,James Collins,West Ham,D,Defender,13,1051,1,0,4,2,3,0,0.4777906779199838,0.5068465899676085,0.4777906779199838
2017-2018,Nemanja Matic,Manchester United,M,Midfielder,36,3121,1,1,18,23,6,0,0.4516920950263738,1.3941086092963817,0.4516920950263738
2017-2018,Federico Fernández,Swansea,D,Defender,30,2678,1,1,8,6,5,0,1.0560476016253233,0.7558943126350641,1.0560476016253233
2017-2018,Ashley Williams,Everton,D,Defender,24,1840,1,0,13,3,3,1,0.7898285016417503,0.1547699952498078,0.7898285016417503
2017-2018,Leroy Fer,Swansea,M,Midfielder,20,1399,1,1,12,10,5,0,1.6069245170801878,1.1950314790010452,1.6069245170801878
2017-2018,N&#039;Golo Kanté,Chelsea,M,Midfielder,34,3005,1,1,25,41,3,0,0.7318645026534796,3.633253114297986,0.7318645026534796
2017-2018,Daniel Drinkwater,Chelsea,M,Midfielder,12,519,1,0,6,5,0,0,0.1754119964316487,0.2692181952297687,0.1754119964316487
2017-2018,Leonardo Ulloa,"Brighton,Leicester",F,Forward,14,264,1,0,3,7,0,0,0.682668823748827,0.2092032032087445,0.682668823748827
2017-2018,Jonjo Shelvey,Newcastle,M,Midfielder,30,2268,1,3,42,41,2,2,2.1764818001538515,2.6017918046563864,2.1764818001538515
2017-2018,Georginio Wijnaldum,Liverpool,D,Defender,33,2392,1,2,38,22,1,0,2.9904263420030475,1.640650313347578,2.9904263420030475
2017-2018,Moussa Sissoko,Tottenham,M,Midfielder,33,1385,1,1,19,27,3,0,2.9389142598956823,2.5008671516552567,2.9389142598956823
2017-2018,Aleksandar Mitrovic,Newcastle,S,Midfielder,6,73,1,0,4,3,0,0,1.2253827080130577,0.2734846994280815,1.2253827080130577
2017-2018,Henri Saivet,Newcastle,M,Midfielder,1,86,1,0,1,0,0,0,0.039021398872137,0.0,0.039021398872137
2017-2018,Robbie Brady,Burnley,M,Midfielder,15,1279,1,2,24,25,3,0,1.1337131969630718,2.1779294349253178,1.1337131969630718
2017-2018,Nathan Redmond,Southampton,F,Forward,31,1947,1,3,44,42,3,0,2.318285396322608,4.201632303185761,2.318285396322608
2017-2018,Darren Fletcher,Stoke,M,Midfielder,27,2234,1,1,11,23,0,0,0.2892570002004504,1.6923288144171238,0.2892570002004504
2017-2018,James McClean,West Brom,F,Forward,30,1378,1,0,30,17,7,0,1.7565355356782677,0.7149944948032498,1.7565355356782677
2017-2018,Alex Pritchard,Huddersfield,F,Forward,14,1006,1,1,18,21,1,0,1.1473921313881874,2.110275693237781,1.1473921313881874
2017-2018,Adam Smith,Bournemouth,D,Defender,27,2067,1,3,13,21,6,0,0.4273650301620364,1.4670487884432075,0.4273650301620364
2017-2018,Victor Wanyama,Tottenham,M,Midfielder,18,830,1,0,11,5,2,0,0.3189944298937917,0.263057604432106,0.3189944298937917
2017-2018,Oriol Romeu,Southampton,M,Midfielder,34,2911,1,0,27,22,11,0,2.579035830684006,1.6574509656056762,2.579035830684006
2017-2018,Fabian Delph,Manchester City,D,Defender,22,1747,1,2,10,11,2,0,0.1995420008897781,1.313318818807602,0.1995420008897781
2017-2018,Harry Arter,Bournemouth,M,Midfielder,13,961,1,0,11,3,4,0,0.2998598013073206,0.2067215032875538,0.2998598013073206
2017-2018,Ryan Shawcross,Stoke,D,Defender,27,2371,1,1,24,2,2,0,2.781674879603088,0.2153262048959732,2.781674879603088
2017-2018,Kurt Zouma,Stoke,D,Defender,34,2889,1,0,20,6,1,0,1.1290201861411333,0.4733515027910471,1.1290201861411333
2017-2018,Danny Ings,Liverpool,F,Forward,8,263,1,0,8,3,0,0,1.5471435450017452,0.1833355072885751,1.5471435450017452
2017-2018,James Morrison,West Brom,M,Midfielder,4,204,1,0,4,3,0,0,1.032514087855816,0.1129876002669334,1.032514087855816
2017-2018,Sam Field,West Brom,M,Midfielder,10,545,1,0,5,4,2,0,0.5942727997899055,0.1794712990522384,0.5942727997899055
2017-2018,Jack Wilshere,Arsenal,M,Midfielder,20,1179,1,3,15,15,6,0,1.1624423153698444,2.2813697066158056,1.1624423153698444
2017-2018,Molla Wagué,Watford,D,Defender,6,441,1,0,3,0,0,0,0.6763319820165634,0.0,0.6763319820165634
2017-2018,Davide Zappacosta,Chelsea,D,Defender,22,1092,1,1,25,13,0,0,1.5650927070528269,1.2953772656619549,1.5650927070528269
2017-2018,Mario Lemina,Southampton,M,Midfielder,25,1725,1,1,23,8,2,0,0.7032240023836493,0.6373134171590209,0.7032240023836493
2017-2018,Stephen Ward,Burnley,D,Defender,28,2463,1,1,7,16,1,0,0.3668020013719797,1.5311810243874788,0.3668020013719797
2017-2018,Steven Defour,Burnley,M,Midfielder,24,2034,1,1,19,19,6,0,0.5989387920126319,1.1606487929821014,0.5989387920126319
2017-2018,David Luiz,Chelsea,D,Defender,10,840,1,0,11,1,4,1,0.7608347870409489,0.0336765982210636,0.7608347870409489
2017-2018,Dominic Solanke,Liverpool,F,Forward,21,552,1,1,22,15,0,0,3.6663912441581488,2.531804454512894,3.6663912441581488
2017-2018,Islam Slimani,"Leicester,Newcastle United",F,Forward,16,353,1,1,7,6,1,0,1.3148727025836706,0.5046326089650393,1.3148727025836706
2017-2018,Andrew Robertson,Liverpool,D,Defender,22,1949,1,5,12,23,2,0,0.6253565074875951,4.774726934731007,0.6253565074875951
2017-2018,Mike van der Hoorn,Swansea,D,Defender,24,1963,1,0,10,5,4,0,0.9428765969350934,0.6178052080795169,0.9428765969350934
2017-2018,Fernando Llorente,Tottenham,F,Forward,16,206,1,0,6,4,1,0,1.165848270058632,0.1289990022778511,1.165848270058632
2017-2018,Eric Bailly,Manchester United,D,Defender,13,998,1,0,3,2,2,0,1.0500178933143616,0.1993313953280449,1.0500178933143616
2017-2018,Kevin Long,Burnley,D,Defender,16,1440,1,2,10,5,1,0,1.7117623835802078,1.807452820241452,1.7117623835802078
2017-2018,Stefano Okaka,Watford,F,Forward,15,437,1,1,10,5,2,0,1.8603477291762829,0.3810372017323971,1.8603477291762829
2017-2018,Trent Alexander-Arnold,Liverpool,D,Defender,19,1582,1,1,12,25,3,0,0.9263144126161932,2.521920144557953,0.9263144126161932
2017-2018,Jesé,Stoke,F,Forward,13,619,1,1,12,9,0,0,0.9122485872358084,0.5384611915796995,0.9122485872358084
2017-2018,Kiko Femenía,Watford,D,Defender,23,1722,1,1,9,18,2,0,0.2966681942343712,1.52979302033782,0.2966681942343712
2017-2018,Mikel Merino,Newcastle,M,Midfielder,24,1336,1,1,16,16,4,0,0.5061763650737703,0.7422156911343336,0.5061763650737703
2017-2018,Luciano Narsingh,Swansea,F,Forward,18,607,1,0,9,10,0,0,1.1216849964112043,0.9455582015216352,1.1216849964112043
2017-2018,Jan Bednarek,Southampton,D,Defender,5,429,1,0,1,0,1,0,0.2803530097007751,0.0,0.2803530097007751
2017-2018,Lewis Dunk,Brighton,D,Defender,38,3420,1,1,27,11,7,0,3.159659122116864,1.3649564906954763,3.159659122116864
2017-2018,Solly March,Brighton,F,Forward,36,1817,1,1,28,19,3,0,1.255454589612782,1.73254269734025,1.255454589612782
2017-2018,Isaac Hayden,Newcastle,D,Defender,26,1370,1,0,14,11,7,0,0.8404327025637031,0.6397889088839293,0.8404327025637031
2017-2018,Jacob Murphy,Newcastle,M,Midfielder,25,1147,1,1,23,10,0,0,1.6504778694361448,1.390768381766975,1.6504778694361448
2017-2018,Joe Lolley,Huddersfield,M,Midfielder,6,213,1,0,3,1,1,0,0.0979831032454967,0.106562003493309,0.0979831032454967
2017-2018,André Carrillo,Watford,F,Forward,28,1533,1,2,23,20,2,0,1.985763205215335,2.932954210788012,1.985763205215335
2017-2018,Jürgen Locadia,Brighton,F,Forward,6,225,1,1,6,1,0,0,1.1535476129502058,0.1004299968481063,1.1535476129502058
2017-2018,Loris Karius,Liverpool,GK,Goalkeeper,19,1710,0,0,0,0,1,0,0.0,0.0,0.0
2017-2018,Andreas Christensen,Chelsea,D,Defender,27,2080,0,0,12,4,0,0,0.9954800978302956,0.1327016968280077,0.9954800978302956
2017-2018,Pierre-Emile Højbjerg,Southampton,M,Midfielder,23,1669,0,0,16,12,6,0,0.7022011950612068,0.5964418984949589,0.7022011950612068
2017-2018,Konstantinos Stafylidis,Stoke,D,Defender,5,338,0,0,4,2,0,0,0.0661002993583679,0.0235514799132943,0.0661002993583679
2017-2018,Markus Suttner,Brighton,D,Defender,14,1176,0,0,3,6,0,0,0.0741699892096221,0.268269401974976,0.0741699892096221
2017-2018,Simon Francis,Bournemouth,D,Defender,32,2706,0,1,13,27,8,1,0.4073728052899241,1.62935449462384,0.4073728052899241
2017-2018,Marc Pugh,Bournemouth,F,Forward,20,981,0,0,19,10,2,0,1.3375982083380222,0.5683215968310833,1.3375982083380222
2017-2018,Divock Origi,Liverpool,S,Midfielder,1,5,0,0,0,0,0,0,0.0,0.0,0.0
2017-2018,Adam Lallana,Liverpool,M,Midfielder,12,223,0,0,11,8,1,0,1.5457686018198729,0.4080988056957721,1.5457686018198729
2017-2018,Simon Mignolet,Liverpool,GK,Goalkeeper,19,1710,0,0,0,0,3,0,0.0,0.0,0.0
2017-2018,James Milner,Liverpool,M,Midfielder,32,1734,0,3,21,34,3,0,1.1417927127331495,3.4214612282812595,1.1417927127331495
2017-2018,Petr Cech,Arsenal,GK,Goalkeeper,34,3042,0,0,0,0,1,0,0.0,0.0,0.0
2017-2018,Mohamed Elneny,Arsenal,M,Midfielder,13,870,0,1,8,10,3,1,0.2833664044737816,0.7577551174908876,0.2833664044737816
2017-2018,Francis Coquelin,Arsenal,D,Defender,7,155,0,0,1,1,0,0,0.0838641971349716,0.5104960203170776,0.0838641971349716
2017-2018,David Ospina,Arsenal,GK,Goalkeeper,5,378,0,0,0,0,0,0,0.0,0.0,0.0
2017-2018,Calum Chambers,Arsenal,D,Defender,12,875,0,0,10,2,1,0,1.5631778556853533,0.1031677965074777,1.5631778556853533
2017-2018,Wayne Hennessey,Crystal Palace,GK,Goalkeeper,27,2430,0,0,0,1,1,0,0.0,0.3960070013999939,0.0
2017-2018,Joel Ward,Crystal Palace,D,Defender,19,1621,0,1,5,8,4,0,0.1989612989127636,0.878702076151967,0.1989612989127636
2017-2018,Damien Delaney,Crystal Palace,D,Defender,2,94,0,0,0,0,0,0,0.0,0.0,0.0
2017-2018,Pape Souaré,Crystal Palace,S,Midfielder,1,7,0,0,0,0,0,0,0.0,0.0,0.0
2017-2018,Jason Puncheon,Crystal Palace,M,Midfielder,10,560,0,0,10,5,5,0,1.378137692809105,0.4308172948658466,1.378137692809105
2017-2018,Yohan Cabaye,Crystal Palace,M,Midfielder,31,2422,0,1,38,41,7,0,2.1468065194785595,3.385513670742512,2.1468065194785595
2017-2018,Julian Speroni,Crystal Palace,GK,Goalkeeper,11,990,0,0,0,0,0,0,0.0,0.0,0.0
2017-2018,Adrian Mariappa,Watford,D,Defender,28,2208,0,0,10,4,4,0,0.615952898748219,0.1439169980585575,0.615952898748219
2017-2018,Martin Kelly,Crystal Palace,D,Defender,15,1199,0,0,5,2,1,0,0.3498201444745064,0.0872204964980483,0.3498201444745064
2017-2018,Lee Chung-yong,Crystal Palace,F,Forward,7,126,0,0,1,2,0,0,0.0177712999284267,0.0978254005312919,0.0177712999284267
2017-2018,Adrián,West Ham,GK,Goalkeeper,19,1710,0,0,0,0,2,0,0.0,0.0,0.0
2017-2018,Winston Reid,West Ham,D,Defender,17,1455,0,0,5,4,5,0,0.161590002477169,0.2370819970965385,0.161590002477169
2017-2018,Reece Oxford,West Ham,S,Midfielder,1,1,0,0,0,0,0,0,0.0,0.0,0.0
2017-2018,Kieran Gibbs,West Brom,D,Defender,33,2836,0,1,9,22,3,0,0.3904306041076779,1.9128205999732013,0.3904306041076779
2017-2018,David de Gea,Manchester United,GK,Goalkeeper,37,3330,0,0,0,1,0,0,0.0,0.0333255007863044,0.0
2017-2018,Daley Blind,Manchester United,D,Defender,7,361,0,0,3,4,0,0,0.1167609989643096,0.4060279820114374,0.1167609989643096
2017-2018,Timothy Fosu-Mensah,Crystal Palace,D,Defender,21,1595,0,0,8,6,2,0,0.2173014972358942,0.3670815974473953,0.2173014972358942
2017-2018,Marcos Rojo,Manchester United,D,Defender,9,649,0,0,5,2,6,0,0.0711890002712607,0.0729225017130374,0.0711890002712607
2017-2018,Morgan Schneiderlin,Everton,M,Midfielder,30,2125,0,0,5,8,4,1,0.3219172917306423,0.2061133030802011,0.3219172917306423
2017-2018,Ander Herrera,Manchester United,M,Midfielder,26,1249,0,2,12,11,5,0,0.4104606937617063,1.4179544849321246,0.4104606937617063
2017-2018,Matteo Darmian,Manchester United,D,Defender,8,442,0,0,2,1,0,0,0.0288006998598575,0.0212538000196218,0.0288006998598575
2017-2018,Sergio Romero,Manchester United,GK,Goalkeeper,1,90,0,0,0,0,0,0,0.0,0.0,0.0
2017-2018,Heurelho Gomes,Watford,GK,Goalkeeper,24,2130,0,0,0,0,0,0,0.0,0.0,0.0
2017-2018,Nyom,West Brom,D,Defender,29,2307,0,1,3,14,7,0,0.0564833907410502,1.1282283049076796,0.0564833907410502
2017-2018,Sebastian Prödl,Watford,D,Defender,21,1566,0,0,8,2,5,0,0.9169929064810276,0.3209409024566412,0.9169929064810276
2017-2018,José Holebas,Watford,D,Defender,28,2385,0,4,17,37,7,0,0.4316608998924494,3.713132351636887,0.4316608998924494
2017-2018,Ben Watson,Watford,M,Midfielder,8,463,0,0,1,3,1,0,0.043156698346138,0.1822484023869037,0.043156698346138
2017-2018,Nordin Amrabat,Watford,F,Forward,3,202,0,0,1,3,0,0,0.0234245993196964,0.111159898340702,0.0234245993196964
2017-2018,Craig Cathcart,Watford,D,Defender,7,496,0,0,2,0,1,0,0.1606210023164749,0.0,0.1606210023164749
2017-2018,Seamus Coleman,Everton,D,Defender,12,1038,0,1,5,7,0,0,1.3617833852767944,0.7792870067059994,1.3617833852767944
2017-2018,John Stones,Manchester City,D,Defender,18,1310,0,0,11,0,0,0,1.3271582154557109,0.0,1.3271582154557109
2017-2018,Phil Jagielka,Everton,D,Defender,25,2066,0,0,7,0,2,0,0.8036303035914898,0.0,0.8036303035914898
2017-2018,James McCarthy,Everton,M,Midfielder,4,210,0,0,1,1,0,0,0.028049599379301,0.0243862997740507,0.028049599379301
2017-2018,Ross Barkley,Chelsea,M,Midfielder,2,134,0,0,2,2,0,0,0.6863798871636391,0.0756093002855777,0.6863798871636391
2017-2018,Aaron Lennon,"Burnley,Everton",F,Forward,29,1933,0,2,14,11,2,0,0.6670299060642719,1.237819116562605,0.6670299060642719
2017-2018,Kevin Mirallas,Everton,F,Forward,5,140,0,0,4,1,1,0,0.1882504969835281,0.0587482005357742,0.1882504969835281
2017-2018,Ramiro Funes Mori,Everton,D,Defender,4,119,0,0,1,0,1,0,0.0451410003006458,0.0,0.0451410003006458
2017-2018,Nathaniel Clyne,Liverpool,D,Defender,3,173,0,0,2,1,1,0,0.1128190010786056,0.0860979035496711,0.1128190010786056
2017-2018,Alberto Moreno,Liverpool,D,Defender,16,1262,0,0,12,15,1,0,0.4868068788200617,0.8854626817628741,0.4868068788200617
2017-2018,Joe Hart,West Ham,GK,Goalkeeper,19,1710,0,1,0,2,0,0,0.0,0.5941482931375504,0.0
2017-2018,Pablo Zabaleta,West Ham,D,Defender,37,3299,0,1,6,18,9,0,0.3320964071899652,0.9275469975546002,0.3320964071899652
2017-2018,Willy Caballero,Chelsea,GK,Goalkeeper,3,270,0,0,0,0,0,0,0.0,0.0,0.0
2017-2018,Eliaquim Mangala,"Everton,Manchester City",D,Defender,11,605,0,0,2,1,0,0,0.1819916069507599,0.0157753005623817,0.1819916069507599
2017-2018,Alex McCarthy,Southampton,GK,Goalkeeper,18,1620,0,0,0,0,2,0,0.0,0.0,0.0
2017-2018,Hugo Lloris,Tottenham,GK,Goalkeeper,36,3240,0,0,0,0,1,0,0.0,0.0,0.0
2017-2018,Kyle Walker,Manchester City,D,Defender,32,2792,0,6,13,30,2,1,0.7181962039321661,4.840455614030361,0.7181962039321661
2017-2018,Toby Alderweireld,Tottenham,D,Defender,14,1177,0,0,10,3,3,0,0.3509892979636788,0.1814270950853824,0.3509892979636788
2017-2018,Jan Vertonghen,Tottenham,D,Defender,36,3209,0,0,24,12,4,0,0.8095573652535677,1.020745286718011,0.8095573652535677
2017-2018,Danny Rose,Tottenham,D,Defender,10,805,0,1,7,10,4,0,0.6538727879524231,0.5492810942232609,0.6538727879524231
2017-2018,Mousa Dembélé,Tottenham,M,Midfielder,28,1882,0,0,11,18,6,0,0.3571103988215327,0.5999714890494943,0.3571103988215327
2017-2018,Eric Dier,Tottenham,D,Defender,34,2832,0,2,32,15,4,0,1.480941399000585,1.854506896808744,1.480941399000585
2017-2018,Kevin Wimmer,Stoke,D,Defender,17,1318,0,0,1,3,5,0,0.0695132985711097,0.160945801064372,0.0695132985711097
2017-2018,Michel Vorm,Tottenham,GK,Goalkeeper,1,90,0,0,0,0,0,0,0.0,0.0,0.0
2017-2018,Kieran Trippier,Tottenham,D,Defender,24,1910,0,5,7,41,1,0,0.4290477242320776,4.263984676450491,0.4290477242320776
2017-2018,Tom Carroll,Swansea,M,Midfielder,37,2564,0,4,20,45,3,0,0.7736401930451393,3.896157931536436,0.7736401930451393
2017-2018,Michael Carrick,Manchester United,M,Midfielder,2,110,0,0,2,1,0,0,0.404230797663331,0.039173200726509,0.404230797663331
2017-2018,Ashley Westwood,Burnley,M,Midfielder,19,1099,0,1,8,8,2,0,0.7065227087587118,0.8122401311993599,0.7065227087587118
2017-2018,Thibaut Courtois,Chelsea,GK,Goalkeeper,35,3150,0,0,0,0,2,0,0.0,0.0,0.0
2017-2018,Asmir Begovic,Bournemouth,GK,Goalkeeper,38,3420,0,0,0,1,2,0,0.0,0.0409124009311199,0.0
2017-2018,Gary Cahill,Chelsea,D,Defender,27,2075,0,0,10,3,1,1,0.4605973036959767,0.0830385014414787,0.4605973036959767
2017-2018,Kasey Palmer,Huddersfield,M,Midfielder,4,165,0,0,2,1,2,0,0.0800703018903732,0.0466761998832225,0.0800703018903732
2017-2018,Lukasz Fabianski,Swansea,GK,Goalkeeper,38,3420,0,0,0,1,0,0,0.0,0.0184467993676662,0.0
2017-2018,Angel Rangel,Swansea,D,Defender,4,154,0,0,0,1,0,0,0.0,0.1204760000109672,0.0
2017-2018,Kyle Naughton,Swansea,D,Defender,34,3037,0,2,12,12,1,0,0.3098699990659952,0.3573426995426416,0.3098699990659952
2017-2018,Wayne Routledge,Swansea,F,Forward,15,417,0,0,5,5,1,0,0.3855976965278387,0.380062997341156,0.3855976965278387
2017-2018,DeAndre Yedlin,Newcastle,D,Defender,34,2838,0,2,6,18,5,0,0.1428941981866955,2.098215593956411,0.1428941981866955
2017-2018,Younes Kaboul,Watford,D,Defender,2,153,0,0,0,0,0,0,0.0,0.0,0.0
2017-2018,Jordan Pickford,Everton,GK,Goalkeeper,38,3420,0,0,0,3,0,0,0.0,0.0667151007801294,0.0
2017-2018,Kasper Schmeichel,Leicester,GK,Goalkeeper,33,2968,0,0,0,1,2,0,0.0,0.056529700756073,0.0
2017-2018,Danny Simpson,Leicester,D,Defender,28,2325,0,0,3,5,4,0,0.1328608989715576,0.1542365960776806,0.1328608989715576
2017-2018,Wes Morgan,Leicester,D,Defender,32,2817,0,0,12,5,4,0,1.927958566695452,0.4055636972188949,1.927958566695452
2017-2018,Christian Fuchs,Leicester,D,Defender,25,1917,0,1,11,19,1,0,0.5828047916293144,0.9761433023959398,0.5828047916293144
2017-2018,Jeffrey Schlupp,Crystal Palace,D,Defender,24,1753,0,1,15,12,3,0,1.0350670386105776,1.1780938170850277,1.0350670386105776
2017-2018,Daniel Amartey,Leicester,D,Defender,8,487,0,0,0,0,0,1,0.0,0.0,0.0
2017-2018,Robert Elliot,Newcastle,GK,Goalkeeper,16,1440,0,0,0,0,0,0,0.0,0.0,0.0
2017-2018,Karl Darlow,Newcastle,GK,Goalkeeper,10,900,0,0,0,0,0,0,0.0,0.0,0.0
2017-2018,Ben Chilwell,Leicester,D,Defender,24,1855,0,2,6,20,1,1,0.2237122012302279,2.6106312330812216,0.2237122012302279
2017-2018,Nathan Dyer,Swansea,F,Forward,24,1307,0,0,10,10,2,0,0.8463072124868631,0.6981970025226474,0.8463072124868631
2017-2018,Martin Olsson,Swansea,D,Defender,36,3159,0,1,17,13,7,0,0.8586820987984538,0.6865647071972489,0.8586820987984538
2017-2018,Ben Foster,West Brom,GK,Goalkeeper,37,3330,0,0,0,2,2,0,0.0,0.0455644000321626,0.0
2017-2018,Gareth McAuley,West Brom,D,Defender,9,454,0,0,0,0,0,0,0.0,0.0,0.0
2017-2018,Claudio Yacob,West Brom,M,Midfielder,16,895,0,0,7,1,5,0,0.3040450923144817,0.0164589993655681,0.3040450923144817
2017-2018,Saido Berahino,Stoke,F,Forward,15,467,0,1,10,3,0,0,1.744910420849919,0.3682931009680033,0.9837414044886827
2017-2018,Boaz Myhill,West Brom,GK,Goalkeeper,1,90,0,0,0,0,1,0,0.0,0.0,0.0
2017-2018,Benik Afobe,Bournemouth,F,Forward,17,524,0,0,7,2,0,0,1.4485037550330162,0.1121834963560104,1.4485037550330162
2017-2018,Leon Britton,Swansea,M,Midfielder,5,308,0,0,0,0,1,0,0.0,0.0,0.0
2017-2018,Fraser Forster,Southampton,GK,Goalkeeper,20,1800,0,0,0,0,0,0,0.0,0.0,0.0
2017-2018,Cuco Martina,Everton,D,Defender,21,1830,0,2,2,13,2,0,0.0853299982845783,1.5226872907951474,0.0853299982845783
2017-2018,Virgil van Dijk,"Liverpool,Southampton",D,Defender,26,2252,0,0,27,8,1,0,1.944554379209876,2.322089312598109,1.944554379209876
2017-2018,José Fonte,West Ham,D,Defender,8,696,0,1,8,4,0,0,0.4053119905292988,0.5144699942320585,0.4053119905292988
2017-2018,Ryan Bertrand,Southampton,D,Defender,35,3138,0,4,20,35,2,0,2.0217595295980573,2.821567341685295,2.0217595295980573
2017-2018,Cédric Soares,Southampton,D,Defender,32,2800,0,3,23,24,3,0,0.6679674061015248,3.4794948138296604,0.6679674061015248
2017-2018,Chancel Mbemba,Newcastle,D,Defender,9,673,0,0,0,4,0,0,0.0,0.6038043815642595,0.0
2017-2018,Paul Dummett,Newcastle,D,Defender,20,1603,0,0,4,6,1,0,0.2257615979760885,0.7111772075295448,0.2257615979760885
2017-2018,Jack Butland,Stoke,GK,Goalkeeper,35,3150,0,0,0,1,0,0,0.0,0.0240446999669075,0.0
2017-2018,Phil Bardsley,Burnley,D,Defender,13,1130,0,0,2,5,5,0,0.02899428922683,0.2951515009626746,0.02899428922683
2017-2018,Geoff Cameron,Stoke,D,Defender,20,1526,0,0,5,6,2,0,0.1912522036582231,0.0975805488415062,0.1912522036582231
2017-2018,Jonathan Walters,Burnley,S,Midfielder,3,29,0,0,1,0,0,0,0.1794359982013702,0.0,0.1794359982013702
2017-2018,Ibrahim Afellay,Stoke,M,Midfielder,6,157,0,0,0,0,1,0,0.0,0.0,0.0
2017-2018,Stephen Ireland,Stoke,M,Midfielder,4,124,0,0,3,1,1,0,0.4860932976007461,0.0328818000853061,0.4860932976007461
2017-2018,Bojan,Stoke,M,Midfielder,1,73,0,0,1,1,0,0,0.0282230991870164,0.021833699196577,0.0282230991870164
2017-2018,Charlie Adam,Stoke,M,Midfielder,11,402,0,0,10,6,2,1,1.2797173215076327,1.5309424251317978,0.5185483051463962
2017-2018,Yaya Touré,Manchester City,M,Midfielder,10,209,0,2,5,7,1,0,0.3550802022218704,0.7849329859018326,0.3550802022218704
2017-2018,Matt Targett,Southampton,D,Defender,2,168,0,0,0,2,0,0,0.0,0.1377752963453531,0.0
2017-2018,Kyle Walker-Peters,Tottenham,D,Defender,3,187,0,2,0,3,0,0,0.0,1.3938239887356758,0.0
2017-2018,Erik Pieters,Stoke,D,Defender,31,2726,0,1,3,14,5,0,0.0912973992526531,1.9800724918022752,0.0912973992526531
2017-2018,Jay Fulton,Swansea,S,Midfielder,2,16,0,0,0,0,1,0,0.0,0.0,0.0
2017-2018,Sam Byram,West Ham,D,Defender,5,250,0,0,4,2,1,0,0.2788085229694843,0.1510169953107834,0.2788085229694843
2017-2018,Chris Brunt,West Brom,D,Defender,26,1931,0,7,24,37,5,0,0.8310518963262439,4.718963000923395,0.8310518963262439
2017-2018,Muhamed Besic,Everton,S,Midfielder,2,43,0,0,0,1,0,0,0.0,0.0616348013281822,0.0
2017-2018,Rolando Aarons,Newcastle,M,Midfielder,4,133,0,0,2,0,0,0,0.0454143015667796,0.0,0.0454143015667796
2017-2018,Axel Tuanzebe,Manchester United,S,Midfielder,1,1,0,0,0,0,0,0,0.0,0.0,0.0
2017-2018,Massadio Haidara,Newcastle,S,Midfielder,1,1,0,0,0,0,0,0,0.0,0.0,0.0
2017-2018,Glen Johnson,Stoke,D,Defender,9,558,0,0,2,4,3,0,0.0881879013031721,0.1874537989497184,0.0881879013031721
2017-2018,Phil Jones,Manchester United,D,Defender,23,1974,0,0,2,2,2,0,0.5508504156023264,0.2009660005569458,0.5508504156023264
2017-2018,Kyle Bartley,Swansea,D,Defender,5,229,0,0,2,2,2,0,0.0724881999194622,0.1137800980359315,0.0724881999194622
2017-2018,Harry Winks,Tottenham,M,Midfielder,16,771,0,1,3,10,0,0,0.0489315995946526,0.5688206991180778,0.0489315995946526
2017-2018,Jerome Sinclair,Watford,S,Midfielder,4,26,0,0,0,1,0,0,0.0,0.078471302986145,0.0
2017-2018,Paulo Gazzaniga,Tottenham,GK,Goalkeeper,1,90,0,0,0,0,0,0,0.0,0.0,0.0
2017-2018,Yohan Benalouane,Leicester,D,Defender,1,90,0,0,1,0,0,0,0.014139300212264,0.0,0.014139300212264
2017-2018,Mason Holgate,Everton,D,Defender,15,1182,0,0,5,7,3,0,0.4696716889739036,0.6658227127045393,0.4696716889739036
2017-2018,Joseph Gomez,Liverpool,D,Defender,23,1900,0,2,5,17,3,0,0.4687799010425806,1.5318825021386149,0.4687799010425806
2017-2018,Luke Shaw,Manchester United,D,Defender,11,785,0,0,11,9,2,0,0.3249247949570417,0.3560355054214597,0.3249247949570417
2017-2018,Josh Cullen,West Ham,S,Midfielder,2,5,0,0,0,0,0,0,0.0,0.0,0.0
2017-2018,Tyrone Mings,Bournemouth,D,Defender,4,207,0,0,1,1,1,0,0.0205896999686956,0.0285608991980552,0.0205896999686956
2017-2018,Sullay Kaikai,Crystal Palace,S,Midfielder,1,12,0,0,0,0,0,0,0.0,0.0,0.0
2017-2018,Jonjoe Kenny,Everton,D,Defender,19,1585,0,1,3,10,2,0,0.1779693011194467,1.7238540276885033,0.1779693011194467
2017-2018,Orestis Karnezis,Watford,GK,Goalkeeper,15,1290,0,0,0,0,0,0,0.0,0.0,0.0
2017-2018,Wesley Hoedt,Southampton,D,Defender,28,2520,0,1,15,10,7,0,1.847747405059636,0.780554105527699,1.847747405059636
2017-2018,Emerson,Chelsea,D,Defender,5,277,0,1,2,1,0,0,0.1866445988416671,0.034561600536108,0.1866445988416671
2017-2018,Patrice Evra,West Ham,D,Defender,5,242,0,0,0,0,0,0,0.0,0.0,0.0
2017-2018,Tom Heaton,Burnley,GK,Goalkeeper,4,305,0,0,0,0,0,0,0.0,0.0,0.0
2017-2018,Matthew Lowton,Burnley,D,Defender,26,2290,0,3,3,14,1,0,0.0793428998440504,1.7641669921576977,0.0793428998440504
2017-2018,Michael Keane,Everton,D,Defender,30,2563,0,1,15,4,3,0,1.2515033166855574,0.9502726048231124,1.2515033166855574
2017-2018,Ben Mee,Burnley,D,Defender,29,2610,0,0,24,6,5,0,1.662844487465918,0.2265049004927277,1.662844487465918
2017-2018,James Tarkowski,Burnley,D,Defender,31,2790,0,0,18,8,5,0,0.8934777081012726,1.0765656530857086,0.8934777081012726
2017-2018,Marko Grujic,Liverpool,S,Midfielder,3,9,0,0,0,1,0,0,0.0,0.0299961995333433,0.0
2017-2018,Edimilson Fernandes,West Ham,D,Defender,14,856,0,1,7,7,1,0,0.2303449856117367,0.3474455047398805,0.2303449856117367
2017-2018,Nathaniel Chalobah,Watford,M,Midfielder,6,448,0,0,12,1,1,0,0.7731210584752262,0.0261199995875358,0.7731210584752262
2017-2018,Eldin Jakupovic,Leicester,GK,Goalkeeper,2,180,0,0,0,0,0,0,0.0,0.0,0.0
2017-2018,Javier Manquillo,Newcastle,D,Defender,21,1759,0,1,2,11,2,0,0.0879379995167255,1.1177465105429292,0.0879379995167255
2017-2018,Georges-Kévin Nkoudou,"Burnley,Tottenham",M,Midfielder,9,217,0,0,3,1,1,0,0.0876599978655576,0.0499318987131118,0.0876599978655576
2017-2018,Vincent Janssen,Tottenham,S,Midfielder,1,1,0,0,0,0,0,0,0.0,0.0,0.0
2017-2018,Claudio Bravo,Manchester City,GK,Goalkeeper,3,225,0,0,0,0,0,0,0.0,0.0,0.0
2017-2018,Sam McQueen,Southampton,D,Defender,7,136,0,0,1,3,0,0,0.0268737003207206,0.1188498977571725,0.0268737003207206
2017-2018,Oliver McBurnie,Swansea,F,Forward,11,257,0,1,5,1,0,0,0.2464730069041252,0.5389220118522644,0.2464730069041252
2017-2018,Zlatan Ibrahimovic,Manchester United,M,Midfielder,5,97,0,0,4,2,0,0,0.2953645959496498,0.1190811023116111,0.2953645959496498
2017-2018,Lee Grant,Stoke,GK,Goalkeeper,3,270,0,0,0,0,0,0,0.0,0.0,0.0
2017-2018,Bruno Martins Indi,Stoke,D,Defender,17,1248,0,0,4,3,3,0,0.3868343066424131,0.0548578994348645,0.3868343066424131
2017-2018,Josh Tymon,Stoke,D,Defender,3,161,0,0,0,0,0,0,0.0,0.0,0.0
2017-2018,Rob Holding,Arsenal,D,Defender,12,816,0,0,1,2,3,0,0.1069499999284744,0.0338391996920108,0.1069499999284744
2017-2018,Ainsley Maitland-Niles,Arsenal,D,Defender,15,908,0,0,5,8,1,0,0.2005000989884138,0.9780506305396556,0.2005000989884138
2017-2018,Ben Hamer,Leicester,GK,Goalkeeper,4,272,0,0,0,0,0,0,0.0,0.0,0.0
2017-2018,Arthur Masuaku,West Ham,D,Defender,27,1864,0,3,9,17,5,0,0.1999187804758548,2.027213921770453,0.1999187804758548
2017-2018,Julien Ngoy,Stoke,S,Midfielder,1,16,0,0,0,0,0,0,0.0,0.0,0.0
2017-2018,Freddie Ladapo,Crystal Palace,S,Midfielder,1,15,0,0,0,0,0,0,0.0,0.0,0.0
2017-2018,Jérémy Pied,Southampton,D,Defender,2,180,0,1,2,2,0,0,0.0282767005264759,0.2431480064988136,0.0282767005264759
2017-2018,Lewis Cook,Bournemouth,M,Midfielder,29,2243,0,2,18,28,5,0,0.3666650988161564,1.453375750221312,0.3666650988161564
2017-2018,Charly Musonda,Chelsea,S,Midfielder,3,32,0,1,2,1,0,0,0.1108400002121925,0.5417490005493164,0.1108400002121925
2017-2018,Jesús Gámez,Newcastle,D,Defender,2,96,0,0,1,4,0,0,0.0312503986060619,0.1256378013640642,0.0312503986060619
2017-2018,Roque Mesa,Swansea,M,Midfielder,11,762,0,0,7,5,3,0,0.1345084989443421,0.1279144017025828,0.1345084989443421
2017-2018,Mat Ryan,Brighton,GK,Goalkeeper,38,3420,0,0,0,0,0,0,0.0,0.0,0.0
2017-2018,Grzegorz Krychowiak,West Brom,M,Midfielder,27,1644,0,2,15,13,2,0,0.4655823772773146,1.7196662784554064,0.4655823772773146
2017-2018,Aymeric Laporte,Manchester City,D,Defender,9,808,0,0,3,2,1,0,0.0780207002535462,0.139114299789071,0.0780207002535462
2017-2018,Sandro Ramírez,Everton,F,Forward,8,278,0,0,9,1,0,0,0.4855107013136148,0.0733463019132614,0.4855107013136148
2017-2018,Oleksandr Zinchenko,Manchester City,D,Defender,8,534,0,0,5,8,1,0,0.0907929968088865,0.352420100942254,0.0907929968088865
2017-2018,Lucas Moura,Tottenham,M,Midfielder,6,208,0,1,5,6,0,0,0.1636409582570195,0.3143129982054233,0.1636409582570195
2017-2018,Benjamin Mendy,Manchester City,D,Defender,7,357,0,1,5,9,2,0,0.1237198011949658,0.9633522108197212,0.1237198011949658
2017-2018,Guido Carrillo,Southampton,F,Forward,7,453,0,1,11,4,0,0,0.5400164984166622,0.3096895925700664,0.5400164984166622
2017-2018,Jonas Lössl,Huddersfield,GK,Goalkeeper,38,3420,0,1,0,3,1,0,0.0,0.6143332105129957,0.0
2017-2018,Jeremie Boga,Chelsea,M,Midfielder,1,17,0,0,0,0,0,0,0.0,0.0,0.0
2017-2018,Ezequiel Schelotto,Brighton,D,Defender,20,1314,0,0,6,5,3,0,0.2161752022802829,0.5560560114681721,0.2161752022802829
2017-2018,Uwe Hünemeier,Brighton,S,Midfielder,1,16,0,0,0,0,0,0,0.0,0.0,0.0
2017-2018,Matthew James,Leicester,M,Midfielder,13,997,0,0,11,2,2,0,0.866982389241457,0.1140854991972446,0.866982389241457
2017-2018,Liam Rosenior,Brighton,D,Defender,3,157,0,0,2,0,0,0,0.0542123988270759,0.0,0.0542123988270759
2017-2018,Isaiah Brown,Brighton,F,Forward,13,296,0,0,1,6,0,0,0.0928499996662139,0.7915277034044266,0.0928499996662139
2017-2018,Florian Lejeune,Newcastle,D,Defender,24,2103,0,2,13,7,3,0,0.3279310492798686,1.53646370023489,0.3279310492798686
2017-2018,Florent Hadergjonaj,Huddersfield,D,Defender,23,1675,0,1,9,24,3,0,0.5611832942813635,1.2935401927679775,0.5611832942813635
2017-2018,Aleksandar Dragovic,Leicester,D,Defender,11,765,0,0,1,0,2,0,0.110555000603199,0.0,0.110555000603199
2017-2018,Renato Sanches,Swansea,M,Midfielder,12,703,0,0,12,6,1,0,0.3692075982689857,0.2528506983071565,0.3692075982689857
2017-2018,Oliver Burke,West Brom,F,Forward,15,336,0,2,4,4,0,0,0.4550080150365829,0.4694495080038905,0.4550080150365829
2017-2018,Moritz Bauer,Stoke,D,Defender,15,1311,0,0,3,14,4,0,0.1535779032856226,1.0045691952109337,0.1535779032856226
2017-2018,Wilfred Ndidi,Leicester,M,Midfielder,33,2902,0,3,41,11,6,2,1.5658826967701316,0.5101174954324961,1.5658826967701316
2017-2018,Nick Pope,Burnley,GK,Goalkeeper,35,3115,0,0,0,4,3,0,0.0,0.1990970037877559,0.0
2017-2018,Declan Rice,West Ham,D,Defender,26,1419,0,0,5,2,1,0,0.2339269053190946,0.0907731987535953,0.2339269053190946
2017-2018,Ademola Lookman,Everton,M,Midfielder,7,145,0,0,3,1,0,0,0.1449168026447296,0.0077863498590886,0.1449168026447296
2017-2018,Ben Woodburn,Liverpool,S,Midfielder,1,5,0,0,0,0,0,0,0.0,0.0,0.0
2017-2018,Scott McTominay,Manchester United,M,Midfielder,13,627,0,0,1,2,2,0,0.0359686017036438,0.036056499928236,0.0359686017036438
2017-2018,Rekeem Harper,West Brom,S,Midfielder,1,19,0,0,0,2,0,0,0.0,0.0493932999670505,0.0
2017-2018,Josh Sims,Southampton,M,Midfielder,6,158,0,0,11,2,0,0,0.5660226009786129,0.1332263983786106,0.5660226009786129
2017-2018,Connor Roberts,Swansea,D,Defender,4,268,0,0,0,0,0,0,0.0,0.0,0.0
2017-2018,Aaron Wan-Bissaka,Crystal Palace,D,Defender,7,630,0,0,0,3,1,0,0.0,0.2193699944764375,0.0
2017-2018,Thomas Edwards,Stoke,D,Defender,6,486,0,0,1,1,0,0,0.0144109996035695,0.5755749940872192,0.0144109996035695
2017-2018,Dodi Lukebakio,Watford,S,Midfielder,1,14,0,0,1,2,0,0,0.0188676007091999,0.0811434984207153,0.0188676007091999
2017-2018,Fousseni Diabate,Leicester,F,Forward,14,575,0,1,6,7,1,0,0.5881275981664658,0.3885362930595875,0.5881275981664658
2017-2018,Jairo Riedewald,Crystal Palace,D,Defender,12,421,0,0,1,0,0,0,0.0380422994494438,0.0,0.0380422994494438
2017-2018,Tommy Smith,Huddersfield,D,Defender,24,1911,0,1,8,15,7,0,0.1591714015230536,1.928782606497407,0.1591714015230536
2017-2018,Zanka,Huddersfield,D,Defender,38,3420,0,2,13,9,6,0,2.267965890467167,0.8845456931740046,2.267965890467167
2017-2018,Christopher Schindler,Huddersfield,D,Defender,37,3269,0,1,10,9,6,1,0.7634108904749155,2.44670644402504,0.7634108904749155
2017-2018,Chris Löwe,Huddersfield,D,Defender,23,1598,0,0,8,5,1,0,0.3496684031561017,0.3733361922204494,0.3496684031561017
2017-2018,Philip Billing,Huddersfield,M,Midfielder,16,755,0,0,7,2,3,0,0.1230229996144771,0.5159220099449158,0.1230229996144771
2017-2018,Collin Quaner,Huddersfield,M,Midfielder,26,1255,0,4,16,17,4,0,1.350244278088212,2.532941090874374,1.350244278088212
2017-2018,Danny Williams,Huddersfield,M,Midfielder,20,1108,0,0,12,4,2,0,0.3030080590397119,0.2359488941729068,0.3030080590397119
2017-2018,Michael Hefele,Huddersfield,S,Midfielder,2,30,0,0,0,0,1,0,0.0,0.0,0.0
2017-2018,Scott Malone,Huddersfield,D,Defender,22,1116,0,1,8,10,3,0,0.6542531978338957,0.4924254985526204,0.6542531978338957
2017-2018,Charlie Taylor,Burnley,D,Defender,11,950,0,0,0,4,3,0,0.0,0.1551053971052169,0.0
2017-2018,Davy Klaassen,Everton,M,Midfielder,7,246,0,0,2,2,0,0,0.0469127986580133,0.0961414985358715,0.0469127986580133
2017-2018,Bruno,Brighton,D,Defender,25,2022,0,0,2,9,3,0,0.0621652025729417,0.5950531922280788,0.0621652025729417
2017-2018,Shane Duffy,Brighton,D,Defender,37,3296,0,1,28,8,8,0,2.228687004186213,1.2224080273881557,2.228687004186213
2017-2018,Davy Pröpper,Brighton,M,Midfielder,35,3122,0,4,36,20,2,1,1.792492805980146,1.433047994971275,1.792492805980146
2017-2018,Dale Stephens,Brighton,M,Midfielder,36,3240,0,3,19,17,6,0,0.7653935039415956,2.108914197422564,0.7653935039415956
2017-2018,Jamie Murphy,Brighton,M,Midfielder,4,166,0,0,1,1,0,0,0.0585015006363391,0.0092531703412532,0.0585015006363391
2017-2018,Ederson,Manchester City,GK,Goalkeeper,36,3195,0,0,0,1,0,0,0.0,0.03262510150671,0.0
2017-2018,Phil Foden,Manchester City,S,Midfielder,5,41,0,1,0,2,0,0,0.0,0.4896077960729599,0.0
2017-2018,Terence Kongolo,Huddersfield,D,Defender,13,1043,0,0,2,3,0,0,0.1555068958550691,0.1678508967161178,0.1555068958550691
2017-2018,Victor Lindelöf,Manchester United,D,Defender,17,1280,0,0,1,2,1,0,0.0122795002534985,0.2188110053539276,0.0122795002534985
2017-2018,Gaëtan Bong,Brighton,D,Defender,25,2243,0,0,4,9,2,0,0.0522682005539536,0.5265474943444133,0.0522682005539536
2017-2018,Davinson Sánchez,Tottenham,D,Defender,31,2535,0,0,9,4,1,1,0.5712869055569172,0.1251876996830105,0.5712869055569172
2017-2018,Nikola Vlasic,Everton,M,Midfielder,12,572,0,0,5,12,0,0,0.3254581987857818,0.8369456082582474,0.3254581987857818
2017-2018,Levi Lumeka,Crystal Palace,S,Midfielder,1,22,0,0,1,0,0,0,0.078006200492382,0.0,0.078006200492382
2017-2018,Abdelhamid Sabiri,Huddersfield,M,Midfielder,5,215,0,1,5,2,1,0,0.2402877993881702,0.1478399932384491,0.2402877993881702
2017-2018,Connor Goldson,Brighton,D,Defender,3,198,0,0,3,0,1,0,0.263482004404068,0.0,0.263482004404068
2017-2018,Jonathan Hogg,Huddersfield,M,Midfielder,30,2425,0,0,11,9,8,1,0.3214726001024246,0.5861904118210077,0.3214726001024246
2017-2018,Marvin Zeegelaar,Watford,D,Defender,12,995,0,1,0,7,4,1,0.0,0.8659055829048157,0.0
2017-2018,Dean Whitehead,Huddersfield,S,Midfielder,4,63,0,0,0,0,0,0,0.0,0.0,0.0
2017-2018,Martin Cranie,Huddersfield,D,Defender,3,184,0,0,0,0,0,0,0.0,0.0,0.0
2017-2018,Ethan Ampadu,Chelsea,S,Midfielder,1,9,0,0,0,0,0,0,0.0,0.0,0.0
2017-2018,Beni Baningime,Everton,M,Midfielder,8,185,0,0,0,0,1,0,0.0,0.0,0.0
2017-2018,Nahki Wells,Burnley,S,Midfielder,9,37,0,0,3,0,0,0,0.6687104254961014,0.0,0.6687104254961014
2017-2018,Beram Kayal,Brighton,M,Midfielder,19,731,0,0,4,11,2,0,0.3412809036672115,0.450630297884345,0.3412809036672115
2017-2018,Jack Simpson,Bournemouth,D,Defender,1,74,0,0,0,0,0,0,0.0,0.0,0.0
2017-2018,Hamza Choudhury,Leicester,M,Midfielder,8,376,0,1,2,1,1,0,0.0358432000502944,0.2163390070199966,0.0358432000502944
2017-2018,Brahim Diaz,Manchester City,S,Midfielder,5,40,0,0,3,0,0,0,0.4937529861927032,0.0,0.4937529861927032
2017-2018,Sam Baldock,Brighton,S,Midfielder,2,28,0,0,0,0,0,0,0.0,0.0,0.0
2017-2018,Callum Hudson-Odoi,Chelsea,S,Midfielder,2,25,0,0,2,0,0,0,0.104544997215271,0.0,0.104544997215271
2017-2018,Emerson Hyndman,Bournemouth,M,Midfielder,1,60,0,0,0,1,0,0,0.0,0.0225221998989582,0.0
2017-2018,Adrien Silva,Leicester,M,Midfielder,12,765,0,1,11,6,3,0,0.241592800244689,0.89030871540308,0.241592800244689
2017-2018,Eddie Nketiah,Arsenal,S,Midfielder,3,11,0,0,1,0,0,0,0.0814666971564292,0.0,0.0814666971564292
2017-2018,Reiss Nelson,Arsenal,M,Midfielder,3,147,0,0,2,1,0,0,0.0688496977090835,0.0344646014273166,0.0688496977090835
2017-2018,Michael Obafemi,Southampton,S,Midfielder,1,7,0,0,1,0,0,0,0.5450019836425781,0.0,0.5450019836425781
2017-2018,Jordan Hugill,West Ham,S,Midfielder,3,13,0,0,0,0,0,0,0.0,0.0,0.0
2017-2018,Alexander Sørloth,Crystal Palace,F,Forward,4,360,0,0,7,6,0,0,0.5928351003676653,0.3902569860219955,0.5928351003676653
2017-2018,Martin Dubravka,Newcastle,GK,Goalkeeper,12,1080,0,0,0,0,0,0,0.0,0.0,0.0
2017-2018,Lukas Nmecha,Manchester City,S,Midfielder,2,8,0,0,0,0,0,0,0.0,0.0,0.0
2017-2018,Tyrese Campbell,Stoke,S,Midfielder,4,66,0,0,2,0,0,0,0.1487517952919006,0.0,0.1487517952919006
2017-2018,Joe Willock,Arsenal,M,Midfielder,2,82,0,0,1,0,0,0,0.1126570031046867,0.0,0.1126570031046867
2017-2018,Lasse Sorenson,Stoke,M,Midfielder,1,78,0,1,0,2,0,0,0.0,0.3680039942264557,0.0
2017-2018,Harvey Barnes,Leicester,S,Midfielder,3,5,0,0,1,0,0,0,0.0542616993188858,0.0,0.0542616993188858
2017-2018,Konstantinos Mavropanos,Arsenal,D,Defender,3,194,0,0,0,0,0,1,0.0,0.0,0.0
2017-2018,Dwight McNeil,Burnley,S,Midfielder,1,1,0,0,0,0,0,0,0.0,0.0,0.0
2018-2019,Pierre-Emerick Aubameyang,Arsenal,F,Forward,36,2740,22,5,94,33,0,0,23.54997313022613,4.9898480754345655,19.744131192564964
2018-2019,Sadio Mané,Liverpool,F,Forward,36,3100,22,1,87,45,2,0,16.76279866695404,5.123735151253641,16.76279866695404
2018-2019,Mohamed Salah,Liverpool,F,Forward,38,3274,22,8,137,68,1,0,21.792449351400137,10.468590896576645,19.50894832238555
2018-2019,Sergio Agüero,Manchester City,F,Forward,33,2515,21,8,118,34,3,0,19.94916149228812,5.22924355044961,18.42682258039713
2018-2019,Jamie Vardy,Leicester,F,Forward,34,2740,18,4,79,32,3,1,19.11597968637944,5.137331535108388,15.310135943815112
2018-2019,Raheem Sterling,Manchester City,F,Forward,34,2788,17,10,77,66,3,0,15.90765044093132,10.792032338678837,15.90765044093132
2018-2019,Harry Kane,Tottenham,F,Forward,28,2437,17,4,102,30,5,0,16.12239329330623,4.562664708122611,13.077754897996783
2018-2019,Eden Hazard,Chelsea,F,Forward,37,2935,16,15,93,98,2,0,12.29900643415749,11.570385755039752,9.254331471398473
2018-2019,Callum Wilson,Bournemouth,F,Forward,30,2548,14,9,65,31,3,0,16.01651244610548,5.955956471152604,14.494168512523174
2018-2019,Gylfi Sigurdsson,Everton,F,Forward,38,3150,13,6,86,74,3,0,12.118331415578725,6.791105677373707,8.31264884583652
2018-2019,Glenn Murray,Brighton,F,Forward,38,2517,13,1,54,12,5,0,11.541342769749464,1.118022283539176,8.49666924867779
2018-2019,Paul Pogba,Manchester United,M,Midfielder,35,3013,13,9,105,55,6,0,15.877537530846894,5.186745874583721,8.265851297415793
2018-2019,Alexandre Lacazette,Arsenal,F,Forward,35,2498,13,8,81,31,2,0,12.033688011579216,4.100150818936527,12.033688011579216
2018-2019,Raúl Jiménez,Wolverhampton,F,Forward,38,3143,13,7,111,42,4,0,14.27359064668417,6.991127401590347,12.75125465542078
2018-2019,Richarlison,Everton,F,Forward,35,2702,13,1,82,20,5,1,11.333980564028025,1.956237562932074,11.333980564028025
2018-2019,Son Heung-Min,Tottenham,F,Forward,31,2061,12,6,74,33,2,1,8.363056467846036,3.965310787782073,8.363056467846036
2018-2019,Joshua King,Bournemouth,F,Forward,35,2987,12,3,72,37,3,0,13.546655409038069,4.257975086569786,8.97964733839035
2018-2019,Roberto Firmino,Liverpool,F,Forward,34,2631,12,6,75,43,0,0,13.737690990790725,6.344288116320968,12.976520961150529
2018-2019,Romelu Lukaku,Manchester United,F,Forward,32,2113,12,0,55,21,4,0,13.10517282411456,2.320213401690125,13.10517282411456
2018-2019,Ayoze Pérez,Newcastle,F,Forward,37,2950,12,2,55,45,2,0,8.294695003889501,4.0325940903276205,8.294695003889501
2018-2019,Ashley Barnes,Burnley,F,Forward,37,2379,12,2,65,22,8,0,13.257519549690189,3.6403040196746574,11.735217577777805
2018-2019,Luka Milivojevic,Crystal Palace,M,Midfielder,38,3420,12,2,57,59,10,0,10.49101559491828,3.390341717749834,2.1181955304928124
2018-2019,Aleksandar Mitrovic,Fulham,F,Forward,37,3285,11,3,131,31,7,0,15.452770731411874,2.9691329449415207,14.691605768166482
2018-2019,Salomón Rondón,Newcastle,F,Forward,32,2616,11,7,89,32,1,0,10.63538501597941,3.413186360150576,10.63538501597941
2018-2019,Leroy Sané,Manchester City,F,Forward,31,1866,10,10,56,40,1,0,6.9819496013224125,8.101670009084046,6.9819496013224125
2018-2019,Wilfried Zaha,Crystal Palace,F,Forward,34,3046,10,5,73,54,8,1,6.490763375535607,5.404334627091885,6.490763375535607
2018-2019,Anthony Martial,Manchester United,F,Forward,27,1632,10,2,39,36,2,0,7.954480409622192,3.2472198167815804,7.193311810493469
2018-2019,Marcus Rashford,Manchester United,F,Forward,33,2360,10,6,84,38,3,1,11.614460183307528,5.270444078370929,11.614460183307528
2018-2019,Gerard Deulofeu,Watford,F,Forward,30,2110,10,5,60,30,3,0,8.334900364279747,4.962499367073178,8.334900364279747
2018-2019,Marko Arnautovic,West Ham,F,Forward,28,2006,10,4,62,36,3,0,8.936907790601254,3.999951150268316,8.175812758505344
2018-2019,Lucas Moura,Tottenham,F,Forward,32,2133,10,0,45,27,3,0,7.591318631544709,1.659077689051628,7.591318631544709
2018-2019,Chris Wood,Burnley,F,Forward,38,2603,10,2,58,21,2,0,9.133256727829576,3.647216569632292,9.133256727829576
2018-2019,Troy Deeney,Watford,F,Forward,32,2552,9,5,64,42,4,1,10.230634661391376,4.688376987352967,9.469461711123586
2018-2019,Felipe Anderson,West Ham,F,Forward,36,3073,9,4,58,65,3,0,5.527917856350541,6.77962332777679,5.527917856350541
2018-2019,Diogo Jota,Wolverhampton,F,Forward,33,2402,9,5,58,27,11,0,8.907187035307288,5.536082427948713,8.907187035307288
2018-2019,Christian Eriksen,Tottenham,M,Midfielder,35,2772,8,12,83,73,3,0,5.66105136834085,7.882119428366423,5.66105136834085
2018-2019,Pedro,Chelsea,F,Forward,31,1777,8,2,57,29,2,0,5.983353950083256,3.8842110745608807,5.983353950083256
2018-2019,Chicharito,West Ham,F,Forward,25,1336,7,1,37,5,2,0,7.894379161298275,1.256871908903122,7.894379161298275
2018-2019,Riyad Mahrez,Manchester City,F,Forward,27,1333,7,4,54,24,0,0,6.61693406291306,5.006450802087784,5.855765061452985
2018-2019,James Ward-Prowse,Southampton,D,Defender,26,1940,7,0,31,47,4,0,3.401979923248291,3.281679173000157,2.6408109068870544
2018-2019,Danny Ings,Southampton,F,Forward,24,1694,7,3,56,28,1,0,9.915940870530903,3.34833153244108,7.632432927377522
2018-2019,Andre Gray,Watford,F,Forward,29,1343,7,2,35,14,2,0,5.848624158650637,2.0998741798102856,5.848624158650637
2018-2019,Ryan Fraser,Bournemouth,F,Forward,38,3185,7,14,51,93,2,0,4.763551549986005,16.18383568711579,4.763551549986005
2018-2019,Bernardo Silva,Manchester City,F,Forward,36,2851,7,7,62,71,3,0,8.196722293272614,8.63292901776731,8.196722293272614
2018-2019,Gabriel Jesus,Manchester City,F,Forward,29,993,7,3,43,21,1,0,12.621455237269402,2.651642894372344,11.860289201140404
2018-2019,James Maddison,Leicester,F,Forward,36,2877,7,7,83,100,3,1,7.372485462576151,7.935436034575105,5.850147128105164
2018-2019,David Brooks,Bournemouth,F,Forward,30,2317,7,5,41,30,3,0,6.465658405795693,5.877872094511986,6.465658405795693
2018-2019,André Schürrle,Fulham,F,Forward,24,1670,6,0,55,21,2,0,3.3227698132395744,1.9269961081445213,3.3227698132395744
2018-2019,Ilkay Gündogan,Manchester City,M,Midfielder,31,2133,6,3,43,43,3,0,4.213995475322008,4.967496044933796,4.213995475322008
2018-2019,Henrikh Mkhitaryan,Arsenal,F,Forward,25,1647,6,4,49,29,1,0,5.3435673750936985,6.486036565154791,5.3435673750936985
2018-2019,Michail Antonio,West Ham,D,Defender,33,2084,6,4,65,23,3,0,6.066019592806697,4.0292156636714935,6.066019592806697
2018-2019,David Silva,Manchester City,M,Midfielder,33,2426,6,8,51,73,3,0,8.128262622281909,10.113781478255987,8.128262622281909
2018-2019,Ruben Loftus-Cheek,Chelsea,M,Midfielder,24,969,6,2,28,17,0,0,3.2402343936264515,1.010944813489914,3.2402343936264515
2018-2019,Andros Townsend,Crystal Palace,F,Forward,38,3030,6,4,63,61,1,0,4.878754872828722,3.699903182685375,4.878754872828722
2018-2019,Nathan Redmond,Southampton,F,Forward,38,3283,6,4,74,52,3,0,7.911501468159258,5.312565573491156,7.911501468159258
2018-2019,Xherdan Shaqiri,Liverpool,M,Midfielder,24,1048,6,3,26,20,2,0,4.059151781722903,1.8917575199157,4.059151781722903
2018-2019,Roberto Pereyra,Watford,M,Midfielder,33,2837,6,1,57,34,3,0,5.37857623398304,3.538153797388077,5.37857623398304
2018-2019,Dominic Calvert-Lewin,Everton,F,Forward,35,1763,6,2,52,12,3,0,6.1705089416354895,1.6395719181746244,6.1705089416354895
2018-2019,James Milner,Liverpool,D,Defender,31,1775,5,4,24,44,5,1,3.3563838060945272,5.641541659832001,1.0728764878585937
2018-2019,Mesut Özil,Arsenal,M,Midfielder,24,1751,5,2,11,45,2,0,2.226022094488144,4.290137607604265,2.226022094488144
2018-2019,Theo Walcott,Everton,M,Midfielder,37,2127,5,2,42,21,1,0,6.505235152319074,2.8843122888356447,6.505235152319074
2018-2019,Mark Noble,West Ham,M,Midfielder,31,2339,5,5,17,21,6,1,3.590215993579477,1.7227647006511688,0.5456139496527612
2018-2019,Dele Alli,Tottenham,M,Midfielder,25,1847,5,3,39,27,4,0,5.950444146990776,3.293326983228326,5.950444146990776
2018-2019,Shane Long,Southampton,F,Forward,26,1262,5,1,30,13,3,0,5.437479224987328,1.6013002078980207,5.437479224987328
2018-2019,Gonzalo Higuaín,Chelsea,F,Forward,14,1100,5,0,46,15,0,0,5.379234038293362,1.42636008374393,5.379234038293362
2018-2019,Michy Batshuayi,Crystal Palace,F,Forward,11,766,5,0,27,2,0,0,3.699797669425607,0.1040987018495798,3.699797669425607
2018-2019,Abdoulaye Doucouré,Watford,M,Midfielder,35,3062,5,6,51,38,7,0,6.849446702748537,5.389014532789588,6.849446702748537
2018-2019,Álvaro Morata,Chelsea,F,Forward,16,951,5,0,35,7,3,0,6.410974375903606,0.2148567996919155,6.410974375903606
2018-2019,Víctor Camarasa,Cardiff,M,Midfielder,32,2606,5,4,41,50,6,0,3.9079403346404433,3.626392032951117,3.1467713182792068
2018-2019,Ryan Babel,Fulham,F,Forward,16,1276,5,3,27,23,3,0,5.748055808246136,2.5483999252319336,5.748055808246136
2018-2019,Shane Duffy,Brighton,D,Defender,35,3087,5,1,37,7,4,1,3.3823372572660446,0.2659113965928554,3.3823372572660446
2018-2019,Bobby Reid,Cardiff,F,Forward,27,1414,5,2,27,16,0,0,3.8045920468866825,1.0588727127760649,3.0434270836412907
2018-2019,Fabian Schär,Newcastle,D,Defender,24,2007,4,1,25,11,12,0,2.1653389893472195,0.7358659468591213,2.1653389893472195
2018-2019,Granit Xhaka,Arsenal,D,Defender,29,2511,4,2,29,40,10,0,1.8811397179961205,3.515733541920781,1.8811397179961205
2018-2019,Pierre-Emile Højbjerg,Southampton,M,Midfielder,31,2770,4,3,53,28,7,2,2.2558475229889154,2.3478172896429896,2.2558475229889154
2018-2019,Aaron Ramsey,Arsenal,M,Midfielder,28,1326,4,6,33,25,0,0,3.707662631757557,2.3036546036601067,3.707662631757557
2018-2019,Jesse Lingard,Manchester United,F,Forward,27,1677,4,2,32,17,3,0,4.844163816422224,3.156425293069333,4.082991819828749
2018-2019,Nathan Aké,Bournemouth,D,Defender,38,3414,4,0,25,7,3,0,4.548659314401448,1.3218229915946722,4.548659314401448
2018-2019,Erik Lamela,Tottenham,M,Midfielder,19,969,4,2,29,23,2,0,3.764035310596228,2.1651908345520496,3.764035310596228
2018-2019,N&#039;Golo Kanté,Chelsea,M,Midfielder,36,3103,4,4,29,46,3,0,3.0337284123525023,3.732989713549614,3.0337284123525023
2018-2019,Jeffrey Schlupp,Crystal Palace,F,Forward,30,1650,4,1,28,16,1,0,3.303492821753025,1.4070396767929196,3.303492821753025
2018-2019,Demarai Gray,Leicester,F,Forward,34,2009,4,1,47,17,2,0,4.561490574851632,0.9842575751245022,4.561490574851632
2018-2019,Virgil van Dijk,Liverpool,D,Defender,38,3388,4,2,31,7,1,0,3.510544218122959,1.265912395901978,3.510544218122959
2018-2019,Lucas Digne,Everton,D,Defender,35,2968,4,4,34,71,5,1,1.1999895963817837,7.708522620610893,1.1999895963817837
2018-2019,Sol Bamba,Cardiff,D,Defender,28,2476,4,1,22,4,7,0,4.12144641391933,0.1432869993150234,4.12144641391933
2018-2019,Nathaniel Mendez-Laing,Cardiff,M,Midfielder,20,980,4,1,20,19,0,0,2.1614804603159428,1.297621103003621,1.4003085233271122
2018-2019,Callum Paterson,Cardiff,D,Defender,27,1987,4,1,41,23,4,0,4.948025802150369,2.867447662167251,4.948025802150369
2018-2019,Willy Boly,Wolverhampton,D,Defender,36,3168,4,0,23,11,2,1,3.634888853877783,1.5668134996667504,3.634888853877783
2018-2019,Matt Doherty,Wolverhampton,D,Defender,38,3145,4,5,46,38,5,0,5.275961680337787,5.037373922765255,5.275961680337787
2018-2019,Rúben Neves,Wolverhampton,M,Midfielder,35,3014,4,3,74,24,8,0,3.39373844768852,1.883131671696901,1.871401048265397
2018-2019,Karlan Grant,Huddersfield,F,Forward,13,868,4,0,21,8,0,0,3.276358377188444,0.2673430982977152,3.276358377188444
2018-2019,Pascal Groß,Brighton,M,Midfielder,25,1896,3,3,24,54,1,0,4.143627982586622,5.608689437620342,2.621289949864149
2018-2019,Divock Origi,Liverpool,F,Forward,12,357,3,1,13,3,0,0,2.243102578446269,0.1880110949277877,2.243102578446269
2018-2019,Laurent Koscielny,Arsenal,D,Defender,17,1326,3,0,5,2,1,0,2.112583603709936,0.1201595999300479,2.112583603709936
2018-2019,Alex Iwobi,Arsenal,F,Forward,35,1974,3,6,35,40,0,0,3.7199746686965214,7.637422086670995,3.7199746686965214
2018-2019,Juan Mata,Manchester United,F,Forward,22,1306,3,2,19,30,3,0,1.5762369083240628,3.700430253520608,1.5762369083240628
2018-2019,José Holebas,Watford,D,Defender,28,2395,3,6,17,38,12,1,0.9423710945993662,4.580443293787539,0.9423710945993662
2018-2019,Craig Cathcart,Watford,D,Defender,36,3104,3,0,13,1,2,0,1.8465651907026768,0.1080650016665458,1.8465651907026768
2018-2019,Ross Barkley,Chelsea,M,Midfielder,27,1228,3,5,40,22,1,0,3.652173016220331,2.515679469332099,3.652173016220331
2018-2019,James McArthur,Crystal Palace,M,Midfielder,38,3095,3,6,34,31,7,0,4.505425302311778,3.721206776797772,4.505425302311778
2018-2019,Eric Dier,Tottenham,D,Defender,20,1519,3,0,9,8,4,0,1.4176100101321936,1.1008159331977367,1.4176100101321936
2018-2019,Willian,Chelsea,F,Forward,32,2123,3,6,62,79,2,0,4.348796479403973,6.518495114520192,4.348796479403973
2018-2019,Patrick van Aanholt,Crystal Palace,D,Defender,36,3202,3,2,45,35,3,0,2.8111322969198227,4.718276297673583,2.8111322969198227
2018-2019,Wes Morgan,Leicester,D,Defender,22,1932,3,0,14,3,1,2,1.5354553125798702,0.1385540999472141,1.5354553125798702
2018-2019,Georginio Wijnaldum,Liverpool,M,Midfielder,35,2749,3,0,30,25,3,0,3.1802032478153706,1.9434383204206824,3.1802032478153706
2018-2019,Ciaran Clark,Newcastle,D,Defender,11,850,3,0,7,2,1,0,0.4652567114681005,0.052879698574543,0.4652567114681005
2018-2019,Sam Vokes,Burnley,F,Forward,20,918,3,0,22,8,0,0,2.7301170863211155,0.8985748086124659,2.7301170863211155
2018-2019,Johann Berg Gudmundsson,Burnley,M,Midfielder,29,1732,3,6,33,37,2,0,2.613457875326276,3.586491769179702,2.613457875326276
2018-2019,James Tarkowski,Burnley,D,Defender,35,3086,3,1,22,5,8,0,3.640872666612268,0.2017094939947128,3.640872666612268
2018-2019,David Luiz,Chelsea,D,Defender,36,3240,3,2,34,20,3,0,2.897742971777916,2.85874838847667,2.897742971777916
2018-2019,Harry Maguire,Leicester,D,Defender,31,2599,3,0,30,11,6,1,1.8605397613719104,0.6665724022313952,1.8605397613719104
2018-2019,Lucas Pérez,West Ham,F,Forward,15,462,3,0,9,8,0,0,1.3946276977658272,0.876750897616148,1.3946276977658272
2018-2019,Jeff Hendrick,Burnley,M,Midfielder,32,2089,3,0,19,12,4,0,1.7896248092874885,1.0732655078172684,1.7896248092874885
2018-2019,Aymeric Laporte,Manchester City,D,Defender,35,3059,3,3,26,13,3,0,3.752195530571044,0.8390768077224493,3.752195530571044
2018-2019,Ivan Cavaleiro,Wolverhampton,F,Forward,23,670,3,1,13,19,1,0,2.374942736700177,1.5787326022982595,2.374942736700177
2018-2019,Florin Andone,Brighton,F,Forward,23,861,3,0,19,2,5,0,3.488339733332396,0.0960533991456031,3.488339733332396
2018-2019,Junior Hoilett,Cardiff,F,Forward,32,2144,3,1,40,25,4,0,3.1675134040415287,1.3379894085228443,3.1675134040415287
2018-2019,Aboubakar Kamara,Fulham,F,Forward,13,678,3,0,21,11,2,0,3.527876043692231,0.7714658081531525,2.005538696423173
2018-2019,Youri Tielemans,Leicester,M,Midfielder,13,1098,3,4,31,16,2,0,2.055864470079541,2.5030781868845224,2.055864470079541
2018-2019,Zanka,Huddersfield,D,Defender,24,2151,3,1,8,8,6,0,1.4841625727713108,0.3927206974476576,1.4841625727713108
2018-2019,Aaron Mooy,Huddersfield,M,Midfielder,29,2326,3,1,43,43,4,0,2.420329000800848,2.7453818414360285,1.6591599844396114
2018-2019,Cenk Tosun,Everton,F,Forward,25,1036,3,3,37,13,3,0,4.990844622254372,0.9619662938639522,4.990844622254372
2018-2019,Dwight McNeil,Burnley,M,Midfielder,21,1610,3,5,27,26,2,0,1.827620578929782,3.4622738044708967,1.827620578929782
2018-2019,Josh Murphy,Cardiff,F,Forward,29,1844,3,2,46,16,2,0,3.7385284435004,3.5245829224586487,3.7385284435004
2018-2019,Stuart Armstrong,Southampton,M,Midfielder,29,1424,3,2,32,29,2,0,2.1171701848506927,1.6480889040976765,2.1171701848506927
2018-2019,Kevin De Bruyne,Manchester City,M,Midfielder,19,965,2,2,31,36,2,0,1.4742405684664843,6.654018055647612,1.4742405684664843
2018-2019,Matt Ritchie,Newcastle,D,Defender,36,2965,2,8,41,60,9,0,4.438610089942813,5.112595105543733,2.9162715887650847
2018-2019,Dan Gosling,Bournemouth,M,Midfielder,25,1729,2,1,21,9,8,0,2.3945611137896776,0.9645073227584362,2.3945611137896776
2018-2019,Junior Stanislas,Bournemouth,D,Defender,23,1016,2,3,34,15,1,0,3.104417443275452,2.488868676126004,2.343248426914215
2018-2019,Daniel Sturridge,Liverpool,F,Forward,18,484,2,1,18,8,1,0,1.4982538828626275,1.072214774787426,1.4982538828626275
2018-2019,Olivier Giroud,Chelsea,F,Forward,27,808,2,4,32,18,1,0,5.060876211151481,2.291187172755599,5.060876211151481
2018-2019,Calum Chambers,Fulham,D,Defender,31,2588,2,0,35,16,9,0,2.442220315337181,0.9609899809584022,2.442220315337181
2018-2019,Ander Herrera,Manchester United,D,Defender,22,1404,2,3,21,15,4,0,1.511772520840168,2.056090025231242,1.511772520840168
2018-2019,Seamus Coleman,Everton,D,Defender,29,2564,2,2,15,22,1,0,1.3583688139915466,3.801614256575704,1.3583688139915466
2018-2019,Ashley Young,Manchester United,D,Defender,30,2565,2,2,12,39,8,1,0.4942638017237186,3.9991636965423822,0.4942638017237186
2018-2019,Ashley Westwood,Burnley,M,Midfielder,34,2817,2,7,22,42,5,0,1.7083472097292542,5.231228264048696,1.7083472097292542
2018-2019,Marc Albrighton,Leicester,F,Forward,27,1625,2,2,19,29,3,0,1.063951208256185,2.988251269795001,1.063951208256185
2018-2019,Alex Pritchard,Huddersfield,F,Forward,30,2114,2,0,47,32,2,0,2.6178856985643506,2.083443386480212,2.6178856985643506
2018-2019,Charlie Austin,Southampton,F,Forward,25,983,2,2,32,9,1,0,3.795151405967772,1.006912223994732,3.033984356559813
2018-2019,Joselu,Newcastle,F,Forward,16,565,2,0,17,2,1,0,1.805323009379208,0.0120548997074365,1.805323009379208
2018-2019,Kurt Zouma,Everton,D,Defender,32,2613,2,2,19,6,3,1,1.268638389185071,0.4428139980882406,1.268638389185071
2018-2019,Lucas Torreira,Arsenal,M,Midfielder,34,2366,2,2,25,16,7,1,1.8013441786170006,1.7125501278787851,1.8013441786170006
2018-2019,Jorginho,Chelsea,M,Midfielder,37,3179,2,0,19,30,8,0,1.2965881181880832,3.072841225191951,0.5354191018268466
2018-2019,Marcos Alonso,Chelsea,D,Defender,31,2764,2,4,45,32,6,0,3.561836920678616,3.9215964442119,3.561836920678616
2018-2019,Robert Snodgrass,West Ham,M,Midfielder,33,2230,2,5,30,59,10,0,2.260466383770108,5.175442606210709,2.260466383770108
2018-2019,Shkodran Mustafi,Arsenal,D,Defender,31,2629,2,0,18,6,9,0,1.862040345557034,0.2781299063935876,1.862040345557034
2018-2019,Jefferson Lerma,Bournemouth,M,Midfielder,30,2527,2,0,31,15,12,0,1.0858129085972903,1.009784295223653,1.0858129085972903
2018-2019,Ricardo Pereira,Leicester,D,Defender,35,3129,2,6,25,33,7,0,1.1817344026640058,5.129706803709269,1.1817344026640058
2018-2019,Romain Saiss,Wolverhampton,D,Defender,19,1133,2,0,11,4,7,0,1.2892464557662606,0.7273802049458027,1.2892464557662606
2018-2019,Steve Mounie,Huddersfield,F,Forward,31,1775,2,3,61,18,1,1,5.6274154875427485,1.866630117408932,5.6274154875427485
2018-2019,Anthony Knockaert,Brighton,F,Forward,30,1823,2,6,27,35,4,1,2.1101625114679337,4.206585308536887,2.1101625114679337
2018-2019,Naby Keita,Liverpool,M,Midfielder,25,1407,2,1,27,9,0,0,2.545635223388672,1.069607688114047,2.545635223388672
2018-2019,Wilfred Ndidi,Leicester,M,Midfielder,38,3305,2,0,55,22,8,0,3.119846511632204,1.6935293599963188,3.119846511632204
2018-2019,Declan Rice,West Ham,M,Midfielder,34,3009,2,0,22,9,4,0,1.2335703996941447,0.6429658159613609,1.2335703996941447
2018-2019,Scott McTominay,Manchester United,D,Defender,16,852,2,0,15,1,1,0,1.588795562274754,0.0170061998069286,1.588795562274754
2018-2019,Philip Billing,Huddersfield,M,Midfielder,27,2199,2,0,42,22,7,0,1.6647705221548676,1.8249883875250816,1.6647705221548676
2018-2019,Lewis Dunk,Brighton,D,Defender,36,3154,2,1,20,11,5,1,1.7627595756202936,0.7536890767514706,1.7627595756202936
2018-2019,Will Hughes,Watford,M,Midfielder,32,2454,2,4,31,29,5,0,2.9695313088595867,3.663111040368676,2.9695313088595867
2018-2019,Andriy Yarmolenko,West Ham,F,Forward,9,454,2,0,9,5,2,0,1.248914510011673,0.6984038129448891,1.248914510011673
2018-2019,Jürgen Locadia,Brighton,F,Forward,26,1229,2,0,28,13,1,0,3.3906087055802345,0.9557689037173986,3.3906087055802345
2018-2019,Ryan Sessegnon,Fulham,D,Defender,35,2300,2,6,28,33,0,0,4.265976169146597,3.99325043335557,4.265976169146597
2018-2019,Leander Dendoncker,Wolverhampton,M,Midfielder,19,1474,2,0,17,7,1,0,4.165364554151893,1.2851574923843143,4.165364554151893
2018-2019,Yan Valery,Southampton,D,Defender,23,1714,2,1,6,6,3,1,0.7205072194337845,0.2549123987555504,0.7205072194337845
2018-2019,Yoshinori Muto,Newcastle,F,Forward,17,512,1,0,6,5,1,0,1.0190250873565674,0.3132422044873237,1.0190250873565674
2018-2019,Joel Matip,Liverpool,D,Defender,22,1535,1,0,8,3,3,0,0.9036615788936616,0.1802072003483772,0.9036615788936616
2018-2019,Max Meyer,Crystal Palace,M,Midfielder,29,1403,1,2,38,22,3,0,1.97886168025434,1.0709684062749147,1.97886168025434
2018-2019,Sokratis,Arsenal,D,Defender,25,2198,1,2,11,5,12,0,0.8275357075035572,0.6274546086788177,0.8275357075035572
2018-2019,Leon Balogun,Brighton,D,Defender,8,589,1,0,1,0,2,0,0.0824963971972465,0.0,0.0824963971972465
2018-2019,Steve Cook,Bournemouth,D,Defender,31,2788,1,1,21,11,3,0,1.461019229143858,1.145970832556486,1.461019229143858
2018-2019,Charlie Daniels,Bournemouth,D,Defender,21,1587,1,0,12,11,4,0,0.6230829888954759,0.4582164054736495,0.6230829888954759
2018-2019,Jordon Ibe,Bournemouth,D,Defender,19,799,1,1,9,10,1,0,0.7752668149769306,0.4199865916743874,0.7752668149769306
2018-2019,Nacho Monreal,Arsenal,D,Defender,22,1857,1,3,7,11,5,0,1.228454826399684,2.008962827734649,1.228454826399684
2018-2019,Alexis Sánchez,Manchester United,F,Forward,20,875,1,3,17,21,3,0,1.7134784050285816,3.546852245926857,1.7134784050285816
2018-2019,Danny Welbeck,Arsenal,F,Forward,8,137,1,1,4,5,0,0,0.7929710298776627,0.2816691994667053,0.7929710298776627
2018-2019,Joel Ward,Crystal Palace,D,Defender,7,550,1,0,2,2,1,0,0.9176620244979858,0.1186030004173517,0.9176620244979858
2018-2019,Angelo Ogbonna,West Ham,D,Defender,24,1870,1,1,14,4,2,0,1.0196450930088758,1.160291399806738,1.0196450930088758
2018-2019,James Tomkins,Crystal Palace,D,Defender,29,2566,1,1,22,7,6,0,0.902450771536678,1.3705310951918364,0.902450771536678
2018-2019,Manuel Lanzini,West Ham,M,Midfielder,10,693,1,1,11,5,2,0,1.183907315135002,0.958035985007882,1.183907315135002
2018-2019,Etienne Capoue,Watford,M,Midfielder,33,2951,1,3,18,10,14,1,1.297315414994955,1.3692703181877732,1.297315414994955
2018-2019,Phil Jagielka,Everton,D,Defender,7,323,1,0,1,2,0,1,0.6263629794120789,0.0990936011075973,0.6263629794120789
2018-2019,Aaron Lennon,Burnley,M,Midfielder,16,1223,1,1,4,7,1,0,0.9156382624059916,0.6648929938673973,0.9156382624059916
2018-2019,Tom Cleverley,Watford,M,Midfielder,13,453,1,0,4,1,2,0,0.1745329033583402,0.1132640019059181,0.1745329033583402
2018-2019,Dejan Lovren,Liverpool,D,Defender,13,988,1,0,6,1,1,0,0.910198088735342,0.1081660017371177,0.910198088735342
2018-2019,Jordan Henderson,Liverpool,D,Defender,32,1979,1,3,16,15,1,1,1.5131638869643211,1.6871289992704988,1.5131638869643211
2018-2019,Christian Benteke,Crystal Palace,F,Forward,16,808,1,1,26,9,1,0,3.729038055986166,1.1865838812664151,3.729038055986166
2018-2019,Vincent Kompany,Manchester City,D,Defender,17,1221,1,0,5,1,6,0,0.2402341980487108,0.0719252973794937,0.2402341980487108
2018-2019,Fernandinho,Manchester City,D,Defender,29,2397,1,3,30,22,5,0,1.7180062113329768,3.1326729878783226,1.7180062113329768
2018-2019,Kelechi Iheanacho,Leicester,F,Forward,30,911,1,3,18,13,2,0,2.579853634350002,1.3410564297810197,2.579853634350002
2018-2019,Chris Smalling,Manchester United,D,Defender,24,2130,1,0,11,2,1,0,1.114168887026608,0.123974896967411,1.114168887026608
2018-2019,Kyle Walker,Manchester City,D,Defender,33,2774,1,1,21,24,3,0,0.731842796318233,1.9359694560989733,0.731842796318233
2018-2019,Jan Vertonghen,Tottenham,D,Defender,22,1925,1,0,15,4,3,1,1.0099762049503624,0.2438496015965938,1.0099762049503624
2018-2019,Kieran Trippier,Tottenham,D,Defender,27,2278,1,3,8,49,2,0,0.4619612023234367,4.845308244228363,0.4619612023234367
2018-2019,Jordan Ayew,Crystal Palace,F,Forward,20,1200,1,2,27,16,3,0,2.648141134530306,1.2027313485741615,2.648141134530306
2018-2019,César Azpilicueta,Chelsea,D,Defender,38,3405,1,5,17,27,4,0,1.259638173505664,2.423508601263165,1.259638173505664
2018-2019,Kenedy,Newcastle,D,Defender,25,1347,1,1,31,11,1,0,2.407705088146031,0.8153685946017504,1.646536116488278
2018-2019,Nemanja Matic,Manchester United,D,Defender,28,2450,1,0,12,13,6,1,1.7107221204787493,0.5648093018680811,1.7107221204787493
2018-2019,Jack Cork,Burnley,M,Midfielder,37,3315,1,2,17,18,6,0,1.5164046045392752,2.260395457036793,1.5164046045392752
2018-2019,DeAndre Yedlin,Newcastle,D,Defender,29,2476,1,2,11,28,6,1,1.1860909033566711,2.151615557260812,1.1860909033566711
2018-2019,Jonjo Shelvey,Newcastle,M,Midfielder,16,932,1,1,23,25,1,0,0.7167933150194585,1.8579730316996568,0.7167933150194585
2018-2019,Ryan Bennett,Wolverhampton,D,Defender,34,3060,1,0,15,9,12,0,1.0000522956252098,0.7868757918477058,1.0000522956252098
2018-2019,Jonny Evans,Leicester,D,Defender,24,1993,1,0,11,5,2,0,0.5250387936830521,0.2806598003953695,0.5250387936830521
2018-2019,Adam Smith,Bournemouth,D,Defender,25,2080,1,1,7,11,5,1,0.5962849920615554,0.5752321984618902,0.5962849920615554
2018-2019,Ryan Bertrand,Southampton,D,Defender,24,2160,1,0,16,23,8,0,1.2571101244539022,1.722819484770298,1.2571101244539022
2018-2019,Victor Wanyama,Tottenham,M,Midfielder,13,499,1,0,7,2,2,0,1.080245230346918,0.0584311001002788,1.080245230346918
2018-2019,Oriol Romeu,Southampton,M,Midfielder,31,2155,1,0,10,9,11,0,0.9572868924587964,1.7065831888467071,0.9572868924587964
2018-2019,Cédric Soares,Southampton,D,Defender,18,1494,1,2,10,12,4,0,0.2746973531320691,1.143177891150117,0.2746973531320691
2018-2019,Matt Targett,Southampton,D,Defender,16,1180,1,3,11,23,2,0,0.6018586866557598,2.11972551047802,0.6018586866557598
2018-2019,Adama Traoré,Wolverhampton,D,Defender,29,879,1,1,19,17,1,0,1.2554874997586012,2.204887358471751,1.2554874997586012
2018-2019,Andreas Pereira,Manchester United,M,Midfielder,15,593,1,1,8,9,5,0,0.2686987984925508,0.8848193176090717,0.2686987984925508
2018-2019,Harry Winks,Tottenham,M,Midfielder,26,1578,1,0,9,7,4,0,1.094499010592699,0.2443319000303745,1.094499010592699
2018-2019,Luke Shaw,Manchester United,D,Defender,29,2594,1,4,21,33,11,0,1.533868563361466,4.323225478641689,1.533868563361466
2018-2019,Matej Vydra,Burnley,M,Midfielder,13,308,1,1,6,2,1,0,1.92030137591064,0.4979099854826927,1.92030137591064
2018-2019,Mario Lemina,Southampton,M,Midfielder,21,1617,1,1,25,13,5,0,0.9026530049741268,1.32013900578022,0.9026530049741268
2018-2019,Manolo Gabbiadini,Southampton,F,Forward,12,459,1,0,20,5,0,0,1.75948377372697,0.2427209950983524,1.75948377372697
2018-2019,Michael Keane,Everton,D,Defender,33,2970,1,2,31,8,2,0,2.003496803343296,1.2424164712429049,2.003496803343296
2018-2019,Ben Gibson,Burnley,D,Defender,1,67,1,0,1,0,1,0,0.9117929935455322,0.0,0.9117929935455322
2018-2019,Isaac Success,Watford,F,Forward,30,1015,1,1,29,21,4,0,3.2875502817332745,3.013180084526539,3.2875502817332745
2018-2019,Fernando Llorente,Tottenham,F,Forward,20,674,1,4,24,14,2,0,3.4991899505257607,2.0117372050881386,3.4991899505257607
2018-2019,Jack Stephens,Southampton,D,Defender,24,1695,1,0,7,5,4,0,1.4581488966941831,0.2287240037694573,1.4581488966941831
2018-2019,Lys Mousset,Bournemouth,F,Forward,24,308,1,0,12,4,1,0,1.527458317577839,0.2928340993821621,1.527458317577839
2018-2019,Ainsley Maitland-Niles,Arsenal,D,Defender,16,976,1,1,5,6,1,1,1.015497699379921,1.0627507232129574,1.015497699379921
2018-2019,Trent Alexander-Arnold,Liverpool,D,Defender,29,2475,1,12,29,48,3,0,1.492277892306447,7.218852836638689,1.492277892306447
2018-2019,Antonio Rüdiger,Chelsea,D,Defender,33,2875,1,0,27,8,7,0,2.661057869903744,0.904785618185997,2.661057869903744
2018-2019,Danilo,Manchester City,D,Defender,11,806,1,0,14,4,1,0,0.4177701007574796,0.1260168962180614,0.4177701007574796
2018-2019,Luciano Vietto,Fulham,F,Forward,20,975,1,4,24,22,1,0,2.840805448591709,2.4374761302024126,2.840805448591709
2018-2019,Jonny,Wolverhampton,D,Defender,33,2792,1,1,25,31,6,0,1.848593787290156,1.7633734866976738,1.848593787290156
2018-2019,Christian Atsu,Newcastle,M,Midfielder,28,1464,1,0,28,18,2,0,2.146552088670433,1.7553911916911602,2.146552088670433
2018-2019,André Gomes,Everton,M,Midfielder,27,2001,1,1,21,6,7,0,1.3925831858068705,0.664130412042141,1.3925831858068705
2018-2019,Jon Gorenc Stankovic,Huddersfield,D,Defender,11,728,1,0,9,2,2,0,1.4576160050928593,0.116366297006607,1.4576160050928593
2018-2019,Issa Diop,West Ham,D,Defender,33,2970,1,0,12,4,4,0,1.2607346326112747,0.1829817984253168,1.2607346326112747
2018-2019,Rachid Ghezzal,Leicester,F,Forward,19,731,1,0,19,16,3,0,1.3734111953526735,1.7269101543352008,1.3734111953526735
2018-2019,Jean Michael Seri,Fulham,M,Midfielder,32,2274,1,2,19,57,6,0,0.8207028480246663,4.03610098734498,0.8207028480246663
2018-2019,Floyd Ayité,Fulham,F,Forward,16,441,1,0,7,9,0,0,0.3542614988982677,0.4988726023584604,0.3542614988982677
2018-2019,Fabinho,Liverpool,D,Defender,28,2006,1,2,17,16,6,0,1.1445506745949388,1.3083825185894966,1.1445506745949388
2018-2019,João Moutinho,Wolverhampton,M,Midfielder,38,3053,1,8,18,84,4,0,0.5053662927821279,6.528557356446981,0.5053662927821279
2018-2019,Hélder Costa,Wolverhampton,F,Forward,25,1345,1,2,25,17,3,0,2.6604435006156564,2.0111884754151106,2.6604435006156564
2018-2019,Kiko Femenía,Watford,D,Defender,29,2034,1,1,6,13,1,0,0.4993320116773247,1.6402669809758663,0.4993320116773247
2018-2019,Domingos Quina,Watford,M,Midfielder,8,328,1,0,5,2,0,0,0.1972139999270439,0.0922725964337587,0.1972139999270439
2018-2019,Isaac Mbenza,Huddersfield,F,Forward,22,956,1,1,16,7,1,0,0.9028504993766546,0.9807284232228994,0.9028504993766546
2018-2019,Christopher Schindler,Huddersfield,D,Defender,37,3266,1,0,13,2,4,1,1.041323009878397,0.4046876132488251,1.041323009878397
2018-2019,Solly March,Brighton,F,Forward,35,2480,1,5,43,41,1,0,2.1988663030788302,5.207968223839998,2.1988663030788302
2018-2019,Davy Pröpper,Brighton,M,Midfielder,30,2554,1,1,15,19,2,0,0.950316408649087,1.2174459975212812,0.950316408649087
2018-2019,Dale Stephens,Brighton,M,Midfielder,30,2485,1,1,11,18,6,1,0.2495224010199308,0.5923440903425217,0.2495224010199308
2018-2019,Phil Foden,Manchester City,M,Midfielder,13,316,1,0,14,8,0,0,2.24975498765707,1.0727550070732832,2.24975498765707
2018-2019,Isaac Hayden,Newcastle,D,Defender,25,1865,1,4,22,22,3,1,0.8647690005600452,2.45012208307162,0.8647690005600452
2018-2019,Terence Kongolo,Huddersfield,D,Defender,32,2728,1,1,14,9,4,0,1.4236592901870608,0.8421062119305134,1.4236592901870608
2018-2019,Victor Lindelöf,Manchester United,D,Defender,30,2604,1,1,8,5,1,0,0.8407717123627663,1.583196997642517,0.8407717123627663
2018-2019,Davinson Sánchez,Tottenham,D,Defender,23,1943,1,1,14,4,2,0,1.624593397602439,0.6246803235262632,1.624593397602439
2018-2019,Juan Foyth,Tottenham,D,Defender,12,889,1,0,4,4,3,1,0.7019662037491798,0.7911203242838383,0.7019662037491798
2018-2019,Beram Kayal,Brighton,M,Midfielder,18,937,1,1,5,4,4,0,0.2898656027391553,1.1770387142896652,0.2898656027391553
2018-2019,Eddie Nketiah,Arsenal,S,Midfielder,5,54,1,0,3,1,0,0,0.2696470022201538,0.131410002708435,0.2696470022201538
2018-2019,Michael Obafemi,Southampton,F,Forward,6,131,1,1,7,2,1,0,1.8935815170407293,0.3352697044610977,1.8935815170407293
2018-2019,Yerry Mina,Everton,D,Defender,13,891,1,0,4,3,3,0,0.7469826955348253,0.1373867020010948,0.7469826955348253
2018-2019,Harvey Barnes,Leicester,F,Forward,16,1014,1,2,40,17,0,0,3.623389352113009,1.9330946989357471,3.623389352113009
2018-2019,Fred,Manchester United,M,Midfielder,17,1045,1,1,17,12,2,0,0.904592817183584,0.9538170415908098,0.904592817183584
2018-2019,Sean Morrison,Cardiff,D,Defender,34,3043,1,3,34,22,6,0,5.046998398378491,3.461114827543497,5.046998398378491
2018-2019,Danny Ward,Cardiff,F,Forward,14,426,1,0,11,7,0,0,0.6128035970032215,0.2850583996623754,0.6128035970032215
2018-2019,Tom Cairney,Fulham,F,Forward,31,2207,1,1,24,40,0,0,1.145194413140416,3.003989930264652,1.145194413140416
2018-2019,Ken Sema,Watford,M,Midfielder,17,772,1,2,12,8,1,0,0.8676496986299753,0.7736622020602226,0.8676496986299753
2018-2019,Ryan Fredericks,West Ham,D,Defender,15,1077,1,0,5,3,5,0,0.5344902947545052,0.5129355993121862,0.5344902947545052
2018-2019,Fabián Balbuena,West Ham,D,Defender,23,2013,1,0,19,3,2,0,2.5245358627289534,0.1530445981770753,2.5245358627289534
2018-2019,Kenneth Zohore,Cardiff,F,Forward,19,735,1,1,17,12,1,0,1.6170414946973324,0.9054237948730588,1.6170414946973324
2018-2019,Bernard,Everton,M,Midfielder,34,2146,1,3,23,41,5,0,2.6929494235664606,3.240991522558033,2.6929494235664606
2018-2019,Sean Longstaff,Newcastle,M,Midfielder,9,694,1,0,8,5,2,0,0.753583425655961,0.5980704165995121,0.753583425655961
2018-2019,Kadeem Harris,Cardiff,M,Midfielder,13,346,1,0,5,6,1,0,0.8885874096304178,0.5112703945487738,0.8885874096304178
2018-2019,Aron Gunnarsson,Cardiff,M,Midfielder,28,2296,1,1,20,16,5,0,2.357029394246638,1.7363695167005062,2.357029394246638
2018-2019,Juninho Bacuna,Huddersfield,D,Defender,21,1418,1,0,19,18,4,0,0.7949996991083026,1.3962501771748066,0.7949996991083026
2018-2019,Jannik Vestergaard,Southampton,D,Defender,23,2033,0,0,14,5,2,0,0.6773964921012521,0.5291908904910088,0.6773964921012521
2018-2019,Bernd Leno,Arsenal,GK,Goalkeeper,32,2833,0,0,0,0,0,0,0.0,0.0,0.0
2018-2019,Andreas Christensen,Chelsea,D,Defender,8,614,0,0,0,0,1,0,0.0,0.0,0.0
2018-2019,Håvard Nordtveit,Fulham,D,Defender,5,361,0,1,0,3,0,0,0.0,0.1195162981748581,0.0
2018-2019,Elias Kachunga,Huddersfield,F,Forward,20,1181,0,0,14,5,2,0,0.9763357732445002,0.2399289980530738,0.9763357732445002
2018-2019,Sead Kolasinac,Arsenal,D,Defender,24,1897,0,5,9,31,5,0,0.4110749959945678,6.741933006793261,0.4110749959945678
2018-2019,Artur Boruc,Bournemouth,GK,Goalkeeper,12,1080,0,0,0,0,2,0,0.0,0.0,0.0
2018-2019,Simon Francis,Bournemouth,D,Defender,17,1220,0,2,3,10,1,0,0.1211565006524324,0.604635301977396,0.1211565006524324
2018-2019,Andrew Surman,Bournemouth,M,Midfielder,18,1440,0,0,9,10,2,0,0.2738317009061575,0.4786581955850124,0.2738317009061575
2018-2019,Mamadou Sakho,Crystal Palace,D,Defender,27,2418,0,0,4,6,2,0,0.8266505710780621,0.1948233973234892,0.8266505710780621
2018-2019,Adam Lallana,Liverpool,F,Forward,13,459,0,0,5,9,1,0,0.303702000528574,0.5410387106239796,0.303702000528574
2018-2019,Petr Cech,Arsenal,GK,Goalkeeper,7,587,0,0,0,0,0,0,0.0,0.0,0.0
2018-2019,Héctor Bellerín,Arsenal,D,Defender,19,1539,0,5,18,8,3,0,0.9628542847931384,2.462862545624376,0.9628542847931384
2018-2019,Mohamed Elneny,Arsenal,M,Midfielder,8,383,0,0,7,5,0,0,0.448422803543508,0.2225508987903595,0.448422803543508
2018-2019,Wayne Hennessey,Crystal Palace,GK,Goalkeeper,18,1576,0,0,0,0,0,0,0.0,0.0,0.0
2018-2019,Scott Dann,Crystal Palace,D,Defender,10,658,0,1,6,2,1,0,0.2003950085490942,1.155619978904724,0.2003950085490942
2018-2019,Pape Souaré,Crystal Palace,S,Midfielder,1,1,0,0,0,0,0,0,0.0,0.0,0.0
2018-2019,Jason Puncheon,"Crystal Palace,Huddersfield",M,Midfielder,11,389,0,0,6,5,1,0,0.6146683916449547,0.8430846873670816,0.6146683916449547
2018-2019,Connor Wickham,Crystal Palace,S,Midfielder,6,56,0,1,5,4,0,0,0.3429006934165954,0.3942410051822662,0.3429006934165954
2018-2019,Bakary Sako,Crystal Palace,S,Midfielder,4,19,0,0,0,0,0,0,0.0,0.0,0.0
2018-2019,Julian Speroni,Crystal Palace,GK,Goalkeeper,1,90,0,0,0,0,0,0,0.0,0.0,0.0
2018-2019,Adrian Mariappa,Watford,D,Defender,26,1921,0,0,7,5,3,0,1.3865475971251726,0.6989381145685911,1.3865475971251726
2018-2019,Martin Kelly,Crystal Palace,D,Defender,13,1109,0,0,3,1,2,0,0.7666512317955494,0.0234110001474618,0.7666512317955494
2018-2019,Cheikhou Kouyaté,Crystal Palace,M,Midfielder,31,1900,0,2,20,14,3,0,1.6332277162000537,0.8914863066747785,1.6332277162000537
2018-2019,Aaron Cresswell,West Ham,D,Defender,20,1586,0,1,11,17,1,0,0.4192391019314527,0.9375776946544648,0.4192391019314527
2018-2019,Andy Carroll,West Ham,F,Forward,12,438,0,0,14,4,2,0,1.980972357094288,0.2757707014679909,1.980972357094288
2018-2019,Victor Moses,Chelsea,S,Midfielder,2,24,0,0,0,1,0,0,0.0,0.1079389974474906,0.0
2018-2019,Pedro Obiang,West Ham,M,Midfielder,24,1112,0,1,15,6,0,0,0.5645460933446884,1.137345416471362,0.5645460933446884
2018-2019,David de Gea,Manchester United,GK,Goalkeeper,38,3420,0,0,0,0,1,0,0.0,0.0,0.0
2018-2019,Timothy Fosu-Mensah,Fulham,D,Defender,12,797,0,0,4,6,3,0,0.0804357016459107,0.3679341981187463,0.0804357016459107
2018-2019,Marcos Rojo,Manchester United,D,Defender,5,208,0,0,6,0,2,0,0.2353720925748348,0.0,0.2353720925748348
2018-2019,Morgan Schneiderlin,Everton,M,Midfielder,14,831,0,1,3,8,2,0,0.1010884009301662,0.8037047833204269,0.1010884009301662
2018-2019,Matteo Darmian,Manchester United,D,Defender,6,447,0,0,1,2,0,0,0.0283087994903326,0.0504136011004447,0.0283087994903326
2018-2019,Sebastian Prödl,Watford,S,Midfielder,1,13,0,0,0,0,0,0,0.0,0.0,0.0
2018-2019,Miguel Britos,Watford,D,Defender,3,185,0,0,0,0,0,0,0.0,0.0,0.0
2018-2019,John Stones,Manchester City,D,Defender,24,1763,0,0,5,5,1,0,0.1587877990677952,0.2179630994796753,0.1587877990677952
2018-2019,Leighton Baines,Everton,D,Defender,6,375,0,0,2,4,0,0,0.0755816027522087,0.0834846030920744,0.0755816027522087
2018-2019,James McCarthy,Everton,S,Midfielder,1,11,0,0,0,0,0,0,0.0,0.0,0.0
2018-2019,Oumar Niasse,"Cardiff,Everton",F,Forward,18,1014,0,0,20,6,0,0,3.3880703896284103,0.7695336919277906,3.3880703896284103
2018-2019,Nathaniel Clyne,"Bournemouth,Liverpool",D,Defender,18,1259,0,1,5,4,2,0,0.2646817974746227,0.1045890990644693,0.2646817974746227
2018-2019,Alberto Moreno,Liverpool,D,Defender,2,156,0,0,1,3,0,0,0.0215387996286153,0.1352580040693283,0.0215387996286153
2018-2019,Joe Hart,Burnley,GK,Goalkeeper,19,1710,0,0,0,1,0,0,0.0,0.0240713004022836,0.0
2018-2019,Pablo Zabaleta,West Ham,D,Defender,26,2099,0,1,7,7,4,0,0.15616450086236,1.0272081028670073,0.15616450086236
2018-2019,Nicolás Otamendi,Manchester City,D,Defender,18,1233,0,0,15,2,1,0,1.1752215111628177,0.2891284003853798,1.1752215111628177
2018-2019,Willy Caballero,Chelsea,GK,Goalkeeper,2,180,0,0,0,0,0,0,0.0,0.0,0.0
2018-2019,Antonio Valencia,Manchester United,D,Defender,6,465,0,0,2,7,2,0,0.0373641997575759,0.5265980958938599,0.0373641997575759
2018-2019,Marouane Fellaini,Manchester United,M,Midfielder,14,728,0,1,7,3,1,0,0.7338949963450432,0.2047822959721088,0.7338949963450432
2018-2019,Alex McCarthy,Southampton,GK,Goalkeeper,25,2250,0,0,0,0,1,0,0.0,0.0,0.0
2018-2019,Luke Dreher,Crystal Palace,S,Midfielder,1,1,0,0,0,0,0,0,0.0,0.0,0.0
2018-2019,Hugo Lloris,Tottenham,GK,Goalkeeper,33,2970,0,0,0,0,0,0,0.0,0.0,0.0
2018-2019,Toby Alderweireld,Tottenham,D,Defender,34,2926,0,0,19,7,3,0,0.9871179955080152,0.4885507095605135,0.9871179955080152
2018-2019,Danny Rose,Tottenham,D,Defender,26,1798,0,3,15,26,5,0,0.7975114062428474,2.591335780918598,0.7975114062428474
2018-2019,Mousa Dembélé,Tottenham,M,Midfielder,10,518,0,0,1,0,1,0,0.0302143990993499,0.0,0.0302143990993499
2018-2019,Michel Vorm,Tottenham,GK,Goalkeeper,2,180,0,0,0,0,0,0,0.0,0.0,0.0
2018-2019,Ben Davies,Tottenham,D,Defender,27,1831,0,0,14,15,2,0,0.5746606048196554,2.246485232375562,0.5746606048196554
2018-2019,Carlos Sánchez,West Ham,M,Midfielder,7,233,0,0,3,2,0,0,0.0571259995922446,0.0455124005675315,0.0571259995922446
2018-2019,Idrissa Gueye,Everton,M,Midfielder,33,2828,0,2,19,18,6,0,0.5945741888135672,0.9329122863709928,0.5945741888135672
2018-2019,Leandro Bacuna,Cardiff,D,Defender,11,543,0,0,5,1,2,0,0.0774940997362136,0.0256153997033834,0.0774940997362136
2018-2019,Cesc Fàbregas,Chelsea,M,Midfielder,6,167,0,0,1,3,1,0,0.0598409995436668,0.21524160169065,0.0598409995436668
2018-2019,Asmir Begovic,Bournemouth,GK,Goalkeeper,24,2160,0,0,0,0,0,0,0.0,0.0,0.0
2018-2019,Gary Cahill,Chelsea,S,Midfielder,2,22,0,0,0,0,0,0,0.0,0.0,0.0
2018-2019,Lukasz Fabianski,West Ham,GK,Goalkeeper,38,3420,0,0,0,2,0,0,0.0,0.075051000341773,0.0
2018-2019,Federico Fernández,Newcastle,D,Defender,19,1486,0,1,4,5,2,0,0.0828974992036819,0.4301623059436679,0.0828974992036819
2018-2019,Ki Sung-yueng,Newcastle,M,Midfielder,18,1302,0,1,8,16,2,0,0.1521803000941872,1.0775400139391422,0.1521803000941872
2018-2019,Jermain Defoe,Bournemouth,S,Midfielder,4,13,0,0,1,0,0,0,0.1310960054397583,0.0,0.1310960054397583
2018-2019,Jordan Pickford,Everton,GK,Goalkeeper,38,3420,0,0,0,1,1,0,0.0,0.0405163988471031,0.0
2018-2019,Kasper Schmeichel,Leicester,GK,Goalkeeper,38,3420,0,0,1,1,3,0,0.0807150974869728,0.2929759919643402,0.0807150974869728
2018-2019,Danny Simpson,Leicester,D,Defender,6,288,0,0,0,1,0,0,0.0,0.025306399911642,0.0
2018-2019,Christian Fuchs,Leicester,D,Defender,3,204,0,0,2,6,0,0,0.0609567984938621,0.2042557001113891,0.0609567984938621
2018-2019,Shinji Okazaki,Leicester,F,Forward,21,249,0,1,5,1,0,0,0.2803470958024263,0.1141719967126846,0.2803470958024263
2018-2019,Daniel Amartey,Leicester,D,Defender,9,637,0,0,4,3,2,0,0.4685512967407703,0.1066916994750499,0.4685512967407703
2018-2019,Daryl Janmaat,Watford,D,Defender,18,1524,0,2,11,12,3,0,0.4652440957725048,0.5796329937875271,0.4652440957725048
2018-2019,Jamaal Lascelles,Newcastle,D,Defender,32,2751,0,1,11,3,4,0,0.3995888289064169,1.2035105116665363,0.3995888289064169
2018-2019,Moussa Sissoko,Tottenham,M,Midfielder,29,2344,0,3,15,25,2,0,0.9559975024312736,2.7940404880791903,0.9559975024312736
2018-2019,Ben Chilwell,Leicester,D,Defender,36,3240,0,4,22,45,4,0,0.972871252335608,3.073072262108326,0.972871252335608
2018-2019,John Ruddy,Wolverhampton,GK,Goalkeeper,1,90,0,0,0,0,0,0,0.0,0.0,0.0
2018-2019,Robbie Brady,Burnley,M,Midfielder,16,701,0,1,12,14,3,1,0.678755097091198,1.0314604192972183,0.678755097091198
2018-2019,Ben Foster,Watford,GK,Goalkeeper,38,3420,0,0,1,5,1,0,0.0166964996606111,0.2140688998624682,0.0166964996606111
2018-2019,Fraser Forster,Southampton,GK,Goalkeeper,1,90,0,0,0,0,0,0,0.0,0.0,0.0
2018-2019,Maya Yoshida,Southampton,D,Defender,17,1520,0,1,14,5,0,0,1.8280327897518875,1.0708860754966736,1.8280327897518875
2018-2019,Paul Dummett,Newcastle,D,Defender,26,1976,0,0,9,4,1,0,0.2830164041370153,0.35097829811275,0.2830164041370153
2018-2019,Phil Bardsley,Burnley,D,Defender,19,1677,0,0,12,7,9,0,0.2524324003607034,1.2935342267155647,0.2524324003607034
2018-2019,Peter Crouch,Burnley,S,Midfielder,6,73,0,0,5,0,1,0,0.6116740070283413,0.0,0.6116740070283413
2018-2019,Fabian Delph,Manchester City,D,Defender,11,723,0,1,4,3,1,1,0.0698102992027998,0.3856629058718681,0.0698102992027998
2018-2019,Samir Nasri,West Ham,M,Midfielder,5,244,0,2,3,6,0,0,0.1309422999620437,0.5494266971945763,0.1309422999620437
2018-2019,Harry Arter,Cardiff,M,Midfielder,25,2033,0,1,23,10,10,0,0.8048400022089481,0.7227912936359644,0.8048400022089481
2018-2019,Steven Davis,Southampton,M,Midfielder,3,96,0,1,0,3,0,0,0.0,0.4507929980754852,0.0
2018-2019,Kyle Walker-Peters,Tottenham,D,Defender,6,372,0,3,2,7,1,0,0.3468114007264375,0.4763889908790588,0.3468114007264375
2018-2019,Carl Jenkinson,Arsenal,D,Defender,3,166,0,0,0,1,0,0,0.0,0.055605299770832,0.0
2018-2019,Phil Jones,Manchester United,D,Defender,18,1266,0,1,5,3,1,0,0.5517958011478186,0.8154120333492756,0.5517958011478186
2018-2019,Joe Bennett,Cardiff,D,Defender,30,2648,0,1,10,14,5,0,0.5213258992880583,0.8026733957231045,0.5213258992880583
2018-2019,Alex Oxlade-Chamberlain,Liverpool,S,Midfielder,2,17,0,0,1,1,0,0,0.4664709866046905,0.1158810034394264,0.4664709866046905
2018-2019,Paulo Gazzaniga,Tottenham,GK,Goalkeeper,3,270,0,0,0,0,0,0,0.0,0.0,0.0
2018-2019,Mason Holgate,Everton,D,Defender,5,407,0,0,0,0,1,0,0.0,0.0,0.0
2018-2019,Joseph Gomez,Liverpool,D,Defender,16,1052,0,0,5,7,2,0,0.2288764975965023,0.422867295332253,0.2288764975965023
2018-2019,Tyrone Mings,Bournemouth,D,Defender,5,137,0,0,0,1,0,0,0.0,0.063390702009201,0.0
2018-2019,Jack Wilshere,West Ham,M,Midfielder,8,384,0,1,2,5,2,0,0.1778225935995578,0.534796186722815,0.1778225935995578
2018-2019,Tom Davies,Everton,M,Midfielder,16,973,0,0,7,5,3,0,0.3135736063122749,0.5891977995634079,0.3135736063122749
2018-2019,Jonjoe Kenny,Everton,D,Defender,10,791,0,1,3,6,1,0,0.0850523021072149,0.8401083759963512,0.0850523021072149
2018-2019,Davide Zappacosta,Chelsea,D,Defender,4,119,0,0,2,1,0,0,0.1525930017232895,0.1293269991874694,0.1525930017232895
2018-2019,Antonio Barreca,Newcastle,S,Midfielder,1,3,0,0,0,0,0,0,0.0,0.0,0.0
2018-2019,Wesley Hoedt,Southampton,D,Defender,13,1170,0,0,6,1,2,0,0.5851070946082473,0.0172678995877504,0.5851070946082473
2018-2019,Emerson,Chelsea,D,Defender,10,653,0,0,5,5,0,0,0.2729272041469812,0.5980909913778305,0.2729272041469812
2018-2019,Alisson,Liverpool,GK,Goalkeeper,38,3420,0,0,0,0,1,0,0.0,0.0,0.0
2018-2019,Stephan Lichtsteiner,Arsenal,D,Defender,14,953,0,0,1,3,3,0,0.0184109006077051,0.0864555984735488,0.0184109006077051
2018-2019,Adam Masina,Watford,D,Defender,14,1004,0,1,3,3,5,0,0.0530636990442872,0.6919723860919476,0.0530636990442872
2018-2019,Tom Heaton,Burnley,GK,Goalkeeper,19,1710,0,0,1,2,3,0,0.0588099993765354,0.0415206998586654,0.0588099993765354
2018-2019,Matthew Lowton,Burnley,D,Defender,21,1743,0,0,4,8,7,0,0.8291757237166166,0.4965467937290668,0.8291757237166166
2018-2019,Ben Mee,Burnley,D,Defender,38,3420,0,2,21,8,9,0,1.1468774937093258,1.5216831136494875,1.1468774937093258
2018-2019,Stephen Ward,Burnley,D,Defender,3,235,0,0,1,1,1,0,0.0784623995423317,0.0465084984898567,0.0784623995423317
2018-2019,Steven Defour,Burnley,M,Midfielder,6,459,0,0,0,2,0,0,0.0,0.0542091019451618,0.0
2018-2019,Nathaniel Chalobah,Watford,M,Midfielder,9,264,0,0,2,1,2,0,0.0794910965487361,0.2229889929294586,0.0794910965487361
2018-2019,Dominic Solanke,Bournemouth,F,Forward,10,322,0,1,11,8,0,0,0.7951504969969392,0.3580828905105591,0.7951504969969392
2018-2019,Andrew Robertson,Liverpool,D,Defender,36,3223,0,11,16,50,4,0,0.8616025894880295,8.056076707318425,0.8616025894880295
2018-2019,Javier Manquillo,Newcastle,D,Defender,18,1098,0,3,2,8,2,0,0.0830365028232336,0.6845879955217242,0.0830365028232336
2018-2019,Christian Kabasele,Watford,D,Defender,21,1585,0,0,8,2,2,1,1.5429872050881386,0.1839811950922012,1.5429872050881386
2018-2019,Alfie Mawson,Fulham,D,Defender,15,1124,0,0,2,2,2,0,0.3189053144305944,0.0523954210802912,0.3189053144305944
2018-2019,Georges-Kévin Nkoudou,Tottenham,S,Midfielder,1,3,0,1,0,1,0,0,0.0,0.6077460050582886,0.0
2018-2019,Vincent Janssen,Tottenham,S,Midfielder,3,34,0,0,3,0,0,0,0.3054769933223724,0.0,0.3054769933223724
2018-2019,Eric Bailly,Manchester United,D,Defender,12,639,0,0,3,0,0,1,0.2498410046100616,0.0,0.2498410046100616
2018-2019,Kevin Long,Burnley,D,Defender,6,514,0,1,1,1,0,0,0.0307113993912935,0.4060730040073395,0.0307113993912935
2018-2019,Rob Holding,Arsenal,D,Defender,10,807,0,0,2,2,1,0,0.1204104023054242,0.1658618003129959,0.1204104023054242
2018-2019,Ben Hamer,Huddersfield,GK,Goalkeeper,7,552,0,0,0,0,0,0,0.0,0.0,0.0
2018-2019,Arthur Masuaku,West Ham,D,Defender,23,1759,0,1,4,14,2,0,0.0740485005080699,1.019871599972248,0.0740485005080699
2018-2019,Stefano Okaka,Watford,S,Midfielder,2,18,0,0,2,2,1,0,0.5551810264587402,0.1493809968233108,0.5551810264587402
2018-2019,Ramadan Sobhi,Huddersfield,S,Midfielder,4,68,0,0,0,3,0,0,0.0,0.1770002953708171,0.0
2018-2019,Nampalys Mendy,Leicester,M,Midfielder,31,2085,0,0,2,5,5,0,0.0669059008359909,0.2152165956795215,0.0669059008359909
2018-2019,Lewis Cook,Bournemouth,M,Midfielder,13,718,0,0,4,2,2,0,0.1338292034342885,0.0561118014156818,0.1338292034342885
2018-2019,Martín Montoya,Brighton,D,Defender,25,2165,0,1,8,18,4,0,0.1871217992156744,1.1847683181986213,0.1871217992156744
2018-2019,Vicente Iborra,Leicester,M,Midfielder,8,220,0,0,2,1,0,0,0.27342139929533,0.1049669981002807,0.27342139929533
2018-2019,Sergio Rico,Fulham,GK,Goalkeeper,29,2610,0,0,0,2,1,0,0.0,0.0764698013663292,0.0
2018-2019,Vicente Guaita,Crystal Palace,GK,Goalkeeper,20,1754,0,0,0,0,2,0,0.0,0.0,0.0
2018-2019,Mateo Kovacic,Chelsea,M,Midfielder,32,1756,0,2,28,25,3,0,2.017642108723521,2.0133507903665304,2.017642108723521
2018-2019,Denis Suárez,Arsenal,S,Midfielder,4,59,0,0,0,0,0,0,0.0,0.0,0.0
2018-2019,Mat Ryan,Brighton,GK,Goalkeeper,34,3060,0,0,0,0,2,0,0.0,0.0,0.0
2018-2019,Fabri,Fulham,GK,Goalkeeper,2,180,0,0,0,0,0,0,0.0,0.0,0.0
2018-2019,Erik Durm,Huddersfield,D,Defender,28,2049,0,1,10,11,0,0,0.2812918983399868,0.472563399001956,0.2812918983399868
2018-2019,Oleksandr Zinchenko,Manchester City,D,Defender,14,1153,0,3,7,12,1,0,0.2092202985659241,1.717051662504673,0.2092202985659241
2018-2019,Maxime Le Marchand,Fulham,D,Defender,26,2251,0,1,5,9,5,0,0.1570365987718105,0.8136741546913981,0.1570365987718105
2018-2019,Benjamin Mendy,Manchester City,D,Defender,10,900,0,5,7,12,1,0,0.2257156986743211,2.0475861160084605,0.2257156986743211
2018-2019,Jonas Lössl,Huddersfield,GK,Goalkeeper,31,2778,0,1,0,4,1,0,0.0,0.3928719107061624,0.0
2018-2019,Serge Aurier,Tottenham,D,Defender,8,566,0,2,4,6,1,0,0.1369271967560053,1.259202066808939,0.1369271967560053
2018-2019,Lazar Markovic,Fulham,S,Midfielder,1,42,0,0,0,1,0,0,0.0,0.0136246997863054,0.0
2018-2019,Jazz Richards,Cardiff,S,Midfielder,4,117,0,0,0,0,0,0,0.0,0.0,0.0
2018-2019,Mohamed Diamé,Newcastle,M,Midfielder,29,2172,0,0,20,2,3,0,1.0539293810725212,0.1333967000246048,1.0539293810725212
2018-2019,Sam Gallagher,Southampton,S,Midfielder,4,30,0,0,0,0,0,0,0.0,0.0,0.0
2018-2019,Bruno Ecuele Manga,Cardiff,D,Defender,38,3374,0,1,10,6,0,0,1.2095466200262308,0.2851451346650719,1.2095466200262308
2018-2019,Kepa,Chelsea,GK,Goalkeeper,36,3240,0,0,0,0,2,0,0.0,0.0,0.0
2018-2019,Diego Rico,Bournemouth,D,Defender,12,600,0,0,9,11,1,0,0.1808892041444778,1.2170702759176493,0.1808892041444778
2018-2019,Florian Lejeune,Newcastle,D,Defender,12,1057,0,0,7,6,0,0,0.2765633957460522,0.2914360947906971,0.2765633957460522
2018-2019,Marc Navarro,Watford,D,Defender,2,87,0,0,0,0,0,0,0.0,0.0,0.0
2018-2019,Florent Hadergjonaj,Huddersfield,D,Defender,24,1843,0,0,6,23,1,0,0.2224597949534654,1.3806975008919835,0.2224597949534654
2018-2019,Bernardo,Brighton,D,Defender,22,1740,0,1,8,10,4,0,0.3528814036399126,0.5762904193252325,0.3528814036399126
2018-2019,Caglar Söyüncü,Leicester,D,Defender,6,373,0,0,2,0,1,0,0.0558414012193679,0.0,0.0558414012193679
2018-2019,Angus Gunn,Southampton,GK,Goalkeeper,12,1080,0,0,0,0,0,0,0.0,0.0,0.0
2018-2019,Ademola Lookman,Everton,M,Midfielder,21,575,0,2,12,10,0,0,1.5689684599637983,1.6114375740289688,1.5689684599637983
2018-2019,Josh Sims,Southampton,M,Midfielder,7,205,0,1,5,1,0,0,0.7687907218933105,0.6989210247993469,0.7687907218933105
2018-2019,Aaron Wan-Bissaka,Crystal Palace,D,Defender,35,3136,0,3,9,14,4,1,0.3732242006808519,2.2901115771383047,0.3732242006808519
2018-2019,Angel Gomes,Manchester United,S,Midfielder,2,23,0,0,2,0,0,0,0.1069332025945186,0.0,0.1069332025945186
2018-2019,Sam Surridge,Bournemouth,S,Midfielder,2,9,0,0,2,1,0,0,0.3793915882706642,0.0378567986190319,0.3793915882706642
2018-2019,Yves Bissouma,Brighton,M,Midfielder,28,1757,0,0,31,13,5,0,1.7799655944108963,0.9938525147736073,1.7799655944108963
2018-2019,Adama Diakhaby,Huddersfield,F,Forward,12,560,0,0,7,5,1,0,0.8706764774397016,0.5404308997094631,0.8706764774397016
2018-2019,Matteo Guendouzi,Arsenal,M,Midfielder,33,2132,0,0,16,17,9,0,0.4822906963527202,1.5040015205740929,0.4822906963527202
2018-2019,Fousseni Diabate,Leicester,M,Midfielder,1,55,0,0,0,1,0,0,0.0,0.0752839967608451,0.0
2018-2019,Tommy Smith,Huddersfield,D,Defender,15,1138,0,0,3,7,2,1,0.075785900466144,0.3938208930194378,0.075785900466144
2018-2019,Chris Löwe,Huddersfield,D,Defender,29,2052,0,2,18,20,2,0,0.4915374033153057,1.783748209476471,0.4915374033153057
2018-2019,Collin Quaner,Huddersfield,S,Midfielder,2,34,0,0,0,1,0,0,0.0,0.0976916998624801,0.0
2018-2019,Rajiv van La Parra,Huddersfield,F,Forward,5,411,0,0,5,4,0,0,0.2370322979986667,0.0699041001498699,0.2370322979986667
2018-2019,Danny Williams,Huddersfield,M,Midfielder,5,94,0,0,1,1,1,0,0.0155525999143719,0.0310347005724906,0.0155525999143719
2018-2019,Laurent Depoitre,Huddersfield,F,Forward,23,1039,0,1,30,9,1,0,2.6720805931836367,0.4564105989411473,2.6720805931836367
2018-2019,Joel Coleman,Huddersfield,GK,Goalkeeper,1,90,0,0,0,0,0,0,0.0,0.0,0.0
2018-2019,Jan Bednarek,Southampton,D,Defender,25,2150,0,1,5,9,7,0,0.8431640844792128,0.6224703155457973,0.8431640844792128
2018-2019,Charlie Taylor,Burnley,D,Defender,38,3238,0,1,6,11,2,0,0.1090201986953616,1.4475770257413387,0.1090201986953616
2018-2019,Bruno,Brighton,D,Defender,14,1150,0,1,2,6,2,0,0.0669844020158052,0.5888874959200621,0.0669844020158052
2018-2019,Ederson,Manchester City,GK,Goalkeeper,38,3420,0,1,0,3,2,0,0.0,0.0721965003758668,0.0
2018-2019,Jacob Murphy,Newcastle,M,Midfielder,9,293,0,1,2,1,0,0,0.0330767994746565,0.6086339950561523,0.0330767994746565
2018-2019,Gaëtan Bong,Brighton,D,Defender,22,1802,0,0,2,9,0,0,0.0694806007668376,0.4776687901467085,0.0694806007668376
2018-2019,José Izquierdo,Brighton,F,Forward,15,803,0,1,15,6,1,0,0.6221193987876177,0.4745672047138214,0.6221193987876177
2018-2019,Abdelhamid Sabiri,Huddersfield,F,Forward,2,51,0,0,0,0,0,0,0.0,0.0,0.0
2018-2019,Jonathan Hogg,Huddersfield,M,Midfielder,29,2392,0,1,8,15,8,1,0.2550540994852781,0.7261038925498724,0.2550540994852781
2018-2019,Jack Simpson,Bournemouth,D,Defender,6,407,0,0,2,0,0,0,0.3693768884986639,0.0,0.3693768884986639
2018-2019,Hamza Choudhury,Leicester,M,Midfielder,9,597,0,0,4,5,0,0,0.4746321067214012,0.5052472064271569,0.4746321067214012
2018-2019,Ben Johnson,West Ham,D,Defender,1,64,0,0,0,0,0,0,0.0,0.0,0.0
2018-2019,Franck Zambo,Fulham,M,Midfielder,22,1515,0,0,21,7,1,1,0.6529498202726245,0.2517189877107739,0.6529498202726245
2018-2019,Callum Hudson-Odoi,Chelsea,F,Forward,10,390,0,1,6,9,0,0,0.991597816348076,1.570071406662464,0.991597816348076
2018-2019,Emerson Hyndman,Bournemouth,S,Midfielder,1,34,0,0,0,0,0,0,0.0,0.0,0.0
2018-2019,Adrien Silva,Leicester,M,Midfielder,2,86,0,0,0,0,0,0,0.0,0.0,0.0
2018-2019,Alexander Sørloth,Crystal Palace,S,Midfielder,12,156,0,0,4,3,0,0,0.4589547924697399,0.6892502084374428,0.4589547924697399
2018-2019,Martin Dubravka,Newcastle,GK,Goalkeeper,38,3420,0,0,0,0,1,0,0.0,0.0,0.0
2018-2019,Joe Willock,Arsenal,M,Midfielder,2,66,0,0,2,0,0,0,0.1326580047607422,0.0,0.1326580047607422
2018-2019,Grady Diangana,West Ham,M,Midfielder,17,602,0,1,10,12,0,0,0.6380325052887201,1.2208154816180468,0.6380325052887201
2018-2019,Rafael Camacho,Liverpool,S,Midfielder,1,1,0,0,0,0,0,0,0.0,0.0,0.0
2018-2019,Konstantinos Mavropanos,Arsenal,D,Defender,4,149,0,0,2,1,1,0,0.0959471985697746,0.5670660138130188,0.0959471985697746
2018-2019,Luke Amos,Tottenham,S,Midfielder,1,1,0,0,0,0,0,0,0.0,0.0,0.0
2018-2019,Neil Etheridge,Cardiff,GK,Goalkeeper,38,3420,0,0,0,2,2,0,0.0,0.0924880988895893,0.0
2018-2019,Lee Peltier,Cardiff,D,Defender,20,1539,0,0,1,2,3,0,0.0359758995473384,0.0654499977827072,0.0359758995473384
2018-2019,Joe Ralls,Cardiff,M,Midfielder,28,1961,0,0,23,33,4,1,1.3697645151987672,3.596278859302401,0.6085961991921067
2018-2019,Gary Madine,Cardiff,S,Midfielder,5,23,0,0,0,0,0,0,0.0,0.0,0.0
2018-2019,Greg Cunningham,Cardiff,D,Defender,7,630,0,0,2,5,3,0,0.0667790006846189,0.2230945993214845,0.0667790006846189
2018-2019,Cyrus Christie,Fulham,D,Defender,28,1932,0,1,12,17,7,0,0.3850728962570429,1.1976565085351467,0.3850728962570429
2018-2019,Joe Bryan,Fulham,D,Defender,28,2364,0,1,21,24,5,0,0.5458203721791506,4.403665913268924,0.5458203721791506
2018-2019,Kevin McDonald,Fulham,M,Midfielder,15,843,0,0,4,4,4,1,0.1093687005341053,0.0982350967824459,0.1093687005341053
2018-2019,Stefan Johansen,Fulham,M,Midfielder,12,406,0,0,1,1,4,0,0.0396058000624179,0.0521381981670856,0.0396058000624179
2018-2019,Ibrahima Cissé,Fulham,M,Midfielder,3,85,0,0,0,0,0,0,0.0,0.0,0.0
2018-2019,Neeskens Kebano,Fulham,S,Midfielder,7,93,0,0,1,0,0,0,0.049745600670576,0.0,0.049745600670576
2018-2019,Alireza Jahanbakhsh,Brighton,F,Forward,19,1021,0,0,21,5,2,0,0.701559005305171,0.1939404001459479,0.701559005305171
2018-2019,David Button,Brighton,GK,Goalkeeper,4,360,0,0,0,0,0,0,0.0,0.0,0.0
2018-2019,Rui Patrício,Wolverhampton,GK,Goalkeeper,37,3330,0,0,0,0,0,0,0.0,0.0,0.0
2018-2019,Conor Coady,Wolverhampton,D,Defender,38,3420,0,0,0,2,5,0,0.0,0.0134864998981356,0.0
2018-2019,Léo Bonatini,Wolverhampton,S,Midfielder,7,117,0,1,9,2,0,0,1.5466288030147552,0.1619743034243583,1.5466288030147552
2018-2019,Rúben Vinagre,Wolverhampton,D,Defender,17,697,0,0,4,6,1,0,0.4506887122988701,0.8691694838926196,0.4506887122988701
2018-2019,Morgan Gibbs-White,Wolverhampton,F,Forward,26,628,0,1,8,11,1,0,0.9925088100135326,1.3041684199124577,0.9925088100135326
2018-2019,Mohamed Elyounoussi,Southampton,M,Midfielder,16,786,0,0,20,15,0,0,2.205867158249021,1.1448204163461924,2.205867158249021
2018-2019,Marcus Bettinelli,Fulham,GK,Goalkeeper,7,630,0,0,0,0,1,0,0.0,0.0,0.0
2018-2019,Denis Odoi,Fulham,D,Defender,31,2591,0,1,10,11,4,0,0.7200834713876247,0.570259302854538,0.7200834713876247
2018-2019,Tim Ream,Fulham,D,Defender,26,2057,0,0,1,3,1,0,0.0195435993373394,0.2394211962819099,0.0195435993373394
2018-2019,Oliver Skipp,Tottenham,M,Midfielder,8,207,0,0,2,1,0,0,0.0573194995522499,0.0285570006817579,0.0573194995522499
2018-2019,Loïc Damour,Cardiff,S,Midfielder,2,17,0,0,1,0,0,0,0.0312483999878168,0.0,0.0312483999878168
2018-2019,Ben Wilmot,Watford,S,Midfielder,2,24,0,0,0,0,0,0,0.0,0.0,0.0
2018-2019,Diogo Dalot,Manchester United,D,Defender,16,1015,0,2,15,17,3,0,0.7152223102748394,2.7341757230460644,0.7152223102748394
2018-2019,Xande Silva,West Ham,S,Midfielder,1,15,0,0,2,1,0,0,0.0697230994701385,0.0139105999842286,0.0697230994701385
2018-2019,Tyreke Johnson,Southampton,S,Midfielder,1,1,0,0,0,0,0,0,0.0,0.0,0.0
2018-2019,Bukayo Saka,Arsenal,S,Midfielder,1,6,0,0,0,0,0,0,0.0,0.0,0.0
2018-2019,Kayne Ramsay,Southampton,D,Defender,1,90,0,0,0,0,0,0,0.0,0.0,0.0
2018-2019,Max Kilman,Wolverhampton,S,Midfielder,1,1,0,0,0,0,0,0,0.0,0.0,0.0
2018-2019,Callum Slattery,Southampton,M,Midfielder,3,107,0,0,1,0,0,0,0.1008519977331161,0.0,0.1008519977331161
2018-2019,Rhys Healey,Cardiff,S,Midfielder,3,30,0,0,1,1,0,0,0.0443128012120723,0.0321585014462471,0.0443128012120723
2018-2019,Chris Mepham,Bournemouth,D,Defender,13,850,0,1,2,2,1,0,0.0504378974437713,0.6852380037307739,0.0504378974437713
2018-2019,Miguel Almirón,Newcastle,F,Forward,10,774,0,0,19,13,0,0,1.5924233999103308,0.6939392052590847,1.5924233999103308
2018-2019,Demeaco Duhaney,Huddersfield,D,Defender,1,49,0,0,0,0,0,0,0.0,0.0,0.0
2018-2019,James Garner,Manchester United,S,Midfielder,1,1,0,0,0,0,0,0,0.0,0.0,0.0
2018-2019,Tahith Chong,Manchester United,S,Midfielder,2,35,0,0,2,0,0,0,0.2937690019607544,0.0,0.2937690019607544
2018-2019,Matty Daly,Huddersfield,S,Midfielder,2,71,0,0,0,0,0,0,0.0,0.0,0.0
2018-2019,Will Norris,Wolverhampton,S,Midfielder,1,1,0,0,0,0,0,0,0.0,0.0,0.0
2018-2019,Aaron Rowe,Huddersfield,M,Midfielder,2,68,0,0,0,0,0,0,0.0,0.0,0.0
2018-2019,Mason Greenwood,Manchester United,F,Forward,3,111,0,0,7,3,0,0,0.7973629832267761,0.0723448991775512,0.7973629832267761
2018-2019,Harvey Elliott,Fulham,S,Midfielder,2,16,0,0,1,0,0,0,0.0564981997013092,0.0,0.0564981997013092
2018-2019,Mark Travers,Bournemouth,GK,Goalkeeper,2,180,0,0,0,0,0,0,0.0,0.0,0.0
2019-2020,Jamie Vardy,Leicester,F,Forward,35,3034,23,5,89,32,3,0,18.903520427644253,6.368295930325985,15.097683936357498
2019-2020,Pierre-Emerick Aubameyang,Arsenal,F,Forward,36,3143,22,3,93,26,3,1,16.352621614933014,4.492486532777548,14.830358684062958
2019-2020,Danny Ings,Southampton,F,Forward,38,2836,22,2,93,35,3,0,15.659720553085208,2.849086041562259,14.137382855638862
2019-2020,Raheem Sterling,Manchester City,F,Forward,33,2678,20,1,100,48,5,0,19.799912065267563,7.208590239286423,18.27756914496421
2019-2020,Mohamed Salah,Liverpool,F,Forward,34,2904,19,10,132,60,1,0,20.66332234814763,8.726041685789824,18.379813332110643
2019-2020,Harry Kane,Tottenham,F,Forward,29,2595,18,2,82,27,4,0,13.297059614676982,3.1170066092163324,11.774761584121734
2019-2020,Sadio Mané,Liverpool,F,Forward,35,2761,18,7,77,59,3,0,14.577481213957071,7.235698115080595,14.577481213957071
2019-2020,Anthony Martial,Manchester United,F,Forward,32,2672,17,6,80,30,1,0,13.240488132461904,4.618775302544236,12.479318222030995
2019-2020,Marcus Rashford,Manchester United,F,Forward,31,2673,17,7,95,33,3,0,19.50372789241373,5.457172006368637,13.414411062374713
2019-2020,Raúl Jiménez,Wolverhampton,F,Forward,38,3269,17,6,117,48,3,0,16.510803668759763,7.226944707334042,13.466126619838178
2019-2020,Sergio Agüero,Manchester City,F,Forward,24,1462,16,3,76,19,1,0,15.557497031986712,2.920210164040327,13.274028159677982
2019-2020,Tammy Abraham,Chelsea,F,Forward,34,2233,15,3,88,21,2,0,18.08280211687088,2.9130469039082527,18.08280211687088
2019-2020,Kevin De Bruyne,Manchester City,M,Midfielder,35,2818,14,20,100,133,3,0,8.106427356600761,20.620712891221046,6.5840903371572495
2019-2020,Chris Wood,Burnley,F,Forward,32,2462,14,1,65,22,1,0,17.226178102195263,1.470995786599815,16.465013168752193
2019-2020,Gabriel Jesus,Manchester City,F,Forward,34,2022,14,7,101,32,3,0,21.01520355977118,3.598858524113893,20.254034588113427
2019-2020,Dominic Calvert-Lewin,Everton,F,Forward,36,2639,13,1,85,15,9,0,16.109829664230347,1.3362244945019484,16.109829664230347
2019-2020,Richarlison,Everton,F,Forward,36,3100,13,3,89,34,8,0,9.84296602755785,6.668139893561602,9.84296602755785
2019-2020,Son Heung-Min,Tottenham,F,Forward,30,2511,11,10,81,41,0,2,9.70170281920582,6.721725411713123,8.940532908774912
2019-2020,Riyad Mahrez,Manchester City,F,Forward,33,1938,11,9,74,60,0,0,8.649655694141984,11.059849355369806,7.888486390933394
2019-2020,Teemu Pukki,Norwich,F,Forward,36,2908,11,3,80,30,3,0,11.524341631680729,3.619014976546168,10.002006579190493
2019-2020,Michail Antonio,West Ham,F,Forward,24,1767,10,3,68,26,3,0,13.249557899311185,3.921496020630002,12.488387929275632
2019-2020,Troy Deeney,Watford,F,Forward,27,2253,10,2,45,29,3,0,11.589199660345912,3.735701800324023,7.022190598770976
2019-2020,Alexandre Lacazette,Arsenal,F,Forward,30,1890,10,4,52,24,8,0,8.664644362404943,3.342292783781886,8.664644362404943
2019-2020,Neal Maupay,Brighton,F,Forward,37,2782,10,3,96,25,3,0,13.558547105640171,2.5061313090845942,12.0362094566226
2019-2020,Mason Greenwood,Manchester United,F,Forward,31,1304,10,1,39,14,0,0,3.3878568075597286,1.4115078235045075,3.3878568075597286
2019-2020,Roberto Firmino,Liverpool,F,Forward,38,3035,9,8,98,52,0,0,16.686226904392242,7.346652261912823,16.686226904392242
2019-2020,Jordan Ayew,Crystal Palace,F,Forward,37,3196,9,2,58,30,6,0,7.676178464666009,2.864643355831504,7.676178464666009
2019-2020,Willian,Chelsea,F,Forward,36,2609,9,7,71,76,4,0,8.1353350430727,8.679425723850727,5.09066017717123
2019-2020,Christian Pulisic,Chelsea,F,Forward,25,1738,9,4,63,30,0,0,8.925187893211842,4.296079449355602,8.925187893211842
2019-2020,Callum Wilson,Bournemouth,F,Forward,35,2916,8,1,53,30,10,0,9.842872485518456,3.349535880610347,9.842872485518456
2019-2020,Olivier Giroud,Chelsea,F,Forward,18,1015,8,0,39,8,1,0,7.400898335501552,1.3883673138916492,7.400898335501552
2019-2020,Dele Alli,Tottenham,F,Forward,25,1862,8,4,42,23,2,0,7.915487986057997,3.4838611409068108,7.154318999499083
2019-2020,Jack Grealish,Aston Villa,F,Forward,36,3235,8,6,73,92,8,0,6.844703515991569,7.637995069846511,6.083534499630332
2019-2020,Ayoze Pérez,Leicester,F,Forward,33,2045,8,4,47,28,0,0,6.557799419388175,4.091642318293452,5.796633398160338
2019-2020,Jay Rodriguez,Burnley,F,Forward,36,1987,8,1,67,6,1,0,8.956886642612517,0.7683106064796448,8.195717656053603
2019-2020,Bruno Fernandes,Manchester United,M,Midfielder,14,1211,8,7,44,30,2,0,5.98607742600143,2.7549998983740807,2.9414413776248693
2019-2020,Harry Wilson,Bournemouth,F,Forward,31,1672,7,0,56,14,2,0,4.164999137632549,2.217742595821619,4.164999137632549
2019-2020,Sébastien Haller,West Ham,F,Forward,32,2248,7,1,57,24,1,0,8.484900137409568,2.34311880171299,8.484900137409568
2019-2020,Diogo Jota,Wolverhampton,F,Forward,34,2329,7,1,69,29,4,0,12.017677284777164,2.642562847584486,12.017677284777164
2019-2020,Mason Mount,Chelsea,F,Forward,37,2894,7,5,78,52,3,0,7.497828083112836,5.258457243442535,7.497828083112836
2019-2020,Joshua King,Bournemouth,F,Forward,26,2033,6,4,26,30,0,0,6.534089034423232,4.133097622543573,4.250656159594655
2019-2020,Jonjo Shelvey,Newcastle,M,Midfielder,26,2136,6,2,45,44,3,0,2.24221299123019,4.141613911837339,2.24221299123019
2019-2020,Oliver McBurnie,Sheffield United,F,Forward,36,2123,6,0,50,10,4,0,8.068318895995617,1.135003101080656,8.068318895995617
2019-2020,Lys Mousset,Sheffield United,F,Forward,30,1220,6,4,37,12,1,0,6.072984084486961,3.6121045984327793,6.072984084486961
2019-2020,Bernardo Silva,Manchester City,F,Forward,34,2020,6,7,52,51,5,0,7.420338202267885,6.312828056514263,7.420338202267885
2019-2020,Ashley Barnes,Burnley,F,Forward,19,1386,6,0,40,5,4,0,6.516932616010308,0.3088206928223371,5.755763599649072
2019-2020,Harvey Barnes,Leicester,F,Forward,36,2094,6,8,61,35,0,0,8.480616264045238,4.085434114560485,8.480616264045238
2019-2020,James Maddison,Leicester,M,Midfielder,31,2632,6,3,74,79,4,0,5.021775141358376,5.76851593144238,5.021775141358376
2019-2020,Todd Cantwell,Norwich,M,Midfielder,37,2528,6,2,42,36,6,0,5.675050851888955,2.318531099706888,5.675050851888955
2019-2020,Trézéguet,Aston Villa,F,Forward,34,1955,6,1,50,21,2,1,5.345048896037042,0.958256809040904,5.345048896037042
2019-2020,David Silva,Manchester City,M,Midfielder,27,1846,5,10,46,49,0,0,6.932368505746126,7.650991026312113,6.932368505746126
2019-2020,Kelechi Iheanacho,Leicester,F,Forward,20,976,5,3,36,15,1,0,5.901271965354681,2.5886508151888847,5.901271965354681
2019-2020,Virgil van Dijk,Liverpool,D,Defender,38,3420,5,1,31,7,1,0,2.957815634086728,1.133435733616352,2.957815634086728
2019-2020,James Ward-Prowse,Southampton,D,Defender,38,3420,5,3,57,61,9,0,7.061389023438096,5.7615470215678215,4.777883986011148
2019-2020,Robert Snodgrass,West Ham,F,Forward,24,1522,5,5,21,33,4,0,2.3865076191723347,3.732902128249407,2.3865076191723347
2019-2020,Nicolas Pepe,Arsenal,F,Forward,31,2021,5,5,50,39,4,0,5.069304745644331,4.904218332841992,4.308138769119978
2019-2020,Ismaila Sarr,Watford,F,Forward,28,2038,5,4,43,25,1,0,5.968195581808686,4.351110962219536,5.968195581808686
2019-2020,Phil Foden,Manchester City,F,Forward,23,888,5,2,34,18,0,0,3.556827375665307,1.5590799991041422,3.556827375665307
2019-2020,Andriy Yarmolenko,West Ham,M,Midfielder,23,979,5,1,26,19,2,0,2.6255951039493084,3.426017658784985,2.6255951039493084
2019-2020,Stuart Armstrong,Southampton,D,Defender,30,1711,5,3,46,18,4,0,3.114440331235528,2.009652117267251,3.114440331235528
2019-2020,Leandro Trossard,Brighton,F,Forward,31,2018,5,3,41,42,0,0,5.354306818917394,4.625107796862721,5.354306818917394
2019-2020,John Lundstram,Sheffield United,M,Midfielder,34,2448,5,3,44,21,5,0,5.921481820754707,3.8296410171315074,5.921481820754707
2019-2020,John Fleck,Sheffield United,M,Midfielder,30,2513,5,2,31,39,8,0,3.248101287521422,3.429328804835677,3.248101287521422
2019-2020,Wesley,Aston Villa,F,Forward,21,1806,5,1,36,11,3,0,7.270562741905451,0.8836157005280256,6.509392712265253
2019-2020,Divock Origi,Liverpool,F,Forward,28,680,4,1,14,8,1,0,2.0965643152594566,0.8253546096384525,2.0965643152594566
2019-2020,Wilfried Zaha,Crystal Palace,F,Forward,38,3276,4,3,61,37,5,0,4.932662656530738,3.74423024058342,4.932662656530738
2019-2020,Mark Noble,West Ham,M,Midfielder,33,2709,4,3,17,44,5,0,2.77382646035403,3.18147258553654,0.4903194261714816
2019-2020,Gerard Deulofeu,Watford,F,Forward,28,2137,4,5,63,43,4,0,6.213231584057212,4.786339534446597,5.452063171193004
2019-2020,Jordan Henderson,Liverpool,M,Midfielder,30,2254,4,5,20,27,2,0,1.184689113870263,4.108061358332634,1.184689113870263
2019-2020,Dwight Gayle,Newcastle,F,Forward,20,856,4,2,23,6,2,0,4.639504801481962,0.8900674963369966,4.639504801481962
2019-2020,Georginio Wijnaldum,Liverpool,M,Midfielder,37,2980,4,0,36,18,0,0,2.651080599054694,0.8085468038916588,2.651080599054694
2019-2020,Nathan Redmond,Southampton,F,Forward,32,2781,4,4,59,38,2,0,5.287323888391256,3.6244101859629154,5.287323888391256
2019-2020,Adama Traoré,Wolverhampton,D,Defender,37,2596,4,9,43,49,1,0,3.707336662337184,7.5510333199054,3.707336662337184
2019-2020,Alex Oxlade-Chamberlain,Liverpool,F,Forward,30,1511,4,1,40,17,1,0,2.5044670198112726,0.9436891078948976,2.5044670198112726
2019-2020,Jorginho,Chelsea,M,Midfielder,31,2391,4,2,12,23,10,0,3.097004462964833,2.916515958495438,0.8134977789595723
2019-2020,Marcos Alonso,Chelsea,D,Defender,18,1436,4,2,30,25,4,0,2.546826492063701,2.9914877098053694,2.546826492063701
2019-2020,Abdoulaye Doucouré,Watford,M,Midfielder,37,3189,4,2,61,38,8,0,5.280910023488104,4.084617944434285,5.280910023488104
2019-2020,Trent Alexander-Arnold,Liverpool,D,Defender,38,3183,4,13,45,86,5,0,3.084459664300084,11.166964124888182,3.084459664300084
2019-2020,Lucas Moura,Tottenham,F,Forward,35,2261,4,4,56,35,3,0,5.582068298943341,3.2798845916986465,5.582068298943341
2019-2020,Anwar El Ghazi,Aston Villa,F,Forward,34,2082,4,4,53,30,3,0,6.381359378807247,2.877202283591032,5.62019136082381
2019-2020,Matt Doherty,Wolverhampton,D,Defender,36,2842,4,3,34,21,1,0,6.484134959988296,2.1279859263449907,6.484134959988296
2019-2020,Leander Dendoncker,Wolverhampton,D,Defender,38,2793,4,0,20,9,5,0,2.638044427614659,0.7169406125321984,2.638044427614659
2019-2020,Miguel Almirón,Newcastle,F,Forward,36,3063,4,2,55,31,5,0,7.755136603489518,2.9012297028675675,7.755136603489518
2019-2020,Che Adams,Southampton,F,Forward,30,1096,4,2,36,13,0,0,5.865680541843176,1.988808723166585,5.865680541843176
2019-2020,Allan Saint-Maximin,Newcastle,F,Forward,26,1896,3,4,46,33,0,0,2.942516790702939,4.3318113358691335,2.942516790702939
2019-2020,Dan Gosling,Bournemouth,M,Midfielder,24,1255,3,1,13,10,3,0,2.929864052683115,1.369174674153328,2.929864052683115
2019-2020,Junior Stanislas,Bournemouth,D,Defender,15,706,3,0,17,12,1,0,1.8708659801632168,0.9225293016061188,1.1096971053630114
2019-2020,Aaron Cresswell,West Ham,D,Defender,31,2739,3,0,18,26,7,0,1.032538689672947,3.006656118668616,1.032538689672947
2019-2020,Patrick van Aanholt,Crystal Palace,D,Defender,29,2517,3,2,27,32,0,0,2.040343215689063,3.5544343441724777,1.2791741993278265
2019-2020,N&#039;Golo Kanté,Chelsea,M,Midfielder,22,1733,3,0,18,27,4,0,1.543913054279983,1.5202725995332005,1.543913054279983
2019-2020,Jeffrey Schlupp,Crystal Palace,D,Defender,17,1035,3,1,18,7,2,0,2.184974259696901,0.9487967919558288,2.184974259696901
2019-2020,Ben Chilwell,Leicester,D,Defender,27,2382,3,3,16,33,3,0,1.0977275986224413,3.535527830943465,1.0977275986224413
2019-2020,Dominic Solanke,Bournemouth,F,Forward,32,1617,3,1,32,15,1,0,4.439335510134697,1.053561699576676,4.439335510134697
2019-2020,Roberto Pereyra,Watford,F,Forward,28,1656,3,0,21,20,4,0,3.146886095404625,1.3600246058776977,2.385717086493969
2019-2020,Rodri,Manchester City,D,Defender,35,2488,3,2,24,33,8,0,0.7440792061388493,2.910294508561492,0.7440792061388493
2019-2020,Issa Diop,West Ham,D,Defender,32,2767,3,1,16,5,8,0,1.79526306129992,1.828402679413557,1.79526306129992
2019-2020,Ricardo Pereira,Leicester,D,Defender,28,2520,3,2,18,27,1,0,1.26523310970515,4.018955676816404,1.26523310970515
2019-2020,Luka Milivojevic,Crystal Palace,M,Midfielder,31,2519,3,1,31,29,12,0,2.4957163175567985,1.7364525254815817,0.9733782848343252
2019-2020,Scott McTominay,Manchester United,M,Midfielder,27,1771,3,1,29,16,2,0,2.0219837967306376,1.4312147917225957,2.0219837967306376
2019-2020,Daniel James,Manchester United,F,Forward,33,2291,3,6,42,26,4,0,3.603131204843521,4.264182991348207,3.603131204843521
2019-2020,Youri Tielemans,Leicester,M,Midfielder,37,2849,3,6,56,53,2,0,2.792379300110042,5.186098888516426,2.792379300110042
2019-2020,Lewis Dunk,Brighton,D,Defender,36,3233,3,3,31,14,9,0,3.7192770410329103,1.263423195108771,3.7192770410329103
2019-2020,Douglas Luiz,Aston Villa,M,Midfielder,36,2602,3,2,38,17,8,0,2.2777960058301687,2.0041150031611323,2.2777960058301687
2019-2020,Pedro Neto,Wolverhampton,F,Forward,29,911,3,3,17,14,3,0,1.893448617309332,2.626217395998537,1.893448617309332
2019-2020,Michael Obafemi,Southampton,F,Forward,21,654,3,2,12,10,1,0,2.154611974954605,1.2253477424383163,2.154611974954605
2019-2020,Bernard,Everton,M,Midfielder,27,1267,3,2,12,24,2,0,1.697566106915474,2.3037208076566458,1.697566106915474
2019-2020,Adam Webster,Brighton,D,Defender,31,2668,3,1,16,10,4,0,1.5777925020083785,1.0943772848695517,1.5777925020083785
2019-2020,Billy Sharp,Sheffield United,F,Forward,25,1045,3,2,16,15,1,1,4.138953751884401,3.0103288423269987,4.138953751884401
2019-2020,Conor Hourihane,Aston Villa,M,Midfielder,27,1549,3,5,29,38,4,0,1.62833839841187,5.731440666131675,1.62833839841187
2019-2020,John McGinn,Aston Villa,M,Midfielder,28,2323,3,3,55,37,3,0,3.9825734980404377,2.617758873850107,3.9825734980404377
2019-2020,Gabriel Martinelli,Arsenal,M,Midfielder,14,643,3,0,12,2,1,0,2.2424831092357635,0.1135419011116027,2.2424831092357635
2019-2020,Aaron Connolly,Brighton,F,Forward,24,1279,3,1,36,6,0,0,4.553528117015958,0.56201739795506,4.553528117015958
2019-2020,Tomas Soucek,West Ham,M,Midfielder,13,1042,3,0,20,5,0,0,2.418373892083764,0.3432556027546525,2.418373892083764
2019-2020,Steven Bergwijn,Tottenham,F,Forward,14,698,3,1,9,13,2,0,1.178315468132496,1.128514390438795,1.178315468132496
2019-2020,Fabian Schär,Newcastle,D,Defender,22,1675,2,0,20,4,5,0,1.0595886493101716,0.1013798560015857,1.0595886493101716
2019-2020,Joelinton,Newcastle,F,Forward,38,2722,2,2,50,29,7,0,6.031044367700815,3.1011656122282147,6.031044367700815
2019-2020,Pascal Groß,Brighton,F,Forward,29,1812,2,4,29,59,4,0,1.4560961024835706,5.95470461063087,1.4560961024835706
2019-2020,Ilkay Gündogan,Manchester City,M,Midfielder,31,2006,2,1,32,34,7,0,4.346704069525003,2.919196816161275,2.824402211233973
2019-2020,Sokratis,Arsenal,D,Defender,19,1698,2,0,7,2,6,0,1.4505057297647,0.7529760003089905,1.4505057297647
2019-2020,Matt Ritchie,Newcastle,D,Defender,18,1321,2,1,26,32,4,0,1.5107389856129885,2.34536537528038,0.7495703659951687
2019-2020,James Milner,Liverpool,D,Defender,22,895,2,2,12,11,4,0,2.1647368744015694,0.934651792049408,0.6423958018422127
2019-2020,Danny Welbeck,Watford,F,Forward,18,791,2,0,22,3,0,0,3.385593056678772,0.235426802188158,3.385593056678772
2019-2020,Theo Walcott,Everton,D,Defender,25,1310,2,3,31,19,1,0,3.4808360189199448,3.9733654651790857,3.4808360189199448
2019-2020,Angelo Ogbonna,West Ham,D,Defender,31,2790,2,0,13,2,4,0,1.3031474184244871,0.0701396986842155,1.3031474184244871
2019-2020,Nathan Aké,Bournemouth,D,Defender,29,2503,2,2,25,7,2,0,3.051248326897621,1.9629198797047136,3.051248326897621
2019-2020,Christian Benteke,Crystal Palace,F,Forward,24,1249,2,1,41,19,4,1,4.6278314758092165,2.459479119628668,4.6278314758092165
2019-2020,Nicolás Otamendi,Manchester City,D,Defender,24,1705,2,0,15,4,3,0,2.054821709170937,0.1775842010974884,2.054821709170937
2019-2020,Toby Alderweireld,Tottenham,D,Defender,33,2959,2,2,15,11,7,0,0.4555982239544391,1.2273942260071635,0.4555982239544391
2019-2020,Erik Lamela,Tottenham,F,Forward,25,1190,2,1,29,18,3,0,2.309972316026688,1.0113136172294617,2.309972316026688
2019-2020,Christian Eriksen,Tottenham,F,Forward,20,1075,2,2,26,23,5,0,1.7644310155883431,2.259517061058432,1.7644310155883431
2019-2020,Ashley Westwood,Burnley,M,Midfielder,35,3150,2,6,13,54,9,0,1.175162992440164,7.076902749016881,1.175162992440164
2019-2020,César Azpilicueta,Chelsea,D,Defender,36,3234,2,6,29,45,1,0,2.594344720244408,6.03390396386385,2.594344720244408
2019-2020,Federico Fernández,Newcastle,D,Defender,32,2610,2,2,15,4,8,0,1.781358391046524,1.4652108028531077,1.781358391046524
2019-2020,Gylfi Sigurdsson,Everton,M,Midfielder,35,2580,2,3,46,52,3,0,4.019368244335055,4.011607032269239,3.258199540898204
2019-2020,Demarai Gray,Leicester,M,Midfielder,21,580,2,3,23,16,1,0,2.767193015664816,2.233956135809421,2.00602799281478
2019-2020,Moussa Sissoko,Tottenham,D,Defender,29,2466,2,1,15,16,8,0,2.5392528865486383,1.695646209642291,2.5392528865486383
2019-2020,Craig Dawson,Watford,D,Defender,29,2356,2,0,26,5,6,0,2.2408691719174385,0.3374617025256157,2.2408691719174385
2019-2020,Shane Long,Southampton,F,Forward,26,1403,2,2,33,20,0,0,4.529593279585242,2.5810972917824984,4.529593279585242
2019-2020,Ciaran Clark,Newcastle,D,Defender,14,1192,2,0,6,1,3,0,0.7519120126962662,0.0548617988824844,0.7519120126962662
2019-2020,Matej Vydra,Burnley,F,Forward,19,794,2,1,18,8,0,0,4.003600459545851,0.7459431905299425,4.003600459545851
2019-2020,Tyrone Mings,Aston Villa,D,Defender,33,2902,2,2,8,7,7,0,0.9166155084967612,0.5713249817490578,0.9166155084967612
2019-2020,Moise Kean,Everton,F,Forward,29,783,2,2,30,10,1,0,4.1403086595237255,2.337307918816805,4.1403086595237255
2019-2020,Michael Keane,Everton,D,Defender,31,2550,2,0,14,6,3,0,2.021645300090313,0.6693382170051336,2.021645300090313
2019-2020,Andre Gray,Watford,F,Forward,23,725,2,0,19,10,1,0,2.589537095278501,1.8659741766750813,2.589537095278501
2019-2020,James Tarkowski,Burnley,D,Defender,38,3420,2,2,21,15,10,0,2.6218677647411823,3.587189712561667,2.6218677647411823
2019-2020,David Luiz,Arsenal,D,Defender,33,2818,2,1,23,4,5,2,1.560154115781188,0.7974876035004854,1.560154115781188
2019-2020,Andrew Robertson,Liverpool,D,Defender,36,3114,2,12,22,60,2,0,1.814593595452607,7.89749501273036,1.814593595452607
2019-2020,Jeff Hendrick,Burnley,M,Midfielder,24,1944,2,2,22,14,8,0,2.1020823437720537,1.3787490194663403,2.1020823437720537
2019-2020,Antonio Rüdiger,Chelsea,D,Defender,20,1710,2,0,12,5,3,0,0.9304551919922232,1.177512563765049,0.9304551919922232
2019-2020,Jonny,Wolverhampton,D,Defender,35,2907,2,2,19,23,4,0,1.6140431929379702,1.5668130051344633,1.6140431929379702
2019-2020,Pablo Fornals,West Ham,M,Midfielder,36,2190,2,5,36,19,3,0,2.643428330309689,2.299053318798542,2.643428330309689
2019-2020,Fabinho,Liverpool,M,Midfielder,28,2063,2,3,12,19,6,0,0.308101499453187,1.675139798782766,0.308101499453187
2019-2020,Romain Saiss,Wolverhampton,D,Defender,33,2702,2,1,23,12,10,1,3.6698413603007793,1.23247058596462,3.6698413603007793
2019-2020,Patrick Cutrone,Wolverhampton,F,Forward,12,291,2,0,11,2,0,0,2.288807984441519,0.4840546064078808,2.288807984441519
2019-2020,Florian Lejeune,Newcastle,D,Defender,6,442,2,0,4,1,0,0,0.3811471899971366,0.0512491986155509,0.3811471899971366
2019-2020,Naby Keita,Liverpool,M,Midfielder,18,812,2,3,12,15,1,0,1.7233739290386438,3.2155399341136217,1.7233739290386438
2019-2020,Wilfred Ndidi,Leicester,M,Midfielder,32,2679,2,1,26,15,6,0,1.727272005751729,0.5916656069457531,1.727272005751729
2019-2020,Tanguy NDombele Alvaro,Tottenham,M,Midfielder,21,1002,2,2,9,12,3,0,0.3529553022235632,0.7975039957091212,0.3529553022235632
2019-2020,Aaron Mooy,Brighton,F,Forward,31,2095,2,2,33,39,1,1,2.5181911941617727,3.7491019684821367,2.5181911941617727
2019-2020,Jetro Willems,Newcastle,D,Defender,19,1501,2,2,14,16,0,0,0.4853103961795568,1.082734739407897,0.4853103961795568
2019-2020,Cenk Tosun,"Crystal Palace,Everton",F,Forward,10,467,2,0,15,5,0,0,1.9128851145505903,0.6228389116004109,1.9128851145505903
2019-2020,Eddie Nketiah,Arsenal,F,Forward,13,629,2,0,15,5,0,1,3.4787297137081623,0.631174492649734,3.4787297137081623
2019-2020,Yerry Mina,Everton,D,Defender,29,2276,2,1,30,7,3,0,3.081724748015404,1.717646636068821,3.081724748015404
2019-2020,Dwight McNeil,Burnley,M,Midfielder,38,3360,2,6,48,55,5,0,1.938933398574591,7.562423378229141,1.938933398574591
2019-2020,Alireza Jahanbakhsh,Brighton,F,Forward,10,301,2,0,12,4,0,0,0.5862447917461395,0.9932845234870912,0.5862447917461395
2019-2020,Rúben Neves,Wolverhampton,M,Midfielder,38,3081,2,2,61,29,9,0,1.6380842179059982,2.6060934849083424,1.6380842179059982
2019-2020,Moussa Djenepo,Southampton,D,Defender,18,920,2,2,20,11,4,1,2.240284813567996,2.0511130169034004,2.240284813567996
2019-2020,John Egan,Sheffield United,D,Defender,36,3193,2,0,27,1,3,1,2.6867086198180914,0.4515930116176605,2.6867086198180914
2019-2020,George Baldock,Sheffield United,D,Defender,38,3420,2,3,13,22,7,0,0.7630060948431492,1.6253086160868406,0.7630060948431492
2019-2020,Enda Stevens,Sheffield United,D,Defender,38,3350,2,4,22,34,7,0,1.5212564039975405,5.414861211553216,1.5212564039975405
2019-2020,David McGoldrick,Sheffield United,F,Forward,28,1841,2,2,45,17,2,0,8.715958962216973,2.095127190463245,8.715958962216973
2019-2020,Matthew Longstaff,Newcastle,M,Midfielder,9,564,2,0,4,3,1,0,0.6965182982385159,0.18956118542701,0.6965182982385159
2019-2020,Mario Vrancic,Norwich,M,Midfielder,20,613,1,0,14,7,3,0,1.0978842079639437,1.0300543904304504,1.0978842079639437
2019-2020,Jannik Vestergaard,Southampton,D,Defender,19,1500,1,0,12,6,3,0,0.6769367959350348,0.7554684989154339,0.6769367959350348
2019-2020,Chicharito,West Ham,F,Forward,2,107,1,0,3,0,0,0,0.8829850256443024,0.0,0.8829850256443024
2019-2020,Granit Xhaka,Arsenal,M,Midfielder,31,2598,1,2,11,16,10,0,0.5712299924343824,0.972196189686656,0.5712299924343824
2019-2020,Josip Drmic,Norwich,F,Forward,21,609,1,0,14,4,0,1,2.934150788001716,0.9491624049842358,2.934150788001716
2019-2020,Joel Matip,Liverpool,D,Defender,9,706,1,0,4,1,0,0,0.3017805013805628,0.0156641993671655,0.3017805013805628
2019-2020,Steve Cook,Bournemouth,D,Defender,29,2431,1,0,12,4,6,1,0.6190798981115222,0.6960187861695886,0.6190798981115222
2019-2020,Adam Lallana,Liverpool,M,Midfielder,15,362,1,1,5,4,1,0,0.8086851164698601,0.6536709740757942,0.8086851164698601
2019-2020,Héctor Bellerín,Arsenal,D,Defender,15,1164,1,0,7,3,2,0,0.4325047023594379,0.449982613325119,0.4325047023594379
2019-2020,Mesut Özil,Arsenal,M,Midfielder,18,1472,1,2,9,37,1,0,1.708274181932211,2.2874074801802635,1.708274181932211
2019-2020,Alex Iwobi,Everton,F,Forward,25,1637,1,0,23,24,0,0,2.478629492223263,2.224674778059125,2.478629492223263
2019-2020,Calum Chambers,Arsenal,D,Defender,14,1102,1,1,12,7,5,0,0.6329499976709485,2.2414444722235203,0.6329499976709485
2019-2020,Connor Wickham,Crystal Palace,S,Midfielder,6,78,1,1,3,3,0,0,1.115553367882967,0.4237443953752517,1.115553367882967
2019-2020,James Tomkins,Crystal Palace,D,Defender,18,1589,1,1,9,2,5,0,1.054326729848981,0.1189459003508091,1.054326729848981
2019-2020,Cheikhou Kouyaté,Crystal Palace,D,Defender,35,2560,1,1,24,10,4,0,2.1179451942443848,0.7690877951681614,2.1179451942443848
2019-2020,Jesse Lingard,Manchester United,M,Midfielder,22,919,1,0,22,20,3,0,2.327569890767336,1.1104197055101397,2.327569890767336
2019-2020,Ross Barkley,Chelsea,M,Midfielder,21,1100,1,4,40,24,0,0,2.8449647277593613,2.8602421674877405,2.8449647277593613
2019-2020,Tom Cleverley,Watford,M,Midfielder,18,952,1,0,17,15,2,0,1.7800700776278973,0.7182994857430458,1.7800700776278973
2019-2020,Kyle Walker,Manchester City,D,Defender,29,2407,1,4,14,19,5,0,1.3122373102232814,1.930935373529792,1.3122373102232814
2019-2020,Jan Vertonghen,Tottenham,D,Defender,23,1651,1,1,4,3,2,0,0.6377484891563654,1.017920970916748,0.6377484891563654
2019-2020,Pedro,Chelsea,F,Forward,11,661,1,1,22,17,1,0,2.472474880516529,1.0707547720521688,2.472474880516529
2019-2020,Fikayo Tomori,Chelsea,D,Defender,15,1299,1,0,7,4,3,0,0.5629758918657899,0.1198765989392995,0.5629758918657899
2019-2020,DeAndre Yedlin,Newcastle,D,Defender,16,935,1,0,1,7,3,0,0.7519299983978271,0.2669154983013868,0.7519299983978271
2019-2020,Jamaal Lascelles,Newcastle,D,Defender,24,2084,1,0,9,2,5,0,0.44119159784168,0.1419748999178409,0.44119159784168
2019-2020,Andros Townsend,Crystal Palace,M,Midfielder,24,1272,1,1,12,13,0,0,0.3956621009856462,1.7137902155518532,0.3956621009856462
2019-2020,Robbie Brady,Burnley,M,Midfielder,17,436,1,2,12,9,1,0,0.9964995980262756,0.3175496002659201,0.9964995980262756
2019-2020,Alexander Tettey,Norwich,D,Defender,30,2372,1,1,23,5,5,0,0.6770779136568308,0.4899775143712759,0.6770779136568308
2019-2020,Jonny Evans,Leicester,D,Defender,38,3390,1,1,23,8,8,1,2.480744067579508,0.3810351081192493,2.480744067579508
2019-2020,Ryan Bertrand,Southampton,D,Defender,32,2742,1,1,19,30,3,1,2.061922488734126,3.522445285692811,2.061922488734126
2019-2020,Cédric Soares,"Arsenal,Southampton",D,Defender,21,1567,1,1,10,12,1,0,0.6565496101975441,0.829959399998188,0.6565496101975441
2019-2020,Glenn Murray,Brighton,F,Forward,23,761,1,1,18,3,0,0,2.606121622025966,0.8675274848937988,2.606121622025966
2019-2020,Matt Targett,Aston Villa,D,Defender,28,2305,1,2,7,29,4,0,0.3935442939400673,3.299923975020647,0.3935442939400673
2019-2020,Xherdan Shaqiri,Liverpool,M,Midfielder,7,175,1,0,4,3,0,0,0.5408405940979719,0.178498201072216,0.5408405940979719
2019-2020,Andreas Pereira,Manchester United,M,Midfielder,25,1501,1,3,37,31,3,0,2.285591933876276,3.707923522219062,2.285591933876276
2019-2020,Tom Davies,Everton,M,Midfielder,30,2025,1,0,17,6,8,0,1.640247531235218,0.534477811306715,1.640247531235218
2019-2020,Felipe Anderson,West Ham,M,Midfielder,25,1531,1,4,23,25,1,0,2.6348462644964457,2.647474616765976,2.6348462644964457
2019-2020,Lucas Torreira,Arsenal,M,Midfielder,29,1496,1,1,21,13,7,0,1.4572498127818108,0.8258084943518043,1.4572498127818108
2019-2020,Dennis Praet,Leicester,M,Midfielder,27,1124,1,2,16,9,2,0,1.2077159825712442,1.4928809739649296,1.2077159825712442
2019-2020,Adam Masina,Watford,D,Defender,26,1818,1,0,15,10,3,0,0.8492826214060187,0.4176308969035744,0.8492826214060187
2019-2020,Ben Mee,Burnley,D,Defender,32,2880,1,1,17,9,7,0,1.304819413460791,1.7796144038438797,1.304819413460791
2019-2020,Johann Berg Gudmundsson,Burnley,M,Midfielder,12,629,1,1,10,14,0,0,0.7235375083982944,0.9180738814175128,0.7235375083982944
2019-2020,Michy Batshuayi,Chelsea,F,Forward,16,194,1,1,15,3,0,0,3.038818649947644,0.2025039978325367,3.038818649947644
2019-2020,Ryan Fraser,Bournemouth,F,Forward,28,2054,1,4,27,44,2,0,3.464269880205393,3.600613696500659,3.464269880205393
2019-2020,Ahmed Elmohamady,Aston Villa,D,Defender,18,1007,1,1,5,22,1,0,0.1957341013476252,2.220943322405219,0.1957341013476252
2019-2020,Harry Maguire,Manchester United,D,Defender,38,3420,1,0,31,16,6,0,2.7722502863034606,0.4539246009662747,2.7722502863034606
2019-2020,Jack Stephens,Southampton,D,Defender,28,2456,1,3,6,8,4,1,0.9333298057317734,1.174786690622568,0.9333298057317734
2019-2020,Paul Pogba,Manchester United,M,Midfielder,16,1206,1,3,22,30,1,0,2.150869511067868,3.056190667673945,1.3897005133330822
2019-2020,Jarrod Bowen,West Ham,M,Midfielder,13,935,1,4,24,15,0,0,2.3164746090769768,2.61239730194211,2.3164746090769768
2019-2020,Jefferson Lerma,Bournemouth,M,Midfielder,33,2724,1,2,30,11,11,1,0.8153309905901551,1.5313026988878846,0.8153309905901551
2019-2020,Emiliano Buendía,Norwich,M,Midfielder,36,2462,1,7,40,83,6,1,2.1698673060163856,7.190957980230451,2.1698673060163856
2019-2020,Mateo Kovacic,Chelsea,M,Midfielder,31,2086,1,3,21,28,8,0,0.9726599100977182,1.8484535096213224,0.9726599100977182
2019-2020,Aymeric Laporte,Manchester City,D,Defender,15,1112,1,0,4,3,1,0,0.7192277908325195,0.1790370009839534,0.7192277908325195
2019-2020,João Moutinho,Wolverhampton,M,Midfielder,38,3100,1,6,22,76,7,0,0.6877672988921404,6.775041971355677,0.6877672988921404
2019-2020,Serge Aurier,Tottenham,D,Defender,33,2716,1,5,13,33,2,1,0.4847748018801212,3.6023106314241886,0.4847748018801212
2019-2020,Florin Andone,Brighton,F,Forward,3,69,1,0,1,1,0,1,0.3645960092544555,0.0581962987780571,0.3645960092544555
2019-2020,Callum Robinson,Sheffield United,F,Forward,16,674,1,1,12,4,1,0,1.5612489879131315,0.6526461057364941,1.5612489879131315
2019-2020,Caglar Söyüncü,Leicester,D,Defender,34,3042,1,1,17,5,4,1,1.4316151961684227,0.3101939000189304,1.4316151961684227
2019-2020,Declan Rice,West Ham,D,Defender,38,3420,1,3,31,22,6,0,1.2663896903395653,1.3063043979927895,1.2663896903395653
2019-2020,Yves Bissouma,Brighton,M,Midfielder,22,1270,1,0,16,4,4,0,0.4054245175793767,0.1357409004122018,0.4054245175793767
2019-2020,Philip Billing,Bournemouth,M,Midfielder,34,2542,1,1,33,15,8,0,2.274694107472897,1.43443089351058,2.274694107472897
2019-2020,Jan Bednarek,Southampton,D,Defender,34,3059,1,1,7,3,4,0,1.0607939325273037,1.0941205844283104,1.0607939325273037
2019-2020,Shane Duffy,Brighton,D,Defender,19,1226,1,0,7,2,2,0,1.2561100292950869,0.1340766996145248,1.2561100292950869
2019-2020,Davy Pröpper,Brighton,M,Midfielder,35,2826,1,2,29,29,4,0,1.8662209268659355,2.9777762684971094,1.8662209268659355
2019-2020,Isaac Hayden,Newcastle,D,Defender,29,2224,1,2,18,15,4,1,1.3907354967668653,2.533773982897401,1.3907354967668653
2019-2020,Victor Lindelöf,Manchester United,D,Defender,35,3100,1,0,6,4,6,0,0.1840899009257555,0.3704903954640031,0.1840899009257555
2019-2020,Will Hughes,Watford,M,Midfielder,30,2300,1,1,27,25,9,0,2.388310482725501,2.177315274253488,2.388310482725501
2019-2020,Valentino Lazaro,Newcastle,D,Defender,13,455,1,0,4,6,0,1,0.4934957902878523,0.1779981963336467,0.4934957902878523
2019-2020,Hamza Choudhury,Leicester,M,Midfielder,20,879,1,1,7,4,2,1,0.3366533014923334,0.1128376014530658,0.3366533014923334
2019-2020,Callum Hudson-Odoi,Chelsea,F,Forward,22,816,1,5,21,20,1,0,2.015141984447837,2.7081676684319973,2.015141984447837
2019-2020,Reiss Nelson,Arsenal,F,Forward,17,621,1,0,11,9,1,0,1.2735872119665146,0.3629353968426585,1.2735872119665146
2019-2020,Joe Willock,Arsenal,M,Midfielder,29,819,1,1,15,12,2,0,2.320996392518282,1.0468105915933847,2.320996392518282
2019-2020,Curtis Jones,Liverpool,M,Midfielder,6,108,1,0,6,0,0,0,0.8147165104746819,0.0,0.8147165104746819
2019-2020,David Brooks,Bournemouth,M,Midfielder,9,533,1,0,6,6,1,0,0.4326113928109407,0.534646600484848,0.4326113928109407
2019-2020,Kortney Hause,Aston Villa,D,Defender,18,1541,1,0,20,2,3,0,2.8237650701776147,0.4907599985599518,2.8237650701776147
2019-2020,Fabián Balbuena,West Ham,D,Defender,17,1174,1,0,10,1,2,0,1.3386603072285652,0.4616929888725281,1.3386603072285652
2019-2020,Sean Longstaff,Newcastle,M,Midfielder,23,1354,1,1,25,15,2,1,1.1776159955188632,0.933659501373768,1.1776159955188632
2019-2020,Björn Engels,Aston Villa,D,Defender,17,1447,1,0,8,2,1,0,0.7842207811772823,0.1433623023331165,0.7842207811772823
2019-2020,Bukayo Saka,Arsenal,D,Defender,26,1769,1,5,13,21,6,0,1.1424380782991648,3.680352535098791,1.1424380782991648
2019-2020,Chris Mepham,Bournemouth,D,Defender,12,909,1,0,7,1,1,0,1.0533044748008251,0.0767363980412483,1.0533044748008251
2019-2020,Jamal Lewis,Norwich,D,Defender,28,2311,1,0,9,15,4,0,0.348726699128747,1.0117014981806278,0.348726699128747
2019-2020,Kenny McLean,Norwich,M,Midfielder,37,2955,1,1,30,24,5,0,1.2136972770094872,2.622597675770521,1.2136972770094872
2019-2020,Onel Hernández,Norwich,M,Midfielder,26,1377,1,2,29,20,0,0,1.9121502777561543,0.9162323046475648,1.9121502777561543
2019-2020,Oliver Norwood,Sheffield United,M,Midfielder,38,3119,1,1,17,49,8,0,1.3383014099672437,3.87992282398045,0.5771326068788767
2019-2020,Ezri Konsa Ngoyo,Aston Villa,D,Defender,25,2054,1,2,11,11,3,0,1.669818784110248,0.8850580882281065,1.669818784110248
2019-2020,Dennis Srbeny,Norwich,S,Midfielder,8,29,1,0,2,0,0,0,0.4821471013128757,0.0,0.4821471013128757
2019-2020,Brandon Williams,Manchester United,D,Defender,17,1005,1,0,6,13,6,0,0.9978841207921504,0.6670696008950472,0.9978841207921504
2019-2020,Kieran Tierney,Arsenal,D,Defender,15,996,1,1,6,6,2,0,0.2283623944967985,0.7536174207925797,0.2283623944967985
2019-2020,Sander Berge,Sheffield United,M,Midfielder,14,957,1,1,5,2,0,0,0.6007534898817539,0.714387908577919,0.6007534898817539
2019-2020,Mbwana Samatta,Aston Villa,F,Forward,14,962,1,0,17,9,1,0,2.5278822369873524,0.3115765042603016,2.5278822369873524
2019-2020,Daniel Podence,Wolverhampton,F,Forward,9,284,1,0,10,5,0,0,1.3593142926692965,0.7727445084601641,1.3593142926692965
2019-2020,Yoshinori Muto,Newcastle,M,Midfielder,8,193,0,0,1,1,0,0,0.0836718007922172,0.0141810001805424,0.0836718007922172
2019-2020,Lukas Rupp,Norwich,M,Midfielder,12,701,0,0,4,8,1,0,0.8557934034615755,0.775527186691761,0.8557934034615755
2019-2020,Timm Klose,Norwich,D,Defender,7,591,0,0,3,0,0,0,0.2384888902306556,0.0,0.2384888902306556
2019-2020,Bernd Leno,Arsenal,GK,Goalkeeper,30,2649,0,0,0,0,2,0,0.0,0.0,0.0
2019-2020,Andreas Christensen,Chelsea,D,Defender,21,1758,0,0,7,4,5,0,0.6141439154744148,0.8512685894966125,0.6141439154744148
2019-2020,Ørjan Nyland,Aston Villa,GK,Goalkeeper,7,536,0,0,0,0,0,0,0.0,0.0,0.0
2019-2020,Henrikh Mkhitaryan,Arsenal,M,Midfielder,3,109,0,0,2,2,1,0,0.4295176938176155,0.2743020057678222,0.4295176938176155
2019-2020,Ralf Fährmann,Norwich,GK,Goalkeeper,1,21,0,0,0,0,0,0,0.0,0.0,0.0
2019-2020,Leroy Sané,Manchester City,S,Midfielder,1,6,0,0,2,0,0,0,0.0981592983007431,0.0,0.0981592983007431
2019-2020,Max Meyer,Crystal Palace,F,Forward,17,641,0,0,9,4,1,0,0.4592803036794066,0.1979997940361499,0.4592803036794066
2019-2020,Sead Kolasinac,Arsenal,D,Defender,26,1687,0,2,4,10,4,0,0.2549881963059306,1.334304090589285,0.2549881963059306
2019-2020,Pierre-Emile Højbjerg,Southampton,D,Defender,33,2740,0,1,46,30,5,0,3.1789294173941016,1.8598964139819143,3.1789294173941016
2019-2020,Simon Francis,Bournemouth,D,Defender,15,956,0,0,3,4,3,1,0.1545199006795883,0.4215389918535948,0.1545199006795883
2019-2020,Charlie Daniels,Bournemouth,D,Defender,2,126,0,0,0,2,0,0,0.0,0.1417219936847686,0.0
2019-2020,Andrew Surman,Bournemouth,M,Midfielder,5,230,0,0,1,1,1,0,0.0277360994368791,0.0489705987274646,0.0277360994368791
2019-2020,Jordon Ibe,Bournemouth,S,Midfielder,2,39,0,0,0,0,0,0,0.0,0.0,0.0
2019-2020,Mamadou Sakho,Crystal Palace,D,Defender,14,928,0,0,0,1,1,1,0.0,0.0295727998018264,0.0
2019-2020,Nacho Monreal,Arsenal,D,Defender,3,270,0,0,1,3,0,0,0.0439803004264831,0.4594329968094826,0.0439803004264831
2019-2020,Wayne Hennessey,Crystal Palace,GK,Goalkeeper,3,270,0,0,0,0,0,0,0.0,0.0,0.0
2019-2020,Joel Ward,Crystal Palace,D,Defender,29,2383,0,0,5,5,4,0,0.1988261993974447,0.2505737002938986,0.1988261993974447
2019-2020,Scott Dann,Crystal Palace,D,Defender,16,1263,0,1,8,5,0,0,0.4702076017856598,0.3574711913242936,0.4702076017856598
2019-2020,Adrian Mariappa,Watford,D,Defender,20,1503,0,0,3,4,4,1,0.1671657972037792,0.2478996999561786,0.1671657972037792
2019-2020,Martin Kelly,Crystal Palace,D,Defender,19,1554,0,1,2,6,0,0,0.0609723981469869,0.8339541032910347,0.0609723981469869
2019-2020,Adrián,Liverpool,GK,Goalkeeper,11,873,0,0,0,0,1,0,0.0,0.0,0.0
2019-2020,Manuel Lanzini,West Ham,F,Forward,24,1372,0,2,23,31,1,0,2.1417734138667583,2.079109814018011,2.1417734138667583
2019-2020,Andy Carroll,Newcastle,F,Forward,19,582,0,4,16,12,1,0,1.4947954155504704,0.9094430077821016,1.4947954155504704
2019-2020,Darren Randolph,West Ham,GK,Goalkeeper,2,180,0,0,0,0,0,0,0.0,0.0,0.0
2019-2020,David de Gea,Manchester United,GK,Goalkeeper,38,3420,0,0,0,0,2,0,0.0,0.0,0.0
2019-2020,Timothy Fosu-Mensah,Manchester United,D,Defender,3,139,0,0,1,2,1,0,0.0857814028859138,0.1257479935884475,0.0857814028859138
2019-2020,Marcos Rojo,Manchester United,D,Defender,3,119,0,0,1,0,1,0,0.1320690065622329,0.0,0.1320690065622329
2019-2020,Morgan Schneiderlin,Everton,M,Midfielder,15,1014,0,0,6,4,4,1,0.3373388992622494,0.1284838002175092,0.3373388992622494
2019-2020,Juan Mata,Manchester United,M,Midfielder,19,740,0,2,10,18,1,0,1.2170821130275726,2.1049311086535454,1.2170821130275726
2019-2020,Sebastian Prödl,Watford,D,Defender,1,57,0,0,2,0,0,0,0.0579577013850212,0.0,0.0579577013850212
2019-2020,José Holebas,Watford,D,Defender,14,1019,0,0,6,11,5,0,0.2385539012029767,0.5429349038749933,0.2385539012029767
2019-2020,Etienne Capoue,Watford,M,Midfielder,30,2643,0,3,19,19,8,0,0.6416579047217965,2.5432482585310936,0.6416579047217965
2019-2020,Odion Ighalo,Manchester United,S,Midfielder,11,69,0,0,7,2,0,0,2.456312999129296,0.0870993994176387,2.456312999129296
2019-2020,Craig Cathcart,Watford,D,Defender,29,2490,0,0,2,2,7,0,0.185176096856594,0.0753877982497215,0.185176096856594
2019-2020,Seamus Coleman,Everton,D,Defender,27,1847,0,1,8,9,3,1,0.8494163099676371,1.5188007187098265,0.8494163099676371
2019-2020,John Stones,Manchester City,D,Defender,16,1114,0,0,6,2,0,0,0.5476329140365124,0.0606299005448818,0.5476329140365124
2019-2020,Phil Jagielka,Sheffield United,D,Defender,6,233,0,0,0,0,0,0,0.0,0.0,0.0
2019-2020,Leighton Baines,Everton,D,Defender,8,399,0,0,1,7,0,0,0.0433604009449481,0.7610810045152903,0.0433604009449481
2019-2020,James McCarthy,Crystal Palace,M,Midfielder,33,1641,0,0,12,17,9,0,0.4151823967695236,1.3983890786767006,0.4151823967695236
2019-2020,Aaron Lennon,Burnley,M,Midfielder,16,466,0,0,1,2,4,0,0.0242314003407955,0.158013604581356,0.0242314003407955
2019-2020,Oumar Niasse,Everton,S,Midfielder,3,17,0,0,0,0,0,0,0.0,0.0,0.0
2019-2020,Dejan Lovren,Liverpool,D,Defender,10,774,0,1,5,1,1,0,0.2041401015594601,0.3019880056381225,0.2041401015594601
2019-2020,Pablo Zabaleta,West Ham,D,Defender,10,585,0,0,0,3,2,0,0.0,0.6028399094939232,0.0
2019-2020,Fernandinho,Manchester City,D,Defender,30,2401,0,1,16,8,7,2,0.7617601957172155,0.4479130953550339,0.7617601957172155
2019-2020,Willy Caballero,Chelsea,GK,Goalkeeper,5,450,0,0,0,0,0,0,0.0,0.0,0.0
2019-2020,Ashley Young,Manchester United,D,Defender,12,956,0,0,3,19,5,0,0.0826735999435186,1.6687378147616982,0.0826735999435186
2019-2020,James McArthur,Crystal Palace,M,Midfielder,37,3145,0,3,28,34,6,0,1.8058417215943336,2.996065473183989,1.8058417215943336
2019-2020,Alex McCarthy,Southampton,GK,Goalkeeper,28,2520,0,0,0,1,0,0,0.0,0.0236935000866651,0.0
2019-2020,Hugo Lloris,Tottenham,GK,Goalkeeper,21,1808,0,0,0,0,0,0,0.0,0.0,0.0
2019-2020,Danny Rose,"Newcastle United,Tottenham",D,Defender,23,1766,0,0,2,14,7,0,0.0881984960287809,0.8805743986740708,0.0881984960287809
2019-2020,Eric Dier,Tottenham,D,Defender,19,1339,0,2,8,7,5,0,1.029716309159994,0.2836806019768119,1.029716309159994
2019-2020,Ben Davies,Tottenham,D,Defender,18,1434,0,0,7,9,6,0,0.2192513979971408,0.9578834231942892,0.2192513979971408
2019-2020,Carlos Sánchez,West Ham,M,Midfielder,6,107,0,0,0,0,0,0,0.0,0.0,0.0
2019-2020,Ruben Loftus-Cheek,Chelsea,F,Forward,7,195,0,1,4,1,0,0,0.5446936143562198,0.5234689712524414,0.5446936143562198
2019-2020,Nemanja Matic,Manchester United,M,Midfielder,21,1586,0,2,7,15,2,0,0.2343032006174326,0.8946513924747705,0.2343032006174326
2019-2020,Gary Cahill,Crystal Palace,D,Defender,25,2167,0,1,21,3,1,0,1.6104979990050197,0.4316556919366121,1.6104979990050197
2019-2020,Lukasz Fabianski,West Ham,GK,Goalkeeper,25,2117,0,0,0,0,1,0,0.0,0.0,0.0
2019-2020,Neil Taylor,Aston Villa,D,Defender,14,1085,0,0,3,5,2,0,0.1268537007272243,0.470634289085865,0.1268537007272243
2019-2020,Jack Cork,Burnley,M,Midfielder,30,2627,0,0,18,12,1,0,1.3451761966571212,1.172847704961896,1.3451761966571212
2019-2020,Ki Sung-yueng,Newcastle,M,Midfielder,3,137,0,0,0,2,0,0,0.0,0.0551165984943509,0.0
2019-2020,Jack Rodwell,Sheffield United,S,Midfielder,1,13,0,0,0,0,0,0,0.0,0.0,0.0
2019-2020,Jordan Pickford,Everton,GK,Goalkeeper,38,3420,0,0,0,1,2,0,0.0,0.0364786982536315,0.0
2019-2020,Kasper Schmeichel,Leicester,GK,Goalkeeper,38,3420,0,0,1,3,2,0,0.0185576993972063,0.3644336988218128,0.0185576993972063
2019-2020,Wes Morgan,Leicester,D,Defender,11,418,0,0,4,0,0,0,0.5963817164301872,0.0,0.5963817164301872
2019-2020,Christian Fuchs,Leicester,D,Defender,11,760,0,0,5,2,0,0,0.1832247991114854,0.1009339988231659,0.1832247991114854
2019-2020,Daniel Drinkwater,"Aston Villa,Burnley",M,Midfielder,5,331,0,0,2,1,1,0,0.0982685014605522,0.0402861014008522,0.0982685014605522
2019-2020,Marc Albrighton,Leicester,D,Defender,20,860,0,3,10,20,2,0,0.4460920002311468,2.2903373278677464,0.4460920002311468
2019-2020,Daryl Janmaat,Watford,D,Defender,8,611,0,1,4,6,1,0,0.3307649083435535,0.3983299061655998,0.3307649083435535
2019-2020,Ryan Bennett,"Leicester,Wolverhampton Wanderers",D,Defender,16,941,0,0,1,2,2,0,0.0239153001457452,0.090542497113347,0.0239153001457452
2019-2020,Ben Foster,Watford,GK,Goalkeeper,38,3420,0,0,1,1,1,0,0.3458040058612823,0.0367066003382205,0.3458040058612823
2019-2020,Adam Smith,Bournemouth,D,Defender,24,2078,0,1,4,10,7,0,0.6926139984279871,1.273223688825965,0.6926139984279871
2019-2020,Victor Wanyama,Tottenham,S,Midfielder,2,21,0,0,0,0,1,0,0.0,0.0,0.0
2019-2020,Oriol Romeu,Southampton,M,Midfielder,30,1865,0,0,8,19,5,0,0.1972618009895086,1.7172303851693869,0.1972618009895086
2019-2020,Maya Yoshida,Southampton,D,Defender,8,555,0,0,5,1,1,0,0.9399026455357672,0.070446603000164,0.9399026455357672
2019-2020,Paul Dummett,Newcastle,D,Defender,16,1229,0,0,2,4,2,0,0.0241638999432325,0.1980865970253944,0.0241638999432325
2019-2020,Phil Bardsley,Burnley,D,Defender,21,1890,0,1,11,9,6,0,0.2909776996821165,1.579567091539502,0.2909776996821165
2019-2020,Fabian Delph,Everton,M,Midfielder,16,1194,0,0,3,7,3,1,0.0457106996327638,0.4789173975586891,0.0457106996327638
2019-2020,Kyle Walker-Peters,"Southampton,Tottenham",D,Defender,13,946,0,0,3,6,1,0,0.1195319015532732,0.7473619058728218,0.1195319015532732
2019-2020,Erik Pieters,Burnley,D,Defender,24,1880,0,4,14,18,2,0,0.4510196018964052,2.6981899132952094,0.4510196018964052
2019-2020,Sam Byram,Norwich,D,Defender,17,1292,0,0,15,6,4,0,2.192290347069502,0.3620935976505279,2.192290347069502
2019-2020,Muhamed Besic,Sheffield United,M,Midfielder,9,236,0,0,4,1,2,0,0.1495401039719581,0.0868391990661621,0.1495401039719581
2019-2020,Nabil Bentaleb,Newcastle,M,Midfielder,12,750,0,0,4,8,2,0,0.0619124406948685,0.1953010614961385,0.0619124406948685
2019-2020,Patrick Roberts,Norwich,S,Midfielder,3,19,0,0,0,0,0,0,0.0,0.0,0.0
2019-2020,Axel Tuanzebe,Manchester United,D,Defender,5,186,0,0,0,0,0,0,0.0,0.0,0.0
2019-2020,Kurt Zouma,Chelsea,D,Defender,28,2340,0,0,15,1,6,0,1.4697103928774595,0.1219139993190765,1.4697103928774595
2019-2020,Phil Jones,Manchester United,D,Defender,2,137,0,0,2,0,0,0,0.1148459985852241,0.0,0.1148459985852241
2019-2020,Harry Winks,Tottenham,M,Midfielder,31,2236,0,0,14,17,9,0,0.3900796035304665,0.899267990142107,0.3900796035304665
2019-2020,Paulo Gazzaniga,Tottenham,GK,Goalkeeper,18,1612,0,0,0,1,1,0,0.0,0.4000610113143921,0.0
2019-2020,Tim Krul,Norwich,GK,Goalkeeper,36,3240,0,0,0,0,4,0,0.0,0.0,0.0
2019-2020,Mason Holgate,Everton,D,Defender,27,2047,0,3,12,4,5,0,1.4054015278816223,1.1222637072205544,1.4054015278816223
2019-2020,Joseph Gomez,Liverpool,D,Defender,28,1996,0,0,1,5,7,0,0.0183792002499103,0.1635642014443874,0.0183792002499103
2019-2020,Luke Shaw,Manchester United,D,Defender,24,1735,0,0,11,19,7,0,0.719465390779078,1.375558597035706,0.719465390779078
2019-2020,Jack Wilshere,West Ham,M,Midfielder,8,197,0,0,0,0,0,0,0.0,0.0,0.0
2019-2020,Angelino,Manchester City,D,Defender,6,417,0,0,5,9,1,0,0.2092329002916813,1.92320378869772,0.2092329002916813
2019-2020,Keinan Davis,Aston Villa,F,Forward,18,514,0,0,17,6,0,0,1.985923521220684,0.1803661994636058,1.985923521220684
2019-2020,Moritz Leitner,Norwich,M,Midfielder,9,689,0,0,8,7,1,0,0.2178121041506528,0.363968787714839,0.2178121041506528
2019-2020,Emerson,Chelsea,D,Defender,15,1019,0,0,13,19,3,0,1.0991341974586248,1.6879280991852283,1.0991341974586248
2019-2020,Alisson,Liverpool,GK,Goalkeeper,29,2545,0,1,0,1,0,1,0.0,0.2629149854183197,0.0
2019-2020,José Reina,Aston Villa,GK,Goalkeeper,12,1080,0,0,0,1,1,0,0.0,0.039028100669384,0.0
2019-2020,Emil Krafth,Newcastle,D,Defender,17,1024,0,1,4,1,0,0,0.3526875069364905,0.7032870054244995,0.3526875069364905
2019-2020,Tom Heaton,Aston Villa,GK,Goalkeeper,20,1797,0,0,0,0,0,0,0.0,0.0,0.0
2019-2020,Matthew Lowton,Burnley,D,Defender,17,1530,0,1,1,11,2,0,0.0142433997243642,1.2746501006186008,0.0142433997243642
2019-2020,Nathaniel Chalobah,Watford,M,Midfielder,22,915,0,1,9,9,1,0,0.4986916873604059,1.616138432174921,0.4986916873604059
2019-2020,Shkodran Mustafi,Arsenal,D,Defender,15,1208,0,1,11,3,2,0,0.5680257026106119,0.5758727826178074,0.5680257026106119
2019-2020,Borja Bastón,Aston Villa,S,Midfielder,2,9,0,0,0,0,0,0,0.0,0.0,0.0
2019-2020,Javier Manquillo,Newcastle,D,Defender,21,1598,0,1,1,5,5,0,0.035947598516941,0.2627808023244142,0.035947598516941
2019-2020,Isaac Success,Watford,S,Midfielder,5,54,0,0,1,1,1,0,0.0947981029748916,0.0546776987612247,0.0947981029748916
2019-2020,Christian Kabasele,Watford,D,Defender,27,2261,0,2,9,5,1,2,0.8253118861466646,0.6392173022031784,0.8253118861466646
2019-2020,Georges-Kévin Nkoudou,Tottenham,S,Midfielder,1,1,0,0,1,0,0,0,0.0563584007322788,0.0,0.0563584007322788
2019-2020,Claudio Bravo,Manchester City,GK,Goalkeeper,4,347,0,0,0,0,0,0,0.0,0.0,0.0
2019-2020,Sofiane Boufal,Southampton,M,Midfielder,20,746,0,2,18,15,2,0,1.0145515957847238,2.698257951065898,1.0145515957847238
2019-2020,Eric Bailly,Manchester United,D,Defender,4,142,0,0,0,0,0,0,0.0,0.0,0.0
2019-2020,Kevin Long,Burnley,D,Defender,8,560,0,0,2,0,0,0,0.105990101583302,0.0,0.105990101583302
2019-2020,Rob Holding,Arsenal,D,Defender,8,576,0,0,2,0,1,0,0.1093560010194778,0.0,0.1093560010194778
2019-2020,Ainsley Maitland-Niles,Arsenal,D,Defender,20,1372,0,2,4,11,4,1,0.5084082968533039,1.6460967063903809,0.5084082968533039
2019-2020,Arthur Masuaku,West Ham,D,Defender,17,925,0,1,5,7,4,1,0.0992211019620299,1.2528514806181192,0.0992211019620299
2019-2020,Nampalys Mendy,Leicester,M,Midfielder,7,295,0,0,1,3,0,0,0.0138723002746701,0.089007300324738,0.0138723002746701
2019-2020,Lewis Cook,Bournemouth,M,Midfielder,27,1331,0,0,9,11,5,0,0.2477534990757703,0.5486510917544365,0.2477534990757703
2019-2020,Lucas Digne,Everton,D,Defender,35,3044,0,7,29,72,6,0,1.257189502939582,6.390029456466436,1.257189502939582
2019-2020,Ravel Morrison,Sheffield United,S,Midfielder,1,11,0,0,1,0,0,0,0.0266938004642725,0.0,0.0266938004642725
2019-2020,Martín Montoya,Brighton,D,Defender,27,1912,0,1,8,21,5,0,1.434309795498848,1.9423044212162488,1.434309795498848
2019-2020,Jota,Aston Villa,F,Forward,10,328,0,1,6,4,0,0,0.2638003006577492,0.5682310946285725,0.2638003006577492
2019-2020,Vicente Guaita,Crystal Palace,GK,Goalkeeper,35,3150,0,0,0,0,1,0,0.0,0.0,0.0
2019-2020,Christian Atsu,Newcastle,M,Midfielder,19,733,0,3,5,13,2,0,0.2463568989187479,0.7123024966567755,0.2463568989187479
2019-2020,João Cancelo,Manchester City,D,Defender,17,1198,0,0,15,17,4,0,0.5605656001716852,2.9995753997936845,0.5605656001716852
2019-2020,André Gomes,Everton,M,Midfielder,19,1457,0,1,5,11,6,0,0.2068475028499961,1.1045076744630933,0.2068475028499961
2019-2020,Mat Ryan,Brighton,GK,Goalkeeper,38,3420,0,0,0,0,0,0,0.0,0.0,0.0
2019-2020,Víctor Camarasa,Crystal Palace,S,Midfielder,1,3,0,0,0,0,0,0,0.0,0.0,0.0
2019-2020,Dani Ceballos,Arsenal,M,Midfielder,24,1722,0,2,13,28,1,0,0.4700739942491054,1.5761437863111496,0.4700739942491054
2019-2020,Dimitri Foulquier,Watford,M,Midfielder,3,52,0,0,0,0,0,0,0.0,0.0,0.0
2019-2020,Albian Ajeti,West Ham,S,Midfielder,9,114,0,0,3,2,0,0,0.2023516036570072,0.0387438014149665,0.2023516036570072
2019-2020,Oleksandr Zinchenko,Manchester City,D,Defender,19,1265,0,0,16,20,0,1,0.4770019007846713,2.0930051282048225,0.4770019007846713
2019-2020,Frederic Guilbert,Aston Villa,D,Defender,25,2045,0,2,8,13,6,0,0.4175966046750545,1.3897649087011814,0.4175966046750545
2019-2020,Djibril Sidibe,Everton,D,Defender,25,1806,0,4,12,19,3,0,0.3015669053420424,2.564887225627899,0.3015669053420424
2019-2020,Ibrahim Amadou,Norwich,D,Defender,11,757,0,0,6,1,1,0,0.5927503108978271,0.0502861998975276,0.5927503108978271
2019-2020,Benjamin Mendy,Manchester City,D,Defender,19,1508,0,3,10,21,3,0,0.3174634035676718,1.6260080877691507,0.3174634035676718
2019-2020,Ezequiel Schelotto,Brighton,D,Defender,8,362,0,0,4,0,1,0,0.2549653984606266,0.0,0.2549653984606266
2019-2020,Emiliano Martinez,Arsenal,GK,Goalkeeper,9,771,0,0,0,0,2,0,0.0,0.0,0.0
2019-2020,Matthew James,Leicester,S,Midfielder,1,3,0,0,0,0,0,0,0.0,0.0,0.0
2019-2020,Jed Steer,Aston Villa,GK,Goalkeeper,1,7,0,0,0,0,0,0,0.0,0.0,0.0
2019-2020,Jean-Philippe Gbamin,Everton,M,Midfielder,2,135,0,0,0,0,0,0,0.0,0.0,0.0
2019-2020,Kiko Femenía,Watford,D,Defender,28,2253,0,0,5,18,5,0,0.1220470387488603,1.2010103035718205,0.1220470387488603
2019-2020,Kepa,Chelsea,GK,Goalkeeper,33,2970,0,0,0,0,0,0,0.0,0.0,0.0
2019-2020,Diego Rico,Bournemouth,D,Defender,27,2346,0,4,11,31,6,0,0.336594795808196,2.5829767948016524,0.336594795808196
2019-2020,Roberto Jiménez,West Ham,GK,Goalkeeper,8,687,0,0,0,0,0,0,0.0,0.0,0.0
2019-2020,Jesús Vallejo,Wolverhampton,D,Defender,2,163,0,0,0,0,1,0,0.0,0.0,0.0
2019-2020,Ondrej Duda,Norwich,M,Midfielder,10,737,0,0,10,16,0,0,0.5319724082946777,1.5336715430021286,0.5319724082946777
2019-2020,Bernardo,Brighton,D,Defender,14,678,0,0,7,4,1,0,0.4542922992259264,0.9403806142508984,0.4542922992259264
2019-2020,Kevin Danso,Southampton,D,Defender,6,272,0,1,1,1,0,1,0.0780709013342857,0.0789782032370567,0.0780709013342857
2019-2020,Angus Gunn,Southampton,GK,Goalkeeper,10,900,0,0,0,0,0,0,0.0,0.0,0.0
2019-2020,Nick Pope,Burnley,GK,Goalkeeper,38,3420,0,0,0,3,1,0,0.0,0.1997063979506492,0.0
2019-2020,Nathan Holland,West Ham,S,Midfielder,2,24,0,0,1,0,0,0,0.0097770197317004,0.0,0.0097770197317004
2019-2020,Domingos Quina,Watford,S,Midfielder,4,9,0,0,1,0,0,0,0.0213210005313158,0.0,0.0213210005313158
2019-2020,Aaron Wan-Bissaka,Manchester United,D,Defender,35,3075,0,4,7,25,8,0,0.8149185925722122,3.49091693200171,0.8149185925722122
2019-2020,Angel Gomes,Manchester United,S,Midfielder,2,17,0,0,0,2,0,0,0.0,0.229203000664711,0.0
2019-2020,Sam Surridge,Bournemouth,S,Midfielder,4,20,0,0,2,1,0,0,0.8971610069274902,0.0657119005918502,0.8971610069274902
2019-2020,Aaron Ramsdale,Bournemouth,GK,Goalkeeper,37,3330,0,1,0,2,0,0,0.0,0.5314233005046844,0.0
2019-2020,Giovani Lo Celso,Tottenham,M,Midfielder,28,1477,0,2,18,29,6,0,1.3795271199196577,1.7072914326563478,1.3795271199196577
2019-2020,Matteo Guendouzi,Arsenal,M,Midfielder,24,1744,0,1,11,12,6,0,0.5298995021730661,1.0633035972714424,0.5298995021730661
2019-2020,Jairo Riedewald,Crystal Palace,D,Defender,17,747,0,0,3,2,0,0,0.0469886008650064,0.2108976021409034,0.0469886008650064
2019-2020,Charlie Taylor,Burnley,D,Defender,24,1938,0,1,1,12,3,0,0.0140062998980283,0.8630970446392894,0.0140062998980283
2019-2020,Solly March,Brighton,D,Defender,19,1132,0,1,20,13,2,0,1.4669600799679756,1.1065804678946731,1.4669600799679756
2019-2020,Dale Stephens,Brighton,M,Midfielder,33,2528,0,1,19,18,8,0,0.4441342297941446,1.2471918314695358,0.4441342297941446
2019-2020,Ederson,Manchester City,GK,Goalkeeper,35,3071,0,0,0,1,3,1,0.0,0.0747935995459556,0.0
2019-2020,Gaëtan Bong,Brighton,S,Midfielder,4,53,0,0,0,2,0,0,0.0,0.118988998234272,0.0
2019-2020,Davinson Sánchez,Tottenham,D,Defender,29,2433,0,0,7,1,6,0,0.7553702257573605,0.0362888984382152,0.7553702257573605
2019-2020,Juan Foyth,Tottenham,D,Defender,4,67,0,0,0,1,1,0,0.0,0.0235011000186204,0.0
2019-2020,Bruno Jordao,Wolverhampton,S,Midfielder,1,1,0,0,0,1,0,0,0.0,0.0461255982518196,0.0
2019-2020,Jack Simpson,Bournemouth,D,Defender,4,237,0,0,1,1,0,0,0.0118188001215457,0.0346852988004684,0.0118188001215457
2019-2020,Ben Johnson,West Ham,D,Defender,3,270,0,0,1,1,0,0,0.0153147997334599,0.0289693996310234,0.0153147997334599
2019-2020,Martin Dubravka,Newcastle,GK,Goalkeeper,38,3420,0,0,0,0,0,0,0.0,0.0,0.0
2019-2020,Jürgen Locadia,Brighton,F,Forward,2,84,0,0,2,0,0,0,0.399702288210392,0.0,0.399702288210392
2019-2020,Fred,Manchester United,M,Midfielder,29,2147,0,0,40,35,8,0,1.591740883886814,2.314132208004594,1.591740883886814
2019-2020,Ryan Sessegnon,Tottenham,D,Defender,6,341,0,0,1,2,0,0,0.0926318988204002,0.0479492992162704,0.0926318988204002
2019-2020,Rui Patrício,Wolverhampton,GK,Goalkeeper,38,3420,0,0,0,0,0,0,0.0,0.0,0.0
2019-2020,Willy Boly,Wolverhampton,D,Defender,22,1980,0,1,5,7,1,1,0.2332085985690355,1.0245932824909687,0.2332085985690355
2019-2020,Conor Coady,Wolverhampton,D,Defender,38,3420,0,0,0,5,5,0,0.0,0.5321239102631807,0.0
2019-2020,Rúben Vinagre,Wolverhampton,D,Defender,16,625,0,0,5,4,1,0,0.2878525033593178,0.6194771192967892,0.2878525033593178
2019-2020,Morgan Gibbs-White,Wolverhampton,M,Midfielder,7,119,0,0,2,3,0,0,0.0718549992889165,0.0708759985864162,0.0718549992889165
2019-2020,Ryan Fredericks,West Ham,D,Defender,27,2236,0,3,3,22,7,0,0.1272298973053693,2.988231831230223,0.1272298973053693
2019-2020,Ignacio Pussetto,Watford,S,Midfielder,7,48,0,0,0,0,1,0,0.0,0.0,0.0
2019-2020,Oliver Skipp,Tottenham,M,Midfielder,7,70,0,0,0,0,0,0,0.0,0.0,0.0
2019-2020,Emile Smith-Rowe,Arsenal,M,Midfielder,2,96,0,0,0,0,0,0,0.0,0.0,0.0
2019-2020,Yan Valery,Southampton,D,Defender,11,796,0,0,3,2,1,0,0.2561568021774292,1.1431159973144531,0.2561568021774292
2019-2020,Diogo Dalot,Manchester United,D,Defender,4,65,0,0,1,0,0,0,0.3715600073337555,0.0,0.3715600073337555
2019-2020,Max Kilman,Wolverhampton,D,Defender,3,183,0,0,0,0,0,0,0.0,0.0,0.0
2019-2020,Dan Burn,Brighton,D,Defender,34,2879,0,0,13,20,5,0,1.9053620267659424,1.6736764125525951,1.9053620267659424
2019-2020,James Garner,Manchester United,S,Midfielder,1,5,0,0,0,0,0,0,0.0,0.0,0.0
2019-2020,Tahith Chong,Manchester United,S,Midfielder,3,29,0,0,1,0,0,0,0.0718816965818405,0.0,0.0718816965818405
2019-2020,Harvey Elliott,Liverpool,S,Midfielder,2,5,0,0,0,0,0,0,0.0,0.0,0.0
2019-2020,Mark Travers,Bournemouth,GK,Goalkeeper,1,90,0,0,0,0,0,0,0.0,0.0,0.0
2019-2020,Kelland Watts,Newcastle,S,Midfielder,1,12,0,0,0,0,0,0,0.0,0.0,0.0
2019-2020,Max Aarons,Norwich,D,Defender,36,3240,0,1,14,23,7,0,0.6508807009086013,3.895118203014136,0.6508807009086013
2019-2020,Ben Godfrey,Norwich,D,Defender,30,2649,0,0,15,3,3,1,0.8582229670137167,0.0743105020374059,0.8582229670137167
2019-2020,Grant Hanley,Norwich,D,Defender,15,1261,0,0,8,0,4,0,0.4398997966200113,0.0,0.4398997966200113
2019-2020,Tom Trybull,Norwich,M,Midfielder,16,1159,0,0,11,3,2,0,0.4442538917064667,0.1500191995874047,0.4442538917064667
2019-2020,Marco Stiepermann,Norwich,M,Midfielder,24,1201,0,0,19,12,6,0,1.293781528249383,0.9374049045145512,1.293781528249383
2019-2020,Dean Henderson,Sheffield United,GK,Goalkeeper,36,3240,0,0,1,1,2,0,0.0330407992005348,0.0218688007444143,0.0330407992005348
2019-2020,Chris Basham,Sheffield United,D,Defender,38,3275,0,1,6,13,4,0,0.3295384980738163,1.3122201254591346,0.3295384980738163
2019-2020,Jack O&#039;Connell,Sheffield United,D,Defender,33,2913,0,1,14,16,4,0,0.8287769919261336,3.557616853155196,0.8287769919261336
2019-2020,Luke Freeman,Sheffield United,M,Midfielder,11,358,0,0,3,3,2,0,0.0576798990368843,0.1855609994381666,0.0576798990368843
2019-2020,Ben Osborn,Sheffield United,M,Midfielder,13,586,0,0,3,7,0,0,0.1952103972434997,0.8878787830471992,0.1952103972434997
2019-2020,Simon Moore,Sheffield United,GK,Goalkeeper,2,180,0,0,0,0,0,0,0.0,0.0,0.0
2019-2020,Jonathan Kodjia,Aston Villa,S,Midfielder,6,96,0,0,2,1,1,0,0.1586540043354034,0.082373596727848,0.1586540043354034
2019-2020,Henri Lansbury,Aston Villa,M,Midfielder,10,186,0,0,2,2,0,0,0.0532290004193782,0.0657937973737716,0.0532290004193782
2019-2020,James Justin,Leicester,D,Defender,13,1005,0,1,7,12,1,0,0.2678807023912668,1.0798513926565647,0.2678807023912668
2019-2020,Jack Stacey,Bournemouth,D,Defender,19,1553,0,2,5,10,2,0,0.5616067014634609,2.4069034699350595,0.5616067014634609
2019-2020,Billy Gilmour,Chelsea,M,Midfielder,6,190,0,0,1,4,0,0,0.0284273996949195,0.1880254000425338,0.0284273996949195
2019-2020,Christoph Zimmermann,Norwich,D,Defender,17,1424,0,1,6,2,3,0,0.2578012077137828,0.0752718988806009,0.2578012077137828
2019-2020,Steven Alzate,Brighton,D,Defender,19,1175,0,0,13,14,1,0,1.0576836168766022,0.8152610920369625,1.0576836168766022
2019-2020,Adam Idah,Norwich,F,Forward,12,197,0,0,6,1,0,0,0.826487498357892,0.0150213995948433,0.826487498357892
2019-2020,Michael McGovern,Norwich,GK,Goalkeeper,2,159,0,0,0,0,0,0,0.0,0.0,0.0
2019-2020,Marvelous Nakamba,Aston Villa,M,Midfielder,29,1836,0,0,7,12,5,0,0.1315447017550468,0.5477455705404282,0.1315447017550468
2019-2020,Eric Garcia,Manchester City,D,Defender,13,780,0,0,2,2,1,0,0.6039479970932007,0.2226091958582401,0.6039479970932007
2019-2020,Kieron Freeman,Sheffield United,S,Midfielder,2,5,0,0,0,0,0,0,0.0,0.0,0.0
2019-2020,Leon Clarke,Sheffield United,S,Midfielder,2,29,0,0,1,0,0,0,0.4281300008296966,0.0,0.4281300008296966
2019-2020,Arnaut Danjuma Groeneveld,Bournemouth,M,Midfielder,14,614,0,0,13,5,0,0,1.048506997525692,0.163910299539566,1.048506997525692
2019-2020,Reece James,Chelsea,D,Defender,24,1512,0,2,18,25,1,0,0.8192672096192837,3.1814127191901207,0.8192672096192837
2019-2020,Akin Famewo,Norwich,S,Midfielder,1,1,0,0,0,0,0,0,0.0,0.0,0.0
2019-2020,David Martin,West Ham,GK,Goalkeeper,5,436,0,0,0,0,1,0,0.0,0.0,0.0
2019-2020,Lloyd Kelly,Bournemouth,D,Defender,8,634,0,0,1,1,2,0,0.0356754995882511,0.1382219940423965,0.0356754995882511
2019-2020,Troy Parrott,Tottenham,S,Midfielder,2,3,0,0,0,0,0,0,0.0,0.0,0.0
2019-2020,Anthony Gordon,Everton,M,Midfielder,11,438,0,1,6,6,0,0,0.3270708993077278,0.3399500921368599,0.3270708993077278
2019-2020,Neco Williams,Liverpool,D,Defender,6,235,0,0,7,2,1,0,0.2335283998399973,0.04667229950428,0.2335283998399973
2019-2020,Tyrick Mitchell,Crystal Palace,D,Defender,4,186,0,0,0,4,1,0,0.0,0.1898113973438739,0.0
2019-2020,Brandon Pierrick,Crystal Palace,S,Midfielder,2,10,0,0,0,2,0,0,0.0,0.0955187007784843,0.0
2019-2020,Japhet Tanganga,Tottenham,D,Defender,6,528,0,0,3,1,1,0,0.0534681975841522,0.0291178002953529,0.0534681975841522
2019-2020,William Smallbone,Southampton,M,Midfielder,9,401,0,2,6,3,0,0,0.2958714999258518,0.1721708998084068,0.2958714999258518
2019-2020,Tariq Lamptey,"Brighton,Chelsea",D,Defender,9,624,0,1,2,7,2,0,0.0712006986141204,1.1490469872951508,0.0712006986141204
2019-2020,Jeremy Ngakia,West Ham,D,Defender,5,442,0,0,1,0,0,0,0.0140364998951554,0.0,0.0140364998951554
2019-2020,Takumi Minamino,Liverpool,F,Forward,10,233,0,0,8,1,0,0,0.8382361009716988,0.0161428991705179,0.8382361009716988
2019-2020,Indiana Vassilev,Aston Villa,S,Midfielder,4,35,0,0,1,0,0,0,0.032814398407936,0.0,0.032814398407936
2019-2020,Gedson Fernandes,Tottenham,S,Midfielder,7,51,0,0,1,2,0,0,0.0199506003409624,0.0919101983308792,0.0199506003409624
2019-2020,João Pedro,Watford,S,Midfielder,3,14,0,0,1,0,0,0,0.0429235994815826,0.0,0.0429235994815826
2019-2020,Jack Robinson,Sheffield United,D,Defender,6,507,0,0,0,2,0,0,0.0,0.14816639944911,0.0
2019-2020,Josh Brownhill,Burnley,M,Midfielder,10,808,0,0,6,3,2,0,0.318044301122427,0.1222566030919551,0.318044301122427
2019-2020,Alexis Mac Allister,Brighton,F,Forward,9,357,0,0,7,5,0,0,0.5874680867418647,0.2033508047461509,0.5874680867418647
2019-2020,Pablo Marí,Arsenal,D,Defender,2,113,0,0,0,0,0,0,0.0,0.0,0.0
2019-2020,Faustino Anjorin,Chelsea,S,Midfielder,1,19,0,0,1,0,0,0,0.0166826006025075,0.0,0.0166826006025075
2019-2020,Armando Broja,Chelsea,S,Midfielder,1,4,0,0,0,0,0,0,0.0,0.0,0.0
2019-2020,Josh Martin,Norwich,S,Midfielder,5,25,0,0,1,0,0,0,0.1064599975943565,0.0,0.1064599975943565
2019-2020,Nathan Tella,Southampton,S,Midfielder,1,1,0,0,1,0,0,0,0.0757860988378524,0.0,0.0757860988378524
2019-2020,Richairo Zivkovic,Sheffield United,S,Midfielder,5,95,0,0,1,2,0,0,0.064038798213005,0.1380251944065094,0.064038798213005
2019-2020,Jarrad Branthwaite,Everton,D,Defender,4,296,0,0,0,0,0,0,0.0,0.0,0.0
2019-2020,Max Thompson,Burnley,S,Midfielder,1,1,0,0,0,0,0,0,0.0,0.0,0.0
2019-2020,Jake Vokins,Southampton,D,Defender,1,90,0,0,1,1,0,0,0.0132841998711228,0.0965956971049308,0.0132841998711228
2019-2020,Tommy Doyle,Manchester City,S,Midfielder,1,13,0,0,1,0,0,0,0.0776005014777183,0.0,0.0776005014777183
2019-2020,Jordan Thomas,Norwich,S,Midfielder,1,1,0,0,0,0,0,0,0.0,0.0,0.0
2019-2020,Luke Thomas,Leicester,D,Defender,3,270,0,1,0,9,0,0,0.0,0.6299819946289062,0.0
2019-2020,George Hirst,Leicester,S,Midfielder,2,5,0,0,3,0,0,0,0.1006027986295521,0.0,0.1006027986295521
2020-2021,Harry Kane,Tottenham,F,Forward,35,3097,23,14,138,49,1,0,22.174864932894707,7.57709795050323,19.130178958177567
2020-2021,Mohamed Salah,Liverpool,F,Forward,37,3085,22,5,126,55,0,0,20.250850511714816,6.528527559712529,15.683834107592702
2020-2021,Bruno Fernandes,Manchester United,M,Midfielder,37,3117,18,12,121,95,6,0,16.019450719468296,11.474997889250515,8.407837779261172
2020-2021,Son Heung-Min,Tottenham,F,Forward,37,3139,17,10,68,75,0,0,11.023286264389752,9.51299634668976,10.26211767271161
2020-2021,Patrick Bamford,Leeds,F,Forward,38,3085,17,7,107,30,3,0,18.40186234563589,3.782248348928988,16.879525646567345
2020-2021,Dominic Calvert-Lewin,Everton,F,Forward,33,2878,16,0,83,18,3,0,18.21051686815917,2.1018170565366745,18.21051686815917
2020-2021,Jamie Vardy,Leicester,F,Forward,34,2848,15,9,82,28,1,0,19.942946769297123,5.08788326010108,13.09242221340537
2020-2021,Ollie Watkins,Aston Villa,F,Forward,37,3330,14,5,98,45,2,1,16.280176680535078,5.314029790461063,14.75783659145236
2020-2021,Ilkay Gündogan,Manchester City,M,Midfielder,28,2033,13,2,54,42,1,0,9.566889390349388,3.816221438348293,8.044548198580742
2020-2021,Alexandre Lacazette,Arsenal,F,Forward,31,1939,13,2,45,22,3,0,12.02891095355153,2.2092133089900017,9.745402950793505
2020-2021,Callum Wilson,Newcastle,F,Forward,26,2079,12,5,49,17,2,0,13.590087059885263,3.046299707144499,10.545412976294756
2020-2021,Kelechi Iheanacho,Leicester,F,Forward,25,1452,12,2,59,28,1,0,9.048603574745355,3.534097613766789,8.287429581396282
2020-2021,Danny Ings,Southampton,F,Forward,29,2200,12,4,57,22,1,0,8.276573972776532,2.311231320723892,6.7542363833636045
2020-2021,Chris Wood,Burnley,F,Forward,33,2765,12,3,70,23,0,0,12.954142516478896,2.038118289783597,11.431802516803144
2020-2021,Wilfried Zaha,Crystal Palace,F,Forward,30,2615,11,2,60,30,6,0,8.804446421563625,3.702817730605602,7.282108388841152
2020-2021,Marcus Rashford,Manchester United,F,Forward,37,2941,11,9,79,44,4,0,9.579708877950909,4.185123202390969,9.579708877950909
2020-2021,Sadio Mané,Liverpool,F,Forward,35,2805,11,7,94,61,3,0,14.828551573678851,7.787754092365503,14.828551573678851
2020-2021,Gareth Bale,Tottenham,M,Midfielder,20,909,11,2,38,21,1,0,5.797856383025646,1.842241832986474,5.797856383025646
2020-2021,Matheus Pereira,West Brom,M,Midfielder,33,2594,11,6,65,58,2,1,6.948313331231475,6.355541097000241,3.903640011325479
2020-2021,Pierre-Emerick Aubameyang,Arsenal,F,Forward,29,2333,10,3,57,22,2,0,10.450049884617329,2.4313496705144644,8.92772065103054
2020-2021,Michail Antonio,West Ham,F,Forward,26,1993,10,5,63,27,3,0,14.1388366445899,3.194422224536538,14.1388366445899
2020-2021,Christian Benteke,Crystal Palace,F,Forward,30,1824,10,1,71,15,1,1,7.457400366663933,0.6976268962025642,7.457400366663933
2020-2021,Raheem Sterling,Manchester City,F,Forward,31,2539,10,7,70,39,4,0,12.050680804997684,6.628709137439728,11.28951171785593
2020-2021,Edinson Cavani,Manchester United,F,Forward,26,1355,10,3,34,14,4,0,8.603237739764154,2.3172431979328394,8.603237739764154
2020-2021,Anwar El Ghazi,Aston Villa,F,Forward,28,1612,10,0,64,26,2,0,9.037513121031225,1.882866207510233,5.99283719342202
2020-2021,Nicolas Pepe,Arsenal,F,Forward,29,1602,10,1,47,11,1,1,6.000205853953958,1.0121595980599525,5.23903716634959
2020-2021,Tomas Soucek,West Ham,M,Midfielder,38,3420,10,1,64,18,7,1,8.98297917842865,2.444754745811224,8.98297917842865
2020-2021,Roberto Firmino,Liverpool,F,Forward,36,2882,9,7,83,44,2,0,12.860216487199068,6.116864521056414,12.860216487199068
2020-2021,Jesse Lingard,West Ham,F,Forward,16,1434,9,4,42,18,3,0,5.249173816293478,2.329291282221675,3.726830512285233
2020-2021,Riyad Mahrez,Manchester City,F,Forward,27,1961,9,6,58,45,0,0,6.232445145025849,6.086521776393056,6.232445145025849
2020-2021,Gabriel Jesus,Manchester City,F,Forward,29,2053,9,4,55,31,2,0,9.653350956737995,3.549695127643645,9.653350956737995
2020-2021,Phil Foden,Manchester City,F,Forward,28,1606,9,5,45,36,0,0,6.083392720669508,4.749280586838722,6.083392720669508
2020-2021,Harvey Barnes,Leicester,F,Forward,25,1954,9,4,56,26,0,0,6.697317669168115,1.7716885916888714,6.697317669168115
2020-2021,Diogo Jota,Liverpool,F,Forward,19,1114,9,0,46,12,2,0,7.057722978293896,1.7625195607542992,7.057722978293896
2020-2021,Che Adams,Southampton,F,Forward,36,2685,9,5,55,37,1,0,12.118733704090118,5.227753119543195,12.118733704090118
2020-2021,James Ward-Prowse,Southampton,D,Defender,38,3420,8,7,43,60,5,0,5.442037345841527,4.070980126038194,2.3973618019372225
2020-2021,Jarrod Bowen,West Ham,F,Forward,38,2599,8,5,55,29,0,0,7.988896971568465,5.229475359432399,7.988896971568465
2020-2021,Neal Maupay,Brighton,F,Forward,33,2526,8,2,71,32,1,1,13.77353422343731,4.277407944202423,10.7289333678782
2020-2021,Joe Willock,"Arsenal,Newcastle United",M,Midfielder,21,1215,8,0,23,10,1,0,5.088086500763893,0.733700979501009,4.326921537518501
2020-2021,James Maddison,Leicester,M,Midfielder,31,2123,8,5,75,50,4,0,3.82757050730288,5.386723550967872,3.82757050730288
2020-2021,David McGoldrick,Sheffield United,F,Forward,35,2409,8,1,71,17,7,0,7.605752557516098,1.116619188338518,7.605752557516098
2020-2021,Stuart Dallas,Leeds,D,Defender,38,3412,8,2,48,26,7,0,4.457073759287596,2.084682686254382,4.457073759287596
2020-2021,Jack Harrison,Leeds,M,Midfielder,36,2871,8,8,46,59,2,0,6.254035193473101,7.523063641041517,6.254035193473101
2020-2021,Bertrand Traoré,Aston Villa,F,Forward,36,2362,7,6,64,35,1,0,6.304104885086417,4.570988927036524,6.304104885086417
2020-2021,Jorginho,Chelsea,M,Midfielder,28,2022,7,1,14,24,2,0,6.972690639086068,1.9548698784783485,0.1222453014925122
2020-2021,Rodrigo,Leeds,F,Forward,26,1285,7,2,46,31,3,0,5.755638722330332,3.200528811663389,5.755638722330332
2020-2021,Richarlison,Everton,F,Forward,34,2883,7,3,81,25,4,1,10.670258212834597,3.3947635404765606,9.90908919647336
2020-2021,Ferrán Torres,Manchester City,F,Forward,24,1305,7,2,36,18,1,0,5.728712034411728,2.2024257499724627,5.728712034411728
2020-2021,Mason Greenwood,Manchester United,F,Forward,31,1825,7,2,67,14,2,0,6.975751496851444,2.427899083122611,6.975751496851444
2020-2021,Timo Werner,Chelsea,F,Forward,35,2605,6,8,80,36,2,0,13.432795317843556,6.667280228808522,13.432795317843556
2020-2021,Kevin De Bruyne,Manchester City,M,Midfielder,25,2008,6,12,81,79,1,0,9.983444157987831,10.958204975351691,7.699938114732504
2020-2021,Danny Welbeck,Brighton,F,Forward,24,1551,6,1,35,22,0,0,7.38038232550025,3.231368396431208,6.619250323623419
2020-2021,Jack Grealish,Aston Villa,F,Forward,26,2187,6,10,50,81,5,0,5.1926843244582415,9.334138981997969,5.1926843244582415
2020-2021,Tammy Abraham,Chelsea,F,Forward,22,1027,6,1,32,9,0,0,6.1891482546925545,0.7214870899915695,6.1891482546925545
2020-2021,Gylfi Sigurdsson,Everton,F,Forward,36,2250,6,5,49,44,2,0,6.404703702777624,4.837688572704792,3.360029112547636
2020-2021,James Rodríguez,Everton,F,Forward,23,1802,6,4,37,40,4,0,3.363535486161709,5.439712628722191,3.363535486161709
2020-2021,Youri Tielemans,Leicester,M,Midfielder,38,3359,6,4,48,49,6,0,4.168200260028243,3.31225230358541,2.645866280421614
2020-2021,Mason Mount,Chelsea,F,Forward,36,2891,6,5,82,87,2,0,6.884881563484669,9.847691288217902,6.123712250962853
2020-2021,Raphinha,Leeds,M,Midfielder,30,2369,6,9,67,65,3,0,6.219142932444811,9.524861674755812,6.219142932444811
2020-2021,Kurt Zouma,Chelsea,D,Defender,24,2024,5,0,27,4,3,0,3.1368540562689304,0.0814669001847505,3.1368540562689304
2020-2021,Pablo Fornals,West Ham,F,Forward,33,2603,5,4,50,31,3,0,6.749409511685371,2.532994632609189,6.749409511685371
2020-2021,Callum Robinson,West Brom,F,Forward,28,1580,5,0,31,16,0,0,3.2030633613467216,1.0499622896313667,3.2030633613467216
2020-2021,Lewis Dunk,Brighton,D,Defender,33,2934,5,0,32,10,5,2,2.709075659513473,0.8306384868919849,2.709075659513473
2020-2021,Pedro Neto,Wolverhampton,F,Forward,31,2570,5,6,62,61,4,0,5.494994781911373,5.738266875967383,5.494994781911373
2020-2021,Bobby Reid,Fulham,D,Defender,33,2394,5,2,34,14,7,0,4.269856670405716,1.3096999023109674,4.269856670405716
2020-2021,Rúben Neves,Wolverhampton,M,Midfielder,36,2681,5,1,67,33,7,0,4.744082765653729,2.061172278597951,2.4605759885162115
2020-2021,Bukayo Saka,Arsenal,D,Defender,32,2577,5,3,61,38,1,0,7.169173154979944,4.511790509335697,7.169173154979944
2020-2021,Leandro Trossard,Brighton,F,Forward,35,2647,5,5,58,51,2,0,5.41275604814291,5.398416018113494,5.41275604814291
2020-2021,Joelinton,Newcastle,F,Forward,31,2006,4,2,43,17,3,0,5.631008350290358,2.366482028737664,4.869839348830283
2020-2021,Olivier Giroud,Chelsea,F,Forward,17,750,4,0,29,6,1,0,5.0704178139567375,1.175797939300537,5.0704178139567375
2020-2021,Anthony Martial,Manchester United,F,Forward,22,1494,4,3,42,17,0,1,7.405648021958768,2.619799588806927,7.405648021958768
2020-2021,John Stones,Manchester City,D,Defender,22,1933,4,0,15,2,0,1,2.501299239695072,0.046839602291584,2.501299239695072
2020-2021,Sergio Agüero,Manchester City,F,Forward,12,556,4,1,19,7,0,0,3.716518983244896,1.315659997984767,2.1941805984824896
2020-2021,Christian Pulisic,Chelsea,F,Forward,27,1739,4,2,43,25,2,0,6.775410307571292,2.761231416836381,6.775410307571292
2020-2021,Raúl Jiménez,Wolverhampton,F,Forward,10,824,4,0,26,6,0,0,2.360906094312668,0.6329620033502579,2.360906094312668
2020-2021,Mateusz Klich,Leeds,M,Midfielder,35,2404,4,5,36,44,6,0,2.9999594227410853,3.650848997756839,1.4776212074793875
2020-2021,Kai Havertz,Chelsea,F,Forward,27,1523,4,3,33,18,2,0,6.352187737822533,1.5533829852938652,6.352187737822533
2020-2021,Ademola Lookman,Fulham,F,Forward,34,2765,4,4,69,61,5,0,6.251115549355745,5.258410016074777,5.489946853369474
2020-2021,Scott McTominay,Manchester United,M,Midfielder,32,2121,4,1,26,17,3,0,1.847744192928076,2.114613111130893,1.847744192928076
2020-2021,Stuart Armstrong,Southampton,M,Midfielder,33,2791,4,5,54,35,3,0,2.6400083750486374,2.901357291266322,2.6400083750486374
2020-2021,Miguel Almirón,Newcastle,F,Forward,34,2458,4,1,33,31,3,0,3.509381575509906,3.135926203802228,3.509381575509906
2020-2021,Eberechi Eze,Crystal Palace,M,Midfielder,34,2570,4,6,37,42,3,0,2.494570924434811,3.741961975581944,2.494570924434811
2020-2021,Fabio Silva,Wolverhampton,F,Forward,32,1341,4,3,48,11,2,0,6.136157924309373,1.1684247087687254,5.374989124014974
2020-2021,Allan Saint-Maximin,Newcastle,F,Forward,25,1578,3,4,30,29,0,0,2.825913516804576,4.01332547981292,2.825913516804576
2020-2021,Jannik Vestergaard,Southampton,D,Defender,30,2571,3,0,23,7,3,1,2.1054085036739707,0.740825392305851,2.1054085036739707
2020-2021,Pascal Groß,Brighton,D,Defender,34,2469,3,8,32,69,3,0,5.0105255879461765,5.368288877420127,1.9658873826265333
2020-2021,Theo Walcott,"Everton,Southampton",F,Forward,22,1660,3,3,29,17,0,0,2.2806765669956803,1.2631024159491062,2.2806765669956803
2020-2021,Angelo Ogbonna,West Ham,D,Defender,28,2493,3,0,13,4,5,0,1.6960741942748427,0.4284708108752966,1.6960741942748427
2020-2021,Ross Barkley,"Aston Villa,Chelsea",M,Midfielder,26,1574,3,1,39,40,0,0,3.69993400759995,4.319001067429781,3.69993400759995
2020-2021,Ashley Westwood,Burnley,M,Midfielder,38,3412,3,3,19,52,7,0,1.0059907007962463,6.534145314246416,1.0059907007962463
2020-2021,Aleksandar Mitrovic,Fulham,F,Forward,27,1369,3,3,59,23,3,0,5.677359725348651,2.9247109331190586,4.155023763887584
2020-2021,Ben Chilwell,Chelsea,D,Defender,27,2296,3,5,27,30,3,0,2.984890672378242,2.4556783102452755,2.984890672378242
2020-2021,Craig Dawson,West Ham,D,Defender,22,1925,3,0,16,2,3,1,2.7360610645264387,0.054468298330903,2.7360610645264387
2020-2021,Kyle Bartley,West Brom,D,Defender,30,2581,3,1,14,7,4,0,2.601399853825569,0.7599643841385841,2.601399853825569
2020-2021,Matej Vydra,Burnley,F,Forward,28,1363,3,2,35,14,0,0,5.373273886740208,2.1183415008708835,5.373273886740208
2020-2021,Michael Keane,Everton,D,Defender,35,2986,3,1,16,7,4,0,1.5046901144087317,1.0852534715086222,1.5046901144087317
2020-2021,Paul Pogba,Manchester United,M,Midfielder,26,1893,3,3,31,24,3,0,2.988201911561191,2.066862566396594,2.988201911561191
2020-2021,Lucas Moura,Tottenham,F,Forward,30,1392,3,4,18,16,1,0,1.9466329012066128,2.064034544862807,1.9466329012066128
2020-2021,Hélder Costa,Leeds,M,Midfielder,22,1152,3,3,16,7,0,0,2.5981543734669685,0.628333006054163,2.5981543734669685
2020-2021,Romain Saiss,Wolverhampton,D,Defender,27,2409,3,0,28,5,2,0,3.169141403399408,0.6693506045266986,3.169141403399408
2020-2021,Ivan Cavaleiro,Fulham,D,Defender,36,2477,3,0,47,42,2,0,5.548668167553842,2.6804727111011744,4.026330660097301
2020-2021,Ashley Barnes,Burnley,F,Forward,22,1342,3,0,38,19,4,0,3.874067099764943,0.8005466284230351,3.1128980834037066
2020-2021,Josh Maja,Fulham,F,Forward,15,809,3,0,21,7,0,0,4.91805799305439,0.7428307086229324,4.156888987869024
2020-2021,Daniel James,Manchester United,M,Midfielder,15,920,3,1,17,10,3,0,2.3124233819544315,1.3286128789186478,2.3124233819544315
2020-2021,Tanguy NDombele Alvaro,Tottenham,M,Midfielder,33,2141,3,2,18,14,3,0,1.5304817156866193,2.12633260153234,1.5304817156866193
2020-2021,Sébastien Haller,West Ham,F,Forward,16,933,3,0,25,10,0,0,2.5546688437461853,1.1348687317222357,2.5546688437461853
2020-2021,Billy Sharp,Sheffield United,F,Forward,16,723,3,0,9,4,1,0,2.9830773063004017,0.5832782126963139,1.4607392735779283
2020-2021,John McGinn,Aston Villa,M,Midfielder,37,3330,3,5,45,42,12,0,2.166595708578825,3.501758733764291,2.166595708578825
2020-2021,Takumi Minamino,"Liverpool,Southampton",F,Forward,19,1004,3,0,20,5,1,0,2.92474027723074,0.810821782797575,2.92474027723074
2020-2021,Daniel Podence,Wolverhampton,F,Forward,24,1718,3,2,32,21,3,0,2.744376480579376,1.839432805776596,2.744376480579376
2020-2021,Mbaye Diagne,West Brom,F,Forward,16,1205,3,2,25,10,2,0,6.247825607657433,0.986100921407342,6.247825607657433
2020-2021,Pierre-Emile Højbjerg,Tottenham,M,Midfielder,38,3420,2,4,14,16,9,0,1.137927639298141,1.7558960048481822,1.137927639298141
2020-2021,Ola Aina,Fulham,D,Defender,31,2683,2,1,14,15,3,0,0.8479759693145752,1.5527279768139124,0.8479759693145752
2020-2021,Jeffrey Schlupp,Crystal Palace,M,Midfielder,27,1424,2,3,18,18,3,0,2.015110921114683,2.5725832264870405,2.015110921114683
2020-2021,Jamaal Lascelles,Newcastle,D,Defender,19,1633,2,0,16,2,4,0,0.7653545793145895,0.0668828021734952,0.7653545793145895
2020-2021,Ayoze Pérez,Leicester,F,Forward,25,1326,2,1,31,23,2,0,4.036575708538294,1.2486079968512058,4.036575708538294
2020-2021,Georginio Wijnaldum,Liverpool,M,Midfielder,38,2961,2,0,31,21,1,0,2.817426955327392,1.6629221122711897,2.817426955327392
2020-2021,Nathan Redmond,Southampton,F,Forward,29,1718,2,3,45,29,1,0,3.833790317177773,3.353081863373518,3.833790317177773
2020-2021,Jonny Evans,Leicester,D,Defender,28,2483,2,2,8,10,7,0,1.855712991207838,0.5386304911226034,1.855712991207838
2020-2021,Adama Traoré,Wolverhampton,D,Defender,37,2630,2,2,43,55,4,0,2.076152325607836,5.27167169097811,2.076152325607836
2020-2021,Tyrone Mings,Aston Villa,D,Defender,36,3194,2,2,19,7,4,1,2.061613383702934,0.3762711994349956,2.061613383702934
2020-2021,Marcos Alonso,Chelsea,D,Defender,13,962,2,0,22,15,2,0,1.824077844619751,1.7216993737965822,1.824077844619751
2020-2021,Ben Mee,Burnley,D,Defender,30,2695,2,0,22,7,3,0,1.6194160860031843,0.8052045041695237,1.6194160860031843
2020-2021,Johann Berg Gudmundsson,Burnley,M,Midfielder,22,1369,2,0,19,10,2,0,1.5335707571357489,0.9595046062022448,1.5335707571357489
2020-2021,Michy Batshuayi,Crystal Palace,F,Forward,18,706,2,1,12,9,0,0,1.3631452023983002,1.65472068823874,1.3631452023983002
2020-2021,Harry Maguire,Manchester United,D,Defender,34,3049,2,1,36,7,11,0,1.4843375030905008,0.290942994877696,1.4843375030905008
2020-2021,Abdoulaye Doucouré,Everton,M,Midfielder,29,2468,2,3,18,21,6,0,2.369523380883038,2.388998680282384,2.369523380883038
2020-2021,Matt Phillips,West Brom,M,Midfielder,33,1823,2,1,22,25,1,0,2.9235164280980825,3.245670160278678,2.9235164280980825
2020-2021,Hal Robson-Kanu,West Brom,F,Forward,19,522,2,0,13,5,2,0,1.4960819277912378,0.2434498984366655,1.4960819277912378
2020-2021,Jeff Hendrick,Newcastle,M,Midfielder,22,1436,2,1,10,6,1,1,1.1079940740019083,1.4332293150946498,1.1079940740019083
2020-2021,Trent Alexander-Arnold,Liverpool,D,Defender,36,3040,2,7,55,77,2,0,2.593059585429728,8.576367035508156,2.593059585429728
2020-2021,João Cancelo,Manchester City,D,Defender,28,2309,2,3,35,45,5,1,1.865636110305786,5.177639778703451,1.865636110305786
2020-2021,Rodri,Manchester City,M,Midfielder,34,2751,2,2,32,33,6,0,2.659903080202639,2.3353829346597195,1.8987347027286887
2020-2021,Issa Diop,West Ham,D,Defender,18,1379,2,0,3,1,3,0,0.9535319805145264,0.0177795998752117,0.9535319805145264
2020-2021,Thiago Silva,Chelsea,D,Defender,23,1938,2,0,13,5,3,1,1.3205458130687475,0.2914941012859344,1.3205458130687475
2020-2021,Benjamin Mendy,Manchester City,D,Defender,13,955,2,1,6,5,2,0,0.3341406993567943,0.3014400042593479,0.3341406993567943
2020-2021,Serge Aurier,Tottenham,D,Defender,19,1619,2,3,15,17,0,0,1.4752713814377785,3.7193957716226578,1.4752713814377785
2020-2021,Bernardo Silva,Manchester City,F,Forward,26,2080,2,6,28,27,5,0,3.598813336342573,4.82339084893465,3.598813336342573
2020-2021,Semi Ajayi,West Brom,D,Defender,33,2773,2,0,13,7,3,1,1.7337960172444582,0.51046640612185,1.7337960172444582
2020-2021,Declan Rice,West Ham,M,Midfielder,32,2880,2,1,28,23,2,0,3.191765470430255,1.9789338074624536,1.669427564367652
2020-2021,Aaron Wan-Bissaka,Manchester United,D,Defender,34,3060,2,4,7,31,3,0,0.9324541166424752,2.547665696591139,0.9324541166424752
2020-2021,Gabriel,Arsenal,D,Defender,23,1994,2,0,16,2,2,1,1.5645487178117037,0.0560960005968809,1.5645487178117037
2020-2021,Jairo Riedewald,Crystal Palace,M,Midfielder,33,1803,2,0,8,11,4,0,0.5630807876586914,0.8973621036857367,0.5630807876586914
2020-2021,Solly March,Brighton,D,Defender,21,1684,2,1,22,27,0,0,1.78360197506845,1.6788202039897442,1.78360197506845
2020-2021,Jacob Murphy,Newcastle,D,Defender,26,1611,2,3,30,19,3,0,1.490953603759408,3.4334884993731976,1.490953603759408
2020-2021,Timothy Castagne,Leicester,D,Defender,27,2349,2,3,8,21,1,0,1.6002667360007763,2.3069622721523046,1.6002667360007763
2020-2021,Callum Hudson-Odoi,Chelsea,D,Defender,23,1048,2,3,23,31,0,0,1.3696891833096745,3.1041410844773054,1.3696891833096745
2020-2021,Eddie Nketiah,Arsenal,F,Forward,17,405,2,1,12,8,0,0,2.022098023444414,0.7423548139631748,2.022098023444414
2020-2021,Yerry Mina,Everton,D,Defender,24,1941,2,0,17,1,2,0,1.7494332194328308,0.0195989999920129,1.7494332194328308
2020-2021,Dwight McNeil,Burnley,M,Midfielder,36,3075,2,5,27,47,1,0,1.080685398541391,5.477007370442152,1.080685398541391
2020-2021,Emile Smith-Rowe,Arsenal,M,Midfielder,20,1456,2,4,13,27,0,0,1.592160290107131,3.622620165348053,1.592160290107131
2020-2021,Trézéguet,Aston Villa,F,Forward,21,1175,2,1,35,13,0,0,3.979033894836903,2.1475658286362886,3.979033894836903
2020-2021,Ezri Konsa Ngoyo,Aston Villa,D,Defender,36,3192,2,0,22,2,3,0,3.2915586698800325,0.0931767001748085,3.2915586698800325
2020-2021,Gabriel Martinelli,Arsenal,F,Forward,14,581,2,1,20,9,0,0,3.252447366714477,1.7456525303423405,3.252447366714477
2020-2021,James Justin,Leicester,D,Defender,23,2070,2,1,9,19,4,0,1.517482303082943,2.0591367334127426,1.517482303082943
2020-2021,Aaron Connolly,Brighton,F,Forward,17,799,2,1,23,6,0,0,4.464138314127922,0.1607838999480009,4.464138314127922
2020-2021,Ezgjan Alioski,Leeds,D,Defender,36,2475,2,3,25,28,7,0,1.7466123420745134,3.332751187495888,1.7466123420745134
2020-2021,Hakim Ziyech,Chelsea,F,Forward,23,1182,2,3,35,34,3,0,1.9873142782598727,4.478449231013656,1.9873142782598727
2020-2021,Conor Gallagher,West Brom,M,Midfielder,30,2529,2,2,29,21,11,0,1.542326182126999,1.4182883203029633,1.542326182126999
2020-2021,Jayden Bogle,Sheffield United,D,Defender,16,1109,2,0,17,4,2,0,1.915019929409027,0.2085536010563373,1.915019929409027
2020-2021,Fabian Schär,Newcastle,D,Defender,18,1252,1,0,12,0,4,1,1.4605767242610457,0.0,0.6994077078998089
2020-2021,Granit Xhaka,Arsenal,D,Defender,31,2537,1,2,21,17,7,1,0.7788539975881577,1.4596665930002928,0.7788539975881577
2020-2021,Thiago Alcántara,Liverpool,M,Midfielder,24,1865,1,0,22,30,4,0,1.2113057915121317,2.5549221271649003,1.2113057915121317
2020-2021,Joel Matip,Liverpool,D,Defender,10,701,1,2,5,3,2,0,0.7844756990671158,1.1802749931812286,0.7844756990671158
2020-2021,Adam Lallana,Brighton,F,Forward,30,1572,1,1,22,25,0,0,1.6143054887652395,2.628757409751416,1.6143054887652395
2020-2021,Héctor Bellerín,Arsenal,D,Defender,25,2098,1,2,15,21,8,0,0.8602303061634302,2.1715131886303425,0.8602303061634302
2020-2021,Mohamed Elneny,Arsenal,M,Midfielder,23,1540,1,0,9,4,3,0,0.4756157035008073,0.2569415085017681,0.4756157035008073
2020-2021,Alex Iwobi,Everton,D,Defender,30,1536,1,2,15,16,0,0,0.8436323963105679,2.1553488839417696,0.8436323963105679
2020-2021,Scott Dann,Crystal Palace,D,Defender,15,1350,1,0,4,1,1,0,0.5482884962111712,0.017612800002098,0.5482884962111712
2020-2021,Cheikhou Kouyaté,Crystal Palace,D,Defender,36,3126,1,0,7,8,4,0,0.8239277079701424,0.8307867012917995,0.8239277079701424
2020-2021,Manuel Lanzini,West Ham,M,Midfielder,17,548,1,1,12,11,1,0,0.9710571253672242,1.0017916820943356,0.9710571253672242
2020-2021,Andy Carroll,Newcastle,F,Forward,18,369,1,0,13,2,1,0,0.6033165901899338,0.0630198009312152,0.6033165901899338
2020-2021,Juan Mata,Manchester United,M,Midfielder,9,518,1,2,5,8,0,0,1.0727033168077469,0.7225957177579403,0.3115343004465103
2020-2021,Nathan Aké,Manchester City,D,Defender,10,802,1,0,3,1,4,0,0.5053185075521469,0.0172292999923229,0.5053185075521469
2020-2021,Jordan Henderson,Liverpool,D,Defender,21,1710,1,1,14,14,0,0,1.1357970889657736,1.4837088845670223,1.1357970889657736
2020-2021,Kyle Walker,Manchester City,D,Defender,24,1944,1,1,10,8,1,0,0.2044048951938748,0.4997862037271261,0.2044048951938748
2020-2021,Toby Alderweireld,Tottenham,D,Defender,25,2243,1,0,10,8,2,0,0.613818702287972,0.9680299838073552,0.613818702287972
2020-2021,Erik Lamela,Tottenham,F,Forward,23,683,1,0,21,8,4,1,1.2894132062792778,0.8058314230293036,1.2894132062792778
2020-2021,Jordan Ayew,Crystal Palace,F,Forward,33,2097,1,3,26,13,4,0,2.58198132365942,0.8223462076857686,2.58198132365942
2020-2021,César Azpilicueta,Chelsea,D,Defender,26,2189,1,2,11,27,5,1,0.5030054012313485,2.575493517331779,0.5030054012313485
2020-2021,Ruben Loftus-Cheek,"Chelsea,Fulham",F,Forward,31,1988,1,0,35,17,3,0,3.330010058358312,1.244578005746007,3.330010058358312
2020-2021,Gary Cahill,Crystal Palace,D,Defender,20,1800,1,1,11,8,3,0,0.7365135010331869,0.6217405945062637,0.7365135010331869
2020-2021,Willian,Arsenal,F,Forward,25,1413,1,5,20,32,0,0,1.834948411211372,3.591709390282631,1.834948411211372
2020-2021,Dwight Gayle,Newcastle,F,Forward,18,483,1,1,16,6,0,0,2.929792396724224,0.2755555026233196,2.929792396724224
2020-2021,Marc Albrighton,Leicester,D,Defender,31,1731,1,5,21,38,2,0,1.246731299906969,4.036377124488354,1.246731299906969
2020-2021,Daniel Amartey,Leicester,D,Defender,12,714,1,0,3,0,2,0,0.5421725064516068,0.0,0.5421725064516068
2020-2021,Jonjo Shelvey,Newcastle,M,Midfielder,30,2617,1,3,42,37,7,0,2.452838074415922,2.625524072907865,2.452838074415922
2020-2021,Andros Townsend,Crystal Palace,F,Forward,34,2255,1,5,36,40,0,0,2.471999518573284,4.1464946530759335,2.471999518573284
2020-2021,Robbie Brady,Burnley,M,Midfielder,19,1061,1,1,16,7,3,0,0.7830978035926819,0.9085825961083174,0.7830978035926819
2020-2021,Virgil van Dijk,Liverpool,D,Defender,5,370,1,0,4,0,1,0,0.5533829927444458,0.0,0.5533829927444458
2020-2021,Oriol Romeu,Southampton,M,Midfielder,21,1777,1,1,14,14,6,0,0.4458273034542799,1.53680650703609,0.4458273034542799
2020-2021,Jay Rodriguez,Burnley,F,Forward,31,1237,1,2,31,6,3,0,2.977034335024655,1.210919912904501,2.977034335024655
2020-2021,Paul Dummett,Newcastle,D,Defender,15,1254,1,0,3,4,2,0,0.4440922141075134,0.2291447035968303,0.4440922141075134
2020-2021,Ciaran Clark,Newcastle,D,Defender,22,1895,1,0,8,2,3,0,0.6622019987553358,0.1443893983960151,0.6622019987553358
2020-2021,Alex Oxlade-Chamberlain,Liverpool,F,Forward,13,238,1,1,8,2,0,0,0.3006508983671665,0.3017777930945158,0.3006508983671665
2020-2021,Mason Holgate,Everton,D,Defender,28,2298,1,0,5,8,9,0,1.2981894947588444,0.5711942873895168,1.2981894947588444
2020-2021,Luke Shaw,Manchester United,D,Defender,32,2659,1,5,11,72,8,0,0.6931249871850014,6.471947828307748,0.6931249871850014
2020-2021,Tyler Roberts,Leeds,F,Forward,27,1334,1,2,26,15,3,0,1.8854893743991847,2.5291487146168947,1.8854893743991847
2020-2021,Keinan Davis,Aston Villa,F,Forward,15,240,1,1,9,6,0,0,1.268774088472128,0.6846188846975565,1.268774088472128
2020-2021,Dennis Praet,Leicester,M,Midfielder,15,730,1,1,8,7,0,0,0.4389685988426208,1.2158559188246727,0.4389685988426208
2020-2021,Alisson,Liverpool,GK,Goalkeeper,33,2970,1,0,1,0,1,0,0.1076819971203804,0.0,0.1076819971203804
2020-2021,Mario Lemina,Fulham,D,Defender,28,1706,1,0,19,12,5,0,1.2436586385592818,1.1261271238327026,1.2436586385592818
2020-2021,Emil Krafth,Newcastle,D,Defender,16,1297,1,0,7,6,4,0,0.1509123798459768,0.4345155991613865,0.1509123798459768
2020-2021,Matthew Lowton,Burnley,D,Defender,34,3060,1,1,21,26,5,0,0.7594853155314922,2.7722550611943007,0.7594853155314922
2020-2021,James Tarkowski,Burnley,D,Defender,36,3240,1,0,23,12,6,0,3.0608745152130723,0.9441512934863568,3.0608745152130723
2020-2021,David Luiz,Arsenal,D,Defender,20,1410,1,0,15,2,1,1,0.6695672031491995,0.5240253880620003,0.6695672031491995
2020-2021,Andrew Robertson,Liverpool,D,Defender,38,3391,1,7,19,65,2,0,1.437933977693319,7.220490546897054,1.437933977693319
2020-2021,Oliver McBurnie,Sheffield United,F,Forward,23,1306,1,0,30,15,2,0,3.552994309924543,1.0542656984180212,3.552994309924543
2020-2021,Antonio Rüdiger,Chelsea,D,Defender,19,1710,1,0,14,4,0,0,1.139935880899429,0.3058072980493307,1.139935880899429
2020-2021,Diego Llorente,Leeds,D,Defender,15,1208,1,0,8,4,1,0,0.9071680884808302,0.461230605840683,0.9071680884808302
2020-2021,Willian José,Wolverhampton,F,Forward,17,1123,1,0,19,12,0,0,1.4292719885706902,1.2711049672216177,1.4292719885706902
2020-2021,Martin Odegaard,Arsenal,M,Midfielder,14,865,1,2,15,19,0,0,0.618740500882268,1.955885477364064,0.618740500882268
2020-2021,João Moutinho,Wolverhampton,M,Midfielder,33,2546,1,1,14,46,3,1,0.5027753990143538,1.6768403090536594,0.5027753990143538
2020-2021,Said Benrahma,West Ham,M,Midfielder,30,1381,1,6,35,27,0,0,2.455936680547893,5.114552590996027,2.455936680547893
2020-2021,Darnell Furlong,West Brom,D,Defender,35,2926,1,3,26,17,5,0,1.9333325140178204,2.46300520375371,1.9333325140178204
2020-2021,Oliver Burke,Sheffield United,F,Forward,25,1272,1,1,25,15,2,0,2.6037588827312,2.620451921597123,2.6037588827312
2020-2021,Caglar Söyüncü,Leicester,D,Defender,23,1802,1,0,10,7,2,0,0.5392078021541238,0.3269755970686674,0.5392078021541238
2020-2021,Wilfred Ndidi,Leicester,D,Defender,26,2181,1,4,16,16,6,0,0.5960322907194495,1.3334988076239824,0.5960322907194495
2020-2021,Luka Milivojevic,Crystal Palace,M,Midfielder,31,2374,1,1,19,21,8,1,2.213461126666516,1.7734648771584034,0.6911234292201698
2020-2021,Yves Bissouma,Brighton,M,Midfielder,36,3121,1,0,42,16,8,1,1.0768232634291053,1.081232002004981,1.0768232634291053
2020-2021,Giovani Lo Celso,Tottenham,M,Midfielder,18,955,1,1,15,15,5,0,1.5252610966563225,1.1966528072953224,1.5252610966563225
2020-2021,Jean-Philippe Mateta,Crystal Palace,F,Forward,7,213,1,0,4,1,0,0,0.325430404394865,0.016295300796628,0.325430404394865
2020-2021,Jan Bednarek,Southampton,D,Defender,36,3111,1,1,10,5,5,1,0.4683927055448293,1.159947693347931,0.4683927055448293
2020-2021,Victor Lindelöf,Manchester United,D,Defender,29,2587,1,1,4,6,0,0,0.7988889738917351,0.4023783020675182,0.7988889738917351
2020-2021,Nélson Semedo,Wolverhampton,D,Defender,34,2994,1,1,23,20,5,0,1.3097365982830524,0.9027981068938972,1.3097365982830524
2020-2021,Joachim Andersen,Fulham,D,Defender,31,2732,1,1,13,8,7,1,1.3567860033363104,0.4516796832904219,1.3567860033363104
2020-2021,Ben Johnson,West Ham,D,Defender,14,506,1,0,3,4,1,0,0.4844093881547451,0.3858656100928783,0.4844093881547451
2020-2021,Grady Diangana,West Brom,F,Forward,20,1249,1,0,14,5,0,0,1.0978216975927353,0.1620487999171018,1.0978216975927353
2020-2021,Curtis Jones,Liverpool,M,Midfielder,24,1174,1,2,19,12,2,0,1.7588918451219795,1.5211436888203025,1.7588918451219795
2020-2021,Rayan Ait Nouri,Wolverhampton,D,Defender,21,1414,1,1,16,14,1,0,0.5121663315221667,0.7904388774186373,0.5121663315221667
2020-2021,Fred,Manchester United,M,Midfielder,30,2404,1,0,25,24,5,0,1.7331655826419592,2.23257121257484,1.7331655826419592
2020-2021,Joe Bryan,Fulham,D,Defender,16,658,1,0,8,5,2,0,0.5813569035381079,0.2726942971348762,0.5813569035381079
2020-2021,Tom Cairney,Fulham,M,Midfielder,10,762,1,1,12,17,2,0,0.5839640917256474,0.9888519793748856,0.5839640917256474
2020-2021,Willy Boly,Wolverhampton,D,Defender,21,1880,1,1,15,3,2,0,1.1301859011873605,0.5512952953577042,1.1301859011873605
2020-2021,Conor Coady,Wolverhampton,D,Defender,37,3305,1,0,7,3,5,0,1.4450342124328015,0.1962377950549125,1.4450342124328015
2020-2021,Morgan Gibbs-White,Wolverhampton,F,Forward,11,395,1,0,10,8,1,0,0.8142993114888668,0.4069434069097042,0.8142993114888668
2020-2021,Kortney Hause,Aston Villa,D,Defender,7,630,1,0,5,0,2,0,1.3037526831030846,0.0,1.3037526831030846
2020-2021,Ryan Fredericks,West Ham,D,Defender,14,563,1,1,4,12,2,0,0.2143374048173427,1.298734413459897,0.2143374048173427
2020-2021,Fabián Balbuena,West Ham,D,Defender,14,1197,1,0,8,0,1,1,1.0978235751390455,0.0,1.0978235751390455
2020-2021,Bernard,Everton,F,Forward,12,438,1,0,6,10,2,0,0.1936357039958238,0.5254478920251131,0.1936357039958238
2020-2021,Leander Dendoncker,Wolverhampton,D,Defender,33,2500,1,0,31,17,4,0,3.381597928702832,0.5813325960189104,3.381597928702832
2020-2021,Dan Burn,Brighton,D,Defender,27,2059,1,0,17,10,5,0,1.0781692042946815,0.977860301733017,1.0781692042946815
2020-2021,Karlan Grant,West Brom,F,Forward,21,1140,1,0,16,2,1,0,1.6942400857806206,0.1491860933601856,1.6942400857806206
2020-2021,Carlos Vinicius,Tottenham,F,Forward,9,300,1,0,7,2,2,0,1.2549914866685867,0.1027939021587371,1.2549914866685867
2020-2021,Adam Webster,Brighton,D,Defender,29,2596,1,0,25,5,4,0,1.2729560993611813,0.2532154992222786,1.2729560993611813
2020-2021,Moussa Djenepo,Southampton,M,Midfielder,27,1236,1,0,14,6,5,0,0.792782393284142,0.4018722958862781,0.792782393284142
2020-2021,Ben Osborn,Sheffield United,D,Defender,24,1607,1,0,10,17,1,0,1.090726202353835,2.5220146737992764,1.090726202353835
2020-2021,Conor Hourihane,Aston Villa,M,Midfielder,4,236,1,1,5,5,0,0,0.5679541006684303,0.919187881052494,0.5679541006684303
2020-2021,Steven Alzate,Brighton,D,Defender,15,905,1,0,7,11,2,0,0.8340353071689606,0.922801772132516,0.8340353071689606
2020-2021,Reece James,Chelsea,D,Defender,32,2355,1,2,35,42,3,0,1.534597285091877,3.64997741766274,1.534597285091877
2020-2021,Kieran Tierney,Arsenal,D,Defender,27,2305,1,3,15,31,4,0,0.3866765992715955,3.8238940481096506,0.3866765992715955
2020-2021,Tyrick Mitchell,Crystal Palace,D,Defender,19,1710,1,1,2,3,1,0,1.075538009405136,0.2308789938688278,1.075538009405136
2020-2021,Tariq Lamptey,Brighton,D,Defender,11,904,1,1,6,10,2,1,0.7030035890638828,0.8089802078902721,0.7030035890638828
2020-2021,Nathaniel Phillips,Liverpool,D,Defender,17,1451,1,1,15,7,2,0,1.0277080088853836,0.916556591168046,1.0277080088853836
2020-2021,Sander Berge,Sheffield United,M,Midfielder,15,1116,1,1,10,14,4,0,1.216417072340846,1.7773302253335714,0.4552479963749647
2020-2021,Steven Bergwijn,Tottenham,F,Forward,21,1218,1,3,15,13,3,0,2.093382678925991,0.8125872928649187,2.093382678925991
2020-2021,Alexis Mac Allister,Brighton,F,Forward,21,1110,1,1,24,15,1,0,1.3531396118924022,1.8708692993968723,1.3531396118924022
2020-2021,Nathan Tella,Southampton,F,Forward,18,734,1,1,17,6,2,0,1.9882364720106125,1.090901680290699,1.9882364720106125
2020-2021,Jimmy Dunne,Burnley,D,Defender,3,270,1,0,7,2,1,0,0.4191067963838577,0.1020002998411655,0.4191067963838577
2020-2021,Luke Thomas,Leicester,D,Defender,14,982,1,0,7,7,2,0,0.2702021040022373,0.947651319205761,0.2702021040022373
2020-2021,Pascal Struijk,Leeds,D,Defender,27,2073,1,0,13,4,3,0,2.0286722974851727,0.1080475812777876,2.0286722974851727
2020-2021,Kalvin Phillips,Leeds,M,Midfielder,29,2435,1,2,15,35,10,0,0.388622798025608,3.233059170655906,0.388622798025608
2020-2021,Joël Veltman,Brighton,D,Defender,28,2281,1,1,14,22,3,0,1.275618426501751,1.8462191317230463,1.275618426501751
2020-2021,Liam Cooper,Leeds,D,Defender,25,2189,1,0,15,0,4,1,2.0945085920393467,0.0,2.0945085920393467
2020-2021,Donny van de Beek,Manchester United,M,Midfielder,19,486,1,1,2,3,1,0,0.2947288025170564,1.0433878228068352,0.2947288025170564
2020-2021,Rúben Dias,Manchester City,D,Defender,32,2848,1,0,14,3,4,0,1.953021291643381,0.1055962033569812,1.953021291643381
2020-2021,Kean Bryan,Sheffield United,D,Defender,13,1012,1,0,3,4,1,0,0.5354915875941515,0.8194746151566505,0.5354915875941515
2020-2021,Fabio Carvalho,Fulham,F,Forward,4,255,1,0,9,2,0,0,0.9974309951066972,0.5002102106809616,0.9974309951066972
2020-2021,Daniel Jebbison,Sheffield United,F,Forward,4,286,1,0,4,1,0,0,1.4839950501918793,0.0235629994422197,1.4839950501918793
2020-2021,Anthony Elanga,Manchester United,F,Forward,2,157,1,0,2,1,0,0,0.5518710017204285,0.0207256004214286,0.5518710017204285
2020-2021,Bernd Leno,Arsenal,GK,Goalkeeper,35,3136,0,0,0,0,0,1,0.0,0.0,0.0
2020-2021,Andreas Christensen,Chelsea,D,Defender,17,1375,0,0,3,6,2,1,0.1294082999229431,0.2501046005636453,0.1294082999229431
2020-2021,Sead Kolasinac,Arsenal,D,Defender,1,90,0,0,0,0,0,0,0.0,0.0,0.0
2020-2021,Matt Ritchie,Newcastle,D,Defender,18,1360,0,2,11,24,2,0,0.3301006983965635,2.49234551936388,0.3301006983965635
2020-2021,Joshua King,Everton,S,Midfielder,11,119,0,0,3,0,0,0,0.7881255093961954,0.0,0.7881255093961954
2020-2021,Divock Origi,Liverpool,F,Forward,9,176,0,0,7,2,0,0,1.0811219811439514,0.1400353033095598,1.0811219811439514
2020-2021,Mamadou Sakho,Crystal Palace,D,Defender,4,274,0,0,1,0,0,0,0.01883490011096,0.0,0.01883490011096
2020-2021,James Milner,Liverpool,D,Defender,26,1037,0,1,12,13,3,0,0.3565737046301365,0.7905595079064369,0.3565737046301365
2020-2021,Calum Chambers,Arsenal,D,Defender,10,750,0,2,8,11,0,0,0.3639728929847479,1.0427637845277786,0.3639728929847479
2020-2021,Joel Ward,Crystal Palace,D,Defender,26,2252,0,1,2,7,5,0,0.0517113013193011,0.4730029888451099,0.0517113013193011
2020-2021,Martin Kelly,Crystal Palace,S,Midfielder,1,1,0,0,0,0,0,0,0.0,0.0,0.0
2020-2021,Adrián,Liverpool,GK,Goalkeeper,3,270,0,0,0,0,0,0,0.0,0.0,0.0
2020-2021,James Tomkins,Crystal Palace,D,Defender,8,553,0,0,2,1,1,0,0.1233697012066841,0.1104480028152465,0.1233697012066841
2020-2021,Mark Noble,West Ham,M,Midfielder,21,702,0,0,1,5,1,0,0.0526794008910656,0.1763314018025994,0.0526794008910656
2020-2021,Aaron Cresswell,West Ham,D,Defender,36,3176,0,8,19,58,3,0,0.8834640998393297,7.390939770266414,0.8834640998393297
2020-2021,Darren Randolph,West Ham,GK,Goalkeeper,3,270,0,0,0,0,0,0,0.0,0.0,0.0
2020-2021,Kieran Gibbs,West Brom,D,Defender,10,808,0,0,1,4,0,1,0.0619418993592262,0.4062060043215751,0.0619418993592262
2020-2021,David de Gea,Manchester United,GK,Goalkeeper,26,2298,0,0,0,0,0,0,0.0,0.0,0.0
2020-2021,Timothy Fosu-Mensah,Manchester United,D,Defender,1,85,0,0,1,2,1,0,0.0154493004083633,0.3051519989967346,0.0154493004083633
2020-2021,Odion Ighalo,Manchester United,S,Midfielder,1,5,0,0,0,0,0,0,0.0,0.0,0.0
2020-2021,Seamus Coleman,Everton,D,Defender,25,1612,0,3,12,19,0,0,0.8948423862457275,1.5076254913583398,0.8948423862457275
2020-2021,Phil Jagielka,Sheffield United,D,Defender,10,526,0,0,0,0,1,1,0.0,0.0,0.0
2020-2021,James McCarthy,Crystal Palace,M,Midfielder,16,834,0,0,1,5,1,0,0.0122777000069618,0.2898285947740078,0.0122777000069618
2020-2021,Nathaniel Clyne,Crystal Palace,D,Defender,13,1151,0,1,4,4,2,0,0.1229338999837637,0.2224844992160797,0.1229338999837637
2020-2021,Fernandinho,Manchester City,M,Midfielder,21,1170,0,2,14,14,6,0,0.8150820014998317,1.5401166006922722,0.8150820014998317
2020-2021,Willy Caballero,Chelsea,GK,Goalkeeper,1,90,0,0,0,0,0,0,0.0,0.0,0.0
2020-2021,James McArthur,Crystal Palace,M,Midfielder,18,1482,0,2,6,15,3,0,0.2822540951892733,1.5203706570900977,0.2822540951892733
2020-2021,Alex McCarthy,Southampton,GK,Goalkeeper,30,2700,0,0,0,0,2,0,0.0,0.0,0.0
2020-2021,Hugo Lloris,Tottenham,GK,Goalkeeper,38,3420,0,0,0,0,0,0,0.0,0.0,0.0
2020-2021,Eric Dier,Tottenham,D,Defender,28,2520,0,0,14,6,3,0,1.2531601041555405,0.2254232401028275,1.2531601041555405
2020-2021,Dele Alli,Tottenham,M,Midfielder,15,615,0,1,12,9,0,0,1.6745915822684765,1.3262456189841032,1.6745915822684765
2020-2021,Ben Davies,Tottenham,D,Defender,20,1330,0,1,3,8,1,0,0.1976930983364582,0.4373758044093847,0.1976930983364582
2020-2021,Josh Onomah,Fulham,M,Midfielder,11,368,0,0,6,1,1,0,0.5561954909935594,0.0329759009182453,0.5561954909935594
2020-2021,Branislav Ivanovic,West Brom,D,Defender,13,761,0,0,4,1,2,0,0.4594705104827881,0.048929501324892,0.4594705104827881
2020-2021,Nemanja Matic,Manchester United,M,Midfielder,20,1099,0,0,6,8,2,0,0.1647856961935758,0.8938351850956678,0.1647856961935758
2020-2021,Fikayo Tomori,Chelsea,S,Midfielder,1,43,0,0,0,0,0,0,0.0,0.0,0.0
2020-2021,Lukasz Fabianski,West Ham,GK,Goalkeeper,35,3150,0,0,0,0,2,0,0.0,0.0,0.0
2020-2021,Federico Fernández,Newcastle,D,Defender,24,2090,0,0,4,7,4,0,0.1938432017341256,0.5685489978641272,0.1938432017341256
2020-2021,Neil Taylor,Aston Villa,S,Midfielder,1,13,0,0,0,0,1,0,0.0,0.0,0.0
2020-2021,Jack Cork,Burnley,M,Midfielder,16,1355,0,0,5,8,2,0,0.1973267020657658,0.3305272376164794,0.1973267020657658
2020-2021,DeAndre Yedlin,Newcastle,D,Defender,6,442,0,0,2,3,0,0,0.0998491961508989,0.0844328999519348,0.0998491961508989
2020-2021,Patrick van Aanholt,Crystal Palace,D,Defender,22,1775,0,1,18,12,2,0,1.39833889529109,0.6495725978165865,1.39833889529109
2020-2021,Jordan Pickford,Everton,GK,Goalkeeper,31,2742,0,0,0,1,1,0,0.0,0.0217735990881919,0.0
2020-2021,Kasper Schmeichel,Leicester,GK,Goalkeeper,38,3420,0,0,0,0,0,0,0.0,0.0,0.0
2020-2021,Wes Morgan,Leicester,S,Midfielder,3,13,0,0,0,0,0,0,0.0,0.0,0.0
2020-2021,Christian Fuchs,Leicester,D,Defender,9,703,0,0,4,1,4,0,0.0737314987927675,0.0130155999213457,0.0737314987927675
2020-2021,N&#039;Golo Kanté,Chelsea,M,Midfielder,30,2142,0,2,10,22,7,0,0.7004625108093023,1.2067134976387024,0.7004625108093023
2020-2021,Demarai Gray,Leicester,S,Midfielder,1,17,0,0,1,0,0,0,0.0579720996320247,0.0,0.0579720996320247
2020-2021,Moussa Sissoko,Tottenham,D,Defender,25,1563,0,0,3,4,3,0,0.2480729036033153,0.1844095010310411,0.2480729036033153
2020-2021,Karl Darlow,Newcastle,GK,Goalkeeper,25,2250,0,0,0,0,2,0,0.0,0.0,0.0
2020-2021,John Ruddy,Wolverhampton,GK,Goalkeeper,2,91,0,0,0,0,0,0,0.0,0.0,0.0
2020-2021,Fraser Forster,Southampton,GK,Goalkeeper,8,720,0,0,0,0,0,0,0.0,0.0,0.0
2020-2021,Ryan Bertrand,Southampton,D,Defender,29,2600,0,1,8,13,5,0,0.3749201018363237,1.3952976930886507,0.3749201018363237
2020-2021,Shane Long,Southampton,F,Forward,11,184,0,0,2,0,0,0,0.0642248019576072,0.0,0.0642248019576072
2020-2021,Cédric Soares,Arsenal,D,Defender,10,746,0,1,7,6,1,0,0.2035426953807473,0.8928053807467222,0.2035426953807473
2020-2021,Charlie Austin,West Brom,S,Midfielder,5,126,0,0,3,0,0,0,0.4129629954695701,0.0,0.4129629954695701
2020-2021,Jack Butland,Crystal Palace,GK,Goalkeeper,1,90,0,0,0,0,0,0,0.0,0.0,0.0
2020-2021,Phil Bardsley,Burnley,D,Defender,4,272,0,0,3,0,2,0,0.0634144991636276,0.0,0.0634144991636276
2020-2021,Fabian Delph,Everton,D,Defender,8,249,0,0,1,2,1,0,0.0149579998105764,0.0544491000473499,0.0149579998105764
2020-2021,Matt Targett,Aston Villa,D,Defender,38,3407,0,2,6,39,7,0,0.2803047075867653,2.7996690925210714,0.2803047075867653
2020-2021,Kyle Walker-Peters,Southampton,D,Defender,30,2655,0,2,18,16,4,0,1.1350792245939374,1.2537505887448788,1.1350792245939374
2020-2021,Erik Pieters,Burnley,D,Defender,20,1259,0,1,4,5,1,0,0.1511678704991936,0.3636153936386108,0.1511678704991936
2020-2021,Xherdan Shaqiri,Liverpool,F,Forward,14,534,0,2,11,19,2,0,0.4247209951281547,2.5104198902845383,0.4247209951281547
2020-2021,Harrison Reed,Fulham,M,Midfielder,31,2254,0,2,13,21,5,0,0.2909777984023094,1.6945229470729828,0.2909777984023094
2020-2021,Axel Tuanzebe,Manchester United,D,Defender,9,401,0,0,0,0,2,0,0.0,0.0,0.0
2020-2021,Harry Winks,Tottenham,M,Midfielder,15,854,0,0,4,4,5,0,0.0614713001996278,0.1899811010807752,0.0614713001996278
2020-2021,Sam Johnstone,West Brom,GK,Goalkeeper,37,3330,0,1,0,1,1,0,0.0,0.1101170033216476,0.0
2020-2021,Joseph Gomez,Liverpool,D,Defender,7,594,0,0,0,1,0,0,0.0,0.0654293000698089,0.0
2020-2021,Sam Field,West Brom,S,Midfielder,3,56,0,0,0,0,0,0,0.0,0.0,0.0
2020-2021,Tom Davies,Everton,D,Defender,25,1433,0,1,7,6,3,0,0.1774021964520216,0.9561847178265452,0.1774021964520216
2020-2021,Jonjoe Kenny,Everton,D,Defender,4,81,0,0,0,0,0,0,0.0,0.0,0.0
2020-2021,Felipe Anderson,West Ham,S,Midfielder,2,2,0,0,0,0,0,0,0.0,0.0,0.0
2020-2021,Emerson,Chelsea,S,Midfielder,2,88,0,0,0,0,0,0,0.0,0.0,0.0
2020-2021,Moise Kean,Everton,S,Midfielder,2,10,0,0,1,0,0,0,0.0223456993699073,0.0,0.0223456993699073
2020-2021,Allan,Everton,M,Midfielder,24,2051,0,0,7,16,6,0,0.2417212026193738,0.7722849044948816,0.2417212026193738
2020-2021,Islam Slimani,Leicester,S,Midfielder,1,17,0,0,1,1,0,0,0.1003689989447593,0.076834499835968,0.1003689989447593
2020-2021,Ryan Fraser,Newcastle,F,Forward,18,920,0,2,13,25,0,1,0.9030801933258772,2.1685299314558506,0.9030801933258772
2020-2021,Ahmed Elmohamady,Aston Villa,D,Defender,14,823,0,0,9,13,2,0,0.3412727992981672,0.9894655756652356,0.3412727992981672
2020-2021,Jake Livermore,West Brom,M,Midfielder,18,1247,0,0,5,5,2,1,0.2815368995070457,0.1757233999669551,0.2815368995070457
2020-2021,Robert Snodgrass,"West Bromwich Albion,West Ham",M,Midfielder,11,533,0,0,4,3,2,0,0.2063672952353954,0.540032409131527,0.2063672952353954
2020-2021,Shkodran Mustafi,Arsenal,S,Midfielder,3,43,0,0,0,0,0,0,0.0,0.0,0.0
2020-2021,Javier Manquillo,Newcastle,D,Defender,13,823,0,0,1,5,1,0,0.0231618992984294,0.2976970076560974,0.0231618992984294
2020-2021,Jack Stephens,Southampton,D,Defender,18,1544,0,0,6,6,2,0,0.8943026959896088,0.4556563999503851,0.8943026959896088
2020-2021,Eric Bailly,Manchester United,D,Defender,12,916,0,0,2,0,3,0,0.0808225981891155,0.0,0.0808225981891155
2020-2021,Kevin Long,Burnley,D,Defender,8,635,0,0,2,1,2,0,0.6100035086274147,0.0173680000007152,0.6100035086274147
2020-2021,Lys Mousset,Sheffield United,F,Forward,11,284,0,0,4,3,0,0,0.8426321223378181,0.4371889010071754,0.8426321223378181
2020-2021,Rob Holding,Arsenal,D,Defender,30,2548,0,1,14,4,2,0,0.7339214868843555,0.2006828002631664,0.7339214868843555
2020-2021,Ainsley Maitland-Niles,"Arsenal,West Bromwich Albion",D,Defender,26,1719,0,0,12,6,2,0,0.7961909975856543,0.8219910915941,0.7961909975856543
2020-2021,Arthur Masuaku,West Ham,D,Defender,12,1017,0,2,6,11,2,0,0.4290253957733512,2.59588946774602,0.4290253957733512
2020-2021,Nampalys Mendy,Leicester,M,Midfielder,23,1463,0,1,4,5,5,0,0.0776136005297303,0.1831548027694225,0.0776136005297303
2020-2021,Lucas Digne,Everton,D,Defender,30,2683,0,7,13,45,2,1,0.46404345985502,5.960711717605591,0.46404345985502
2020-2021,Alex Telles,Manchester United,D,Defender,9,696,0,2,5,12,0,0,0.1452345959842205,0.7849516943097115,0.1452345959842205
2020-2021,Pablo Hernández,Leeds,M,Midfielder,16,403,0,2,15,6,1,0,1.4201891627162695,0.860271792858839,1.4201891627162695
2020-2021,Vicente Guaita,Crystal Palace,GK,Goalkeeper,37,3330,0,0,0,0,2,0,0.0,0.0,0.0
2020-2021,Mateo Kovacic,Chelsea,M,Midfielder,27,1833,0,1,23,21,4,0,0.9314175006002188,1.915258969180286,0.9314175006002188
2020-2021,Kiko Casilla,Leeds,GK,Goalkeeper,3,270,0,0,0,0,0,0,0.0,0.0,0.0
2020-2021,Jonny,Wolverhampton,D,Defender,7,505,0,0,1,2,0,0,0.0517047010362148,0.050900800153613,0.0517047010362148
2020-2021,Alphonse Areola,Fulham,GK,Goalkeeper,36,3240,0,0,0,0,2,0,0.0,0.0,0.0
2020-2021,Thomas Partey,Arsenal,M,Midfielder,24,1543,0,2,26,12,5,0,1.157276201993227,1.1210453063249588,1.157276201993227
2020-2021,André Gomes,Everton,M,Midfielder,28,1574,0,1,14,15,3,0,0.4271283652633428,1.0544498888775706,0.4271283652633428
2020-2021,Mat Ryan,"Arsenal,Brighton",GK,Goalkeeper,14,1260,0,0,0,1,1,0,0.0,0.060327298939228,0.0
2020-2021,Dani Ceballos,Arsenal,M,Midfielder,25,1613,0,3,13,27,4,0,0.6592578887939453,2.578972002491355,0.6592578887939453
2020-2021,Aymeric Laporte,Manchester City,D,Defender,16,1335,0,0,6,5,1,0,0.8423398248851299,0.5778952986001968,0.8423398248851299
2020-2021,Oleksandr Zinchenko,Manchester City,D,Defender,20,1473,0,0,16,15,0,0,0.6606589006260037,1.0854992978274822,0.6606589006260037
2020-2021,Kamil Grosicki,West Brom,M,Midfielder,3,151,0,1,3,3,0,0,0.1092490032315254,0.5663559958338737,0.1092490032315254
2020-2021,Ricardo Pereira,Leicester,D,Defender,15,954,0,1,7,10,3,0,0.3633932918310165,0.7606751918792725,0.3633932918310165
2020-2021,Maxime Le Marchand,Fulham,D,Defender,2,118,0,0,1,0,2,0,0.0095063298940658,0.0,0.0095063298940658
2020-2021,Fabinho,Liverpool,D,Defender,30,2563,0,0,10,4,6,0,0.3624892998486757,0.2980616018176079,0.3624892998486757
2020-2021,Morgan Sanson,Aston Villa,M,Midfielder,9,291,0,0,2,1,3,0,0.0263571999967098,0.1084519997239112,0.0263571999967098
2020-2021,Ahmed Hegazy,West Brom,D,Defender,1,90,0,0,0,0,0,0,0.0,0.0,0.0
2020-2021,Emiliano Martinez,Aston Villa,GK,Goalkeeper,38,3420,0,0,0,2,1,0,0.0,0.1229234039783477,0.0
2020-2021,Jean-Philippe Gbamin,Everton,S,Midfielder,1,9,0,0,0,0,0,0,0.0,0.0,0.0
2020-2021,Aboubakar Kamara,Fulham,F,Forward,11,303,0,0,4,6,1,1,0.6549197994172573,0.3289684951305389,0.6549197994172573
2020-2021,Patrick Cutrone,Wolverhampton,S,Midfielder,2,21,0,0,1,0,0,0,0.0714574977755546,0.0,0.0714574977755546
2020-2021,Kepa,Chelsea,GK,Goalkeeper,7,582,0,0,0,0,1,0,0.0,0.0,0.0
2020-2021,Bernardo,Brighton,D,Defender,3,201,0,0,4,2,0,0,0.3176679909229278,0.1736509948968887,0.3176679909229278
2020-2021,Naby Keita,Liverpool,M,Midfielder,10,525,0,0,9,6,1,0,0.3932590968906879,0.9129509832710028,0.3932590968906879
2020-2021,Michael Hector,Fulham,D,Defender,4,266,0,0,1,1,2,0,0.0863972976803779,0.019498199224472,0.0863972976803779
2020-2021,Nick Pope,Burnley,GK,Goalkeeper,32,2880,0,0,0,2,1,0,0.0,0.0860504992306232,0.0
2020-2021,Rekeem Harper,West Brom,S,Midfielder,2,27,0,0,1,0,0,0,0.029595399275422,0.0,0.029595399275422
2020-2021,Rhian Brewster,Sheffield United,F,Forward,27,1102,0,0,25,11,1,0,1.932618794962764,1.76662964746356,1.932618794962764
2020-2021,Tosin Adarabioyo,Fulham,D,Defender,33,2955,0,0,18,5,1,0,1.560731110163033,0.3087306385859847,1.560731110163033
2020-2021,Aaron Ramsdale,Sheffield United,GK,Goalkeeper,38,3420,0,0,0,2,1,0,0.0,0.0776716992259025,0.0
2020-2021,Fernando Marçal,Wolverhampton,D,Defender,13,611,0,0,2,4,2,0,0.0745545979589223,0.1398072009906172,0.0745545979589223
2020-2021,Kenny Tete,Fulham,D,Defender,22,1483,0,1,7,19,3,0,0.2111262995749712,0.9065475072711706,0.2111262995749712
2020-2021,Charlie Taylor,Burnley,D,Defender,29,2430,0,1,3,12,1,0,0.1145160952582955,1.5903598181903362,0.1145160952582955
2020-2021,Davy Pröpper,Brighton,M,Midfielder,7,201,0,0,4,0,0,0,0.1385625973343849,0.0,0.1385625973343849
2020-2021,Dale Stephens,Burnley,M,Midfielder,7,258,0,0,3,0,1,0,0.0822691973298788,0.0,0.0822691973298788
2020-2021,Ederson,Manchester City,GK,Goalkeeper,36,3240,0,1,0,1,3,0,0.0,0.3033579885959625,0.0
2020-2021,Isaac Hayden,Newcastle,D,Defender,24,1946,0,0,16,7,8,0,0.6148465005680919,0.2424963982775807,0.6148465005680919
2020-2021,Terence Kongolo,Fulham,D,Defender,1,90,0,0,0,0,0,0,0.0,0.0,0.0
2020-2021,Douglas Luiz,Aston Villa,M,Midfielder,33,2807,0,2,26,19,8,1,1.3188335429877045,2.41814873740077,1.3188335429877045
2020-2021,Cengiz Ünder,Leicester,M,Midfielder,9,259,0,2,9,6,0,0,0.2526032011955976,1.6640292070806026,0.2526032011955976
2020-2021,José Izquierdo,Brighton,S,Midfielder,1,7,0,0,1,0,0,0,0.0168067999184131,0.0,0.0168067999184131
2020-2021,Davinson Sánchez,Tottenham,D,Defender,18,1488,0,0,5,1,1,0,0.8006934821605682,0.0205301996320486,0.8006934821605682
2020-2021,Robin Koch,Leeds,D,Defender,17,1124,0,0,9,4,1,0,0.5145202986896038,0.1258082622662186,0.5145202986896038
2020-2021,Andriy Yarmolenko,West Ham,M,Midfielder,15,343,0,1,7,5,3,0,0.3100073020905256,0.7814440317451954,0.3100073020905256
2020-2021,Jayson Molumby,Brighton,S,Midfielder,1,1,0,0,0,0,0,0,0.0,0.0,0.0
2020-2021,Ethan Ampadu,Sheffield United,D,Defender,25,2095,0,0,7,11,3,0,0.1944530000910163,0.9830157030373812,0.1944530000910163
2020-2021,Joe Rodon,Tottenham,D,Defender,12,730,0,0,1,0,0,0,0.0183294005692005,0.0,0.0183294005692005
2020-2021,Hamza Choudhury,Leicester,M,Midfielder,10,312,0,0,4,0,1,0,0.447797492146492,0.0,0.447797492146492
2020-2021,Franck Zambo,Fulham,M,Midfielder,36,2582,0,3,34,28,6,0,1.438547333702445,2.301115181297064,1.438547333702445
2020-2021,Cenk Tosun,Everton,S,Midfielder,5,37,0,0,0,1,2,0,0.0,0.0740792974829673,0.0
2020-2021,Reiss Nelson,Arsenal,S,Midfielder,2,59,0,0,1,0,0,0,0.0569171011447906,0.0,0.0569171011447906
2020-2021,Michael Obafemi,Southampton,S,Midfielder,4,52,0,0,0,1,0,0,0.0,0.054918598383665,0.0
2020-2021,Martin Dubravka,Newcastle,GK,Goalkeeper,13,1170,0,0,0,0,0,0,0.0,0.0,0.0
2020-2021,Ibrahima Diallo,Southampton,M,Midfielder,22,999,0,0,7,9,3,0,0.608452707529068,0.6375490110367537,0.608452707529068
2020-2021,Lee Peltier,West Brom,D,Defender,4,230,0,0,0,1,1,0,0.0,0.0223216991871595,0.0
2020-2021,Neeskens Kebano,Fulham,M,Midfielder,5,112,0,0,6,0,0,0,0.2724295035004616,0.0,0.2724295035004616
2020-2021,Alireza Jahanbakhsh,Brighton,D,Defender,21,512,0,1,18,10,3,0,1.8732202108949425,3.2342997156083584,1.8732202108949425
2020-2021,David Button,West Brom,GK,Goalkeeper,1,90,0,0,0,0,0,0,0.0,0.0,0.0
2020-2021,Rui Patrício,Wolverhampton,GK,Goalkeeper,37,3330,0,0,0,0,1,0,0.0,0.0,0.0
2020-2021,Matt Doherty,Tottenham,D,Defender,17,1228,0,2,3,11,2,1,0.3638820126652717,0.7646760959178209,0.3638820126652717
2020-2021,Rúben Vinagre,Wolverhampton,D,Defender,2,173,0,0,0,0,0,0,0.0,0.0,0.0
2020-2021,Rúnar Alex Rúnarsson,Arsenal,S,Midfielder,1,11,0,0,0,0,0,0,0.0,0.0,0.0
2020-2021,Edouard Mendy,Chelsea,GK,Goalkeeper,31,2748,0,0,0,0,2,0,0.0,0.0,0.0
2020-2021,Mohammed Salisu,Southampton,D,Defender,12,836,0,0,4,2,1,0,0.4784318944439292,0.172157097607851,0.4784318944439292
2020-2021,Okay Yokuslu,West Brom,M,Midfielder,16,1328,0,1,12,6,4,0,0.7194964047521353,0.4425208047032356,0.7194964047521353
2020-2021,Robin Olsen,Everton,GK,Goalkeeper,7,630,0,0,0,0,1,0,0.0,0.0,0.0
2020-2021,Denis Odoi,Fulham,D,Defender,3,270,0,0,2,1,1,0,0.0400256998836994,0.0501924008131027,0.0400256998836994
2020-2021,Sean Longstaff,Newcastle,M,Midfielder,22,1391,0,1,15,13,2,0,0.8264291062951088,0.9400976179167628,0.8264291062951088
2020-2021,Tim Ream,Fulham,D,Defender,7,630,0,0,0,0,0,0,0.0,0.0,0.0
2020-2021,Sergio Reguilón,Tottenham,D,Defender,27,2258,0,3,20,17,5,0,1.1595534086227417,2.099100701510906,1.1595534086227417
2020-2021,Yan Valery,Southampton,D,Defender,3,95,0,0,2,1,0,0,0.2929132953286171,0.0916099995374679,0.2929132953286171
2020-2021,Ben White,Brighton,D,Defender,36,3208,0,0,10,8,3,1,0.4792186003178358,0.9432324860244988,0.4792186003178358
2020-2021,Kayne Ramsay,Southampton,D,Defender,1,90,0,0,0,0,1,0,0.0,0.0,0.0
2020-2021,Max Kilman,Wolverhampton,D,Defender,18,1291,0,1,6,5,4,0,0.3080162983387708,0.313057804480195,0.3080162983387708
2020-2021,Ozan Kabak,Liverpool,D,Defender,9,807,0,0,1,1,3,0,0.0860282033681869,0.0293869003653526,0.0860282033681869
2020-2021,Josh Benson,Burnley,M,Midfielder,6,257,0,0,2,0,0,0,0.2044139951467514,0.0,0.2044139951467514
2020-2021,Will Norris,Burnley,GK,Goalkeeper,2,180,0,0,0,1,0,0,0.0,0.0476219989359378,0.0
2020-2021,Wesley Fofana,Leicester,D,Defender,28,2274,0,0,11,6,7,0,1.376329679042101,0.2828556019812822,1.376329679042101
2020-2021,Ben Godfrey,Everton,D,Defender,31,2682,0,2,14,4,4,0,0.7931147944182158,0.9784833025187254,0.7931147944182158
2020-2021,Jamal Lewis,Newcastle,D,Defender,24,1824,0,1,3,14,4,0,0.1195767000317573,0.989783015102148,0.1195767000317573
2020-2021,Dean Henderson,Manchester United,GK,Goalkeeper,13,1122,0,0,0,0,3,0,0.0,0.0,0.0
2020-2021,John Egan,Sheffield United,D,Defender,31,2628,0,1,14,3,7,1,0.4912482975050807,0.6186051927506924,0.4912482975050807
2020-2021,Chris Basham,Sheffield United,D,Defender,31,2602,0,1,10,12,5,0,0.6195668987929821,1.0665377043187618,0.6195668987929821
2020-2021,Jack O&#039;Connell,Sheffield United,D,Defender,2,180,0,0,0,0,0,0,0.0,0.0,0.0
2020-2021,George Baldock,Sheffield United,D,Defender,32,2787,0,2,14,18,7,0,1.331411105580628,2.6325889602303505,1.331411105580628
2020-2021,Enda Stevens,Sheffield United,D,Defender,30,2700,0,1,16,17,6,0,1.447223442606628,1.609739189967513,1.447223442606628
2020-2021,John Lundstram,Sheffield United,M,Midfielder,28,2034,0,2,20,20,8,1,1.8757737139239907,1.4599017314612863,1.1146046975627542
2020-2021,John Fleck,Sheffield United,M,Midfielder,31,2576,0,2,17,33,4,0,0.5031575029715896,2.3917010659351945,0.5031575029715896
2020-2021,Oliver Norwood,Sheffield United,M,Midfielder,32,2239,0,0,11,32,6,0,0.430055795237422,1.2662918074056506,0.430055795237422
2020-2021,Wesley,Aston Villa,S,Midfielder,3,14,0,0,1,0,0,0,0.0328821986913681,0.0,0.0328821986913681
2020-2021,Zack Steffen,Manchester City,GK,Goalkeeper,1,90,0,0,0,0,0,0,0.0,0.0,0.0
2020-2021,Caoimhin Kelleher,Liverpool,GK,Goalkeeper,2,180,0,0,0,0,0,0,0.0,0.0,0.0
2020-2021,Daniel N&#039;Lundulu,Southampton,S,Midfielder,13,82,0,0,1,1,0,0,0.0264672990888357,0.0303087998181581,0.0264672990888357
2020-2021,Billy Gilmour,Chelsea,M,Midfielder,5,256,0,0,1,3,0,0,0.0511342994868755,0.1236583013087511,0.0511342994868755
2020-2021,Matthew Longstaff,Newcastle,M,Midfielder,5,376,0,0,0,2,0,0,0.0,0.3137080036103725,0.0
2020-2021,Marvelous Nakamba,Aston Villa,M,Midfielder,13,757,0,0,2,2,3,0,0.0330834994092583,0.0593339018523693,0.0330834994092583
2020-2021,Eric Garcia,Manchester City,D,Defender,6,378,0,0,2,1,0,0,0.0746367014944553,0.0083229895681142,0.0746367014944553
2020-2021,Brandon Williams,Manchester United,D,Defender,4,185,0,0,1,1,0,0,0.2694489955902099,0.0312060993164777,0.2694489955902099
2020-2021,Niels Nkounkou,Everton,D,Defender,2,80,0,0,1,0,1,0,0.0169597994536161,0.0,0.0169597994536161
2020-2021,Amad Diallo Traore,Manchester United,M,Midfielder,3,172,0,1,1,2,0,0,0.0358977988362312,0.423180591315031,0.0358977988362312
2020-2021,Anthony Gordon,Everton,M,Midfielder,3,87,0,0,0,1,0,0,0.0,0.0191399995237588,0.0
2020-2021,Scott Carson,Manchester City,GK,Goalkeeper,1,90,0,0,0,0,0,0,0.0,0.0,0.0
2020-2021,Owen Otasowie,Wolverhampton,M,Midfielder,6,186,0,1,4,2,1,0,0.7453418513759971,0.3887690007686615,0.7453418513759971
2020-2021,Neco Williams,Liverpool,D,Defender,6,252,0,0,2,3,1,0,0.0862252004444599,0.1933984011411667,0.0862252004444599
2020-2021,Japhet Tanganga,Tottenham,D,Defender,6,496,0,0,2,1,2,0,0.2007768005132675,0.5815759897232056,0.2007768005132675
2020-2021,William Smallbone,Southampton,M,Midfielder,3,174,0,0,1,0,0,0,0.0460923984646797,0.0,0.0460923984646797
2020-2021,Oskar Buur,Wolverhampton,S,Midfielder,1,20,0,0,0,0,0,0,0.0,0.0,0.0
2020-2021,Jack Robinson,Sheffield United,D,Defender,11,879,0,1,6,1,3,0,0.6963966861367226,0.6712549924850464,0.6963966861367226
2020-2021,Josh Brownhill,Burnley,M,Midfielder,33,2818,0,1,34,19,2,0,1.5182226011529565,0.8824938023462892,1.5182226011529565
2020-2021,Ki-Jana Hoever,Wolverhampton,D,Defender,12,568,0,0,1,3,1,0,0.0574560016393661,0.1842530034482479,0.0574560016393661
2020-2021,João Virgínia,Everton,S,Midfielder,1,48,0,0,0,0,0,0,0.0,0.0,0.0
2020-2021,Pablo Marí,Arsenal,D,Defender,10,900,0,0,2,1,2,0,0.0405226992443203,0.0542438998818397,0.0405226992443203
2020-2021,Bailey Peacock-Farrell,Burnley,GK,Goalkeeper,4,360,0,0,0,0,0,0,0.0,0.0,0.0
2020-2021,Jake Vokins,Southampton,D,Defender,1,69,0,0,0,1,0,0,0.0,0.037041001021862,0.0
2020-2021,Alexandre Jankewitz,Southampton,M,Midfielder,2,2,0,0,0,0,0,1,0.0,0.0,0.0
2020-2021,Joel Mumbongo,Burnley,S,Midfielder,4,33,0,0,0,0,1,0,0.0,0.0,0.0
2020-2021,Marek Rodák,Fulham,GK,Goalkeeper,2,180,0,0,0,0,0,0,0.0,0.0,0.0
2020-2021,Illan Meslier,Leeds,GK,Goalkeeper,35,3150,0,0,0,1,0,0,0.0,0.042197298258543,0.0
2020-2021,Luke Ayling,Leeds,D,Defender,38,3400,0,0,24,26,7,0,1.4397514276206491,2.9888545349240303,1.4397514276206491
2020-2021,Jamie Shackleton,Leeds,D,Defender,13,446,0,0,0,2,0,0,0.0,0.1208777017891407,0.0
2020-2021,Ian Poveda-Ocampo,Leeds,S,Midfielder,14,322,0,0,5,5,0,0,0.6604134887456894,1.2583118923939764,0.6604134887456894
2020-2021,Dara O&#039;Shea,West Brom,D,Defender,28,2098,0,0,3,5,3,0,0.0642527993768453,0.1192917004227638,0.0642527993768453
2020-2021,Romaine Sawyers,West Brom,M,Midfielder,19,1495,0,0,4,6,3,0,0.1499063037335872,0.6822901964187622,0.1499063037335872
2020-2021,Kyle Edwards,West Brom,M,Midfielder,5,110,0,0,2,1,0,0,0.1188158020377159,0.0213788002729415,0.1188158020377159
2020-2021,Vitinha,Wolverhampton,M,Midfielder,19,500,0,1,8,12,0,0,0.6649116026237607,0.7201342023909092,0.6649116026237607
2020-2021,Konstantinos Tsimikas,Liverpool,S,Midfielder,2,4,0,0,0,0,0,0,0.0,0.0,0.0
2020-2021,Matthew Cash,Aston Villa,D,Defender,28,2389,0,2,9,21,6,1,0.2478914987295866,1.9056626800447705,0.2478914987295866
2020-2021,Liam Delap,Manchester City,S,Midfielder,1,39,0,0,1,0,0,0,0.0640852004289627,0.0,0.0640852004289627
2020-2021,Conor Townsend,West Brom,D,Defender,25,2237,0,2,11,23,0,0,0.82282321061939,2.648506220430136,0.82282321061939
2020-2021,Max Lowe,Sheffield United,D,Defender,8,554,0,0,2,2,1,0,0.0867580976337194,0.1874980032444,0.0867580976337194
2020-2021,Leif Davis,Leeds,S,Midfielder,2,28,0,0,0,0,0,0,0.0,0.0,0.0
2020-2021,Antonee Robinson,Fulham,D,Defender,28,2158,0,0,10,29,4,1,0.4677492957562208,2.032745169475674,0.4677492957562208
2020-2021,Jacob Ramsey,Aston Villa,M,Midfielder,22,593,0,0,11,6,0,0,0.5745481103658676,0.2119081988930702,0.5745481103658676
2020-2021,Vladimir Coufal,West Ham,D,Defender,34,3056,0,7,15,45,3,0,1.3991486877202988,6.389940650202334,1.3991486877202988
2020-2021,Filip Krovinovic,West Brom,M,Midfielder,11,537,0,0,8,5,0,0,0.2156820213422179,0.1718748025596141,0.2156820213422179
2020-2021,Lewis Richardson,Burnley,S,Midfielder,2,2,0,0,0,0,0,0,0.0,0.0,0.0
2020-2021,Rhys Williams,Liverpool,D,Defender,9,661,0,0,7,2,0,0,0.5532402992248535,0.2222049981355667,0.5532402992248535
2020-2021,Robert Sánchez,Brighton,GK,Goalkeeper,27,2430,0,0,0,1,2,0,0.0,0.0256149005144834,0.0
2020-2021,Andi Zeqiri,Brighton,S,Midfielder,9,138,0,0,7,1,0,0,1.0259477235376837,0.1124930009245872,1.0259477235376837
2020-2021,Elliot Anderson,Newcastle,S,Midfielder,1,3,0,0,0,0,0,0,0.0,0.0,0.0
2020-2021,Theo Corbeanu,Wolverhampton,S,Midfielder,1,7,0,0,0,1,0,0,0.0,0.0234698001295328,0.0
2020-2021,Niall Huggins,Leeds,S,Midfielder,1,35,0,0,0,0,0,0,0.0,0.0,0.0
2020-2021,Antwoine Hackford,Sheffield United,S,Midfielder,1,4,0,0,1,0,0,0,0.1034450009465217,0.0,0.1034450009465217
2020-2021,Percy Tau,Brighton,M,Midfielder,3,100,0,1,0,3,0,0,0.0,0.3673652000725269,0.0
2020-2021,Reda Khadra,Brighton,S,Midfielder,1,3,0,0,0,0,0,0,0.0,0.0,0.0
2020-2021,Caleb Watts,Southampton,S,Midfielder,3,30,0,0,0,0,1,0,0.0,0.0,0.0
2020-2021,Allan Tchaptchet,Southampton,S,Midfielder,1,10,0,0,0,0,0,0,0.0,0.0,0.0
2020-2021,Jakub Moder,Brighton,D,Defender,12,643,0,0,13,3,0,0,0.9168103076517582,0.2051242031157016,0.9168103076517582
2020-2021,Iliman Ndiaye,Sheffield United,S,Midfielder,1,10,0,0,0,0,0,0,0.0,0.0,0.0
2020-2021,Thakgalo Leshabela,Leicester,S,Midfielder,1,8,0,0,0,0,0,0,0.0,0.0,0.0
2020-2021,Dane Scarlett,Tottenham,S,Midfielder,1,1,0,0,0,0,0,0,0.0,0.0,0.0
2020-2021,Carney Chukwuemeka,Aston Villa,S,Midfielder,2,16,0,0,1,0,0,0,0.0560439005494117,0.0,0.0560439005494117
2020-2021,Shola Shoretire,Manchester United,S,Midfielder,2,4,0,0,0,0,0,0,0.0,0.0,0.0
2020-2021,Sidnei Tavares,Leicester,M,Midfielder,2,84,0,0,1,0,0,0,0.0207985006272792,0.0,0.0207985006272792
2020-2021,Nathan Broadhead,Everton,S,Midfielder,1,1,0,0,0,0,0,0,0.0,0.0,0.0
2020-2021,Jaden Philogene-Bidace,Aston Villa,S,Midfielder,1,1,0,0,0,0,0,0,0.0,0.0,0.0
2020-2021,Gaetano Berardi,Leeds,D,Defender,2,113,0,0,1,0,0,0,0.0747606009244918,0.0,0.0747606009244918
2020-2021,Femi Seriki,Sheffield United,S,Midfielder,1,1,0,0,0,0,0,0,0.0,0.0,0.0
2020-2021,Tyrese Francois,Fulham,S,Midfielder,1,13,0,0,0,0,0,0,0.0,0.0,0.0
2020-2021,William Fish,Manchester United,S,Midfielder,1,1,0,0,0,0,0,0,0.0,0.0,0.0
2020-2021,Hannibal Mejbri,Manchester United,S,Midfielder,1,3,0,0,0,0,0,0,0.0,0.0,0.0
2021-2022,Son Heung-Min,Tottenham,F,Forward,35,3051,23,7,86,73,2,0,16.992173068225384,7.846952574327588,16.992173068225384
2021-2022,Mohamed Salah,Liverpool,F,Forward,35,2757,23,13,139,62,1,0,24.364288866519928,9.790822226554155,19.79727490246296
2021-2022,Cristiano Ronaldo,Manchester United,F,Forward,30,2468,18,3,110,26,8,0,17.212831899523735,4.424962695688009,14.929328348487616
2021-2022,Harry Kane,Tottenham,F,Forward,37,3229,17,9,133,48,5,0,20.68507192377001,9.81828890554607,17.640392211265862
2021-2022,Sadio Mané,Liverpool,F,Forward,34,2833,16,2,98,39,5,0,16.82961556315422,5.269158905372024,16.82961556315422
2021-2022,Kevin De Bruyne,Manchester City,M,Midfielder,30,2214,15,8,78,87,2,0,5.949964433908463,11.260171007364988,5.949964433908463
2021-2022,Jamie Vardy,Leicester,F,Forward,25,1807,15,2,54,18,2,0,9.991950891911983,1.6055144965648651,9.991950891911983
2021-2022,Diogo Jota,Liverpool,F,Forward,35,2401,15,4,90,40,3,0,17.34798476099968,5.874588536098599,17.34798476099968
2021-2022,Wilfried Zaha,Crystal Palace,F,Forward,33,2762,14,1,69,46,4,1,10.184118073433638,4.893216146156192,4.855936596170068
2021-2022,Raheem Sterling,Manchester City,F,Forward,30,2119,13,5,58,42,1,0,15.778131879866123,5.024925291538239,13.494622506201267
2021-2022,Ivan Toney,Brentford,F,Forward,33,2905,12,5,88,43,8,0,12.048585828393698,7.343530809506774,8.242776174098253
2021-2022,Jarrod Bowen,West Ham,F,Forward,36,3003,12,10,80,41,6,0,12.92943012341857,5.819746069610119,12.92943012341857
2021-2022,James Maddison,Leicester,F,Forward,35,2480,12,8,72,48,3,0,6.496711893007159,5.674205156974495,6.496711893007159
2021-2022,Riyad Mahrez,Manchester City,F,Forward,28,1468,11,5,61,40,0,0,10.123590916395187,3.9328212067484856,6.317741796374321
2021-2022,Bukayo Saka,Arsenal,F,Forward,38,3034,11,7,97,68,6,0,9.905906103551388,7.6313808765262365,8.383569121360779
2021-2022,Teemu Pukki,Norwich,F,Forward,37,3278,11,3,71,27,4,0,11.44952037371695,4.062802174128592,9.166050033643842
2021-2022,Mason Mount,Chelsea,F,Forward,32,2367,11,10,76,58,4,0,8.522430308163166,7.21291824337095,7.7612572982907295
2021-2022,Raphinha,Leeds,F,Forward,35,2940,11,3,87,64,7,0,10.23054376989603,6.939143891446292,7.1858687195926905
2021-2022,Ollie Watkins,Aston Villa,F,Forward,35,2970,11,2,77,35,7,0,11.498160604387522,2.997610133141279,10.736988637596369
2021-2022,Michail Antonio,West Ham,F,Forward,36,2994,10,8,83,46,6,1,12.788629919290544,5.767140578478575,12.027457922697067
2021-2022,James Ward-Prowse,Southampton,M,Midfielder,36,3222,10,5,55,71,3,1,5.089495945721865,6.395678853616118,2.044821010902524
2021-2022,Bruno Fernandes,Manchester United,F,Forward,36,3135,10,6,89,88,10,0,9.285304862074554,8.811852657236159,7.762967492453754
2021-2022,Richarlison,Everton,F,Forward,30,2532,10,5,74,29,8,0,10.01377157587558,4.38378893956542,7.73029859084636
2021-2022,Emile Smith-Rowe,Arsenal,F,Forward,33,1928,10,2,40,30,1,0,5.36384779214859,3.033005226403475,5.36384779214859
2021-2022,Emmanuel Dennis,Watford,F,Forward,33,2612,10,6,60,33,7,1,7.006806670688093,3.959161562845111,7.006806670688093
2021-2022,Maxwel Cornet,Burnley,F,Forward,26,1790,9,1,47,15,2,0,6.714042469859123,1.7581321336328983,5.952873468399048
2021-2022,Phil Foden,Manchester City,F,Forward,28,2141,9,5,57,40,1,0,9.263244736939669,6.833732463419437,9.263244736939669
2021-2022,Ilkay Gündogan,Manchester City,M,Midfielder,27,1852,8,4,55,37,1,0,9.720699042081833,4.720962079241872,9.720699042081833
2021-2022,Callum Wilson,Newcastle,F,Forward,18,1401,8,0,35,10,4,0,7.041790663264692,0.5302160959690809,5.519451602362096
2021-2022,Romelu Lukaku,Chelsea,F,Forward,26,1571,8,0,43,24,1,0,7.020434075966477,3.3627560660243034,6.259260037913919
2021-2022,Said Benrahma,West Ham,F,Forward,32,2208,8,6,63,32,0,0,6.1550276800990105,4.772110963240266,6.1550276800990105
2021-2022,Neal Maupay,Brighton,F,Forward,32,2271,8,2,61,23,7,0,8.242076613008976,2.442604837939143,6.719737626612186
2021-2022,Bernardo Silva,Manchester City,F,Forward,35,2865,8,4,48,59,6,0,7.771977653726935,6.567136766389012,7.771977653726935
2021-2022,Kai Havertz,Chelsea,F,Forward,29,1829,8,3,56,21,3,0,10.670876573771238,2.567781189456582,10.670876573771238
2021-2022,Gabriel Jesus,Manchester City,F,Forward,28,1885,8,8,64,38,1,0,10.153561741113664,5.913651751354337,9.392391830682756
2021-2022,Leandro Trossard,Brighton,D,Defender,34,2830,8,3,73,47,2,0,7.961571488529444,5.277916149236262,7.20040250197053
2021-2022,Jack Harrison,Leeds,F,Forward,35,2660,8,1,43,42,3,0,5.154695501551032,3.4489700738340616,5.154695501551032
2021-2022,Conor Gallagher,Crystal Palace,M,Midfielder,34,2863,8,3,52,39,10,0,7.672960817813873,4.143168058246374,7.672960817813873
2021-2022,Danny Ings,Aston Villa,F,Forward,30,1920,7,6,49,15,4,0,6.846661906689405,1.4444685094058514,6.085492890328169
2021-2022,Rodri,Manchester City,M,Midfielder,33,2901,7,2,45,27,5,0,2.718254609964788,1.552179705351591,2.718254609964788
2021-2022,Martin Odegaard,Arsenal,M,Midfielder,36,2803,7,4,53,75,4,0,4.223581701517105,6.601951729506254,4.223581701517105
2021-2022,Yoane Wissa,Brentford,F,Forward,30,1230,7,1,32,9,0,0,3.4018343733623624,0.6705948002636433,3.4018343733623624
2021-2022,Che Adams,Southampton,F,Forward,30,2039,7,3,49,25,0,0,8.289287440478802,2.845940789207816,8.289287440478802
2021-2022,Danny Welbeck,Brighton,F,Forward,25,1464,6,1,43,17,0,0,8.285231601446867,0.8949581095948815,8.285231601446867
2021-2022,Jorginho,Chelsea,M,Midfielder,29,2285,6,2,16,27,5,0,5.913266050629318,2.892731610685587,0.5850790916010737
2021-2022,Pablo Fornals,West Ham,F,Forward,36,2805,6,3,44,47,4,0,5.137447626329958,5.967042115516961,5.137447626329958
2021-2022,Rodrigo,Leeds,F,Forward,31,2280,6,1,48,39,9,0,5.610643168911338,3.645213108509779,4.849474174901843
2021-2022,Christian Pulisic,Chelsea,D,Defender,22,1276,6,2,28,15,2,0,6.095077484846115,1.2932879086583853,6.095077484846115
2021-2022,Odsonne Edouard,Crystal Palace,F,Forward,28,1579,6,4,40,21,4,0,6.533581294119358,2.171932205557823,5.772417314350605
2021-2022,Raúl Jiménez,Wolverhampton,F,Forward,34,2651,6,4,57,38,5,2,7.071379598230124,3.394018276594579,6.310211572796106
2021-2022,Ademola Lookman,Leicester,F,Forward,26,1470,6,0,26,23,2,0,4.781360968947411,1.812361997552216,4.781360968947411
2021-2022,Youri Tielemans,Leicester,M,Midfielder,32,2638,6,4,59,37,3,0,4.266476510092616,4.3065823297947645,2.744143282994628
2021-2022,Harvey Barnes,Leicester,F,Forward,32,2108,6,10,66,28,2,0,6.215695910155773,4.480990180745721,6.215695910155773
2021-2022,Gabriel Martinelli,Arsenal,F,Forward,29,1877,6,6,51,34,1,1,8.86431922391057,4.084666876122356,8.103149194270372
2021-2022,Armando Broja,Southampton,F,Forward,32,1986,6,0,45,10,2,0,5.893730046227574,1.4606569707393646,5.893730046227574
2021-2022,Jacob Ramsey,Aston Villa,F,Forward,34,2493,6,1,34,21,6,0,3.822881987318397,2.036960480734706,3.822881987318397
2021-2022,Allan Saint-Maximin,Newcastle,F,Forward,35,2825,5,5,64,50,5,0,5.663675950840116,5.261044799350202,5.663675950840116
2021-2022,Joshua King,Watford,F,Forward,32,2247,5,3,49,35,5,0,8.284285517409444,4.002521988004446,7.523121478036046
2021-2022,Roberto Firmino,Liverpool,F,Forward,20,979,5,4,30,16,3,0,5.253263216465712,2.218823962844908,5.253263216465712
2021-2022,Philippe Coutinho,Aston Villa,F,Forward,19,1364,5,3,43,25,0,0,3.366971990093589,2.93284718412906,3.366971990093589
2021-2022,Manuel Lanzini,West Ham,M,Midfielder,30,1801,5,3,16,23,2,0,3.375077722594142,2.594079665839672,1.0915708057582378
2021-2022,Demarai Gray,Everton,F,Forward,34,2366,5,4,65,42,3,0,4.3363886419683695,4.429345730692148,4.3363886419683695
2021-2022,Fabinho,Liverpool,M,Midfielder,29,2320,5,1,21,17,7,0,5.033523061312735,1.262206269428134,3.511185065843165
2021-2022,Chris Wood,"Burnley,Newcastle United",F,Forward,34,2734,5,0,51,19,1,0,8.213475201278925,1.365999980829656,7.452306184917688
2021-2022,Dominic Calvert-Lewin,Everton,F,Forward,17,1297,5,2,33,10,2,0,6.218367507681251,1.659819481894374,3.9349023085087538
2021-2022,Gabriel,Arsenal,D,Defender,35,3075,5,0,29,8,6,1,3.5427271053195,0.2485223039984703,3.5427271053195
2021-2022,Ismaila Sarr,Watford,F,Forward,22,1872,5,2,39,21,2,0,4.251841200515628,2.9239715188741684,3.49067216925323
2021-2022,Jean-Philippe Mateta,Crystal Palace,F,Forward,22,1153,5,1,37,7,2,0,5.846974600106478,0.7184610925614834,5.846974600106478
2021-2022,Eddie Nketiah,Arsenal,F,Forward,21,803,5,1,28,13,3,0,4.993681591004133,1.6652061231434343,4.993681591004133
2021-2022,Dejan Kulusevski,Tottenham,F,Forward,18,1276,5,8,26,25,3,0,3.023934356868267,4.146448384970427,3.023934356868267
2021-2022,Juan Camilo Hernández,Watford,F,Forward,25,1125,5,2,33,20,3,0,2.664220603182912,1.69985356554389,2.664220603182912
2021-2022,Mason Greenwood,Manchester United,F,Forward,18,1305,5,1,48,17,1,0,4.480731018818915,1.3290867917239666,4.480731018818915
2021-2022,Reece James,Chelsea,D,Defender,26,1866,5,9,37,48,4,1,2.543486515060067,7.030302457511425,2.543486515060067
2021-2022,Tomas Soucek,West Ham,M,Midfielder,35,3062,5,1,44,21,3,0,5.503859954886138,2.1671802196651697,5.503859954886138
2021-2022,Bruno Guimarães,Newcastle,M,Midfielder,17,1031,5,1,23,12,4,0,4.093199659138918,1.7428607121109962,4.093199659138918
2021-2022,Alexis Mac Allister,Brighton,F,Forward,33,2102,5,2,60,31,4,0,6.832574421539903,2.1256866911426187,4.549069428816438
2021-2022,Hee-Chan Hwang,Wolverhampton,F,Forward,30,1804,5,1,27,15,2,0,4.1964055839926,1.6057070260867476,4.1964055839926
2021-2022,Patson Daka,Leicester,F,Forward,23,1164,5,3,26,13,2,0,5.1097992323338985,1.8195277228951448,5.1097992323338985
2021-2022,Timo Werner,Chelsea,F,Forward,21,1291,4,1,45,8,1,0,6.1664436142891645,0.3183775003999471,6.1664436142891645
2021-2022,Joelinton,Newcastle,F,Forward,35,2554,4,1,45,29,8,0,3.816281186416745,1.880340499803424,3.816281186416745
2021-2022,Pierre-Emerick Aubameyang,Arsenal,F,Forward,14,1047,4,1,34,9,3,0,6.893223594874144,0.8014164045453072,5.370884027332068
2021-2022,Marcus Rashford,Manchester United,F,Forward,25,1229,4,2,22,9,2,0,2.8203724659979343,2.4275257661938667,2.8203724659979343
2021-2022,Christian Benteke,Crystal Palace,F,Forward,25,1112,4,1,38,14,3,0,4.719371825456619,1.6651787851005793,4.719371825456619
2021-2022,Kelechi Iheanacho,Leicester,F,Forward,26,1236,4,5,31,17,1,0,3.6333328122273088,2.7090907525271177,3.6333328122273088
2021-2022,Jeffrey Schlupp,Crystal Palace,F,Forward,32,1836,4,1,33,18,1,0,3.629619141109288,2.0314666628837585,3.629619141109288
2021-2022,Marcos Alonso,Chelsea,D,Defender,28,2185,4,4,43,44,8,0,3.4942625891417265,5.042935417965055,3.4942625891417265
2021-2022,Emiliano Buendía,Aston Villa,F,Forward,35,1907,4,6,44,47,1,0,3.0539291193708777,4.653005113825202,3.0539291193708777
2021-2022,Aymeric Laporte,Manchester City,D,Defender,33,2848,4,0,35,9,5,1,4.454536762088537,0.6116274017840624,4.454536762088537
2021-2022,Alexandre Lacazette,Arsenal,F,Forward,30,1800,4,7,46,29,0,0,7.625774389132857,3.2550142742693424,5.342271422967315
2021-2022,Daniel James,"Leeds,Manchester United",F,Forward,34,2516,4,4,54,27,7,1,7.710608173161745,4.278202144429088,7.710608173161745
2021-2022,Jan Bednarek,Southampton,D,Defender,31,2637,4,0,19,6,10,0,2.7923311796039343,0.3658814933151006,2.7923311796039343
2021-2022,Bryan Mbeumo,Brentford,F,Forward,35,2934,4,7,77,34,4,0,9.805259482935073,3.957220805808902,9.044090459123254
2021-2022,Fred,Manchester United,M,Midfielder,28,2038,4,4,14,28,5,0,1.0861352998763325,2.331524911336601,1.0861352998763325
2021-2022,Conor Coady,Wolverhampton,D,Defender,38,3369,4,0,12,3,4,0,2.326475059613585,0.0783219002187252,2.326475059613585
2021-2022,Rúben Neves,Wolverhampton,M,Midfielder,33,2674,4,2,42,25,9,0,1.1209032889455557,2.243587740696966,1.1209032889455557
2021-2022,Mohamed Elyounoussi,Southampton,F,Forward,30,2048,4,2,43,28,4,0,6.580140575766563,2.227864108979702,6.580140575766563
2021-2022,Anthony Gordon,Everton,D,Defender,35,2288,4,2,44,36,4,0,3.460314721800387,3.776887372136116,3.460314721800387
2021-2022,Matthew Cash,Aston Villa,D,Defender,38,3386,4,3,37,28,8,0,2.483256800100208,2.902315404266119,2.483256800100208
2021-2022,Hakim Ziyech,Chelsea,F,Forward,23,1304,4,3,52,30,3,0,3.0387300960719585,3.926885128952563,3.0387300960719585
2021-2022,Vitaly Janelt,Brentford,D,Defender,31,2328,4,0,30,23,3,0,2.989832724444568,1.8168051782995465,2.989832724444568
2021-2022,Luis Díaz,Liverpool,F,Forward,13,962,4,3,38,20,0,0,4.276757774874568,2.175987700931728,4.276757774874568
2021-2022,Joel Matip,Liverpool,D,Defender,31,2790,3,3,34,12,2,0,2.720767354592681,2.078828541561961,2.720767354592681
2021-2022,Divock Origi,Liverpool,S,Midfielder,7,104,3,0,10,0,0,0,1.675460308790207,0.0,1.675460308790207
2021-2022,Jordan Ayew,Crystal Palace,F,Forward,31,2036,3,3,35,23,2,0,4.290388016030192,3.0359251275658607,4.290388016030192
2021-2022,Jack Grealish,Manchester City,F,Forward,26,1929,3,3,44,52,3,0,5.53242839500308,5.456195579841733,5.53242839500308
2021-2022,Andros Townsend,Everton,D,Defender,21,1463,3,2,21,31,3,0,2.262585835531354,2.849117113277316,1.501416826620698
2021-2022,Ben Chilwell,Chelsea,D,Defender,7,541,3,1,13,10,0,0,1.298325777053833,0.8330149054527283,1.298325777053833
2021-2022,Virgil van Dijk,Liverpool,D,Defender,34,3060,3,1,35,9,3,0,2.1695868838578463,1.5573332104831934,2.1695868838578463
2021-2022,Sergi Canos,Brentford,D,Defender,31,2128,3,2,33,17,6,1,3.489918880164624,2.1664950996637344,3.489918880164624
2021-2022,Michael Keane,Everton,D,Defender,32,2799,3,2,19,8,2,1,1.2030848106369376,1.339627981185913,1.2030848106369376
2021-2022,Ben Mee,Burnley,D,Defender,21,1839,3,0,19,5,3,0,2.561094556003809,1.2749730832874775,2.561094556003809
2021-2022,Andrew Robertson,Liverpool,D,Defender,29,2550,3,10,19,55,5,1,2.2711895797401667,6.197530032135546,2.2711895797401667
2021-2022,Pontus Jansson,Brentford,D,Defender,37,3325,3,1,22,5,7,0,4.593423327431083,0.5605823006480932,4.593423327431083
2021-2022,Antonio Rüdiger,Chelsea,D,Defender,34,3036,3,0,48,12,9,0,2.6754944901913404,0.7367037087678909,2.6754944901913404
2021-2022,Diego Llorente,Leeds,D,Defender,28,2351,3,0,10,2,7,0,1.977920237928629,0.0478121004998683,1.977920237928629
2021-2022,Thiago Silva,Chelsea,D,Defender,32,2638,3,0,18,7,2,0,1.073761511594057,0.2539438009262085,1.073761511594057
2021-2022,Naby Keita,Liverpool,M,Midfielder,23,1181,3,1,26,15,3,0,2.1447856165468693,1.812413688749075,2.1447856165468693
2021-2022,Jadon Sancho,Manchester United,F,Forward,29,1891,3,3,26,42,0,0,4.233039932325482,4.078670029528439,4.233039932325482
2021-2022,Trevoh Chalobah,Chelsea,D,Defender,20,1459,3,1,9,4,2,0,1.1775850867852569,0.26596400141716,1.1775850867852569
2021-2022,Christian Nørgaard,Brentford,M,Midfielder,35,3068,3,4,27,29,8,0,4.969032805413008,4.0477693835273385,4.969032805413008
2021-2022,John McGinn,Aston Villa,M,Midfielder,35,3099,3,4,43,53,8,0,1.828072330914437,5.359244130551815,1.828072330914437
2021-2022,Takumi Minamino,Liverpool,F,Forward,11,162,3,0,7,2,1,0,1.763352945446968,0.5603136941790581,1.763352945446968
2021-2022,João Pedro,Watford,F,Forward,28,1619,3,1,47,18,1,0,4.448947859928012,2.097435991279781,4.448947859928012
2021-2022,Steven Bergwijn,Tottenham,F,Forward,25,518,3,1,19,8,1,0,3.335190050303936,0.8927956204861403,3.335190050303936
2021-2022,Rico Henry,Brentford,D,Defender,34,2796,3,0,14,18,2,0,1.899935700930655,1.872443387284875,1.899935700930655
2021-2022,Fabian Schär,Newcastle,D,Defender,25,2167,2,2,20,9,4,0,0.8395391143858433,1.479282571002841,0.8395391143858433
2021-2022,Pascal Groß,Brighton,D,Defender,29,2044,2,4,23,60,1,0,2.865339705720544,5.79027221351862,2.104170685634017
2021-2022,Pierre-Emile Højbjerg,Tottenham,M,Midfielder,36,3202,2,2,31,25,3,0,2.644531223922968,2.538237292319536,2.644531223922968
2021-2022,Alex Iwobi,Everton,D,Defender,28,2041,2,2,24,36,1,0,2.403040584176779,3.0656776819378138,2.403040584176779
2021-2022,Aaron Cresswell,West Ham,D,Defender,31,2734,2,3,18,31,3,0,0.9124326836317778,3.670583555474877,0.9124326836317778
2021-2022,Jesse Lingard,Manchester United,M,Midfielder,16,338,2,0,8,8,1,0,0.7739869020879269,0.4576387051492929,0.7739869020879269
2021-2022,Nathan Aké,Manchester City,D,Defender,14,920,2,0,5,2,0,0,1.3034928366541862,0.6172760128974915,1.3034928366541862
2021-2022,Aaron Lennon,Burnley,F,Forward,28,1538,2,0,12,9,2,0,1.0376689522527158,0.4255148032680154,1.0376689522527158
2021-2022,Jordan Henderson,Liverpool,M,Midfielder,35,2616,2,5,31,37,3,0,1.3726868210360408,4.195082722231746,1.3726868210360408
2021-2022,Fernandinho,Manchester City,D,Defender,19,943,2,1,18,10,1,0,1.6060919929295778,1.3410828318446877,1.6060919929295778
2021-2022,Kieran Trippier,Newcastle,D,Defender,6,434,2,0,2,7,0,0,0.2261340022087097,0.2351752035319805,0.2261340022087097
2021-2022,N&#039;Golo Kanté,Chelsea,M,Midfielder,26,1787,2,4,17,24,2,0,1.7649728190153835,2.2009877003729343,1.7649728190153835
2021-2022,Jonjo Shelvey,Newcastle,M,Midfielder,24,1987,2,1,30,16,5,1,0.879080006852746,1.0608121007680893,0.879080006852746
2021-2022,Ayoze Pérez,Leicester,M,Midfielder,14,443,2,3,11,11,0,1,2.0579842533916235,1.2277688030153513,2.0579842533916235
2021-2022,Moussa Sissoko,Watford,M,Midfielder,36,3222,2,1,25,36,5,0,4.18377473577857,2.6050246274098754,4.18377473577857
2021-2022,Craig Dawson,West Ham,D,Defender,34,2760,2,2,25,5,5,1,2.942396597936749,1.0429365001618862,2.942396597936749
2021-2022,Patrick Bamford,Leeds,F,Forward,9,558,2,2,20,5,2,0,2.997420996427536,1.031534468755126,2.997420996427536
2021-2022,Oriol Romeu,Southampton,M,Midfielder,36,2905,2,2,24,37,9,0,1.503213438205421,3.038078627549112,1.503213438205421
2021-2022,Jay Rodriguez,Burnley,F,Forward,29,1356,2,2,41,12,3,0,4.855192940682173,1.9018799848854544,4.855192940682173
2021-2022,Alex Oxlade-Chamberlain,Liverpool,F,Forward,17,783,2,1,21,10,0,0,1.180953999981284,1.2662958838045597,1.180953999981284
2021-2022,Mason Holgate,Everton,D,Defender,25,2137,2,1,7,3,6,1,1.660384014248848,0.1045862026512622,1.660384014248848
2021-2022,Matej Vydra,Burnley,F,Forward,22,634,2,3,19,6,1,0,1.9705587178468704,0.752324708737433,1.9705587178468704
2021-2022,Ryan Fraser,Newcastle,F,Forward,27,1476,2,3,24,25,3,0,2.866719573736191,2.1547404266893864,2.866719573736191
2021-2022,Abdoulaye Doucouré,Everton,M,Midfielder,30,2540,2,4,34,20,6,0,2.653875366784632,2.418744313530624,2.653875366784632
2021-2022,Trent Alexander-Arnold,Liverpool,D,Defender,32,2856,2,12,51,90,2,0,2.192071607336402,12.68763641640544,2.192071607336402
2021-2022,Mateo Kovacic,Chelsea,M,Midfielder,25,1541,2,5,22,27,4,0,1.6888320790603757,4.118140805512667,1.6888320790603757
2021-2022,Jonny,Wolverhampton,D,Defender,13,1020,2,0,10,11,1,0,0.8668940085917711,1.1285741068422794,0.8668940085917711
2021-2022,Thomas Partey,Arsenal,M,Midfielder,24,2045,2,1,44,16,6,0,3.022720468230545,0.8679594974964857,3.022720468230545
2021-2022,Lucas Moura,Tottenham,F,Forward,34,1770,2,6,37,34,4,0,3.363734805956483,5.320137379691005,3.363734805956483
2021-2022,Edinson Cavani,Manchester United,F,Forward,15,745,2,1,18,7,0,0,3.725320629775524,1.2471088040620089,3.725320629775524
2021-2022,João Moutinho,Wolverhampton,M,Midfielder,35,2987,2,1,20,39,4,0,1.1245428025722504,2.7696392191573977,1.1245428025722504
2021-2022,Romain Saiss,Wolverhampton,D,Defender,31,2721,2,0,18,7,6,0,3.198772515635937,0.3212678972631693,3.198772515635937
2021-2022,Adam Armstrong,Southampton,F,Forward,23,1412,2,2,47,13,1,0,4.238080732524395,1.624623529613018,4.238080732524395
2021-2022,Douglas Luiz,Aston Villa,M,Midfielder,34,2733,2,3,23,36,7,0,2.220371574163437,2.44307017326355,2.220371574163437
2021-2022,Davinson Sánchez,Tottenham,D,Defender,23,1618,2,0,13,5,4,0,2.004246905446053,0.291997792199254,2.004246905446053
2021-2022,Ferrán Torres,Manchester City,F,Forward,4,308,2,1,13,1,0,0,2.512162998318672,0.0216444004327058,2.512162998318672
2021-2022,Joe Willock,Newcastle,M,Midfielder,29,2063,2,0,35,18,0,0,3.6774302888661614,1.1284047197550535,3.6774302888661614
2021-2022,Matt Doherty,Tottenham,D,Defender,15,864,2,4,16,15,0,0,3.0913910754024982,2.0252633318305016,3.0913910754024982
2021-2022,Stuart Armstrong,Southampton,F,Forward,25,1456,2,0,38,25,1,0,2.761914007365704,1.620189094915986,2.761914007365704
2021-2022,Wout Weghorst,Burnley,F,Forward,20,1459,2,3,30,14,3,0,5.398303970694542,1.8519033044576645,5.398303970694542
2021-2022,Sergio Reguilón,Tottenham,D,Defender,25,1929,2,3,21,28,4,0,2.971682120114565,3.5308931674808264,2.971682120114565
2021-2022,Leander Dendoncker,Wolverhampton,M,Midfielder,30,1941,2,2,23,11,4,0,2.4547893097624183,0.9651257283985616,2.4547893097624183
2021-2022,Joshua Sargent,Norwich,F,Forward,26,1578,2,1,23,11,1,0,2.0713036227971315,0.5363337956368923,2.0713036227971315
2021-2022,Marc Guehi,Crystal Palace,D,Defender,36,3227,2,1,19,6,4,0,2.491802053526044,1.2006488796323538,2.491802053526044
2021-2022,Adam Webster,Brighton,D,Defender,22,1419,2,0,8,1,5,0,1.486678946763277,0.036905899643898,1.486678946763277
2021-2022,Ezri Konsa Ngoyo,Aston Villa,D,Defender,29,2494,2,0,14,4,4,2,1.206902057863772,0.270699905231595,1.206902057863772
2021-2022,Daniel Podence,Wolverhampton,F,Forward,26,1491,2,3,35,36,2,0,1.9968185909092424,4.245880654081702,1.9968185909092424
2021-2022,Josh Brownhill,Burnley,F,Forward,35,2953,2,3,29,40,10,0,1.2014812054112554,2.353918094187975,1.2014812054112554
2021-2022,Luke Ayling,Leeds,D,Defender,26,2276,2,2,19,10,4,1,1.0372716058045626,2.3595473375171423,1.0372716058045626
2021-2022,Donny van de Beek,"Everton,Manchester United",M,Midfielder,15,545,2,0,7,5,1,0,1.5110082859173417,0.4375309888273477,1.5110082859173417
2021-2022,Trincão,Wolverhampton,F,Forward,28,1359,2,1,32,14,0,0,3.603013260290026,1.4855602774769068,3.603013260290026
2021-2022,Rúben Dias,Manchester City,D,Defender,29,2403,2,4,18,16,5,0,2.535038208588958,3.157990090548992,2.535038208588958
2021-2022,Joe Gelhardt,Leeds,F,Forward,20,700,2,2,23,9,4,0,3.80464480817318,1.8083356712013483,3.80464480817318
2021-2022,Anthony Elanga,Manchester United,F,Forward,21,1218,2,2,21,9,0,0,2.981153290718794,1.9335426688194275,2.981153290718794
2021-2022,Nathan Collins,Burnley,D,Defender,19,1671,2,0,15,5,2,1,1.6455229744315147,1.4840760342776775,1.6455229744315147
2021-2022,Enock Mwepu,Brighton,F,Forward,18,1009,2,4,19,9,2,0,1.999322835355997,1.5841594748198986,1.999322835355997
2021-2022,Michael Olise,Crystal Palace,F,Forward,26,1125,2,5,19,24,4,0,1.4879501201212406,4.962619297206402,1.4879501201212406
2021-2022,Granit Xhaka,Arsenal,D,Defender,27,2338,1,2,27,32,10,1,1.1074839858338237,2.4247115943580866,1.1074839858338237
2021-2022,Thiago Alcántara,Liverpool,M,Midfielder,25,1531,1,4,25,29,2,0,1.6294421814382076,2.575972074642777,1.6294421814382076
2021-2022,Dan Gosling,Watford,M,Midfielder,4,167,1,0,2,1,0,0,0.1960368985310197,0.0480008013546466,0.1960368985310197
2021-2022,Calum Chambers,"Arsenal,Aston Villa",D,Defender,13,1001,1,0,5,3,1,0,0.2656341008841991,0.1769321002066135,0.2656341008841991
2021-2022,Angelo Ogbonna,West Ham,D,Defender,11,921,1,0,3,0,1,0,0.6117196120321751,0.0,0.6117196120321751
2021-2022,James Tomkins,Crystal Palace,D,Defender,8,540,1,0,4,2,2,0,0.6890930850058794,0.352782592177391,0.6890930850058794
2021-2022,Mark Noble,West Ham,M,Midfielder,11,321,1,0,2,1,0,0,1.5223380327224731,0.0202884990721941,0.0
2021-2022,Anthony Martial,Manchester United,F,Forward,8,202,1,0,5,0,0,0,1.1682770177721975,0.0,1.1682770177721975
2021-2022,Seamus Coleman,Everton,D,Defender,30,2663,1,0,9,13,4,0,1.1748256795108318,0.7962016016244888,1.1748256795108318
2021-2022,John Stones,Manchester City,D,Defender,14,1114,1,0,9,4,0,0,1.2149109998717904,0.1626314986497163,1.2149109998717904
2021-2022,Ross Barkley,Chelsea,M,Midfielder,6,169,1,0,9,8,0,0,1.3613629937171936,0.6625455059111118,1.3613629937171936
2021-2022,Dele Alli,"Everton,Tottenham",M,Midfielder,21,978,1,0,7,9,4,0,1.532490980811417,1.1271111033856869,0.7713219644501805
2021-2022,Christian Eriksen,Brentford,M,Midfielder,11,935,1,4,22,30,1,0,1.4037851188331842,3.7309530712664127,1.4037851188331842
2021-2022,Ben Davies,Tottenham,D,Defender,29,2542,1,1,18,11,6,0,2.476110560819506,0.6462083989754319,2.476110560819506
2021-2022,César Azpilicueta,Chelsea,D,Defender,27,2084,1,2,11,17,3,0,1.2615648172795773,2.075762717053294,1.2615648172795773
2021-2022,Jack Cork,Burnley,M,Midfielder,20,1689,1,0,7,6,4,0,0.7342861033976078,0.1921836994588375,0.7342861033976078
2021-2022,Marc Albrighton,Leicester,D,Defender,17,1113,1,2,4,11,3,0,0.4875654093921184,1.6947175050154328,0.4875654093921184
2021-2022,Jamaal Lascelles,Newcastle,D,Defender,26,2052,1,0,17,4,5,0,1.3373388117179277,0.2316508945077657,1.3373388117179277
2021-2022,Nathan Redmond,Southampton,D,Defender,27,1829,1,5,26,34,0,0,1.6321709342300892,4.070743652060628,1.6321709342300892
2021-2022,Jonny Evans,Leicester,D,Defender,18,1355,1,1,3,4,3,0,1.284800007939339,0.920725718140602,1.284800007939339
2021-2022,Salomón Rondón,Everton,F,Forward,20,764,1,1,21,8,2,1,2.640421368181705,0.612394904717803,2.640421368181705
2021-2022,Shane Long,Southampton,F,Forward,13,303,1,0,9,2,1,0,1.170360267162323,0.1290954016149044,1.170360267162323
2021-2022,Cédric Soares,Arsenal,D,Defender,21,1483,1,1,12,18,3,0,0.489683398976922,1.5193457724526525,0.489683398976922
2021-2022,Matt Targett,"Aston Villa,Newcastle United",D,Defender,33,2880,1,1,13,41,3,0,1.0151007901877165,3.863800139166415,1.0151007901877165
2021-2022,Kyle Walker-Peters,Southampton,D,Defender,32,2631,1,2,26,24,5,0,1.327508181333542,3.327080208808184,1.327508181333542
2021-2022,Adama Traoré,Wolverhampton,F,Forward,20,1047,1,0,23,18,0,0,2.8342398293316364,1.3370988294482231,2.8342398293316364
2021-2022,Kurt Zouma,West Ham,D,Defender,24,2083,1,0,6,2,1,0,0.8130695931613445,0.0838834010064601,0.8130695931613445
2021-2022,Tyler Roberts,Leeds,F,Forward,23,938,1,1,30,15,5,0,2.4348462857306004,1.4724867288023231,2.4348462857306004
2021-2022,Tyrone Mings,Aston Villa,D,Defender,36,3186,1,3,21,10,11,0,1.375620087608695,1.428650375455618,1.375620087608695
2021-2022,Kieran Dowell,Norwich,F,Forward,19,912,1,1,8,16,0,0,1.252158399671316,1.239989422261715,1.252158399671316
2021-2022,Tom Davies,Everton,M,Midfielder,6,228,1,0,6,0,1,0,1.0068475101143122,0.0,1.0068475101143122
2021-2022,Juraj Kucka,Watford,M,Midfielder,26,1928,1,1,46,10,3,1,2.5135269723832607,1.0615557907149196,2.5135269723832607
2021-2022,Matthew Lowton,Burnley,D,Defender,25,1788,1,2,10,17,3,1,0.77887053322047,2.1353227254003286,0.77887053322047
2021-2022,James Tarkowski,Burnley,D,Defender,35,3108,1,2,22,10,11,0,2.987051802687347,0.4876921065151691,2.987051802687347
2021-2022,Harry Maguire,Manchester United,D,Defender,30,2518,1,0,23,4,7,1,2.2377048023045063,0.1432129014283418,2.2377048023045063
2021-2022,Javier Manquillo,Newcastle,D,Defender,19,1273,1,2,4,4,5,0,0.3779599890112877,0.4709694059565663,0.3779599890112877
2021-2022,Paul Pogba,Manchester United,M,Midfielder,20,1371,1,9,33,24,7,1,2.1890755891799927,3.8411435652524233,2.1890755891799927
2021-2022,Jeff Hendrick,Newcastle,S,Midfielder,3,65,1,0,1,1,0,0,0.0177475996315479,0.0228141006082296,0.0177475996315479
2021-2022,Rob Holding,Arsenal,D,Defender,15,824,1,0,4,0,2,1,0.5605965945869684,0.0,0.5605965945869684
2021-2022,Arthur Masuaku,West Ham,D,Defender,13,626,1,1,4,2,1,0,0.0669563207775354,0.7584338169544935,0.0669563207775354
2021-2022,Raphael Varane,Manchester United,D,Defender,22,1823,1,1,9,4,0,0,0.7494999002665281,0.213959701359272,0.7494999002665281
2021-2022,João Cancelo,Manchester City,D,Defender,36,3233,1,7,81,39,7,0,4.544122601859272,6.009325062856078,4.544122601859272
2021-2022,Ricardo Pereira,Leicester,D,Defender,14,1000,1,3,10,10,3,0,0.5782482028007507,1.4025978948920963,0.5782482028007507
2021-2022,Hassane Kamara,Watford,D,Defender,19,1627,1,0,5,10,3,1,0.1643535951152444,0.6610655849799514,0.1643535951152444
2021-2022,Mateusz Klich,Leeds,M,Midfielder,33,2117,1,2,42,32,5,0,2.701991078443825,1.9125773273408413,2.701991078443825
2021-2022,Ashley Barnes,Burnley,F,Forward,23,787,1,0,16,8,4,0,1.6827674992382526,0.9943248145282269,0.921599105000496
2021-2022,Leon Bailey,Aston Villa,F,Forward,18,723,1,2,21,7,3,0,1.4925615042448044,0.6773803047835827,1.4925615042448044
2021-2022,Caglar Söyüncü,Leicester,D,Defender,28,2500,1,0,8,3,5,0,1.008084572851658,0.08737170137465,1.008084572851658
2021-2022,Declan Rice,West Ham,M,Midfielder,36,3175,1,4,26,23,8,0,1.0442513916641474,1.5558669045567513,1.0442513916641474
2021-2022,Scott McTominay,Manchester United,M,Midfielder,30,2410,1,1,27,23,9,0,1.47690190654248,1.6853308789432049,1.47690190654248
2021-2022,Connor Roberts,Burnley,D,Defender,21,1686,1,1,6,13,2,0,0.2225561048835516,1.1593199241906404,0.2225561048835516
2021-2022,Yves Bissouma,Brighton,M,Midfielder,26,2134,1,2,21,8,10,0,1.05012384429574,0.844827288761735,1.05012384429574
2021-2022,Anwar El Ghazi,"Aston Villa,Everton",F,Forward,11,380,1,1,8,5,2,0,0.9790227208286524,0.2625085022300482,0.2178536001592874
2021-2022,Pierre Lees-Melou,Norwich,M,Midfielder,33,2293,1,0,33,25,5,0,1.3564588129520416,1.859252595342696,1.3564588129520416
2021-2022,Nicolas Pepe,Arsenal,M,Midfielder,20,646,1,2,23,12,0,0,3.448649622499943,1.330942586064339,3.448649622499943
2021-2022,Tanguy NDombele Alvaro,Tottenham,M,Midfielder,9,490,1,1,9,4,1,0,0.5444414857774973,0.6208788082003593,0.5444414857774973
2021-2022,Zanka,Brentford,D,Defender,8,514,1,0,2,2,2,0,0.1421730071306228,0.076792798936367,0.1421730071306228
2021-2022,Shane Duffy,Brighton,D,Defender,18,1432,1,0,22,4,7,0,0.9077040944248438,0.1030094008892774,0.9077040944248438
2021-2022,Lewis Dunk,Brighton,D,Defender,29,2574,1,0,19,3,3,1,1.4920963048934937,0.4055808009579777,1.4920963048934937
2021-2022,Isaac Hayden,Newcastle,D,Defender,14,1008,1,0,5,2,5,0,0.2894266080111265,0.0593779999762773,0.2894266080111265
2021-2022,Jacob Murphy,Newcastle,D,Defender,33,1418,1,2,27,20,4,0,2.588163224980235,2.386162133421749,2.588163224980235
2021-2022,Timothy Castagne,Leicester,D,Defender,27,2118,1,0,7,14,1,0,0.940479414537549,1.0864658877253532,0.940479414537549
2021-2022,Andriy Yarmolenko,West Ham,M,Midfielder,19,278,1,0,11,4,1,0,0.7675480898469687,0.2134688002988696,0.7675480898469687
2021-2022,Nikola Vlasic,West Ham,M,Midfielder,19,548,1,0,7,9,0,0,0.9056943729519844,0.6066044084727764,0.9056943729519844
2021-2022,Pedro Neto,Wolverhampton,F,Forward,13,451,1,1,17,13,3,0,1.6366959679871798,1.495248288847506,1.6366959679871798
2021-2022,Ben Johnson,West Ham,D,Defender,20,1402,1,0,5,9,1,0,0.1485152002424001,0.5553672071546316,0.1485152002424001
2021-2022,Callum Hudson-Odoi,Chelsea,D,Defender,15,971,1,2,18,25,1,0,2.7757244147360325,2.638995425775647,2.7757244147360325
2021-2022,Milot Rashica,Norwich,D,Defender,31,2248,1,2,44,36,0,0,2.569660095497966,1.91457820031792,2.569660095497966
2021-2022,Curtis Jones,Liverpool,M,Midfielder,15,869,1,1,20,11,0,0,0.8281115936115384,0.6779237166047096,0.8281115936115384
2021-2022,Rayan Ait Nouri,Wolverhampton,D,Defender,23,1820,1,2,13,17,4,0,0.5460651963949203,1.6456159921362996,0.5460651963949203
2021-2022,Kortney Hause,Aston Villa,D,Defender,7,393,1,0,2,0,0,0,0.0640325993299484,0.0,0.0640325993299484
2021-2022,Saman Ghoddos,Brentford,D,Defender,17,499,1,1,8,6,2,0,0.7120704911649227,1.1907186191529036,0.7120704911649227
2021-2022,Sean Longstaff,Newcastle,M,Midfielder,24,1459,1,1,15,7,1,0,0.7775498926639557,0.4642082992941141,0.7775498926639557
2021-2022,Marc Cucurella,Brighton,D,Defender,35,3102,1,1,18,42,6,0,0.7293017916381359,2.871598906815052,0.7293017916381359
2021-2022,Cristian Romero,Tottenham,D,Defender,22,1850,1,0,6,6,8,0,0.4114758931100368,0.3777228910475969,0.4114758931100368
2021-2022,Max Kilman,Wolverhampton,D,Defender,30,2693,1,0,13,3,3,0,1.3776236288249493,0.1449057012796402,1.3776236288249493
2021-2022,Dan Burn,"Brighton,Newcastle United",D,Defender,29,2465,1,1,18,6,8,0,1.6115349950268865,1.4531613001599908,1.6115349950268865
2021-2022,Miguel Almirón,Newcastle,F,Forward,30,1730,1,0,32,17,2,0,1.7120565995573995,1.001836535986513,1.7120565995573995
2021-2022,Emerson,Tottenham,D,Defender,31,2296,1,1,15,28,5,0,2.020111955702305,2.450624798424542,2.020111955702305
2021-2022,Mathias Normann,Norwich,M,Midfielder,23,1661,1,2,26,13,6,0,0.835538562387228,2.2901421673595905,0.835538562387228
2021-2022,Grant Hanley,Norwich,D,Defender,33,2899,1,0,20,6,2,0,1.696234492585063,0.3979412950575351,1.696234492585063
2021-2022,Kenny McLean,Norwich,M,Midfielder,31,2710,1,0,33,10,3,0,1.91708598844707,1.0888230931013825,1.91708598844707
2021-2022,Adam Idah,Norwich,F,Forward,17,611,1,1,14,5,0,0,1.9293015375733376,0.4609228000044822,1.9293015375733376
2021-2022,Kieran Tierney,Arsenal,D,Defender,22,1926,1,3,15,20,0,0,0.6144815096631646,1.246632007881999,0.6144815096631646
2021-2022,Jarrad Branthwaite,Everton,D,Defender,6,384,1,0,3,0,0,1,0.6022208128124475,0.0,0.6022208128124475
2021-2022,Eberechi Eze,Crystal Palace,F,Forward,13,597,1,1,10,11,1,0,0.4566667973995209,0.9693568199872972,0.4566667973995209
2021-2022,Pascal Struijk,Leeds,D,Defender,29,2052,1,0,11,11,6,1,2.2996558295562863,0.4314972944557667,2.2996558295562863
2021-2022,Stuart Dallas,Leeds,D,Defender,34,2929,1,1,30,31,5,0,1.835517523810268,3.379575688391924,1.835517523810268
2021-2022,Joël Veltman,Brighton,D,Defender,34,2895,1,1,12,17,6,0,0.7149845939129591,1.5885620079934597,0.7149845939129591
2021-2022,Moisés Caicedo,Brighton,M,Midfielder,8,673,1,1,10,4,2,0,0.6393528822809458,0.2321203015744686,0.6393528822809458
2021-2022,Valentino Livramento,Southampton,D,Defender,28,2202,1,1,12,20,2,0,1.1455561704933643,2.9600232373923063,1.1455561704933643
2021-2022,Kristoffer Ajer,Brentford,D,Defender,24,2012,1,3,7,8,5,0,1.0655757747590542,2.2111876308918,1.0655757747590542
2021-2022,Ethan Pinnock,Brentford,D,Defender,32,2701,1,1,16,12,1,0,1.7465080497786405,1.7245045565068722,1.7465080497786405
2021-2022,Mads Roerslev,Brentford,D,Defender,21,1240,1,1,5,7,1,0,0.2831443063914776,0.9667048780247568,0.2831443063914776
2021-2022,Nuno Tavares,Arsenal,D,Defender,22,1162,1,1,23,10,2,0,1.7562966123223305,1.064530422911048,1.7562966123223305
2021-2022,Kiernan Dewsbury-Hall,Leicester,M,Midfielder,28,2101,1,2,20,34,4,0,1.2946152910590172,3.0290627162903547,1.2946152910590172
2021-2022,Andrew Omobamidele,Norwich,D,Defender,5,380,1,0,2,0,1,0,0.1711219027638435,0.0,0.1711219027638435
2021-2022,Shandon Baptiste,Brentford,M,Midfielder,22,909,1,0,12,9,0,1,0.5783805977553129,0.5454354956746101,0.5783805977553129
2021-2022,Vitalii Mykolenko,Everton,D,Defender,13,1059,1,0,8,8,0,0,0.545275991782546,0.4969943072646856,0.545275991782546
2021-2022,Lukas Rupp,Norwich,M,Midfielder,19,744,0,0,12,9,0,0,0.4662756929174065,1.3048201203346252,0.4662756929174065
2021-2022,Jannik Vestergaard,Leicester,D,Defender,10,561,0,0,1,1,2,0,0.0387555994093418,0.0672715008258819,0.0387555994093418
2021-2022,Bernd Leno,Arsenal,GK,Goalkeeper,4,360,0,0,0,0,0,0,0.0,0.0,0.0
2021-2022,Andreas Christensen,Chelsea,D,Defender,19,1499,0,0,5,6,2,0,0.7990248026326299,0.1926607005298137,0.7990248026326299
2021-2022,Sead Kolasinac,Arsenal,D,Defender,2,91,0,0,0,0,1,0,0.0,0.0,0.0
2021-2022,Matt Ritchie,Newcastle,D,Defender,18,1335,0,2,10,29,5,0,0.3662854041904211,1.964722783304751,0.3662854041904211
2021-2022,Danny Ward,Leicester,GK,Goalkeeper,1,90,0,0,0,0,0,0,0.0,0.0,0.0
2021-2022,Adam Lallana,Brighton,F,Forward,24,1568,0,1,19,8,4,0,0.8801135998219252,0.9317835252732038,0.8801135998219252
2021-2022,James Milner,Liverpool,D,Defender,24,836,0,1,10,22,2,0,0.344711797311902,2.1824410259723663,0.344711797311902
2021-2022,Mohamed Elneny,Arsenal,M,Midfielder,14,785,0,2,8,9,1,0,0.1566442986950278,0.3957573026418686,0.1566442986950278
2021-2022,Theo Walcott,Southampton,M,Midfielder,9,387,0,0,6,1,0,0,0.862159313634038,0.0219032000750303,0.862159313634038
2021-2022,Wayne Hennessey,Burnley,GK,Goalkeeper,2,180,0,0,0,3,0,0,0.0,0.1527590006589889,0.0
2021-2022,Joel Ward,Crystal Palace,D,Defender,28,2487,0,0,10,6,8,0,0.3405505996197462,0.3251229990273714,0.3405505996197462
2021-2022,Cheikhou Kouyaté,Crystal Palace,D,Defender,27,1991,0,1,7,4,3,0,0.2199736936017871,0.703463114798069,0.2199736936017871
2021-2022,David de Gea,Manchester United,GK,Goalkeeper,38,3420,0,0,0,0,0,0,0.0,0.0,0.0
2021-2022,Juan Mata,Manchester United,M,Midfielder,7,225,0,0,5,2,0,0,0.3362768962979316,0.3422580063343048,0.3362768962979316
2021-2022,Troy Deeney,Watford,S,Midfielder,2,19,0,0,2,1,0,0,0.1094169989228248,0.0331710018217563,0.1094169989228248
2021-2022,Craig Cathcart,Watford,D,Defender,31,2395,0,1,3,3,3,0,0.1614953018724918,1.4212622176855805,0.1614953018724918
2021-2022,Tom Cleverley,Watford,M,Midfielder,28,1644,0,2,12,19,2,0,0.7093124967068434,1.4272122886031866,0.7093124967068434
2021-2022,Nathaniel Clyne,Crystal Palace,D,Defender,16,1351,0,1,3,6,1,0,0.0670243008062243,0.3154222015291452,0.0670243008062243
2021-2022,Willy Caballero,Southampton,GK,Goalkeeper,2,180,0,0,0,0,1,0,0.0,0.0,0.0
2021-2022,Ashley Young,Aston Villa,D,Defender,24,1232,0,2,10,13,2,0,0.4037426067516207,0.7783125322312117,0.4037426067516207
2021-2022,James McArthur,Crystal Palace,M,Midfielder,21,1433,0,3,9,16,3,0,0.3072257936000824,1.2701929826289415,0.3072257936000824
2021-2022,Alex McCarthy,Southampton,GK,Goalkeeper,17,1530,0,0,0,1,1,0,0.0,0.0234091002494096,0.0
2021-2022,Hugo Lloris,Tottenham,GK,Goalkeeper,38,3420,0,0,0,2,2,0,0.0,0.2063245046883821,0.0
2021-2022,Kyle Walker,Manchester City,D,Defender,20,1759,0,2,8,11,1,0,0.2224772945046425,1.455245791003108,0.2224772945046425
2021-2022,Danny Rose,Watford,D,Defender,8,692,0,0,4,5,4,0,0.1566063975915312,0.6318488968536258,0.1566063975915312
2021-2022,Eric Dier,Tottenham,D,Defender,35,3071,0,0,14,8,1,0,1.5635330826044085,1.3192516136914492,1.5635330826044085
2021-2022,Ashley Westwood,Burnley,M,Midfielder,27,2292,0,3,14,32,7,0,0.4902864005416631,4.257005825638771,0.4902864005416631
2021-2022,Ruben Loftus-Cheek,Chelsea,M,Midfielder,24,1378,0,2,19,18,1,0,0.9419815111905336,2.55641508102417,0.9419815111905336
2021-2022,Kenedy,Chelsea,D,Defender,1,59,0,1,1,2,0,0,0.0535646006464958,0.7482360005378723,0.0535646006464958
2021-2022,Asmir Begovic,Everton,GK,Goalkeeper,3,270,0,0,0,0,0,0,0.0,0.0,0.0
2021-2022,Bertrand Traoré,Aston Villa,F,Forward,9,199,0,0,8,0,0,0,0.2636704966425895,0.0,0.2636704966425895
2021-2022,Nemanja Matic,Manchester United,M,Midfielder,23,1386,0,4,6,13,3,0,0.2044106014072895,1.854646393097937,0.2044106014072895
2021-2022,Lukasz Fabianski,West Ham,GK,Goalkeeper,37,3330,0,0,0,0,2,0,0.0,0.0,0.0
2021-2022,Federico Fernández,Newcastle,D,Defender,7,523,0,0,6,1,0,0,0.3371326047927141,0.2842389941215515,0.3371326047927141
2021-2022,Jordan Pickford,Everton,GK,Goalkeeper,35,3150,0,0,0,5,2,0,0.0,0.1421341989189386,0.0
2021-2022,Dwight Gayle,Newcastle,S,Midfielder,8,20,0,0,2,2,1,0,0.2123461961746215,0.4094130927696824,0.2123461961746215
2021-2022,Kasper Schmeichel,Leicester,GK,Goalkeeper,37,3330,0,0,0,1,1,0,0.0,0.0158692002296447,0.0
2021-2022,Daniel Amartey,Leicester,D,Defender,28,2111,0,0,2,4,4,0,0.0228546299040317,0.2451006025075912,0.0228546299040317
2021-2022,Karl Darlow,Newcastle,GK,Goalkeeper,8,720,0,0,0,0,1,0,0.0,0.0,0.0
2021-2022,John Ruddy,Wolverhampton,GK,Goalkeeper,2,129,0,0,0,0,0,0,0.0,0.0,0.0
2021-2022,Ben Foster,Watford,GK,Goalkeeper,26,2340,0,1,0,1,0,0,0.0,0.0675887018442154,0.0
2021-2022,Fraser Forster,Southampton,GK,Goalkeeper,19,1710,0,0,0,0,1,0,0.0,0.0,0.0
2021-2022,Ryan Bertrand,Leicester,D,Defender,4,340,0,0,0,0,1,0,0.0,0.0,0.0
2021-2022,Freddie Woodman,Newcastle,GK,Goalkeeper,4,360,0,0,0,0,0,0,0.0,0.0,0.0
2021-2022,Paul Dummett,Newcastle,D,Defender,3,199,0,0,0,0,2,0,0.0,0.0,0.0
2021-2022,Jack Butland,Crystal Palace,GK,Goalkeeper,9,761,0,0,0,0,0,0,0.0,0.0,0.0
2021-2022,Ciaran Clark,Newcastle,D,Defender,13,1011,0,1,7,4,2,1,1.0101884100586176,0.1964803989976644,1.0101884100586176
2021-2022,Fabian Delph,Everton,M,Midfielder,11,663,0,0,2,4,2,0,0.035208499059081,0.0791699010878801,0.035208499059081
2021-2022,Erik Pieters,Burnley,D,Defender,12,722,0,1,7,2,1,0,0.1498642023652792,0.7618360780179501,0.1498642023652792
2021-2022,Sam Byram,Norwich,D,Defender,15,1019,0,0,7,4,3,0,0.3631415069103241,0.2558970004320144,0.3631415069103241
2021-2022,Axel Tuanzebe,Aston Villa,D,Defender,9,507,0,0,2,0,1,0,0.1548680998384952,0.0,0.1548680998384952
2021-2022,Phil Jones,Manchester United,D,Defender,4,162,0,0,0,0,0,0,0.0,0.0,0.0
2021-2022,Harry Winks,Tottenham,M,Midfielder,19,896,0,1,3,10,2,0,0.0675618015229702,1.5235150288790464,0.0675618015229702
2021-2022,Tim Krul,Norwich,GK,Goalkeeper,29,2610,0,0,0,1,1,0,0.0,0.4792070090770721,0.0
2021-2022,Joseph Gomez,Liverpool,D,Defender,8,333,0,1,1,3,2,0,0.0134656000882387,0.7109510749578476,0.0134656000882387
2021-2022,Luke Shaw,Manchester United,D,Defender,20,1609,0,3,6,39,8,0,0.1659515975043177,3.693639708682895,0.1659515975043177
2021-2022,Daniel Bachmann,Watford,GK,Goalkeeper,12,1080,0,0,0,0,0,0,0.0,0.0,0.0
2021-2022,Keinan Davis,Aston Villa,S,Midfielder,1,10,0,0,0,0,0,0,0.0,0.0,0.0
2021-2022,Jonjoe Kenny,Everton,D,Defender,15,1014,0,1,5,11,1,1,0.162637104280293,0.575873407535255,0.162637104280293
2021-2022,Samir,Watford,D,Defender,19,1682,0,0,8,2,4,0,0.385864295065403,0.142679501324892,0.385864295065403
2021-2022,Emerson,Chelsea,S,Midfielder,1,3,0,0,0,0,0,0,0.0,0.0,0.0
2021-2022,Alisson,Liverpool,GK,Goalkeeper,36,3240,0,1,0,1,0,0,0.0,0.1280680000782013,0.0
2021-2022,Moise Kean,Everton,S,Midfielder,1,1,0,0,0,0,0,0,0.0,0.0,0.0
2021-2022,Allan,Everton,M,Midfielder,28,2196,0,2,7,14,7,1,0.2409789022058248,0.6515110060572624,0.2409789022058248
2021-2022,Adam Masina,Watford,D,Defender,15,1073,0,1,5,7,0,0,0.2650031931698322,0.8211259916424751,0.2650031931698322
2021-2022,Emil Krafth,Newcastle,D,Defender,20,1636,0,1,6,6,5,0,0.2295664986595511,1.0393318198621273,0.2295664986595511
2021-2022,Johann Berg Gudmundsson,Burnley,M,Midfielder,18,1110,0,1,19,6,2,0,1.690343969501555,0.6487747821956873,1.690343969501555
2021-2022,Ashley Fletcher,Watford,S,Midfielder,3,24,0,0,2,0,0,0,0.4376537129282951,0.0,0.4376537129282951
2021-2022,Ben Gibson,Norwich,D,Defender,28,2496,0,0,8,3,3,1,1.3600882897153497,0.1156431129202246,1.3600882897153497
2021-2022,Adam Forshaw,Leeds,M,Midfielder,22,1524,0,1,14,13,5,0,0.4842451997101307,1.040744410827756,0.4842451997101307
2021-2022,Christian Kabasele,Watford,D,Defender,16,1188,0,0,7,2,0,0,1.3147067874670029,0.1767343990504741,1.3147067874670029
2021-2022,Jack Stephens,Southampton,D,Defender,11,806,0,0,0,4,3,0,0.0,0.2442820966243744,0.0
2021-2022,Eric Bailly,Manchester United,D,Defender,4,220,0,0,0,0,1,0,0.0,0.0,0.0
2021-2022,Kevin Long,Burnley,D,Defender,6,406,0,0,4,0,1,0,0.1382613042369485,0.0,0.1382613042369485
2021-2022,Ainsley Maitland-Niles,Arsenal,M,Midfielder,8,251,0,0,2,3,0,0,0.0297200987115502,0.2273624017834663,0.0297200987115502
2021-2022,Nampalys Mendy,Leicester,M,Midfielder,14,1041,0,0,1,1,3,0,0.0223916992545127,0.0271859001368284,0.0223916992545127
2021-2022,Lucas Digne,"Aston Villa,Everton",D,Defender,29,2446,0,4,18,52,6,0,0.8612118046730757,3.5197858130559325,0.8612118046730757
2021-2022,Alex Telles,Manchester United,D,Defender,21,1659,0,4,10,26,1,0,0.4515142934396863,2.16702869720757,0.4515142934396863
2021-2022,Vicente Guaita,Crystal Palace,GK,Goalkeeper,30,2659,0,0,0,0,2,0,0.0,0.0,0.0
2021-2022,Saúl Ñíguez,Chelsea,D,Defender,10,477,0,0,5,3,1,0,0.1444712989032268,0.1898052990436554,0.1444712989032268
2021-2022,Alphonse Areola,West Ham,GK,Goalkeeper,1,90,0,0,0,0,0,0,0.0,0.0,0.0
2021-2022,André Gomes,Everton,M,Midfielder,14,621,0,1,14,4,3,0,0.9899690942838788,0.1564361015334725,0.9899690942838788
2021-2022,Oleksandr Zinchenko,Manchester City,D,Defender,15,1026,0,4,12,16,0,0,0.4874951988458633,2.3100200556218624,0.4874951988458633
2021-2022,Issa Diop,West Ham,D,Defender,13,964,0,1,2,1,0,0,0.0562740005552768,0.2918309867382049,0.0562740005552768
2021-2022,Nicolas N&#039;Koulou,Watford,D,Defender,3,167,0,0,0,1,0,0,0.0,0.0129845002666115,0.0
2021-2022,Benjamin Mendy,Manchester City,D,Defender,1,80,0,0,0,2,0,0,0.0,0.2885279953479767,0.0
2021-2022,Hélder Costa,Leeds,S,Midfielder,1,20,0,0,1,0,0,0,0.0182210002094507,0.0,0.0182210002094507
2021-2022,Jonas Lössl,Brentford,GK,Goalkeeper,2,180,0,0,0,0,0,0,0.0,0.0,0.0
2021-2022,Morgan Sanson,Aston Villa,M,Midfielder,10,349,0,0,1,1,0,0,0.0118105998262763,0.0282062999904155,0.0118105998262763
2021-2022,Emiliano Martinez,Aston Villa,GK,Goalkeeper,36,3240,0,0,0,0,4,0,0.0,0.0,0.0
2021-2022,Jed Steer,Aston Villa,GK,Goalkeeper,1,90,0,0,0,0,0,0,0.0,0.0,0.0
2021-2022,Jean-Philippe Gbamin,Everton,M,Midfielder,3,67,0,0,0,0,0,0,0.0,0.0,0.0
2021-2022,Kiko Femenía,Watford,D,Defender,27,2157,0,5,3,23,2,0,0.061692101880908,3.5831768922507763,0.061692101880908
2021-2022,Kepa,Chelsea,GK,Goalkeeper,4,360,0,0,0,0,0,0,0.0,0.0,0.0
2021-2022,Álvaro Fernández,Brentford,GK,Goalkeeper,12,1080,0,0,0,0,0,0,0.0,0.0,0.0
2021-2022,Angus Gunn,Norwich,GK,Goalkeeper,9,810,0,0,0,0,0,0,0.0,0.0,0.0
2021-2022,Wilfred Ndidi,Leicester,D,Defender,19,1621,0,0,14,2,4,0,0.5835882108658552,0.0764130018651485,0.5835882108658552
2021-2022,Luka Milivojevic,Crystal Palace,M,Midfielder,15,776,0,0,8,10,1,0,0.2893700925633311,0.6418907046318054,0.2893700925633311
2021-2022,Nick Pope,Burnley,GK,Goalkeeper,36,3240,0,0,0,2,1,0,0.0,0.0706123001873493,0.0
2021-2022,Aaron Wan-Bissaka,Manchester United,D,Defender,20,1795,0,0,5,14,2,0,0.2879096958786249,0.9214209783822298,0.2879096958786249
2021-2022,Aaron Ramsdale,Arsenal,GK,Goalkeeper,34,3060,0,0,0,0,1,0,0.0,0.0,0.0
2021-2022,Malang Sarr,Chelsea,D,Defender,8,549,0,0,1,3,2,0,0.0206521991640329,0.3875728938728571,0.0206521991640329
2021-2022,Giovani Lo Celso,Tottenham,M,Midfielder,9,223,0,0,9,5,0,0,0.7339944131672382,1.0649308785796163,0.7339944131672382
2021-2022,Fernando Marçal,Wolverhampton,D,Defender,18,1468,0,0,11,10,3,0,0.6045070141553879,0.7216701917350292,0.6045070141553879
2021-2022,Jairo Riedewald,Crystal Palace,M,Midfielder,3,112,0,0,0,2,0,0,0.0,0.0536243990063667,0.0
2021-2022,Charlie Taylor,Burnley,D,Defender,31,2729,0,3,7,20,3,0,0.193946810439229,3.419749892316758,0.193946810439229
2021-2022,Solly March,Brighton,D,Defender,31,1723,0,2,21,34,1,0,1.4529976956546309,2.9942420180886984,1.4529976956546309
2021-2022,Dale Stephens,Burnley,M,Midfielder,3,121,0,0,1,1,1,0,0.0446144007146358,0.017272500321269,0.0446144007146358
2021-2022,Ederson,Manchester City,GK,Goalkeeper,37,3330,0,0,0,0,3,0,0.0,0.0,0.0
2021-2022,Victor Lindelöf,Manchester United,D,Defender,28,2349,0,2,3,4,4,0,0.1898377034813165,0.6558029912412167,0.1898377034813165
2021-2022,Will Hughes,Crystal Palace,M,Midfielder,16,1071,0,1,6,9,6,0,0.1357211954891681,0.9568462930619716,0.1357211954891681
2021-2022,Rodrigo Bentancur,Tottenham,M,Midfielder,17,1376,0,4,14,15,5,0,0.5784619925543666,3.092965390533209,0.5784619925543666
2021-2022,Nélson Semedo,Wolverhampton,D,Defender,25,2151,0,1,19,18,1,0,1.3901756666600704,1.3628809936344624,1.3901756666600704
2021-2022,Lyanco,Southampton,D,Defender,15,898,0,0,6,3,2,0,0.2554844003170728,0.1741070002317428,0.2554844003170728
2021-2022,Robin Koch,Leeds,D,Defender,20,1573,0,0,13,5,3,0,1.0864260611124337,0.2802755981683731,1.0864260611124337
2021-2022,Boubakary Soumare,Leicester,M,Midfielder,19,1102,0,1,6,6,0,0,0.3298372942954302,0.2856833077967167,0.3298372942954302
2021-2022,Joachim Andersen,Crystal Palace,D,Defender,34,2917,0,3,8,18,4,0,0.4841736005619168,1.383201688528061,0.4841736005619168
2021-2022,Ibrahima Konaté,Liverpool,D,Defender,11,990,0,0,4,0,2,0,0.205162601545453,0.0,0.205162601545453
2021-2022,Joe Rodon,Tottenham,S,Midfielder,3,86,0,0,0,0,0,0,0.0,0.0,0.0
2021-2022,Hamza Choudhury,Leicester,D,Defender,6,289,0,0,1,0,1,0,0.0202268008142709,0.0,0.0202268008142709
2021-2022,Nathan Ferguson,Crystal Palace,S,Midfielder,1,6,0,0,0,0,0,0,0.0,0.0,0.0
2021-2022,Cenk Tosun,Everton,S,Midfielder,1,2,0,0,0,0,0,0,0.0,0.0,0.0
2021-2022,Júnior Firpo,Leeds,D,Defender,24,1735,0,2,11,22,11,0,0.936143696308136,2.523067930713296,0.936143696308136
2021-2022,Reiss Nelson,Arsenal,S,Midfielder,1,18,0,0,1,1,0,0,0.037433598190546,0.0605892986059188,0.037433598190546
2021-2022,Romain Perraud,Southampton,D,Defender,20,1630,0,1,19,8,3,0,0.7305768830701709,0.4040513997897506,0.7305768830701709
2021-2022,Yerry Mina,Everton,D,Defender,13,842,0,0,6,1,3,0,0.2367649991065263,0.0255555994808673,0.2367649991065263
2021-2022,Martin Dubravka,Newcastle,GK,Goalkeeper,26,2340,0,0,0,2,1,0,0.0,0.0334176998585462,0.0
2021-2022,Oghenekaro Etebo,Watford,M,Midfielder,9,387,0,0,3,2,3,0,0.0375105999410152,0.1159276030957698,0.0375105999410152
2021-2022,Jürgen Locadia,Brighton,S,Midfielder,1,20,0,0,1,0,0,0,0.056097999215126,0.0,0.056097999215126
2021-2022,Ibrahima Diallo,Southampton,M,Midfielder,23,1008,0,2,8,16,1,0,0.3365836981683969,1.0428851870819926,0.3365836981683969
2021-2022,Dwight McNeil,Burnley,M,Midfielder,38,3130,0,1,52,47,1,0,2.4431664869189262,5.014778325334191,2.4431664869189262
2021-2022,Ryan Sessegnon,Tottenham,D,Defender,15,1065,0,2,6,14,2,0,0.3844358064234257,3.275636812672019,0.3844358064234257
2021-2022,Ken Sema,Watford,F,Forward,18,835,0,0,3,12,1,0,0.1488818004727363,1.5890225917100906,0.1488818004727363
2021-2022,Willy Boly,Wolverhampton,D,Defender,10,900,0,0,2,1,1,0,0.088927999138832,0.0629573017358779,0.088927999138832
2021-2022,Morgan Gibbs-White,Wolverhampton,S,Midfielder,2,4,0,0,2,0,1,0,0.0989101976156234,0.0,0.0989101976156234
2021-2022,Edouard Mendy,Chelsea,GK,Goalkeeper,34,3060,0,0,0,0,3,0,0.0,0.0,0.0
2021-2022,Ryan Fredericks,West Ham,D,Defender,7,296,0,0,0,2,1,0,0.0,0.1166129037737846,0.0
2021-2022,Mohammed Salisu,Southampton,D,Defender,34,2972,0,0,24,9,8,1,1.7930021919310093,0.5444615967571735,1.7930021919310093
2021-2022,Samuel Kalu,Watford,F,Forward,4,220,0,0,4,1,0,0,0.3926308043301105,0.2924529910087585,0.3926308043301105
2021-2022,Robin Olsen,Aston Villa,GK,Goalkeeper,1,90,0,0,0,0,0,0,0.0,0.0,0.0
2021-2022,William Troost-Ekong,Watford,D,Defender,17,1381,0,0,2,1,3,0,0.1041933977976441,0.0705595985054969,0.1041933977976441
2021-2022,Francisco Sierralta,Watford,D,Defender,5,430,0,0,1,0,0,0,0.0323923006653785,0.0,0.0323923006653785
2021-2022,Mathias Jensen,Brentford,M,Midfielder,31,1598,0,1,19,35,0,0,2.7016564928926528,3.1610329784452915,2.7016564928926528
2021-2022,Oliver Skipp,Tottenham,M,Midfielder,18,1340,0,0,4,8,6,0,0.1463643983006477,0.7628861851990223,0.1463643983006477
2021-2022,Jason Steele,Brighton,GK,Goalkeeper,1,90,0,0,0,0,0,0,0.0,0.0,0.0
2021-2022,Imran Louza,Watford,M,Midfielder,20,1443,0,0,17,15,6,0,1.1728496914729476,0.8327764142304659,1.1728496914729476
2021-2022,Yan Valery,Southampton,D,Defender,5,368,0,0,2,1,0,0,0.025073199532926,0.2550509870052337,0.025073199532926
2021-2022,Diogo Dalot,Manchester United,D,Defender,24,1790,0,0,13,16,4,0,0.660338506102562,0.8457392938435078,0.660338506102562
2021-2022,Ben White,Arsenal,D,Defender,32,2880,0,0,12,13,3,0,0.6877354960888624,1.1921783965080976,0.6877354960888624
2021-2022,Bryan Gil Salvatierra,Tottenham,S,Midfielder,9,76,0,0,1,2,0,0,0.100671000778675,0.1044243015348911,0.100671000778675
2021-2022,Ozan Kabak,Norwich,D,Defender,11,926,0,0,5,2,2,0,0.5807484108954668,0.0303338011726737,0.5807484108954668
2021-2022,Harvey Elliott,Liverpool,M,Midfielder,6,348,0,0,10,9,0,0,0.6139416918158531,0.5197128988802433,0.6139416918158531
2021-2022,Wesley Fofana,Leicester,D,Defender,7,630,0,0,3,2,2,0,0.5680099092423916,0.036049198359251,0.5680099092423916
2021-2022,Max Aarons,Norwich,D,Defender,34,2882,0,2,13,20,8,0,0.8394248560070992,1.7876457879319787,0.8394248560070992
2021-2022,Ben Godfrey,Everton,D,Defender,23,2034,0,0,18,12,6,0,1.3012615218758583,0.7069949032738805,1.3012615218758583
2021-2022,Jamal Lewis,Newcastle,D,Defender,5,261,0,0,0,1,1,0,0.0,0.0268901996314525,0.0
2021-2022,Todd Cantwell,Norwich,F,Forward,8,443,0,0,5,1,2,0,0.1200836393982172,0.30902099609375,0.1200836393982172
2021-2022,Moussa Djenepo,Southampton,M,Midfielder,12,449,0,0,11,6,3,0,1.276968114078045,0.2697714008390903,1.276968114078045
2021-2022,Trézéguet,Aston Villa,S,Midfielder,1,8,0,0,1,0,0,0,0.0504834987223148,0.0,0.0504834987223148
2021-2022,Wesley,Aston Villa,S,Midfielder,1,1,0,0,0,0,0,0,0.0,0.0,0.0
2021-2022,James Justin,Leicester,D,Defender,13,993,0,0,5,9,0,0,0.5318179950118065,0.8498176038265228,0.5318179950118065
2021-2022,Zack Steffen,Manchester City,GK,Goalkeeper,1,90,0,0,0,0,0,0,0.0,0.0,0.0
2021-2022,Caoimhin Kelleher,Liverpool,GK,Goalkeeper,2,180,0,0,0,0,0,0,0.0,0.0,0.0
2021-2022,Takehiro Tomiyasu,Arsenal,D,Defender,21,1688,0,1,11,12,2,0,0.3872380005195737,0.9992056842893362,0.3872380005195737
2021-2022,Billy Gilmour,Norwich,M,Midfielder,24,1864,0,1,18,25,2,0,0.8399608237668872,1.0502577098086476,0.8399608237668872
2021-2022,Christoph Zimmermann,Norwich,D,Defender,3,162,0,0,2,0,0,0,0.0377138992771506,0.0,0.0377138992771506
2021-2022,Aaron Connolly,Brighton,F,Forward,4,152,0,0,2,1,0,0,0.5994888693094254,0.3804109990596771,0.5994888693094254
2021-2022,Alex Kral,West Ham,S,Midfielder,1,1,0,0,0,0,0,0,0.0,0.0,0.0
2021-2022,Steven Alzate,Brighton,M,Midfielder,9,410,0,0,1,2,0,0,0.081243596971035,0.1467899978160858,0.081243596971035
2021-2022,Marvelous Nakamba,Aston Villa,M,Midfielder,16,905,0,0,0,2,5,0,0.0,0.0453882999718189,0.0
2021-2022,Brandon Williams,Norwich,D,Defender,26,2120,0,1,4,21,8,0,0.1553078973665833,1.9216502672061324,0.1553078973665833
2021-2022,Luke Cundle,Wolverhampton,M,Midfielder,4,181,0,0,0,2,0,0,0.0,0.534778505563736,0.0
2021-2022,Neco Williams,Liverpool,S,Midfielder,1,6,0,1,0,1,0,0,0.0,0.5961819887161255,0.0
2021-2022,Tyrick Mitchell,Crystal Palace,D,Defender,36,3100,0,2,4,21,1,0,0.2213800959289074,1.9149616742506623,0.2213800959289074
2021-2022,Japhet Tanganga,Tottenham,D,Defender,11,751,0,0,7,2,2,1,0.4486441053450107,0.2455720007419586,0.4486441053450107
2021-2022,William Smallbone,Southampton,F,Forward,4,136,0,0,1,1,0,0,0.0667079985141754,0.0509523004293441,0.0667079985141754
2021-2022,Tariq Lamptey,Brighton,D,Defender,30,1543,0,2,19,21,4,0,0.994467694312334,2.8592303851619363,0.994467694312334
2021-2022,Jeremy Ngakia,Watford,D,Defender,16,895,0,0,5,4,0,0,0.0931417010724544,0.8597987927496433,0.0931417010724544
2021-2022,Ki-Jana Hoever,Wolverhampton,D,Defender,8,304,0,0,1,1,1,0,0.0338299013674259,0.0863142982125282,0.0338299013674259
2021-2022,Pablo Marí,Arsenal,D,Defender,2,180,0,0,1,1,1,0,0.0315680988132953,0.4264909923076629,0.0315680988132953
2021-2022,Nathan Tella,Southampton,D,Defender,14,831,0,1,12,8,2,0,0.6766912061721087,0.6299310103058815,0.6766912061721087
2021-2022,Cole Palmer,Manchester City,F,Forward,4,123,0,0,4,2,0,0,0.2807210087776184,0.4464449882507324,0.2807210087776184
2021-2022,Lewis Bate,Leeds,M,Midfielder,3,152,0,0,1,0,0,0,0.0168890003114938,0.0,0.0168890003114938
2021-2022,Luke Thomas,Leicester,D,Defender,22,1915,0,1,4,12,2,0,0.1825287975370884,1.415246207267046,0.1825287975370884
2021-2022,Ellis Simms,Everton,F,Forward,1,63,0,0,0,0,0,0,0.0,0.0,0.0
2021-2022,Illan Meslier,Leeds,GK,Goalkeeper,38,3396,0,0,0,0,2,0,0.0,0.0,0.0
2021-2022,Kalvin Phillips,Leeds,D,Defender,20,1598,0,1,15,9,4,0,0.7691682074218988,1.1643210090696812,0.7691682074218988
2021-2022,Jamie Shackleton,Leeds,D,Defender,14,692,0,0,4,1,4,0,0.1673048976808786,0.0133306002244353,0.1673048976808786
2021-2022,Fabio Silva,Wolverhampton,F,Forward,22,558,0,0,19,3,0,0,2.74075729586184,0.4091929914429784,2.74075729586184
2021-2022,Liam Cooper,Leeds,D,Defender,21,1814,0,1,6,4,5,0,0.2801405992358923,0.132166001945734,0.2801405992358923
2021-2022,Konstantinos Tsimikas,Liverpool,D,Defender,13,866,0,2,8,25,3,0,0.6705739852041006,2.131006125360728,0.6705739852041006
2021-2022,Liam Delap,Manchester City,S,Midfielder,1,7,0,0,0,0,0,0,0.0,0.0,0.0
2021-2022,Vladimir Coufal,West Ham,D,Defender,28,2211,0,4,11,21,3,1,0.5571807976812124,2.711205866187811,0.5571807976812124
2021-2022,Robert Sánchez,Brighton,GK,Goalkeeper,37,3330,0,0,0,3,3,1,0.0,0.6362469159066677,0.0
2021-2022,Charlie Cresswell,Leeds,D,Defender,5,130,0,0,1,0,1,0,0.0630348995327949,0.0,0.0630348995327949
2021-2022,Jakub Moder,Brighton,D,Defender,28,1709,0,3,28,16,1,0,3.103548286482692,2.5826615393161774,3.103548286482692
2021-2022,Tyler Onyango,Everton,S,Midfielder,3,23,0,0,1,0,0,0,0.031716201454401,0.0,0.031716201454401
2021-2022,Dane Scarlett,Tottenham,S,Midfielder,1,2,0,0,0,0,0,0,0.0,0.0,0.0
2021-2022,Carney Chukwuemeka,Aston Villa,M,Midfielder,12,266,0,1,4,2,0,0,0.6268898099660873,0.9877786859869956,0.6268898099660873
2021-2022,Shola Shoretire,Manchester United,S,Midfielder,1,14,0,0,0,0,0,0,0.0,0.0,0.0
2021-2022,Jaden Philogene-Bidace,Aston Villa,S,Midfielder,1,1,0,0,0,0,0,0,0.0,0.0,0.0
2021-2022,Jesurun Rak-Sakyi,Crystal Palace,M,Midfielder,2,80,0,0,0,0,0,0,0.0,0.0,0.0
2021-2022,Isaac Price,Everton,S,Midfielder,1,10,0,0,1,0,0,0,0.2667869925498962,0.0,0.2667869925498962
2021-2022,Crysencio Summerville,Leeds,S,Midfielder,6,124,0,0,2,2,0,0,0.3223911002278328,0.0485542006790638,0.3223911002278328
2021-2022,Sam Greenwood,Leeds,M,Midfielder,7,222,0,2,4,4,0,0,0.2259839996695518,0.4314804896712303,0.2259839996695518
2021-2022,Cody Drameh,Leeds,D,Defender,3,122,0,0,0,1,1,0,0.0,0.023293599486351,0.0
2021-2022,Tim Iroegbunam,Aston Villa,M,Midfielder,3,91,0,0,1,0,1,0,0.100661002099514,0.0,0.100661002099514
2021-2022,Hannibal Mejbri,Manchester United,M,Midfielder,2,68,0,0,1,0,2,0,0.0454156994819641,0.0,0.0454156994819641
2021-2022,David Raya,Brentford,GK,Goalkeeper,24,2160,0,0,0,1,1,0,0.0,0.0409960001707077,0.0
2021-2022,Frank Onyeka,Brentford,M,Midfielder,20,1056,0,0,16,4,4,0,0.7653771908953786,0.1635156022384762,0.7653771908953786
2021-2022,Mads Bidstrup,Brentford,S,Midfielder,4,26,0,0,0,0,0,0,0.0,0.0,0.0
2021-2022,Mads Bech Sørensen,Brentford,D,Defender,11,841,0,0,2,7,3,0,0.0718619003891944,0.3418336026370525,0.0718619003891944
2021-2022,Marcus Forss,Brentford,F,Forward,7,183,0,1,5,1,0,0,0.2957523949444294,0.4205659925937652,0.2957523949444294
2021-2022,Charlie Goode,Brentford,D,Defender,6,446,0,0,2,7,3,0,0.0859932973980903,1.0358272045850754,0.0859932973980903
2021-2022,Albert Sambi Lokonga,Arsenal,M,Midfielder,19,1125,0,0,20,18,5,0,0.585317600518465,0.8354285042732954,0.585317600518465
2021-2022,Folarin Balogun,Arsenal,F,Forward,2,69,0,0,3,0,0,0,0.1574549973011016,0.0,0.1574549973011016
2021-2022,Kristoffer Klaesson,Leeds,S,Midfielder,1,24,0,0,0,0,0,0,0.0,0.0,0.0
2021-2022,Taylor Richards,Brighton,S,Midfielder,2,17,0,0,1,1,0,0,0.0214245002716779,0.0073145302012562,0.0214245002716779
2021-2022,José Sá,Wolverhampton,GK,Goalkeeper,37,3291,0,1,0,2,3,0,0.0,0.3950190022587776,0.0
2021-2022,Chem Campbell,Wolverhampton,S,Midfielder,1,9,0,0,0,0,0,0,0.0,0.0,0.0
2021-2022,Dimitris Giannoulis,Norwich,D,Defender,18,1170,0,1,2,9,2,0,0.1042813025414943,0.5381213938817382,0.1042813025414943
2021-2022,Christos Tzolis,Norwich,F,Forward,14,321,0,0,6,8,0,0,0.3333491999655962,0.7744663059711456,0.3333491999655962
2021-2022,Bali Mumba,Norwich,S,Midfielder,1,43,0,0,0,0,0,0,0.0,0.0,0.0
2021-2022,Jacob Sørensen,Norwich,D,Defender,10,595,0,0,5,0,0,0,0.1915943929925561,0.0,0.1915943929925561
2021-2022,Cameron Archer,Aston Villa,S,Midfielder,3,20,0,0,1,0,0,0,0.0282422993332147,0.0,0.0282422993332147
2021-2022,Dominic Thompson,Brentford,D,Defender,2,154,0,0,1,0,0,0,0.0252266004681587,0.0,0.0252266004681587
2021-2022,Finley Stevens,Brentford,S,Midfielder,1,11,0,0,0,1,0,0,0.0,0.0288881994783878,0.0
2021-2022,Liam McCarron,Leeds,S,Midfielder,1,6,0,0,0,0,0,0,0.0,0.0,0.0
2021-2022,Ozan Tufan,Watford,M,Midfielder,7,341,0,0,3,4,0,0,0.3498202944174409,0.2649289965629577,0.3498202944174409
2021-2022,Stuart McKinstry,Leeds,S,Midfielder,1,1,0,0,0,0,0,0,0.0,0.0,0.0
2021-2022,Lewis Dobbin,Everton,S,Midfielder,3,29,0,0,0,0,1,0,0.0,0.0,0.0
2021-2022,Leo Fuhr Hjelde,Leeds,S,Midfielder,2,150,0,0,0,1,0,0,0.0,0.0237415991723537,0.0
2021-2022,Jeremy Sarmiento,Brighton,M,Midfielder,5,35,0,0,0,0,0,0,0.0,0.0,0.0
2021-2022,Harrison Ashby,West Ham,S,Midfielder,1,6,0,0,0,0,0,0,0.0,0.0,0.0
2021-2022,Tyler Morton,Liverpool,M,Midfielder,2,68,0,0,0,0,1,0,0.0,0.0,0.0
2021-2022,Tariqe Fosu-Henry,Brentford,S,Midfielder,1,15,0,0,1,0,0,0,0.0535814985632896,0.0,0.0535814985632896
2021-2022,Przemyslaw Placheta,Norwich,F,Forward,12,513,0,0,8,4,1,0,0.3959100972861051,0.588469609618187,0.3959100972861051
2021-2022,Kaide Gordon,Liverpool,S,Midfielder,1,7,0,0,1,0,0,0,0.4911209940910339,0.0,0.4911209940910339
2021-2022,James McAtee,Manchester City,S,Midfielder,2,15,0,0,1,0,0,0,0.0886486992239952,0.0,0.0886486992239952
2021-2022,Sonny Perkins,West Ham,S,Midfielder,1,1,0,0,0,0,0,0,0.0,0.0,0.0
2021-2022,Nathan Young-Coombes,Brentford,S,Midfielder,1,1,0,0,0,0,0,0,0.0,0.0,0.0
2021-2022,Kasey McAteer,Leicester,S,Midfielder,1,1,0,0,0,0,0,0,0.0,0.0,0.0
2021-2022,Lewis Brunt,Leicester,S,Midfielder,1,22,0,0,0,0,0,0,0.0,0.0,0.0
2021-2022,Jonathan Rowe,Norwich,S,Midfielder,13,179,0,1,3,5,0,0,0.1985375955700874,0.4054669924080372,0.1985375955700874
2021-2022,CJ Egan-Riley,Manchester City,S,Midfielder,1,1,0,0,0,0,0,0,0.0,0.0,0.0
2021-2022,Evan Ferguson,Brighton,S,Midfielder,1,20,0,0,0,0,0,0,0.0,0.0,0.0
2021-2022,Kayky,Manchester City,S,Midfielder,1,5,0,0,0,0,0,0,0.0,0.0,0.0
2021-2022,Edo Kayembe,Watford,M,Midfielder,13,793,0,0,6,6,0,0,0.1361862020567059,0.4214938841760158,0.1361862020567059
2021-2022,Toti,Wolverhampton,D,Defender,4,360,0,0,1,0,1,0,0.036618199199438,0.0,0.036618199199438
2021-2022,Chiquinho,Wolverhampton,D,Defender,8,191,0,3,5,5,0,0,0.5611130073666573,1.0862637870013714,0.5611130073666573
2021-2022,Josh Dasilva,Brentford,F,Forward,9,242,0,0,1,3,0,1,0.1019859984517097,0.1823378056287765,0.1019859984517097
2021-2022,Daniel Chesters,West Ham,S,Midfielder,1,1,0,0,0,0,0,0,0.0,0.0,0.0
2021-2022,Tony Springett,Norwich,M,Midfielder,3,138,0,0,1,2,1,0,0.5181649923324585,0.5140159726142883,0.5181649923324585
2021-2022,Alejandro Garnacho,Manchester United,S,Midfielder,2,11,0,0,0,0,0,0,0.0,0.0,0.0
2022-2023,Erling Haaland,Manchester City,F,Forward,35,2803,36,8,123,29,5,0,32.761399537324905,5.8491098545491695,27.433209866285324
2022-2023,Harry Kane,Tottenham,F,Forward,38,3414,30,3,133,57,6,0,23.06444012373686,7.547407771460712,18.49742721766233
2022-2023,Ivan Toney,Brentford,F,Forward,33,2960,20,4,94,26,9,0,21.69119757413864,4.909892840310931,16.363018790259957
2022-2023,Mohamed Salah,Liverpool,F,Forward,38,3307,19,12,125,65,2,0,23.340063713490963,8.720245610922575,20.2953876554966
2022-2023,Callum Wilson,Newcastle,F,Forward,31,1911,18,5,73,24,4,0,18.856768030673265,3.567963434383273,16.57326026633382
2022-2023,Marcus Rashford,Manchester United,F,Forward,35,2907,17,5,108,31,2,0,18.761760517954823,3.735412929207087,18.761760517954823
2022-2023,Martin Odegaard,Arsenal,M,Midfielder,37,3203,15,7,93,77,4,0,9.137760860845448,9.209956639446318,9.137760860845448
2022-2023,Gabriel Martinelli,Arsenal,F,Forward,36,2851,15,5,79,59,3,0,10.538134384900331,9.349485490471125,10.538134384900331
2022-2023,Ollie Watkins,Aston Villa,F,Forward,37,3150,15,6,85,30,4,0,17.486295863986015,3.674034003168345,15.963956996798515
2022-2023,Aleksandar Mitrovic,Fulham,F,Forward,24,2022,14,1,93,15,7,0,16.17901684064418,2.334498234093189,10.089664130471649
2022-2023,Bukayo Saka,Arsenal,F,Forward,38,3216,14,11,89,75,6,0,11.300049655139446,7.042980744503439,9.01654163748026
2022-2023,Rodrigo,Leeds,F,Forward,31,1955,13,1,67,16,6,0,8.572983920574188,2.298705962486565,7.811814919114113
2022-2023,Harvey Barnes,Leicester,F,Forward,34,2738,13,1,72,19,3,0,9.120478011667728,3.107304636389017,9.120478011667728
2022-2023,Roberto Firmino,Liverpool,F,Forward,25,1203,11,4,39,21,0,0,8.122956335544586,3.054840091615916,8.122956335544586
2022-2023,Gabriel Jesus,Arsenal,F,Forward,26,2107,11,6,77,31,6,0,16.171134389936924,4.243733491748571,15.409974373877048
2022-2023,Phil Foden,Manchester City,F,Forward,32,1837,11,6,46,44,1,0,6.185852009803057,5.697479462251067,6.185852009803057
2022-2023,Miguel Almirón,Newcastle,F,Forward,34,2550,11,2,69,26,2,0,8.727059464901686,2.9551383573561907,8.727059464901686
2022-2023,Son Heung-Min,Tottenham,F,Forward,36,2920,10,6,81,62,2,0,9.597895424813032,6.334341483190656,9.597895424813032
2022-2023,Alexander Isak,Newcastle,F,Forward,22,1530,10,1,51,15,3,0,8.784851711243391,1.7707323329523206,7.262516763061285
2022-2023,James Maddison,Leicester,F,Forward,30,2485,10,9,85,69,10,0,8.489387180656195,7.773198906332254,6.967049431055784
2022-2023,Taiwo Awoniyi,Nottingham Forest,F,Forward,27,1426,10,1,35,10,2,0,8.0510318800807,1.02802275121212,8.0510318800807
2022-2023,Alexis Mac Allister,Brighton,M,Midfielder,35,2882,10,2,86,47,8,0,11.532242968678474,3.928120201453567,6.965230006724596
2022-2023,Eberechi Eze,Crystal Palace,F,Forward,38,2657,10,4,70,57,3,0,6.831764040514827,4.619440779089928,6.070595199242234
2022-2023,Pascal Groß,Brighton,D,Defender,37,3261,9,8,40,80,6,0,5.954401790164411,11.246030485257506,5.954401790164411
2022-2023,James Ward-Prowse,Southampton,M,Midfielder,38,3378,9,4,44,72,6,0,5.408911099657416,6.058508426882327,2.3642341531813145
2022-2023,Bryan Mbeumo,Brentford,F,Forward,38,2991,9,8,71,52,5,0,10.100785619579256,7.65799580514431,9.339616828598082
2022-2023,Darwin Núñez,Liverpool,F,Forward,29,1702,9,3,84,28,1,1,14.374805428087711,5.6468874625861645,14.374805428087711
2022-2023,Julián Álvarez,Manchester City,F,Forward,31,1416,9,0,47,18,0,0,7.753276175819337,2.0468210969120264,6.992107159458101
2022-2023,Ilkay Gündogan,Manchester City,M,Midfielder,31,2369,8,4,54,37,0,0,7.842695340514183,3.444544769823551,7.081526502966881
2022-2023,Danny Ings,"Aston Villa,West Ham",F,Forward,35,1562,8,2,42,15,4,0,8.25754163786769,1.4635955430567265,6.735200669616461
2022-2023,Bruno Fernandes,Manchester United,M,Midfielder,37,3326,8,8,92,118,6,0,9.385456696152689,17.266709440387785,7.863118812441826
2022-2023,Leandro Trossard,"Arsenal,Brighton",D,Defender,36,2263,8,12,55,47,1,0,7.068454213440418,6.358577378094196,7.068454213440418
2022-2023,Brennan Johnson,Nottingham Forest,F,Forward,38,2952,8,3,55,28,6,0,8.266518421471119,3.7432961594313374,5.983012191951275
2022-2023,Granit Xhaka,Arsenal,M,Midfielder,37,3039,7,7,40,46,4,0,5.785433189943433,4.802904064767063,5.785433189943433
2022-2023,Kevin De Bruyne,Manchester City,M,Midfielder,32,2448,7,16,65,97,1,0,4.7582743894308805,16.31964398175478,4.7582743894308805
2022-2023,Wilfried Zaha,Crystal Palace,F,Forward,27,2308,7,2,66,26,5,0,7.797594489529729,2.760253319516778,6.275257470086217
2022-2023,Kai Havertz,Chelsea,F,Forward,35,2613,7,1,71,38,5,0,12.77656376361847,3.5748752877116203,12.015389770269394
2022-2023,Yoane Wissa,Brentford,F,Forward,38,1583,7,3,32,13,3,0,5.207585535943508,2.6399280801415443,5.207585535943508
2022-2023,Philip Billing,Bournemouth,F,Forward,36,2822,7,1,38,27,5,0,4.894198485650122,3.457261343486607,4.894198485650122
2022-2023,Dwight McNeil,Everton,D,Defender,36,2512,7,3,46,51,5,0,3.871220519766212,7.44360885117203,3.871220519766212
2022-2023,Diogo Jota,Liverpool,F,Forward,22,1132,7,4,35,17,2,0,6.437793597579002,1.7756053674966097,6.437793597579002
2022-2023,Kaoru Mitoma,Brighton,D,Defender,33,2306,7,5,52,40,0,0,9.245785741135478,7.035773795098066,9.245785741135478
2022-2023,Cody Gakpo,Liverpool,F,Forward,21,1483,7,2,39,23,0,0,6.554539561271668,2.981710772961378,6.554539561271668
2022-2023,Joelinton,Newcastle,F,Forward,32,2677,6,1,51,26,12,0,6.252544686198235,3.116438364610076,6.252544686198235
2022-2023,Danny Welbeck,Brighton,F,Forward,31,1868,6,3,62,30,0,0,9.550176788121462,5.098056230694056,9.550176788121462
2022-2023,Anthony Martial,Manchester United,F,Forward,21,987,6,2,27,12,0,0,7.3281096909195185,1.756760749965906,6.566943714395165
2022-2023,Raheem Sterling,Chelsea,D,Defender,28,1919,6,3,41,34,4,0,7.405153378844261,4.861129405908287,7.405153378844261
2022-2023,Dominic Solanke,Bournemouth,F,Forward,33,2874,6,7,76,21,2,0,9.317674346268175,3.957623152993619,9.317674346268175
2022-2023,Jarrod Bowen,West Ham,F,Forward,38,3245,6,5,75,48,2,0,10.004229810088871,6.90739019960165,8.48189047165215
2022-2023,Said Benrahma,West Ham,F,Forward,35,2070,6,3,73,48,0,0,6.350573148578405,4.756499437615275,3.3058972023427486
2022-2023,Solly March,Brighton,D,Defender,33,2745,6,7,73,65,2,0,8.069857582449913,9.567008880898356,8.069857582449913
2022-2023,Douglas Luiz,Aston Villa,M,Midfielder,37,2947,6,6,34,45,6,1,3.191290902905166,4.567880779504776,3.191290902905166
2022-2023,Jadon Sancho,Manchester United,F,Forward,26,1710,6,3,21,43,0,0,3.789094930514693,4.790035545825958,3.789094930514693
2022-2023,Rúben Neves,Wolverhampton,D,Defender,35,3022,6,1,67,32,12,0,5.006285472773016,1.8384296027943487,2.722779172472656
2022-2023,Daniel Podence,Wolverhampton,F,Forward,32,1769,6,0,43,37,5,0,3.7195267919451,2.4171172585338354,3.7195267919451
2022-2023,Jacob Ramsey,Aston Villa,M,Midfielder,35,2675,6,7,33,42,5,0,5.228078290820122,5.728406075388193,5.228078290820122
2022-2023,Evan Ferguson,Brighton,F,Forward,19,950,6,2,36,11,1,0,5.667327303439379,0.6870213840156794,5.667327303439379
2022-2023,Michail Antonio,West Ham,F,Forward,33,1847,5,3,39,15,2,0,7.201865157112479,1.6608268171548843,7.201865157112479
2022-2023,Kelechi Iheanacho,Leicester,F,Forward,28,1120,5,5,39,22,0,0,6.133550511673093,3.7054135501384735,5.372381644323468
2022-2023,Jack Grealish,Manchester City,F,Forward,28,2083,5,7,41,50,3,0,4.998198181390762,7.464956499636173,4.998198181390762
2022-2023,Willian,Fulham,M,Midfielder,27,2174,5,5,41,51,2,0,3.383236724883318,5.042201226577163,3.383236724883318
2022-2023,Riyad Mahrez,Manchester City,F,Forward,30,1941,5,10,43,51,2,0,5.864552567712963,6.157492842525244,5.1033805115148425
2022-2023,Abdoulaye Doucouré,Everton,M,Midfielder,25,1519,5,2,20,22,6,1,3.214016545563936,2.4725133273750544,3.214016545563936
2022-2023,Jefferson Lerma,Bournemouth,D,Defender,37,3263,5,0,35,18,7,0,3.15503668319434,2.628147560171783,3.15503668319434
2022-2023,Emiliano Buendía,Aston Villa,F,Forward,38,2446,5,2,49,40,0,0,5.6266536470502615,4.373138631694019,5.6266536470502615
2022-2023,Odsonne Edouard,Crystal Palace,F,Forward,35,1819,5,2,39,17,3,0,5.535292422398925,1.2745107971131802,5.535292422398925
2022-2023,Rodrigo Bentancur,Tottenham,M,Midfielder,18,1516,5,2,15,11,8,0,2.4369436921551824,0.6443385947495699,2.4369436921551824
2022-2023,Morgan Gibbs-White,"Nottingham Forest,Wolverhampton Wanderers",F,Forward,37,3170,5,8,62,67,6,0,6.6556903049349785,7.807910647243261,5.133352592587471
2022-2023,Mathias Jensen,Brentford,M,Midfielder,37,2898,5,6,23,48,5,0,1.9304941780865192,3.59164313133806,1.9304941780865192
2022-2023,Carlos Vinicius,Fulham,F,Forward,28,1079,5,2,21,8,3,0,3.5915758907794952,0.5233518667519093,3.5915758907794952
2022-2023,Che Adams,Southampton,F,Forward,28,2019,5,3,47,24,1,0,7.306276918388903,2.7257514875382185,7.306276918388903
2022-2023,Jack Harrison,Leeds,D,Defender,36,2793,5,7,39,53,2,0,5.013850751332939,5.010656230151653,5.013850751332939
2022-2023,Marcus Tavernier,Bournemouth,D,Defender,23,1770,5,4,37,17,1,0,3.9280984150245786,2.7044622469693422,3.9280984150245786
2022-2023,Deniz Undav,Brighton,F,Forward,22,594,5,0,27,8,2,0,5.5473707262426615,1.1680052187293768,5.5473707262426615
2022-2023,Luis Sinisterra,Leeds,F,Forward,19,891,5,0,28,9,1,1,3.361706962808966,0.3890431001782417,3.361706962808966
2022-2023,Pierre-Emile Højbjerg,Tottenham,M,Midfielder,35,3137,4,5,33,30,5,0,1.5295524531975389,3.1992804715409875,1.5295524531975389
2022-2023,Jordan Ayew,Crystal Palace,F,Forward,38,2738,4,3,32,30,5,0,2.751328118145466,3.050740525126457,2.751328118145466
2022-2023,Demarai Gray,Everton,F,Forward,33,2520,4,1,59,36,3,0,6.325153514742851,3.608845199458301,4.802815888077021
2022-2023,Patrick Bamford,Leeds,F,Forward,28,1523,4,2,50,12,3,0,9.774512918666003,1.0358418971300123,8.252171130850911
2022-2023,Andreas Pereira,Fulham,M,Midfielder,33,2765,4,6,62,60,8,0,6.426880993880332,4.836930306628346,5.665711977519095
2022-2023,Casemiro,Manchester United,M,Midfielder,28,2127,4,3,34,28,7,2,3.140908549539745,3.8724323799833655,3.140908549539745
2022-2023,Bernardo Silva,Manchester City,D,Defender,34,2194,4,5,25,30,5,0,2.2564154639840126,3.916250504553318,2.2564154639840126
2022-2023,Leon Bailey,Aston Villa,F,Forward,33,2031,4,4,51,30,4,0,4.778411947190762,5.5339578883722425,4.778411947190762
2022-2023,Declan Rice,West Ham,M,Midfielder,37,3268,4,1,36,36,5,0,2.2349475855007768,2.33805207721889,1.4737785691395402
2022-2023,Jacob Murphy,Newcastle,F,Forward,36,1215,4,2,29,20,0,0,3.697086520493031,2.68278655782342,3.697086520493031
2022-2023,Eddie Nketiah,Arsenal,F,Forward,30,1017,4,1,41,9,3,0,9.223067251965404,1.481980249285698,9.223067251965404
2022-2023,Bobby Reid,Fulham,D,Defender,36,2511,4,1,31,18,8,0,4.226093959063292,1.5008238069713116,4.226093959063292
2022-2023,Lucas Paquetá,West Ham,F,Forward,28,2209,4,3,53,32,5,0,5.04679605551064,2.8692219518125057,4.285627054050565
2022-2023,João Félix,Chelsea,F,Forward,16,953,4,0,46,6,1,1,4.288620352745056,0.6466051954776049,4.288620352745056
2022-2023,Anthony Gordon,"Everton,Newcastle United",F,Forward,32,1564,4,0,34,14,7,0,5.549364037811756,1.411392219364643,5.549364037811756
2022-2023,Bruno Guimarães,Newcastle,M,Midfielder,32,2762,4,5,28,42,7,0,2.726729958318174,3.806102696806192,2.726729958318174
2022-2023,Crysencio Summerville,Leeds,F,Forward,28,1391,4,2,29,16,4,0,3.559207702055573,1.4241413976997137,3.559207702055573
2022-2023,Patson Daka,Leicester,F,Forward,30,1164,4,4,30,17,2,0,4.064196912571788,2.733729289844632,4.064196912571788
2022-2023,Josh Dasilva,Brentford,M,Midfielder,36,1374,4,2,18,12,1,0,1.5916067343205214,2.080403374508024,1.5916067343205214
2022-2023,Luis Díaz,Liverpool,F,Forward,17,997,4,2,27,13,2,0,3.568711277097464,1.9563428275287151,3.568711277097464
2022-2023,Manor Solomon,Fulham,M,Midfielder,19,536,4,0,11,6,0,0,1.042859235778451,0.3249989273026585,1.042859235778451
2022-2023,Kieffer Moore,Bournemouth,F,Forward,27,1273,4,0,23,5,1,0,4.823006581515074,0.5260727815330029,4.823006581515074
2022-2023,Julio Enciso,Brighton,F,Forward,20,798,4,2,38,13,1,0,4.214253352954984,1.779839888215065,4.214253352954984
2022-2023,Antony,Manchester United,F,Forward,25,1841,4,2,72,28,5,0,5.857848301529884,2.37078566942364,5.857848301529884
2022-2023,Carlos Alcaraz,Southampton,F,Forward,18,1050,4,2,24,5,3,0,1.9036163073033088,0.8085567876696587,1.9036163073033088
2022-2023,Jamie Vardy,Leicester,F,Forward,37,1832,3,4,28,14,1,0,6.644154226407409,1.7369483597576618,5.882985373958945
2022-2023,Jeffrey Schlupp,Crystal Palace,D,Defender,34,2562,3,1,28,18,7,0,3.445598446764052,2.2960132341831923,3.445598446764052
2022-2023,Virgil van Dijk,Liverpool,D,Defender,32,2839,3,1,30,7,3,0,3.122492080554366,1.1658173147588968,3.122492080554366
2022-2023,Harrison Reed,Fulham,M,Midfielder,37,2911,3,4,20,35,5,0,2.1825738195329905,3.5145126404240727,2.1825738195329905
2022-2023,Ben Mee,Brentford,D,Defender,37,3278,3,1,27,7,2,0,3.22416146285832,1.680261291563511,3.22416146285832
2022-2023,Thomas Partey,Arsenal,D,Defender,33,2484,3,0,28,26,5,0,2.229622021317482,1.9341314993798733,2.229622021317482
2022-2023,Pablo Fornals,West Ham,F,Forward,32,1507,3,1,27,19,0,0,1.7289359364658594,2.018738079816103,1.7289359364658594
2022-2023,Chris Wood,"Newcastle United,Nottingham Forest",F,Forward,25,808,3,0,12,6,0,0,3.433256816118956,0.3606983013451099,2.672087784856558
2022-2023,Gabriel,Arsenal,D,Defender,38,3416,3,0,32,5,5,0,4.335554586723447,0.1663138093426823,4.335554586723447
2022-2023,Youri Tielemans,Leicester,M,Midfielder,31,2365,3,2,31,30,4,0,2.239441570825875,4.528865018859506,0.7171045774593949
2022-2023,Gianluca Scamacca,West Ham,F,Forward,16,940,3,0,30,13,3,0,2.5387633964419365,1.1296455087140205,2.5387633964419365
2022-2023,Reiss Nelson,Arsenal,S,Midfielder,11,174,3,2,12,8,0,0,1.8955533094704151,1.2082199901342392,1.8955533094704151
2022-2023,Joe Willock,Newcastle,M,Midfielder,35,2634,3,6,58,40,1,0,7.266156509518623,7.388796498999,7.266156509518623
2022-2023,Curtis Jones,Liverpool,M,Midfielder,18,1059,3,1,15,14,2,0,1.2679023258388042,1.010046985000372,1.2679023258388042
2022-2023,Pedro Porro,Tottenham,D,Defender,15,1154,3,3,25,25,0,0,1.3973288014531136,2.532236455008388,1.3973288014531136
2022-2023,Mason Mount,Chelsea,F,Forward,24,1682,3,2,33,29,4,0,2.1364672761410475,3.0019248109310865,2.1364672761410475
2022-2023,Hee-Chan Hwang,Wolverhampton,F,Forward,27,1117,3,1,18,10,1,0,2.164069874212146,0.8787439614534378,2.164069874212146
2022-2023,Conor Gallagher,Chelsea,M,Midfielder,35,1590,3,1,28,21,9,1,2.5371697302907705,2.6282018795609474,2.5371697302907705
2022-2023,Ethan Pinnock,Brentford,D,Defender,30,2700,3,0,15,8,0,0,3.5859055295586586,0.6192105077207088,3.5859055295586586
2022-2023,Vitaly Janelt,Brentford,D,Defender,35,2206,3,1,14,16,3,0,2.191264372318983,1.4620734620839355,2.191264372318983
2022-2023,Alejandro Garnacho,Manchester United,M,Midfielder,19,555,3,2,24,3,3,0,3.8779171984642735,1.1436776779592035,3.8779171984642735
2022-2023,João Palhinha,Fulham,M,Midfielder,35,3124,3,0,38,7,14,0,2.6951698008924723,0.275451373308897,2.6951698008924723
2022-2023,Jaidon Anthony,Bournemouth,D,Defender,30,1204,3,1,21,12,2,0,1.7566156624816358,0.9099286124110222,1.7566156624816358
2022-2023,Rasmus Kristensen,Leeds,D,Defender,26,1964,3,1,13,8,4,0,0.789253355935216,1.2889635181054473,0.789253355935216
2022-2023,Danilo,Nottingham Forest,M,Midfielder,13,999,3,2,15,9,1,0,1.6606165627017615,0.8088494967669249,1.6606165627017615
2022-2023,Adam Lallana,Brighton,F,Forward,16,742,2,1,8,14,0,0,1.1926603838801384,0.9687040857970716,1.1926603838801384
2022-2023,Alex Iwobi,Everton,F,Forward,38,3388,2,7,42,64,2,0,2.7482709400355816,6.127815451472998,2.7482709400355816
2022-2023,Theo Walcott,Southampton,F,Forward,20,1149,2,2,20,15,1,0,3.126369597390294,1.8109254278242588,3.126369597390294
2022-2023,John Stones,Manchester City,D,Defender,23,1852,2,2,11,8,2,0,1.3161899587139487,1.4483567401766777,1.3161899587139487
2022-2023,Eric Dier,Tottenham,D,Defender,33,2815,2,1,17,7,4,0,1.4715977106243372,1.6204578075557947,1.4715977106243372
2022-2023,Ben Davies,Tottenham,D,Defender,31,2295,2,2,14,20,4,0,0.9933742862194777,2.469028750434518,0.9933742862194777
2022-2023,Bertrand Traoré,Aston Villa,M,Midfielder,8,216,2,0,9,1,1,0,0.856813095510006,0.0698933973908424,0.856813095510006
2022-2023,Ben Chilwell,Chelsea,D,Defender,23,1418,2,2,16,21,3,0,1.465110638178885,1.9936782559379933,1.465110638178885
2022-2023,Adama Traoré,Wolverhampton,F,Forward,34,1452,2,1,19,23,2,0,1.420078607276082,3.147219412028789,1.420078607276082
2022-2023,Kurt Zouma,West Ham,D,Defender,25,1990,2,0,19,1,0,0,2.125173594802618,0.056879699230194,2.125173594802618
2022-2023,Kalidou Koulibaly,Chelsea,D,Defender,23,1809,2,1,11,7,5,1,1.0540769854560494,0.305135702714324,1.0540769854560494
2022-2023,Jorginho,"Arsenal,Chelsea",M,Midfielder,32,2138,2,1,11,12,4,0,1.7956794500350952,0.5555977635085583,0.273341417312622
2022-2023,Trent Alexander-Arnold,Liverpool,D,Defender,37,2954,2,9,40,71,5,0,1.8788890931755304,13.222441317513583,1.8788890931755304
2022-2023,João Cancelo,Manchester City,D,Defender,17,1289,2,1,17,12,3,1,0.5918373949825764,0.8360136020928621,0.5918373949825764
2022-2023,Rodri,Manchester City,D,Defender,36,2938,2,6,50,32,5,0,4.119232214987278,4.539481725543737,4.119232214987278
2022-2023,Adam Armstrong,Southampton,F,Forward,30,1333,2,1,25,11,2,0,2.4375014984980226,1.730416551232338,2.4375014984980226
2022-2023,Dominic Calvert-Lewin,Everton,F,Forward,17,1197,2,1,31,9,3,0,6.498087804764509,1.2365073096007109,5.736918967217207
2022-2023,Daniel James,"Fulham,Leeds",F,Forward,24,790,2,1,16,8,0,0,2.1174327954649925,1.5898781195282936,2.1174327954649925
2022-2023,Harry Wilson,Fulham,M,Midfielder,29,1087,2,3,18,12,1,0,1.8703890815377235,1.3884916454553604,1.8703890815377235
2022-2023,Jean-Philippe Mateta,Crystal Palace,F,Forward,29,717,2,0,28,5,3,0,3.308864532038569,0.4064396023750305,3.308864532038569
2022-2023,Timothy Castagne,Leicester,D,Defender,37,3257,2,3,18,21,3,0,1.9257993642240765,3.172707935795188,1.9257993642240765
2022-2023,Romain Perraud,Southampton,D,Defender,29,1842,2,2,29,15,4,0,1.2091420125216246,2.266822852194309,1.2091420125216246
2022-2023,Yerry Mina,Everton,D,Defender,7,606,2,0,8,1,2,0,1.6610938757658005,0.0843361243605613,1.6610938757658005
2022-2023,Dejan Kulusevski,Tottenham,F,Forward,30,2120,2,7,43,47,2,0,2.6102962754666805,5.482720654457808,2.6102962754666805
2022-2023,Fred,Manchester United,M,Midfielder,35,1207,2,2,26,30,6,0,2.2472731824964285,2.549862952902913,2.2472731824964285
2022-2023,Tom Cairney,Fulham,M,Midfielder,33,929,2,0,21,12,2,0,1.549193875864148,1.6246961504220965,1.549193875864148
2022-2023,Ryan Sessegnon,Tottenham,D,Defender,17,810,2,0,18,6,4,0,2.117515377700329,1.040791004896164,2.117515377700329
2022-2023,William Saliba,Arsenal,D,Defender,27,2418,2,1,6,6,4,0,0.8184554874897003,1.120013577863574,0.8184554874897003
2022-2023,Stuart Armstrong,Southampton,M,Midfielder,32,1408,2,1,23,18,6,0,2.106476968154311,2.606352062895894,2.106476968154311
2022-2023,Naif Aguerd,West Ham,D,Defender,18,1600,2,0,12,6,4,0,2.5115839689970016,0.6282200030982494,2.5115839689970016
2022-2023,Matheus Cunha,Wolverhampton,F,Forward,17,978,2,0,26,8,1,0,1.591183171607554,0.8713507484644651,1.591183171607554
2022-2023,Ben White,Arsenal,D,Defender,38,3094,2,5,10,27,5,0,0.9820632422342896,4.293553752824664,0.9820632422342896
2022-2023,Emerson,Tottenham,D,Defender,26,1733,2,1,17,9,2,1,1.7453065998852253,0.4839589893817901,1.7453065998852253
2022-2023,Tomas Soucek,West Ham,M,Midfielder,36,2839,2,3,34,15,3,0,3.82576912175864,1.9310189355164769,3.82576912175864
2022-2023,Luke Ayling,Leeds,D,Defender,29,2030,2,1,24,12,3,0,2.712577499449253,1.8191682416945696,2.712577499449253
2022-2023,Pascal Struijk,Leeds,D,Defender,29,2217,2,1,16,13,5,0,1.3350814320147038,2.1753706987947226,1.3350814320147038
2022-2023,Emmanuel Dennis,Nottingham Forest,F,Forward,19,705,2,2,21,7,3,0,1.5486181434243915,0.5363962892442942,1.5486181434243915
2022-2023,Fabio Carvalho,Liverpool,F,Forward,13,330,2,0,11,1,0,0,1.1579107120633123,0.1046279966831207,1.1579107120633123
2022-2023,Kamaldeen Sulemana,Southampton,F,Forward,18,950,2,1,25,14,1,0,1.679018633440137,1.4270181329920888,1.679018633440137
2022-2023,Kiernan Dewsbury-Hall,Leicester,F,Forward,31,2334,2,2,26,39,3,1,1.8549880683422089,3.0710923951119184,1.8549880683422089
2022-2023,Matias Viña,Bournemouth,D,Defender,12,453,2,0,9,2,1,0,0.7529756985604763,0.1579136550426483,0.7529756985604763
2022-2023,Michael Olise,Crystal Palace,F,Forward,37,2774,2,11,51,72,2,0,2.659285433590412,7.174625148996711,2.659285433590412
2022-2023,Joe Ayodele-Aribo,Southampton,F,Forward,21,1224,2,0,14,9,2,0,2.054455615580082,0.9876715950667858,2.054455615580082
2022-2023,Marcos Senesi,Bournemouth,D,Defender,31,2508,2,0,8,5,7,0,2.0692426282912493,0.5055976919829845,2.0692426282912493
2022-2023,Wilfried Gnonto,Leeds,F,Forward,24,1344,2,4,22,22,7,0,1.833498403429985,2.921407464891672,1.833498403429985
2022-2023,Fabian Schär,Newcastle,D,Defender,36,3223,1,3,56,19,7,0,5.092751467600465,2.4296507444232702,5.092751467600465
2022-2023,Allan Saint-Maximin,Newcastle,F,Forward,25,1101,1,5,28,31,1,0,1.6111805494874716,4.724137527868152,1.6111805494874716
2022-2023,Pierre-Emerick Aubameyang,Chelsea,F,Forward,15,542,1,0,16,4,1,0,2.122752519324422,0.3434317037463188,2.122752519324422
2022-2023,Joel Matip,Liverpool,D,Defender,14,1095,1,0,5,4,3,0,0.6459370153024793,0.3237086497247219,0.6459370153024793
2022-2023,Ivan Perisic,Tottenham,D,Defender,34,2107,1,8,29,48,6,0,3.0171149894595146,6.623175095766783,3.0171149894595146
2022-2023,Philippe Coutinho,Aston Villa,F,Forward,20,750,1,0,21,8,3,0,1.3861289341002705,0.3858625032007694,1.3861289341002705
2022-2023,Joel Ward,Crystal Palace,D,Defender,28,2251,1,0,7,10,6,0,1.4655719939619305,0.3378884494304657,1.4655719939619305
2022-2023,James Tomkins,Crystal Palace,D,Defender,6,340,1,0,3,0,1,1,0.7290570810437202,0.0,0.7290570810437202
2022-2023,Cheikhou Kouyaté,Nottingham Forest,D,Defender,21,871,1,0,6,8,3,0,0.1867025382816791,0.9933399967849256,0.1867025382816791
2022-2023,Manuel Lanzini,West Ham,M,Midfielder,10,230,1,0,3,1,0,0,0.6443301560357213,0.3371060192584991,0.6443301560357213
2022-2023,Nathan Aké,Manchester City,D,Defender,26,1874,1,0,9,9,2,0,1.3441827092319727,1.09055732563138,1.3441827092319727
2022-2023,Seamus Coleman,Everton,D,Defender,23,1686,1,0,7,4,1,0,0.2670318866148591,1.4559272825717926,0.2670318866148591
2022-2023,Ashley Young,Aston Villa,D,Defender,29,2044,1,0,15,14,7,0,0.3949361126869917,0.7811885923147202,0.3949361126869917
2022-2023,Christian Eriksen,Manchester United,F,Forward,28,2094,1,8,38,36,3,0,4.86724331881851,4.558254588395357,4.86724331881851
2022-2023,Kieran Trippier,Newcastle,D,Defender,38,3368,1,7,14,110,5,0,0.8719969913363457,13.462713163346052,0.8719969913363457
2022-2023,Marc Albrighton,Leicester,M,Midfielder,6,232,1,0,2,6,0,0,0.4420046992599964,0.5711894929409027,0.4420046992599964
2022-2023,Diego Costa,Wolverhampton,F,Forward,23,1254,1,0,28,11,5,1,2.9844185262918472,0.5990131702274084,2.9844185262918472
2022-2023,Craig Dawson,"West Ham,Wolverhampton Wanderers",D,Defender,25,2148,1,0,17,2,6,0,1.5213804170489311,0.1079010032117366,1.5213804170489311
2022-2023,Kyle Walker-Peters,Southampton,D,Defender,31,2659,1,0,12,15,4,0,0.6717622503638268,1.83802130445838,0.6717622503638268
2022-2023,Alex Oxlade-Chamberlain,Liverpool,F,Forward,9,338,1,0,7,5,0,0,1.493293778039515,0.7890531122684479,1.493293778039515
2022-2023,Luke Shaw,Manchester United,D,Defender,31,2570,1,2,14,34,8,0,0.9740113597363234,3.826654343865812,0.9740113597363234
2022-2023,Tyrone Mings,Aston Villa,D,Defender,35,3150,1,2,7,5,7,0,1.2113220421597362,1.1698964163661003,1.2113220421597362
2022-2023,Dennis Praet,Leicester,M,Midfielder,22,609,1,0,5,3,1,0,0.9074058122932912,0.5022870898246765,0.9074058122932912
2022-2023,Emerson,West Ham,D,Defender,22,1331,1,0,11,13,2,0,1.005102353170514,0.8198722722008824,1.005102353170514
2022-2023,Michael Keane,Everton,D,Defender,12,982,1,2,14,3,0,0,1.3261511586606505,1.0489701740443709,1.3261511586606505
2022-2023,James Tarkowski,Everton,D,Defender,38,3420,1,1,31,15,6,0,3.02016625367105,3.46320622228086,3.02016625367105
2022-2023,Rob Holding,Arsenal,D,Defender,14,556,1,0,5,0,0,0,0.3741819858551025,0.0,0.3741819858551025
2022-2023,Nampalys Mendy,Leicester,M,Midfielder,19,743,1,0,2,2,1,0,0.0925476998090744,0.0272580198943614,0.0925476998090744
2022-2023,Pontus Jansson,Brentford,D,Defender,12,724,1,0,4,0,0,0,0.1967248991131782,0.0,0.1967248991131782
2022-2023,Lucas Digne,Aston Villa,D,Defender,28,1494,1,0,8,18,5,0,0.4971364550292492,1.567529585212469,0.4971364550292492
2022-2023,Pablo Sarabia,Wolverhampton,F,Forward,13,788,1,0,20,11,3,0,2.5362928099930286,0.7747617959976196,2.5362928099930286
2022-2023,Mateo Kovacic,Chelsea,M,Midfielder,27,1700,1,2,23,23,8,0,1.3262846283614635,1.793226939626038,1.3262846283614635
2022-2023,Jonny,Wolverhampton,D,Defender,18,1257,1,0,9,5,3,1,0.1871340097859501,0.5784888137131929,0.1871340097859501
2022-2023,Cristiano Ronaldo,Manchester United,F,Forward,10,517,1,0,25,6,2,0,2.1407179944217205,0.3078578971326351,2.1407179944217205
2022-2023,Christian Pulisic,Chelsea,D,Defender,24,779,1,1,18,12,1,0,1.8723955135792487,0.4368242975324392,1.8723955135792487
2022-2023,Oleksandr Zinchenko,Arsenal,D,Defender,27,2179,1,2,27,19,3,0,1.1754031758755443,1.958403613418341,1.1754031758755443
2022-2023,Issa Diop,Fulham,D,Defender,25,2004,1,0,3,2,2,0,0.1913936026394367,0.5267390348017216,0.1913936026394367
2022-2023,Lucas Moura,Tottenham,S,Midfielder,15,117,1,0,4,4,0,1,0.7378932386636734,0.2311347499489784,0.7378932386636734
2022-2023,Ricardo Pereira,Leicester,D,Defender,10,450,1,1,2,7,2,0,0.0841288976371288,0.4153192117810249,0.0841288976371288
2022-2023,Serge Aurier,Nottingham Forest,D,Defender,24,1958,1,0,9,10,2,0,0.6691436963155866,0.802479786798358,0.6691436963155866
2022-2023,Neal Maupay,Everton,F,Forward,27,1101,1,0,32,7,4,0,5.434799870476127,0.3525178078562021,5.434799870476127
2022-2023,Marc Roca,Leeds,M,Midfielder,32,2375,1,2,34,33,7,0,2.0919028762727976,3.2171000884845853,2.0919028762727976
2022-2023,Estupiñán,Brighton,D,Defender,35,2707,1,5,30,50,4,0,2.3249325277283788,5.642439822666347,2.3249325277283788
2022-2023,Caglar Söyüncü,Leicester,D,Defender,7,527,1,0,5,1,2,0,0.3382616676390171,0.1161900013685226,0.3382616676390171
2022-2023,Scott McTominay,Manchester United,M,Midfielder,24,1133,1,0,13,8,8,0,1.8013716908171773,1.078185809776187,1.8013716908171773
2022-2023,Tosin Adarabioyo,Fulham,D,Defender,25,2081,1,0,17,6,4,0,0.5782807385548949,0.2267771176993847,0.5782807385548949
2022-2023,Sam Surridge,Nottingham Forest,F,Forward,20,275,1,0,9,1,2,0,1.692672897130251,0.051858801394701,1.692672897130251
2022-2023,Gonçalo Guedes,Wolverhampton,F,Forward,13,718,1,1,19,9,1,0,1.2725390158593657,0.5424784012138844,1.2725390158593657
2022-2023,Kenny Tete,Fulham,D,Defender,31,2589,1,5,13,23,8,0,0.7199479946866632,2.3401720114052296,0.7199479946866632
2022-2023,Richarlison,Tottenham,F,Forward,27,982,1,3,27,16,3,0,3.516935642808676,1.7408953551203012,3.516935642808676
2022-2023,Lewis Dunk,Brighton,D,Defender,36,3240,1,0,22,9,4,0,2.040725097060204,0.8655232125893235,2.040725097060204
2022-2023,Orel Mangala,Nottingham Forest,M,Midfielder,27,1581,1,1,9,3,3,0,0.3729460705071687,0.4247147068381309,0.3729460705071687
2022-2023,Will Hughes,Crystal Palace,M,Midfielder,27,796,1,1,6,6,4,0,0.5347504764795303,0.7693945411592722,0.5347504764795303
2022-2023,Lyanco,Southampton,D,Defender,21,1160,1,1,11,4,4,0,0.7209816901013255,0.3901645038276911,0.7209816901013255
2022-2023,Joachim Andersen,Crystal Palace,D,Defender,32,2786,1,0,22,12,8,0,1.8502881033346057,1.4228478781878948,1.8502881033346057
2022-2023,Júnior Firpo,Leeds,D,Defender,19,1364,1,1,2,8,6,1,0.1414232105016708,0.9512499049305916,0.1414232105016708
2022-2023,Rayan Ait Nouri,Wolverhampton,D,Defender,21,1056,1,0,10,7,4,0,1.129896778613329,0.7609243048354983,1.129896778613329
2022-2023,Conor Coady,Everton,D,Defender,24,2096,1,1,4,4,2,0,0.6148279123008251,0.4616532074287534,0.6148279123008251
2022-2023,Matt Doherty,Tottenham,D,Defender,12,665,1,0,10,6,0,0,0.8726177029311657,0.2881163954734802,0.8726177029311657
2022-2023,Mohamed Elyounoussi,Southampton,F,Forward,33,2212,1,1,36,18,4,0,3.06923589669168,1.825184103101492,3.06923589669168
2022-2023,Duje Caleta-Car,Southampton,D,Defender,13,947,1,0,5,1,2,0,1.0882597099989653,0.0416763015091419,1.0882597099989653
2022-2023,Sean Longstaff,Newcastle,M,Midfielder,33,2509,1,4,33,23,2,0,4.526227671653032,3.4510617526248097,4.526227671653032
2022-2023,Christian Nørgaard,Brentford,M,Midfielder,22,1794,1,3,19,12,6,0,1.347744394093752,3.110040994361043,1.347744394093752
2022-2023,Tim Ream,Fulham,D,Defender,33,2900,1,0,3,3,2,0,0.4944004062563181,0.0717986021190881,0.4944004062563181
2022-2023,Oliver Skipp,Tottenham,M,Midfielder,23,1510,1,0,7,10,7,0,0.2079088976606726,0.542324174195528,0.2079088976606726
2022-2023,Benoit Badiashile Mukinayi,Chelsea,D,Defender,11,901,1,0,6,3,2,0,1.2135351449251175,0.6913552954792976,1.2135351449251175
2022-2023,Diogo Dalot,Manchester United,D,Defender,26,2164,1,2,22,29,6,0,2.207693471573293,1.91371291410178,2.207693471573293
2022-2023,Dan Burn,Newcastle,D,Defender,38,3130,1,0,21,16,5,0,2.2566577959805727,2.0211693542078137,2.2566577959805727
2022-2023,Harvey Elliott,Liverpool,F,Forward,32,1602,1,2,36,26,2,0,2.027079835534096,3.9797140900045633,2.027079835534096
2022-2023,Wesley Fofana,"Chelsea,Leicester",D,Defender,17,1372,1,0,8,2,4,0,0.8552336050197482,0.0366367762908339,0.8552336050197482
2022-2023,Marc Guehi,Crystal Palace,D,Defender,37,3330,1,0,14,10,8,0,1.6622220277786257,0.6576718036085367,1.6622220277786257
2022-2023,John McGinn,Aston Villa,M,Midfielder,34,2692,1,3,42,18,7,0,1.9473767010495069,3.408585306257009,1.9473767010495069
2022-2023,Arnaut Danjuma Groeneveld,Tottenham,M,Midfielder,9,151,1,0,6,1,0,0,0.6234146766364574,0.0274659004062414,0.6234146766364574
2022-2023,Reece James,Chelsea,D,Defender,16,1242,1,1,16,21,4,0,1.0140665946528316,3.066504817456007,1.0140665946528316
2022-2023,Neco Williams,Nottingham Forest,D,Defender,31,1860,1,0,25,15,7,0,1.469770667143166,1.4695117715746164,1.469770667143166
2022-2023,Armando Broja,Chelsea,F,Forward,12,266,1,0,6,1,0,0,0.8572464846074581,0.0866743996739387,0.8572464846074581
2022-2023,Ellis Simms,Everton,F,Forward,11,200,1,0,8,2,0,0,1.0451708808541298,0.0746167004108429,1.0451708808541298
2022-2023,Wout Faes,Leicester,D,Defender,31,2790,1,2,13,9,4,1,1.100052266381681,0.5714022628962994,1.100052266381681
2022-2023,Joël Veltman,Brighton,D,Defender,31,2215,1,1,14,10,6,0,1.341551687568426,1.0200357679277658,1.341551687568426
2022-2023,Liam Cooper,Leeds,D,Defender,18,1421,1,0,10,5,5,0,0.9520196840167046,0.4224689118564129,0.9520196840167046
2022-2023,Sékou Mara,Southampton,F,Forward,22,510,1,2,16,6,1,0,1.0406398912891746,1.068390192463994,1.0406398912891746
2022-2023,Moisés Caicedo,Brighton,D,Defender,37,3135,1,1,27,43,10,0,1.2356434240937233,2.643754145130515,1.2356434240937233
2022-2023,Sam Greenwood,Leeds,M,Midfielder,18,373,1,2,12,12,1,0,0.6907202005386353,0.9013200886547564,0.6907202005386353
2022-2023,Dango Ouattara,Bournemouth,M,Midfielder,19,1254,1,3,26,18,1,0,3.2873998740687966,2.4152716528624296,3.2873998740687966
2022-2023,Amadou Onana,Everton,M,Midfielder,33,2529,1,2,34,22,9,0,3.0847347732633352,2.063957966864109,3.0847347732633352
2022-2023,Romeo Lavia,Southampton,M,Midfielder,29,2261,1,0,12,16,9,0,0.2631778074428439,0.5177656905725598,0.2631778074428439
2022-2023,Jakub Kiwior,Arsenal,D,Defender,7,426,1,0,1,1,0,0,0.0984370782971382,0.0273778699338436,0.0984370782971382
2022-2023,Toti,Wolverhampton,D,Defender,17,973,1,0,5,4,6,0,0.2356519745662808,0.184598222374916,0.2356519745662808
2022-2023,Tetê,Leicester,F,Forward,13,756,1,0,15,6,0,0,1.8560382332652807,0.3867563046514988,1.8560382332652807
2022-2023,Stefan Bajcetic,Liverpool,M,Midfielder,11,534,1,0,6,4,2,0,0.9587988276034594,0.7506909966468811,0.9587988276034594
2022-2023,Ryan Christie,Bournemouth,F,Forward,32,1857,1,1,33,29,2,0,2.728575311601162,2.0688769351691008,2.728575311601162
2022-2023,Brenden Aaronson,Leeds,F,Forward,36,2415,1,3,41,45,2,0,3.9435534365475178,3.362793898209929,3.9435534365475178
2022-2023,Joe Worrall,Nottingham Forest,D,Defender,30,2210,1,0,7,4,6,0,0.9123191181570292,0.567169152200222,0.9123191181570292
2022-2023,Lewis O&#039;Brien,Nottingham Forest,M,Midfielder,13,572,1,0,7,4,2,0,0.4231923129409551,0.1791051030158996,0.4231923129409551
2022-2023,Lisandro Martínez,Manchester United,D,Defender,27,2123,1,0,10,6,6,0,0.5251706019043922,0.2293218709528446,0.5251706019043922
2022-2023,Matheus Nunes,Wolverhampton,M,Midfielder,34,2507,1,1,28,27,2,0,2.3803958501666784,2.0282051162794232,2.3803958501666784
2022-2023,Fábio Vieira,Arsenal,M,Midfielder,22,468,1,2,15,12,0,0,0.7378775309771299,2.2388318199664354,0.7378775309771299
2022-2023,Noni Madueke,Chelsea,F,Forward,12,662,1,0,12,12,0,0,0.9803801961243152,0.513928035274148,0.9803801961243152
2022-2023,Facundo Buonanotte,Brighton,M,Midfielder,13,553,1,1,11,6,2,0,1.0888761393725872,0.5841287039220333,1.0888761393725872
2022-2023,Antoine Semenyo,Bournemouth,F,Forward,11,237,1,0,3,2,0,0,0.3684318736195564,0.0759903937578201,0.3684318736195564
2022-2023,João Gomes,Wolverhampton,M,Midfielder,11,650,1,0,4,5,5,0,0.2052773246541619,0.1225481405854225,0.2052773246541619
2022-2023,Bernd Leno,Fulham,GK,Goalkeeper,36,3240,0,0,0,1,3,0,0.0,0.0308126993477344,0.0
2022-2023,Thiago Alcántara,Liverpool,M,Midfielder,18,1258,0,0,10,17,2,0,0.3972757617011666,1.4019673261791468,0.3972757617011666
2022-2023,Steve Cook,Nottingham Forest,D,Defender,12,958,0,0,3,3,4,0,0.1638485975563526,0.7961927652359009,0.1638485975563526
2022-2023,Matt Ritchie,Newcastle,S,Midfielder,7,25,0,0,0,1,0,0,0.0,0.0817376971244812,0.0
2022-2023,Junior Stanislas,Bournemouth,S,Midfielder,4,52,0,0,1,2,0,0,0.0267488993704319,0.0846412032842636,0.0267488993704319
2022-2023,Danny Ward,Leicester,GK,Goalkeeper,26,2340,0,0,0,0,0,0,0.0,0.0,0.0
2022-2023,James Milner,Liverpool,D,Defender,31,841,0,1,7,14,2,0,0.3870005868375301,1.6215140726417303,0.3870005868375301
2022-2023,Mohamed Elneny,Arsenal,M,Midfielder,5,107,0,0,0,0,0,0,0.0,0.0,0.0
2022-2023,Calum Chambers,Aston Villa,D,Defender,14,318,0,0,2,2,2,0,0.0993134919553995,0.3778975680470466,0.0993134919553995
2022-2023,Wayne Hennessey,Nottingham Forest,GK,Goalkeeper,4,271,0,0,0,0,0,0,0.0,0.0,0.0
2022-2023,Angelo Ogbonna,West Ham,D,Defender,16,1235,0,0,3,3,0,0,0.2092116959393024,0.4893949385732412,0.2092116959393024
2022-2023,Aaron Cresswell,West Ham,D,Defender,28,2231,0,1,9,40,3,0,0.4190359637141227,3.1738543678075075,0.4190359637141227
2022-2023,David de Gea,Manchester United,GK,Goalkeeper,38,3420,0,0,0,1,0,0,0.0,0.0185502003878355,0.0
2022-2023,Jesse Lingard,Nottingham Forest,F,Forward,17,937,0,0,10,11,1,0,0.6977619081735611,0.4312230888754129,0.6977619081735611
2022-2023,Joe Rothwell,Bournemouth,M,Midfielder,20,1028,0,1,3,8,1,0,0.1488286033272743,1.1982360780239103,0.1488286033272743
2022-2023,Joel Robles,Leeds,GK,Goalkeeper,4,360,0,0,0,0,1,0,0.0,0.0,0.0
2022-2023,Nathaniel Clyne,Crystal Palace,D,Defender,22,1644,0,0,0,7,3,0,0.0,0.7021582964807749,0.0
2022-2023,Jordan Henderson,Liverpool,M,Midfielder,35,2084,0,2,23,31,2,0,0.8594531016424298,3.592609709128737,0.8594531016424298
2022-2023,James McArthur,Crystal Palace,S,Midfielder,4,42,0,0,0,0,0,0,0.0,0.0,0.0
2022-2023,Alex McCarthy,Southampton,GK,Goalkeeper,6,540,0,0,0,0,0,0,0.0,0.0,0.0
2022-2023,Hugo Lloris,Tottenham,GK,Goalkeeper,25,2208,0,0,0,0,0,0,0.0,0.0,0.0
2022-2023,Kyle Walker,Manchester City,D,Defender,27,1957,0,0,5,6,3,0,0.3253306970000267,0.2089456282556057,0.3253306970000267
2022-2023,Dele Alli,Everton,S,Midfielder,2,26,0,0,0,0,0,0,0.0,0.0,0.0
2022-2023,Josh Onomah,Fulham,S,Midfielder,2,11,0,0,0,0,0,0,0.0,0.0,0.0
2022-2023,Idrissa Gueye,Everton,M,Midfielder,33,2638,0,1,15,12,7,0,0.5034467745572329,0.9359579710289836,0.5034467745572329
2022-2023,César Azpilicueta,Chelsea,D,Defender,25,1511,0,0,9,13,3,0,0.3268246091902256,1.4374469444155693,0.3268246091902256
2022-2023,Ruben Loftus-Cheek,Chelsea,D,Defender,25,1550,0,1,9,15,1,0,0.856397295370698,1.7559158895164728,0.856397295370698
2022-2023,Asmir Begovic,Everton,GK,Goalkeeper,1,90,0,0,0,0,0,0,0.0,0.0,0.0
2022-2023,Lukasz Fabianski,West Ham,GK,Goalkeeper,36,3115,0,0,0,0,1,0,0.0,0.0,0.0
2022-2023,André Ayew,Nottingham Forest,F,Forward,13,286,0,0,4,1,1,0,0.9884005077183248,0.0331967063248157,0.2272314913570881
2022-2023,Jordan Pickford,Everton,GK,Goalkeeper,37,3330,0,1,0,2,5,0,0.0,0.3126417994499206,0.0
2022-2023,N&#039;Golo Kanté,Chelsea,M,Midfielder,7,526,0,1,8,13,1,0,0.308291532099247,2.0793348141014576,0.308291532099247
2022-2023,Daniel Amartey,Leicester,D,Defender,20,1615,0,0,6,5,1,0,1.054015912115574,0.4650263823568821,1.054015912115574
2022-2023,Jamaal Lascelles,Newcastle,D,Defender,7,200,0,0,2,0,2,0,0.120240394026041,0.0,0.120240394026041
2022-2023,Jack Colback,Nottingham Forest,M,Midfielder,11,480,0,0,0,2,0,0,0.0,0.2822478041052818,0.0
2022-2023,Jonjo Shelvey,"Newcastle United,Nottingham Forest",M,Midfielder,11,565,0,0,6,6,1,0,0.1604539966210723,0.3491519913077354,0.1604539966210723
2022-2023,Ayoze Pérez,Leicester,M,Midfielder,8,373,0,1,8,11,0,0,0.8422358185052872,1.504247609525919,0.8422358185052872
2022-2023,Nathan Redmond,Southampton,S,Midfielder,1,1,0,0,0,0,0,0,0.0,0.0,0.0
2022-2023,Jonny Evans,Leicester,D,Defender,13,1057,0,0,1,1,1,0,0.0843219012022018,0.0927421972155571,0.0843219012022018
2022-2023,Salomón Rondón,Everton,F,Forward,7,96,0,0,4,2,0,0,0.7647659070789814,0.1265218034386634,0.7647659070789814
2022-2023,Adam Smith,Bournemouth,D,Defender,37,2957,0,1,5,16,11,0,0.9768042117357254,1.4084933251142502,0.9768042117357254
2022-2023,Fraser Forster,Tottenham,GK,Goalkeeper,14,1212,0,0,0,0,1,0,0.0,0.0,0.0
2022-2023,Oriol Romeu,Southampton,M,Midfielder,1,77,0,0,0,0,0,0,0.0,0.0,0.0
2022-2023,Cédric Soares,"Arsenal,Fulham",D,Defender,8,213,0,0,2,2,0,0,0.0555640272796154,0.1316027827560901,0.0555640272796154
2022-2023,Matt Targett,Newcastle,D,Defender,17,575,0,0,1,10,1,0,0.0252592992037534,0.3976358901709318,0.0252592992037534
2022-2023,Sam Johnstone,Crystal Palace,GK,Goalkeeper,9,810,0,0,0,0,1,0,0.0,0.0,0.0
2022-2023,Kevin Mbabu,Fulham,D,Defender,6,138,0,1,0,2,1,0,0.0,0.5595380067825317,0.0
2022-2023,Mason Holgate,Everton,D,Defender,8,505,0,0,4,6,1,1,0.9284062683582306,0.3237291630357504,0.9284062683582306
2022-2023,Joseph Gomez,Liverpool,D,Defender,21,1443,0,0,7,1,3,0,0.120236212387681,0.0427149012684822,0.120236212387681
2022-2023,Tom Davies,Everton,M,Midfielder,19,500,0,0,9,2,3,0,1.3129857713356614,0.1336751990020275,1.3129857713356614
2022-2023,Sergi Canos,Brentford,S,Midfielder,5,55,0,0,1,1,0,0,0.0599079988896846,0.0176229998469352,0.0599079988896846
2022-2023,Alisson,Liverpool,GK,Goalkeeper,37,3330,0,1,0,1,1,0,0.0,0.168625995516777,0.0
2022-2023,Neto,Bournemouth,GK,Goalkeeper,27,2390,0,0,0,0,4,0,0.0,0.0,0.0
2022-2023,Mario Lemina,Wolverhampton,M,Midfielder,19,1325,0,1,9,3,2,1,0.2064824542030692,0.1570493020117283,0.2064824542030692
2022-2023,Remo Freuler,Nottingham Forest,M,Midfielder,28,2178,0,0,8,12,5,0,0.3386984970420599,0.4867018014192581,0.3386984970420599
2022-2023,Sasa Lukic,Fulham,M,Midfielder,12,401,0,0,5,0,1,0,0.1066898759454488,0.0,0.1066898759454488
2022-2023,Emil Krafth,Newcastle,S,Midfielder,1,1,0,0,0,0,0,0,0.0,0.0,0.0
2022-2023,Nathaniel Chalobah,Fulham,M,Midfielder,4,10,0,0,1,0,0,1,0.0855346992611885,0.0,0.0855346992611885
2022-2023,Ryan Fraser,Newcastle,F,Forward,8,309,0,0,6,5,1,0,0.3093165084719658,0.3554232940077781,0.3093165084719658
2022-2023,Harry Maguire,Manchester United,D,Defender,16,750,0,0,3,2,4,0,0.1488308310508728,0.3812321983277797,0.1488308310508728
2022-2023,Andrew Robertson,Liverpool,D,Defender,34,2609,0,8,13,52,3,0,1.0899251960217953,6.820856744423509,1.0899251960217953
2022-2023,Adam Forshaw,Leeds,M,Midfielder,12,470,0,0,1,8,0,0,0.0106636295095086,0.4425672311335802,0.0106636295095086
2022-2023,Javier Manquillo,Newcastle,S,Midfielder,4,25,0,0,0,0,0,0,0.0,0.0,0.0
2022-2023,Jack Stephens,"Bournemouth,Southampton",D,Defender,17,1215,0,0,2,3,3,0,0.2225914001464843,0.2588117085397243,0.2225914001464843
2022-2023,Ainsley Maitland-Niles,Southampton,D,Defender,22,1395,0,0,1,10,3,0,0.0137403002008795,0.4833124335855245,0.0137403002008795
2022-2023,Lewis Cook,Bournemouth,M,Midfielder,28,1694,0,2,6,23,4,0,0.183636961504817,2.3000271562486887,0.183636961504817
2022-2023,Diego Llorente,Leeds,D,Defender,8,646,0,0,6,0,1,0,0.301153801381588,0.0,0.301153801381588
2022-2023,Vicente Guaita,Crystal Palace,GK,Goalkeeper,27,2430,0,0,0,0,1,0,0.0,0.0,0.0
2022-2023,Keylor Navas,Nottingham Forest,GK,Goalkeeper,17,1530,0,0,0,0,2,0,0.0,0.0,0.0
2022-2023,Raphael Varane,Manchester United,D,Defender,24,1918,0,0,8,4,1,0,0.911432646214962,0.1431176997721195,0.911432646214962
2022-2023,Alphonse Areola,West Ham,GK,Goalkeeper,5,305,0,0,0,0,0,0,0.0,0.0,0.0
2022-2023,Aymeric Laporte,Manchester City,D,Defender,12,993,0,0,10,6,0,0,0.7524237418547273,0.212882986292243,0.7524237418547273
2022-2023,Thilo Kehrer,West Ham,D,Defender,27,2228,0,2,8,8,4,0,0.654550208710134,0.7119171218946576,0.654550208710134
2022-2023,Maxwel Cornet,West Ham,M,Midfielder,14,216,0,0,9,1,0,0,1.092479458078742,0.0942045971751213,1.092479458078742
2022-2023,Thiago Silva,Chelsea,D,Defender,27,2352,0,2,15,5,2,0,1.4437993383035064,0.573215376585722,1.4437993383035064
2022-2023,Layvin Kurzawa,Fulham,D,Defender,3,138,0,0,0,0,1,0,0.0,0.0,0.0
2022-2023,Fabinho,Liverpool,M,Midfielder,36,2691,0,2,18,17,11,0,0.6533067272976041,2.687867143191397,0.6533067272976041
2022-2023,João Moutinho,Wolverhampton,M,Midfielder,31,1778,0,2,16,36,3,0,0.9379508132115006,2.346919506788254,0.9379508132115006
2022-2023,Morgan Sanson,Aston Villa,S,Midfielder,2,2,0,0,0,0,0,0,0.0,0.0,0.0
2022-2023,Raúl Jiménez,Wolverhampton,F,Forward,15,842,0,1,20,9,0,0,2.711337735876441,1.5050795823335648,2.711337735876441
2022-2023,Álex Moreno,Aston Villa,D,Defender,19,1346,0,3,13,21,3,0,0.6219645887613297,2.47616658359766,0.6219645887613297
2022-2023,Mateusz Klich,Leeds,S,Midfielder,14,224,0,0,4,5,2,0,0.1730077974498272,0.2886551991105079,0.1730077974498272
2022-2023,Emiliano Martinez,Aston Villa,GK,Goalkeeper,36,3143,0,0,0,2,7,0,0.0,0.1398649960756302,0.0
2022-2023,Clement Lenglet,Tottenham,D,Defender,26,2039,0,2,13,6,3,0,0.960752010345459,0.7074382677674294,0.960752010345459
2022-2023,Kepa,Chelsea,GK,Goalkeeper,29,2567,0,0,0,0,1,0,0.0,0.0,0.0
2022-2023,Naby Keita,Liverpool,M,Midfielder,8,290,0,0,10,8,1,0,0.4318549875169992,0.7309129983186722,0.4318549875169992
2022-2023,Marcel Sabitzer,Manchester United,M,Midfielder,11,635,0,1,11,10,1,0,0.6979504860937595,1.3641165122389791,0.6979504860937595
2022-2023,Weston McKennie,Leeds,M,Midfielder,19,1450,0,1,13,13,7,0,0.590064475312829,0.7054706662893295,0.590064475312829
2022-2023,Wilfred Ndidi,Leicester,D,Defender,27,1691,0,0,7,3,4,0,0.1515615982934832,0.0530797010287642,0.1515615982934832
2022-2023,Luka Milivojevic,Crystal Palace,M,Midfielder,18,489,0,0,7,2,2,0,0.2416350301355123,0.1513487976044416,0.2416350301355123
2022-2023,Nick Pope,Newcastle,GK,Goalkeeper,37,3261,0,0,0,1,3,1,0.0,0.0174218993633985,0.0
2022-2023,Aaron Wan-Bissaka,Manchester United,D,Defender,19,1436,0,0,10,15,2,0,1.1713167987763882,1.153474660590291,1.1713167987763882
2022-2023,Aaron Ramsdale,Arsenal,GK,Goalkeeper,38,3420,0,0,0,0,1,0,0.0,0.0,0.0
2022-2023,Yves Bissouma,Tottenham,M,Midfielder,23,988,0,0,6,8,6,0,0.1294596353545785,0.4400514382869005,0.1294596353545785
2022-2023,Cafú,Nottingham Forest,S,Midfielder,1,3,0,0,0,0,0,0,0.0,0.0,0.0
2022-2023,Diego Carlos,Aston Villa,D,Defender,3,203,0,0,4,1,0,0,0.7391797844320536,0.0345584973692894,0.7391797844320536
2022-2023,Boubacar Kamara,Aston Villa,M,Midfielder,24,1790,0,1,4,7,4,0,0.0835402803495526,0.6932991156354547,0.0835402803495526
2022-2023,Moussa Niakhate,Nottingham Forest,D,Defender,14,1170,0,0,6,1,1,0,1.2535991268232465,0.0697230026125907,1.2535991268232465
2022-2023,Jairo Riedewald,Crystal Palace,S,Midfielder,6,50,0,0,1,0,0,0,0.0538971312344074,0.0,0.0538971312344074
2022-2023,Zanka,Brentford,D,Defender,18,1082,0,0,5,3,2,0,0.4019469805061817,0.2393823862075805,0.4019469805061817
2022-2023,Jan Bednarek,"Aston Villa,Southampton",D,Defender,23,1772,0,0,8,3,5,0,0.3442239593714475,0.1472967974841594,0.3442239593714475
2022-2023,Shane Duffy,Fulham,S,Midfielder,5,16,0,0,1,0,0,0,0.0223742593079805,0.0,0.0223742593079805
2022-2023,Ederson,Manchester City,GK,Goalkeeper,35,3150,0,1,0,1,3,0,0.0,0.2855649888515472,0.0
2022-2023,Victor Lindelöf,Manchester United,D,Defender,20,1350,0,0,3,3,1,0,0.2323515973985195,0.0846685543656349,0.2323515973985195
2022-2023,Ludwig Augustinsson,Aston Villa,D,Defender,3,74,0,0,2,0,1,0,0.0730345025658607,0.0,0.0730345025658607
2022-2023,Denis Zakaria,Chelsea,M,Midfielder,7,417,0,0,2,1,0,0,0.2399110049009323,0.0211979001760482,0.2399110049009323
2022-2023,Nélson Semedo,Wolverhampton,D,Defender,36,2646,0,1,9,11,11,1,0.7855268660932779,0.6530346218496561,0.7855268660932779
2022-2023,Davinson Sánchez,Tottenham,D,Defender,18,845,0,0,6,2,1,0,0.3042332818731665,0.1408364623785019,0.3042332818731665
2022-2023,Robin Koch,Leeds,D,Defender,36,3186,0,0,17,6,7,0,1.059426173567772,0.2720854748040437,1.059426173567772
2022-2023,Boubakary Soumare,Leicester,M,Midfielder,26,1640,0,0,1,11,9,0,0.0206572990864515,0.2854275647550821,0.0206572990864515
2022-2023,Ibrahima Konaté,Liverpool,D,Defender,18,1545,0,0,11,1,5,0,1.5610232884064317,0.2667285501956939,1.5610232884064317
2022-2023,Harry Souttar,Leicester,D,Defender,12,991,0,1,8,3,2,0,1.3052809908986092,0.1511544995009899,1.3052809908986092
2022-2023,Pedro Neto,Wolverhampton,D,Defender,18,993,0,0,17,20,1,0,1.1067704604938626,2.707404026761651,1.1067704604938626
2022-2023,Ben Johnson,West Ham,D,Defender,17,845,0,0,2,3,0,0,0.0838250741362571,0.2368279919028282,0.0838250741362571
2022-2023,Manuel Akanji,Manchester City,D,Defender,29,2272,0,1,15,7,2,0,1.069366091862321,0.2808441743254661,1.069366091862321
2022-2023,Martin Dubravka,Newcastle,GK,Goalkeeper,2,157,0,0,0,0,0,0,0.0,0.0,0.0
2022-2023,Trevoh Chalobah,Chelsea,D,Defender,25,1598,0,0,9,4,4,0,0.7949223592877388,0.1997714750468731,0.7949223592877388
2022-2023,Sergio Gómez,Manchester City,M,Midfielder,12,326,0,1,7,5,0,0,0.3138598967343569,0.4458680246025324,0.3138598967343569
2022-2023,Ibrahima Diallo,Southampton,M,Midfielder,18,821,0,0,6,4,4,0,0.1378516973927617,0.1038510017096996,0.1378516973927617
2022-2023,David Brooks,Bournemouth,M,Midfielder,6,166,0,0,5,2,1,0,0.2445639120414853,0.1819901317358017,0.2445639120414853
2022-2023,Neeskens Kebano,Fulham,M,Midfielder,17,770,0,3,9,13,0,0,0.7552167885005474,1.5724477292969825,0.7552167885005474
2022-2023,Willy Boly,Nottingham Forest,D,Defender,11,687,0,1,2,1,2,0,0.0699901822954416,0.117637999355793,0.0699901822954416
2022-2023,Rúben Vinagre,Everton,S,Midfielder,2,13,0,0,0,0,0,0,0.0,0.0,0.0
2022-2023,Edouard Mendy,Chelsea,GK,Goalkeeper,10,853,0,0,0,0,1,0,0.0,0.0,0.0
2022-2023,Ryan Fredericks,Bournemouth,D,Defender,12,524,0,0,0,1,1,0,0.0,0.0990857034921646,0.0
2022-2023,Mohammed Salisu,Southampton,D,Defender,22,1973,0,1,19,7,5,0,1.6058198306709528,0.6115739094093442,1.6058198306709528
2022-2023,Georginio Rutter,Leeds,F,Forward,11,238,0,1,4,5,0,0,0.2494509778916835,0.4192553162574768,0.2494509778916835
2022-2023,Robin Olsen,Aston Villa,GK,Goalkeeper,4,277,0,0,0,0,0,0,0.0,0.0,0.0
2022-2023,Hamed Junior Traore,Bournemouth,M,Midfielder,7,435,0,0,6,14,0,0,0.7354794796556234,0.8439797200262547,0.7354794796556234
2022-2023,Wout Weghorst,Manchester United,F,Forward,17,798,0,1,14,14,1,0,2.2213404029607773,1.1286072386428714,2.2213404029607773
2022-2023,Saman Ghoddos,Brentford,S,Midfielder,15,93,0,0,1,4,0,0,0.0554910004138946,0.2644379809498787,0.0554910004138946
2022-2023,Marc Cucurella,Chelsea,D,Defender,24,1682,0,2,7,11,4,0,0.3548601996153593,1.018142694607377,0.3548601996153593
2022-2023,Cristian Romero,Tottenham,D,Defender,27,2367,0,1,11,8,9,1,0.859663300216198,0.888403657823801,0.859663300216198
2022-2023,Emile Smith-Rowe,Arsenal,S,Midfielder,12,132,0,2,4,6,0,0,0.3294837065041065,1.042964968830347,0.3294837065041065
2022-2023,Jason Steele,Brighton,GK,Goalkeeper,15,1350,0,1,0,1,1,0,0.0,0.1888159960508346,0.0
2022-2023,Leander Dendoncker,"Aston Villa,Wolverhampton Wanderers",M,Midfielder,24,888,0,0,5,7,0,0,0.5861904192715883,0.6650882922112942,0.5861904192715883
2022-2023,Conor Coventry,West Ham,S,Midfielder,1,1,0,0,0,0,0,0,0.0,0.0,0.0
2022-2023,Yan Valery,Southampton,D,Defender,1,48,0,0,0,0,0,0,0.0,0.0,0.0
2022-2023,Giulian Biancone,Nottingham Forest,S,Midfielder,2,13,0,0,0,0,0,0,0.0,0.0,0.0
2022-2023,Max Kilman,Wolverhampton,D,Defender,37,3310,0,0,14,4,3,0,1.4871823685243726,0.1923391576856374,1.4871823685243726
2022-2023,Bryan Gil Salvatierra,Tottenham,F,Forward,4,148,0,1,2,2,1,0,0.0724655985832214,0.2734795957803726,0.0724655985832214
2022-2023,Tyler Adams,Leeds,M,Midfielder,24,2159,0,0,4,24,4,1,0.0683434996753931,1.370405713096261,0.0683434996753931
2022-2023,Maximilian Wöber,Leeds,D,Defender,16,1263,0,0,9,6,3,0,0.464545956812799,0.742159578949213,0.464545956812799
2022-2023,Chris Mepham,Bournemouth,D,Defender,26,2197,0,0,8,4,7,0,0.5010207425802946,0.2000297037884593,0.5010207425802946
2022-2023,James Garner,Everton,D,Defender,16,777,0,1,9,7,3,0,0.8283093441277742,0.4450816921889782,0.8283093441277742
2022-2023,Mark Travers,Bournemouth,GK,Goalkeeper,12,1030,0,0,0,0,0,0,0.0,0.0,0.0
2022-2023,Ben Godfrey,Everton,D,Defender,13,799,0,1,6,3,2,0,0.7159480974078178,0.1486973017454147,0.7159480974078178
2022-2023,Jamal Lewis,Newcastle,S,Midfielder,2,4,0,0,0,0,0,0,0.0,0.0,0.0
2022-2023,Adam Webster,Brighton,D,Defender,27,2000,0,0,18,6,2,0,1.5340027026832104,0.5189482178539038,1.5340027026832104
2022-2023,Moussa Djenepo,Southampton,D,Defender,16,695,0,2,3,9,1,0,0.2433777973055839,0.5622396729886532,0.2433777973055839
2022-2023,Dean Henderson,Nottingham Forest,GK,Goalkeeper,18,1620,0,0,0,0,2,0,0.0,0.0,0.0
2022-2023,Ezri Konsa Ngoyo,Aston Villa,D,Defender,38,3325,0,0,8,8,6,0,0.8061013985425234,1.4513042895123365,0.8061013985425234
2022-2023,James Justin,Leicester,D,Defender,14,1257,0,0,5,7,0,0,0.1448470018804073,0.3056566026061773,0.1448470018804073
2022-2023,Jack Stacey,Bournemouth,D,Defender,10,288,0,0,1,0,2,0,0.0468770004808902,0.0,0.0468770004808902
2022-2023,Renan Lodi,Nottingham Forest,D,Defender,28,2236,0,1,15,13,7,0,0.751506220549345,1.318730404600501,0.751506220549345
2022-2023,Caoimhin Kelleher,Liverpool,GK,Goalkeeper,1,90,0,0,0,0,0,0,0.0,0.0,0.0
2022-2023,Felipe,Nottingham Forest,D,Defender,16,1427,0,1,13,7,4,0,1.246483264490962,1.502428017556667,1.246483264490962
2022-2023,Takehiro Tomiyasu,Arsenal,D,Defender,21,632,0,1,3,4,2,0,0.1446346025913953,0.6008766107261181,0.1446346025913953
2022-2023,Billy Gilmour,Brighton,M,Midfielder,14,515,0,1,6,2,1,0,0.3644320666790008,0.3617988973855972,0.3644320666790008
2022-2023,Kieran Tierney,Arsenal,D,Defender,27,733,0,1,7,4,0,0,0.3038469729945063,0.2897520996630192,0.3038469729945063
2022-2023,Lloyd Kelly,Bournemouth,D,Defender,23,2044,0,2,3,7,3,0,0.1227391017600894,0.3940800903365016,0.1227391017600894
2022-2023,Boubacar Traore,Wolverhampton,M,Midfielder,10,399,0,1,3,1,2,0,0.0458009000867605,0.3329919874668121,0.0458009000867605
2022-2023,Tyrick Mitchell,Crystal Palace,D,Defender,36,2903,0,2,6,15,5,1,0.8962186202406883,1.5452212002128365,0.8962186202406883
2022-2023,Japhet Tanganga,Tottenham,D,Defender,4,153,0,0,0,0,0,0,0.0,0.0,0.0
2022-2023,Tariq Lamptey,Brighton,D,Defender,20,414,0,0,5,4,1,0,0.2084955014288425,0.1961832959204912,0.2084955014288425
2022-2023,Nathaniel Phillips,Liverpool,D,Defender,2,67,0,0,1,0,0,0,0.0313891991972923,0.0,0.0313891991972923
2022-2023,Chris Richards,Crystal Palace,D,Defender,9,432,0,0,4,1,0,0,0.6922851279377937,0.4522219896316528,0.6922851279377937
2022-2023,Harvey White,Tottenham,S,Midfielder,1,3,0,0,0,0,0,0,0.0,0.0,0.0
2022-2023,Cole Palmer,Manchester City,F,Forward,14,336,0,1,11,5,1,0,0.913382014259696,0.6336369244381785,0.913382014259696
2022-2023,Luke Thomas,Leicester,D,Defender,17,1064,0,0,3,4,3,0,0.0825991313904523,0.5999135356396437,0.0825991313904523
2022-2023,Sven Botman,Newcastle,D,Defender,36,3141,0,0,22,9,2,0,2.445929459296167,0.9378497563302516,2.445929459296167
2022-2023,Cheick Oumar Doucoure,Crystal Palace,M,Midfielder,34,2825,0,3,36,26,8,1,0.9975933516398072,2.030144080519676,0.9975933516398072
2022-2023,Marek Rodák,Fulham,GK,Goalkeeper,2,180,0,0,0,0,0,0,0.0,0.0,0.0
2022-2023,Illan Meslier,Leeds,GK,Goalkeeper,34,3060,0,0,1,0,3,0,0.0571881011128425,0.0,0.0571881011128425
2022-2023,Kalvin Phillips,Manchester City,M,Midfielder,12,275,0,0,6,3,1,0,0.2444907762110233,0.136385791003704,0.2444907762110233
2022-2023,Stefan Ortega Moreno,Manchester City,GK,Goalkeeper,3,270,0,0,0,0,0,0,0.0,0.0,0.0
2022-2023,Sasa Kalajdzic,Wolverhampton,F,Forward,1,48,0,0,1,0,0,0,0.5194780230522156,0.0,0.5194780230522156
2022-2023,Donny van de Beek,Manchester United,M,Midfielder,7,157,0,0,2,3,0,0,0.08036869764328,0.1288376990705728,0.08036869764328
2022-2023,Konstantinos Tsimikas,Liverpool,D,Defender,20,754,0,4,7,18,3,0,0.6083908993750811,1.3976509422063828,0.6083908993750811
2022-2023,Mikkel Damsgaard,Brentford,F,Forward,26,963,0,0,12,11,4,0,2.660358265042305,1.7436131360009313,2.660358265042305
2022-2023,Matthew Cash,Aston Villa,D,Defender,26,1822,0,1,7,8,4,0,0.1666707005351781,0.4675993956625461,0.1666707005351781
2022-2023,Antonee Robinson,Fulham,D,Defender,35,3088,0,1,3,21,8,0,0.0579266995191574,1.0235916152596474,0.0579266995191574
2022-2023,Aaron Hickey,Brentford,D,Defender,26,1958,0,1,11,6,7,0,0.3167129307985306,0.6221226900815964,0.3167129307985306
2022-2023,Rúben Dias,Manchester City,D,Defender,26,2006,0,0,10,3,3,0,1.9355910001322627,0.3942475691437721,1.9355910001322627
2022-2023,Vladimir Coufal,West Ham,D,Defender,27,2148,0,1,6,25,5,0,0.1806397484615445,2.275553598999977,0.1806397484615445
2022-2023,Hakim Ziyech,Chelsea,D,Defender,18,630,0,3,16,14,1,0,0.5913859363645315,2.549111461266876,0.5913859363645315
2022-2023,Pape Sarr,Tottenham,M,Midfielder,11,200,0,1,2,2,1,0,0.0562562998384237,0.5660416968166828,0.0562562998384237
2022-2023,Robert Sánchez,Brighton,GK,Goalkeeper,23,2070,0,0,0,0,2,0,0.0,0.0,0.0
2022-2023,Elliot Anderson,Newcastle,M,Midfielder,22,353,0,1,11,9,0,0,1.1292364411056042,1.5604944918304682,1.1292364411056042
2022-2023,Kevin Schade,Brentford,F,Forward,18,720,0,1,12,8,2,0,1.3834919892251492,1.5542514063417912,1.3834919892251492
2022-2023,Naouirou Ahamada,Crystal Palace,S,Midfielder,8,73,0,0,3,2,1,0,0.182050397619605,0.0916864015161991,0.182050397619605
2022-2023,Facundo Pellistri,Manchester United,S,Midfielder,4,48,0,0,0,0,0,0,0.0,0.0,0.0
2022-2023,Joe Gelhardt,Leeds,F,Forward,15,177,0,2,10,2,1,0,0.9828338120132684,0.731904000043869,0.9828338120132684
2022-2023,Carney Chukwuemeka,Chelsea,M,Midfielder,14,323,0,0,5,8,0,0,0.2807844597846269,0.5179743207991123,0.2807844597846269
2022-2023,Isaac Price,Everton,S,Midfielder,1,30,0,0,0,1,1,0,0.0,0.0322885997593402,0.0
2022-2023,Cody Drameh,Leeds,D,Defender,1,74,0,0,0,0,0,0,0.0,0.0,0.0
2022-2023,Valentino Livramento,Southampton,S,Midfielder,2,19,0,0,0,0,0,0,0.0,0.0,0.0
2022-2023,Anthony Elanga,Manchester United,M,Midfielder,16,408,0,1,10,6,0,0,1.2088623978197577,1.1436329931020737,1.2088623978197577
2022-2023,Tyrese Francois,Fulham,S,Midfielder,1,1,0,0,0,0,0,0,0.0,0.0,0.0
2022-2023,David Raya,Brentford,GK,Goalkeeper,38,3420,0,0,1,2,1,0,0.1039170026779174,0.1581754013895988,0.1039170026779174
2022-2023,Kristoffer Ajer,Brentford,D,Defender,9,781,0,0,1,1,0,0,0.023081500083208,0.0165113992989063,0.023081500083208
2022-2023,Rico Henry,Brentford,D,Defender,37,3260,0,2,22,23,4,0,1.945255502127111,3.062078721821308,1.945255502127111
2022-2023,Frank Onyeka,Brentford,M,Midfielder,21,823,0,2,9,7,0,0,1.3004195326939223,0.9003641102463007,1.3004195326939223
2022-2023,Mads Bech Sørensen,Brentford,S,Midfielder,4,13,0,0,0,0,0,0,0.0,0.0,0.0
2022-2023,Mads Roerslev,Brentford,D,Defender,20,1089,0,0,3,8,0,0,0.3934907913208008,1.8459260575473309,0.3934907913208008
2022-2023,Halil Dervisoglu,Brentford,S,Midfielder,1,5,0,0,2,0,0,0,0.0668924003839492,0.0,0.0668924003839492
2022-2023,Albert Sambi Lokonga,"Arsenal,Crystal Palace",M,Midfielder,15,732,0,0,2,2,2,0,0.1307045519351959,0.0456785000860691,0.1307045519351959
2022-2023,Armel Bella Kotchap,Southampton,D,Defender,24,1890,0,2,14,6,4,0,1.270264146849513,1.4630886502563951,1.270264146849513
2022-2023,Nathan Collins,Wolverhampton,D,Defender,26,1788,0,0,3,2,2,1,0.1207122802734375,0.0746328979730606,0.1207122802734375
2022-2023,Enock Mwepu,Brighton,F,Forward,6,205,0,1,2,3,0,0,0.0766704007983207,0.4522641953080892,0.0766704007983207
2022-2023,José Sá,Wolverhampton,GK,Goalkeeper,36,3240,0,0,0,0,2,0,0.0,0.0,0.0
2022-2023,Chem Campbell,Wolverhampton,S,Midfielder,5,55,0,0,2,0,0,0,0.0622584000229835,0.0,0.0622584000229835
2022-2023,Cameron Archer,Aston Villa,S,Midfielder,6,31,0,0,0,0,0,0,0.0,0.0,0.0
2022-2023,Shandon Baptiste,Brentford,M,Midfielder,23,568,0,1,4,10,1,1,0.184569239616394,1.0790189672261477,0.184569239616394
2022-2023,Jeremy Sarmiento,Brighton,M,Midfielder,9,156,0,1,5,2,1,0,0.2745006997138262,0.2008139938116073,0.2745006997138262
2022-2023,Samuel Edozie,Southampton,F,Forward,17,540,0,0,8,8,0,0,1.0850969199091196,0.3165547512471676,1.0850969199091196
2022-2023,Hugo Bueno,Wolverhampton,D,Defender,21,1320,0,1,4,15,1,0,0.1124543994665145,1.070818241685629,0.1124543994665145
2022-2023,Lewis Brunt,Leicester,S,Midfielder,1,21,0,0,0,0,0,0,0.0,0.0,0.0
2022-2023,Lewis Hall,Chelsea,D,Defender,9,669,0,0,11,15,1,0,0.9621372651308776,2.483380403369665,0.9621372651308776
2022-2023,Vitalii Mykolenko,Everton,D,Defender,34,2651,0,0,10,18,4,0,0.6954699149355292,1.0392506159842014,0.6954699149355292
2022-2023,Nathan Patterson,Everton,D,Defender,19,1272,0,0,8,6,3,0,0.8275385983288288,0.7127293702214956,0.8275385983288288
2022-2023,Omari Hutchinson,Chelsea,S,Midfielder,1,20,0,0,0,0,0,0,0.0,0.0,0.0
2022-2023,Odeluga Offiah,Brighton,S,Midfielder,2,17,0,0,0,0,0,0,0.0,0.0,0.0
2022-2023,Matthew Craig,Tottenham,S,Midfielder,1,11,0,0,0,0,0,0,0.0,0.0,0.0
2022-2023,Malcolm Ebiowei,Crystal Palace,S,Midfielder,3,26,0,0,0,0,0,0,0.0,0.0,0.0
2022-2023,Jay Stansfield,Fulham,M,Midfielder,3,85,0,0,2,1,0,0,0.1730169951915741,0.0589650012552738,0.1730169951915741
2022-2023,Luke Harris,Fulham,S,Midfielder,3,6,0,0,0,0,0,0,0.0,0.0,0.0
2022-2023,Jordan Zemura,Bournemouth,D,Defender,19,1465,0,1,4,18,1,0,0.3462909907102585,2.14239261392504,0.3462909907102585
2022-2023,Ben Pearson,Bournemouth,M,Midfielder,7,285,0,0,2,0,1,0,0.0565079990774393,0.0,0.0565079990774393
2022-2023,Emiliano Marcondes,Bournemouth,S,Midfielder,1,6,0,0,0,0,0,0,0.0,0.0,0.0
2022-2023,Siriki Dembélé,Bournemouth,S,Midfielder,6,93,0,0,2,4,0,0,0.1077635008841753,0.2604870051145553,0.1077635008841753
2022-2023,Darko Gyabi,Leeds,S,Midfielder,1,5,0,0,1,0,0,0,0.0653707012534141,0.0,0.0653707012534141
2022-2023,Connor Ronan,Wolverhampton,S,Midfielder,1,1,0,0,0,0,0,0,0.0,0.0,0.0
2022-2023,Joseph Hodge,Wolverhampton,M,Midfielder,6,162,0,0,2,1,1,0,0.2323972880840301,0.0711171999573707,0.2323972880840301
2022-2023,Scott McKenna,Nottingham Forest,D,Defender,20,1568,0,0,2,8,4,0,0.072630500420928,0.8567974828183651,0.072630500420928
2022-2023,Harry Toffolo,Nottingham Forest,D,Defender,19,922,0,0,6,5,2,0,0.2182767949998378,0.4909842014312744,0.2182767949998378
2022-2023,Alex Mighten,Nottingham Forest,S,Midfielder,1,5,0,0,0,0,0,0,0.0,0.0,0.0
2022-2023,Djed Spence,Tottenham,S,Midfielder,4,4,0,0,1,0,0,0,0.1141080036759376,0.0,0.1141080036759376
2022-2023,Gavin Bazunu,Southampton,GK,Goalkeeper,32,2880,0,0,0,1,0,0,0.0,0.0428376011550426,0.0
2022-2023,Tyrell Malacia,Manchester United,D,Defender,22,1376,0,0,5,9,6,0,0.1680589988827705,0.7472324855625629,0.1680589988827705
2022-2023,Levi Colwill,Brighton,D,Defender,17,1213,0,2,8,7,1,0,1.5830463785678148,0.6098756808787584,1.5830463785678148
2022-2023,Jan Paul van Hecke,Brighton,D,Defender,8,288,0,0,2,0,2,0,0.5538489818572998,0.0,0.5538489818572998
2022-2023,Daniel Iversen,Leicester,GK,Goalkeeper,12,1080,0,0,0,0,0,0,0.0,0.0,0.0
2022-2023,Keane Lewis-Potter,Brentford,F,Forward,10,307,0,1,7,5,0,0,0.6775096822530031,1.429301805794239,0.6775096822530031
2022-2023,Flynn Downes,West Ham,M,Midfielder,21,738,0,0,4,2,2,0,0.3241226226091385,0.0507442839443683,0.3241226226091385
2022-2023,Rico Lewis,Manchester City,D,Defender,14,904,0,0,5,11,1,0,0.2003175821155309,1.379109164699912,0.2003175821155309
2022-2023,Jamal Lowe,Bournemouth,S,Midfielder,2,9,0,0,0,0,0,0,0.0,0.0,0.0
2022-2023,Bobby Clark,Liverpool,S,Midfielder,1,5,0,0,0,0,0,0,0.0,0.0,0.0
2022-2023,Ryan Yates,Nottingham Forest,M,Midfielder,26,1842,0,2,26,7,5,0,1.7420261716470122,1.0617644041776657,1.7420261716470122
2022-2023,Joseph Whitworth,Crystal Palace,GK,Goalkeeper,2,180,0,0,0,0,0,0,0.0,0.0,0.0
2022-2023,Owen Bevan,Bournemouth,S,Midfielder,1,6,0,0,0,0,0,0,0.0,0.0,0.0
2022-2023,Marquinhos,Arsenal,S,Midfielder,1,1,0,0,0,0,0,0,0.0,0.0,0.0
2022-2023,Juan Larios,Southampton,D,Defender,5,144,0,0,0,0,0,0,0.0,0.0,0.0
2022-2023,Ethan Nwaneri,Arsenal,S,Midfielder,1,1,0,0,0,0,0,0,0.0,0.0,0.0
2022-2023,Kobbie Mainoo,Manchester United,S,Midfielder,1,7,0,0,0,0,0,0,0.0,0.0,0.0
2022-2023,Andrew Moran,Brighton,S,Midfielder,1,9,0,0,0,0,0,0,0.0,0.0,0.0
2022-2023,Mateo Joseph,Leeds,S,Midfielder,3,23,0,0,1,0,0,0,0.0736948028206825,0.0,0.0736948028206825
2022-2023,Ben Doak,Liverpool,S,Midfielder,2,20,0,0,0,0,0,0,0.0,0.0,0.0
2022-2023,Thomas Cannon,Everton,S,Midfielder,2,15,0,0,1,1,0,0,0.0505074001848697,0.0708136036992073,0.0505074001848697
2022-2023,Dexter Lembikisa,Wolverhampton,S,Midfielder,1,20,0,0,0,0,0,0,0.0,0.0,0.0
2022-2023,Divin Mubama,West Ham,S,Midfielder,3,30,0,0,0,1,0,0,0.0,0.0591654740273952,0.0
2022-2023,David Ozoh,Crystal Palace,S,Midfielder,1,1,0,0,0,0,0,0,0.0,0.0,0.0
2022-2023,Jack Hinshelwood,Brighton,S,Midfielder,1,1,0,0,0,0,0,0,0.0,0.0,0.0
2022-2023,Gustavo Scarpa,Nottingham Forest,M,Midfielder,6,173,0,0,7,1,1,0,0.2078698715195059,0.0278489999473094,0.2078698715195059
2022-2023,David Datro Fofana,Chelsea,F,Forward,3,65,0,0,3,3,0,0,0.326112687587738,0.0874276300892233,0.326112687587738
2022-2023,Mislav Orsic,Southampton,S,Midfielder,1,3,0,0,0,0,0,0,0.0,0.0,0.0
2022-2023,Mykhailo Mudryk,Chelsea,F,Forward,15,654,0,2,14,10,1,0,1.9044867679476736,0.7282041758298874,1.9044867679476736
2022-2023,Enzo Fernández,Chelsea,M,Midfielder,18,1559,0,2,20,20,3,0,0.6178922252729535,2.1305470690131187,0.6178922252729535
2022-2023,James Bree,Southampton,D,Defender,5,373,0,0,1,4,1,0,0.014379559084773,0.1782319955527782,0.014379559084773
2022-2023,Paul Onuachu,Southampton,F,Forward,11,390,0,0,11,4,0,0,0.9351124968379736,0.3200107105076313,0.9351124968379736
2022-2023,Daniel Bentley,Wolverhampton,GK,Goalkeeper,2,180,0,0,0,0,0,0,0.0,0.0,0.0
2022-2023,Jhon Durán,Aston Villa,S,Midfielder,12,103,0,0,7,1,1,0,0.7512960135936737,0.0525350011885166,0.7512960135936737
2022-2023,Victor Kristiansen,Leicester,D,Defender,12,902,0,1,3,7,2,0,0.1182039007544517,0.6666268110275269,0.1182039007544517
2022-2023,Máximo Perrone,Manchester City,S,Midfielder,1,17,0,0,0,0,0,0,0.0,0.0,0.0
2022-2023,Yasin Ayari,Brighton,M,Midfielder,3,59,0,0,1,2,0,0,0.0128233004361391,0.2380980178713798,0.0128233004361391
2022-2023,Lewis Miley,Newcastle,S,Midfielder,1,10,0,0,1,0,0,0,0.0640049427747726,0.0,0.0640049427747726
2022-2023,Illia Zabarnyi,Bournemouth,D,Defender,5,290,0,0,0,0,0,0,0.0,0.0,0.0
2022-2023,George Abbott,Tottenham,S,Midfielder,1,1,0,0,0,0,0,0,0.0,0.0,0.0
2022-2023,Cameron Peupion,Brighton,S,Midfielder,1,1,0,0,1,0,0,0,0.0536134205758571,0.0,0.0536134205758571
2022-2023,Kamari Doyle,Southampton,S,Midfielder,1,1,0,0,0,0,0,0,0.0,0.0,0.0
2022-2023,Dominic Ballard,Southampton,S,Midfielder,2,17,0,0,0,0,0,0,0.0,0.0,0.0
2022-2023,Shea Charles,Manchester City,S,Midfielder,1,26,0,0,0,0,0,0,0.0,0.0,0.0
2022-2023,Samuel Amo-Ameyaw,Southampton,S,Midfielder,1,1,0,0,0,1,0,0,0.0,0.0250539388507604,0.0
2023-2024,Erling Haaland,Manchester City,F,Forward,31,2581,27,5,122,29,1,0,31.65399668365717,4.7517555598169565,25.56464628130197
2023-2024,Cole Palmer,"Chelsea,Manchester City",F,Forward,34,2640,22,11,108,72,7,0,17.83224501274526,11.869294486939909,10.981725485995412
2023-2024,Alexander Isak,Newcastle,F,Forward,30,2305,21,2,78,27,1,0,22.07426631450653,3.652040131390095,17.507253035902977
2023-2024,Dominic Solanke,Bournemouth,F,Forward,38,3346,19,3,109,39,3,0,21.40683087334037,3.5437498800456524,19.12332433462143
2023-2024,Phil Foden,Manchester City,F,Forward,35,2895,19,8,105,73,2,0,11.307983005419374,8.51623285189271,11.307983005419374
2023-2024,Ollie Watkins,Aston Villa,F,Forward,37,3250,19,13,106,45,4,0,19.26459836959839,7.745744535699487,19.26459836959839
2023-2024,Mohamed Salah,Liverpool,F,Forward,32,2556,18,10,114,66,2,0,21.94127439334989,12.332044444978235,16.613166783005
2023-2024,Son Heung-Min,Tottenham,F,Forward,35,2989,17,10,85,69,1,0,12.978620901703836,13.341020658612251,11.45628322660923
2023-2024,Jarrod Bowen,West Ham,F,Forward,34,3026,16,6,85,32,2,0,13.498636420816185,6.437707958742976,13.498636420816185
2023-2024,Jean-Philippe Mateta,Crystal Palace,F,Forward,35,2303,16,5,46,32,3,0,12.290523625910282,3.52706278860569,10.768185935914516
2023-2024,Bukayo Saka,Arsenal,F,Forward,35,2990,16,8,107,89,4,0,16.807056225836277,11.325986489653587,12.240043208003044
2023-2024,Chris Wood,Nottingham Forest,F,Forward,31,1797,14,1,48,22,0,0,13.364272002130749,1.987032251432538,13.364272002130749
2023-2024,Nicolas Jackson,Chelsea,F,Forward,35,2818,14,5,80,36,10,0,19.860593939200044,5.2836981769651175,19.860593939200044
2023-2024,Kai Havertz,Arsenal,F,Forward,37,2651,13,7,69,45,11,0,13.465729914605618,5.814370539039373,12.704561084508896
2023-2024,Yoane Wissa,Brentford,F,Forward,34,2556,12,3,67,29,7,0,11.16999962553382,3.828521143645048,11.16999962553382
2023-2024,Matheus Cunha,Wolverhampton,F,Forward,32,2499,12,7,73,28,8,0,10.229120277799666,3.920058634132147,9.467951440252364
2023-2024,Leandro Trossard,Arsenal,F,Forward,34,1649,12,1,60,24,2,0,9.575767548754811,3.252073733136058,9.575767548754811
2023-2024,Hee-Chan Hwang,Wolverhampton,F,Forward,29,2154,12,3,45,17,6,0,8.681871520355344,3.1403315979987383,7.920702653005719
2023-2024,Richarlison,Tottenham,F,Forward,28,1511,11,4,61,15,3,0,9.619059151038527,1.9676255472004407,9.619059151038527
2023-2024,Anthony Gordon,Newcastle,F,Forward,35,2956,11,10,81,56,10,1,11.293779235333204,8.833045985549688,10.53261036798358
2023-2024,Eberechi Eze,Crystal Palace,F,Forward,27,2097,11,4,83,54,3,0,9.37310928851366,6.844833366572857,8.611940443515778
2023-2024,Darwin Núñez,Liverpool,F,Forward,36,2037,11,8,108,33,9,0,19.187851031310856,5.950456521473825,18.42668213415891
2023-2024,Julián Álvarez,Manchester City,F,Forward,36,2682,11,8,98,66,2,0,14.373571239411833,5.823111834935844,12.851233504712582
2023-2024,Carlton Morris,Luton,F,Forward,38,2879,11,4,72,22,4,0,12.306741118431091,3.691950936801732,8.500896904617548
2023-2024,Bruno Fernandes,Manchester United,F,Forward,35,3121,10,8,95,113,9,0,10.74626663699746,13.15852378681302,6.940422397106886
2023-2024,Leon Bailey,Aston Villa,F,Forward,35,2112,10,9,53,51,5,0,6.4655649326741695,10.29915790259838,6.4655649326741695
2023-2024,Diogo Jota,Liverpool,F,Forward,21,1164,10,3,41,23,1,1,6.724682793021202,3.19649357162416,6.724682793021202
2023-2024,Michael Olise,Crystal Palace,F,Forward,19,1281,10,6,56,35,0,0,5.68741318397224,5.196664724498987,4.926244312897325
2023-2024,Rasmus Højlund,Manchester United,F,Forward,30,2210,10,2,38,28,2,0,9.338883213698864,1.779460173100233,9.338883213698864
2023-2024,Elijah Adebayo,Luton,F,Forward,27,1422,10,0,31,14,1,0,6.630781220272183,0.8136616554111242,6.630781220272183
2023-2024,Callum Wilson,Newcastle,F,Forward,20,963,9,1,35,8,3,0,10.12450959533453,0.9339367430657148,8.602172024548054
2023-2024,Douglas Luiz,Aston Villa,M,Midfielder,35,3043,9,5,48,53,12,0,7.572099968791008,5.288189608603716,4.527424611151218
2023-2024,Bryan Mbeumo,Brentford,F,Forward,25,1954,9,6,53,32,2,0,9.158370908349752,5.14017678797245,6.874864336103201
2023-2024,João Pedro,Brighton,F,Forward,31,2026,9,3,75,37,2,0,11.918903339654207,5.4223863165825605,8.113133335486054
2023-2024,Rodrigo Muniz,Fulham,F,Forward,26,1602,9,1,72,16,1,0,8.481916300952435,1.3883774541318417,8.481916300952435
2023-2024,Raheem Sterling,Chelsea,F,Forward,31,1987,8,4,51,30,7,0,8.573790527880192,4.971372967585921,8.573790527880192
2023-2024,Rodri,Manchester City,M,Midfielder,34,2967,8,9,62,50,8,1,4.294270480051637,5.32604681327939,4.294270480051637
2023-2024,Martin Odegaard,Arsenal,M,Midfielder,35,3117,8,10,77,102,2,0,7.670226177200675,11.577396512031555,6.147925289347768
2023-2024,Callum Hudson-Odoi,Nottingham Forest,F,Forward,29,1844,8,1,38,36,0,0,3.01959465444088,3.0873287972062826,3.01959465444088
2023-2024,Dejan Kulusevski,Tottenham,F,Forward,36,2787,8,3,57,65,7,0,5.835474932566285,8.615606566891074,5.835474932566285
2023-2024,Luis Díaz,Liverpool,F,Forward,37,2706,8,5,94,64,3,0,12.864595355466008,6.482230054214597,12.864595355466008
2023-2024,Cody Gakpo,Liverpool,F,Forward,35,1640,8,5,66,25,1,0,8.769219513982534,4.2288118079304695,8.769219513982534
2023-2024,Antoine Semenyo,Bournemouth,M,Midfielder,33,2141,8,2,70,29,7,0,6.423830641433597,3.799709178507328,6.423830641433597
2023-2024,Mohammed Kudus,West Ham,F,Forward,33,2490,8,6,66,28,6,0,5.177267018705607,3.5089522134512663,5.177267018705607
2023-2024,Marcus Rashford,Manchester United,F,Forward,33,2292,7,2,62,24,2,0,7.661536030471325,2.390108224004507,6.13919834792614
2023-2024,James Ward-Prowse,West Ham,M,Midfielder,37,3025,7,7,44,64,4,0,5.63929136376828,8.108484361320734,4.116953688673675
2023-2024,Abdoulaye Doucouré,Everton,M,Midfielder,32,2678,7,1,47,33,7,0,10.20444649644196,2.55271128565073,10.20444649644196
2023-2024,Odsonne Edouard,Crystal Palace,F,Forward,30,1534,7,0,51,18,4,0,7.869511350989342,1.0359194399788976,7.869511350989342
2023-2024,Raúl Jiménez,Fulham,F,Forward,24,1423,7,0,41,11,3,1,5.9900733437389135,1.6923745833337307,5.9900733437389135
2023-2024,Declan Rice,Arsenal,M,Midfielder,38,3256,7,8,58,47,5,0,3.186093623749912,5.895036246627569,3.186093623749912
2023-2024,Dominic Calvert-Lewin,Everton,F,Forward,32,2234,7,2,73,19,2,0,13.627293583005669,3.068425781559199,12.104955926537514
2023-2024,Scott McTominay,Manchester United,F,Forward,32,1861,7,1,44,11,2,0,6.777370238676667,1.0619673654437063,6.777370238676667
2023-2024,Justin Kluivert,Bournemouth,M,Midfielder,32,2029,7,1,56,21,5,0,7.296913180500269,1.6692864689975977,7.296913180500269
2023-2024,Tomas Soucek,West Ham,M,Midfielder,37,2885,7,2,42,20,7,0,7.466816443949938,2.1494441609829664,7.466816443949938
2023-2024,Bruno Guimarães,Newcastle,M,Midfielder,37,3292,7,8,48,62,8,0,4.978310074657202,7.888791332021356,4.978310074657202
2023-2024,Alejandro Garnacho,Manchester United,M,Midfielder,36,2601,7,4,100,46,4,0,9.865097627043724,5.915270071476698,9.865097627043724
2023-2024,Michail Antonio,West Ham,F,Forward,26,1775,6,2,30,9,6,0,6.025665767490864,1.559285182505846,6.025665767490864
2023-2024,Oliver McBurnie,Sheffield United,F,Forward,21,1290,6,3,33,12,3,2,7.429724760353565,2.1915900241583586,5.907387010753155
2023-2024,Neal Maupay,"Brentford,Everton",F,Forward,31,1381,6,3,42,16,8,0,7.23018298856914,2.382636667229235,7.23018298856914
2023-2024,Bernardo Silva,Manchester City,M,Midfielder,33,2599,6,9,34,65,8,0,4.0968160554766655,8.528519937768579,4.0968160554766655
2023-2024,Jacob Bruun Larsen,Burnley,F,Forward,32,1272,6,0,44,25,1,0,5.2944221664220095,1.4546170141547918,4.533253343775868
2023-2024,Moussa Diaby,Aston Villa,F,Forward,38,2233,6,8,54,46,1,0,6.457844961434603,8.6211255826056,6.457844961434603
2023-2024,Bobby Reid,Fulham,F,Forward,33,1431,6,2,33,17,4,0,5.469232198782265,1.5773739200085402,5.469232198782265
2023-2024,Sean Longstaff,Newcastle,M,Midfielder,35,2748,6,2,41,20,7,0,7.077314300462604,3.0185976549983025,7.077314300462604
2023-2024,John McGinn,Aston Villa,M,Midfielder,35,3053,6,4,40,45,9,1,4.672283694148064,5.626847393810749,4.672283694148064
2023-2024,Gabriel Martinelli,Arsenal,F,Forward,35,2056,6,4,58,46,1,0,7.119670176878572,5.322934284806252,7.119670176878572
2023-2024,Taiwo Awoniyi,Nottingham Forest,F,Forward,20,1066,6,3,22,10,2,0,5.060870740562677,1.6294344998896122,5.060870740562677
2023-2024,Evan Ferguson,Brighton,F,Forward,27,1364,6,0,33,6,1,0,3.9660524409264326,0.6511713527143002,3.9660524409264326
2023-2024,Simon Adingra,Brighton,D,Defender,31,2256,6,1,52,33,3,0,5.096701676025987,3.30205356515944,5.096701676025987
2023-2024,Ben Brereton Díaz,Sheffield United,F,Forward,14,1134,6,1,35,8,3,0,6.060540288686752,1.6426486261188984,5.29937145113945
2023-2024,Alex Iwobi,"Everton,Fulham",M,Midfielder,32,2398,5,2,55,52,2,0,5.662265548482537,4.8107705460861325,5.662265548482537
2023-2024,Danny Welbeck,Brighton,F,Forward,29,1723,5,1,40,22,4,0,6.242080001160502,2.18816620670259,6.242080001160502
2023-2024,Ross Barkley,Luton,M,Midfielder,32,2627,5,4,66,43,6,0,4.483209175989032,4.823556295596063,4.483209175989032
2023-2024,Eddie Nketiah,Arsenal,F,Forward,27,1036,5,2,38,9,3,0,5.057408779859543,1.209644090384245,5.057408779859543
2023-2024,Harvey Barnes,Newcastle,F,Forward,21,738,5,3,27,13,3,0,3.467865003272891,4.21071451343596,3.467865003272891
2023-2024,Morgan Gibbs-White,Nottingham Forest,F,Forward,37,3177,5,10,71,74,9,0,6.069625414907932,9.522167706862092,5.308456636965275
2023-2024,Cristian Romero,Tottenham,D,Defender,33,2796,5,0,24,7,7,1,3.9851038865745054,0.3418706227093935,3.9851038865745054
2023-2024,Lyle Foster,Burnley,F,Forward,24,1938,5,3,34,19,0,1,5.608147136867046,1.4990256652235985,5.608147136867046
2023-2024,Alexis Mac Allister,Liverpool,M,Midfielder,33,2661,5,5,44,47,7,1,3.998983211815357,3.578091200441122,3.237814389169216
2023-2024,Conor Gallagher,Chelsea,M,Midfielder,37,3171,5,7,48,52,7,1,4.717563968151808,5.792711144313216,4.717563968151808
2023-2024,Anthony Elanga,Nottingham Forest,F,Forward,36,2430,5,9,54,33,1,0,6.7731207851320505,7.090984374284744,6.7731207851320505
2023-2024,Brennan Johnson,"Nottingham Forest,Tottenham",F,Forward,35,2350,5,10,53,46,3,0,12.170278270728886,7.638319082558155,12.170278270728886
2023-2024,Mykhailo Mudryk,Chelsea,F,Forward,31,1563,5,2,35,32,5,0,5.111277528107166,3.8853818774223328,5.111277528107166
2023-2024,Noni Madueke,Chelsea,M,Midfielder,23,1066,5,2,32,20,2,0,3.003602419048548,2.160680465400219,2.242433581501245
2023-2024,Jhon Durán,Aston Villa,F,Forward,23,394,5,0,20,4,5,0,1.9487376604229207,0.2149669798091054,1.9487376604229207
2023-2024,Zeki Amdouni,Burnley,F,Forward,34,2025,5,1,49,16,2,0,6.100483123213053,1.494755046442151,5.339314285665751
2023-2024,Fabian Schär,Newcastle,D,Defender,36,3057,4,1,35,9,5,0,2.679914410226047,1.2247396316379309,2.679914410226047
2023-2024,Pascal Groß,Brighton,D,Defender,36,3107,4,10,55,101,6,0,6.07863125950098,8.449651076458395,5.317462421953678
2023-2024,Kevin De Bruyne,Manchester City,M,Midfielder,18,1233,4,10,44,58,2,0,2.578734993934632,11.979073725640774,2.578734993934632
2023-2024,Idrissa Gueye,Everton,M,Midfielder,25,1930,4,0,26,15,8,0,1.66155200637877,1.0346810910850763,1.66155200637877
2023-2024,Jordan Ayew,Crystal Palace,F,Forward,35,2563,4,7,48,25,7,1,4.262499047443271,4.95881259907037,4.262499047443271
2023-2024,Willian,Fulham,F,Forward,31,2080,4,2,45,45,1,0,5.017656198702753,4.14518438372761,3.495318523608148
2023-2024,Ivan Toney,Brentford,F,Forward,17,1447,4,2,51,13,5,0,7.132677088491619,2.186188329011202,7.132677088491619
2023-2024,Mario Lemina,Wolverhampton,M,Midfielder,35,3002,4,1,48,20,10,1,4.610754423774779,1.7865049708634615,4.610754423774779
2023-2024,Pablo Sarabia,Wolverhampton,F,Forward,30,1763,4,7,46,52,5,0,5.981299871578813,6.066077848896384,4.458962256088853
2023-2024,Gabriel Jesus,Arsenal,F,Forward,27,1496,4,5,55,28,6,0,7.291733928024769,4.235467437654734,7.291733928024769
2023-2024,Harry Wilson,Fulham,F,Forward,35,1576,4,6,39,22,6,0,2.819539733231068,3.1505596097558737,2.819539733231068
2023-2024,James Maddison,Tottenham,M,Midfielder,28,2206,4,9,57,66,5,0,6.2975962068885565,7.142374597489834,6.2975962068885565
2023-2024,Ben White,Arsenal,D,Defender,37,3024,4,4,13,38,8,0,2.015913512557745,4.758832193911076,2.015913512557745
2023-2024,Lucas Paquetá,West Ham,F,Forward,31,2676,4,6,42,41,10,0,4.605092185549438,5.833031775429845,3.082754510454833
2023-2024,Tahith Chong,Luton,D,Defender,33,1978,4,0,30,9,4,0,3.5191842010244727,0.43756147287786,3.5191842010244727
2023-2024,Josh Brownhill,Burnley,M,Midfielder,33,2229,4,2,28,34,4,1,1.8306225752457976,1.8270882591605184,1.8306225752457976
2023-2024,Josko Gvardiol,Manchester City,D,Defender,28,2335,4,1,32,19,3,0,3.0817854246124625,2.115578116849065,3.0817854246124625
2023-2024,Cameron Archer,"Aston Villa,Sheffield United",F,Forward,30,1870,4,1,41,24,2,0,5.785084556788206,2.983854740858078,5.785084556788206
2023-2024,João Palhinha,Fulham,M,Midfielder,33,2742,4,1,44,12,13,0,3.245512000285089,0.8451391234993935,3.245512000285089
2023-2024,Marcos Senesi,Bournemouth,D,Defender,31,2253,4,5,13,22,13,0,2.3658602572977543,1.8848512191325424,2.3658602572977543
2023-2024,David Datro Fofana,Burnley,F,Forward,15,876,4,1,19,8,1,0,4.029318623244762,1.4943999461829662,4.029318623244762
2023-2024,Chiedozie Ogbene,Luton,D,Defender,30,1984,4,1,35,27,1,0,4.80650751106441,3.4691168274730444,4.80650751106441
2023-2024,Gustavo Hamer,Sheffield United,F,Forward,36,2986,4,6,49,68,9,0,2.414116295985877,6.986010514199734,2.414116295985877
2023-2024,Jack Grealish,Manchester City,M,Midfielder,20,975,3,1,22,26,6,0,2.38350597023964,2.7743227388709784,2.38350597023964
2023-2024,Andreas Pereira,Fulham,M,Midfielder,37,2756,3,7,52,83,7,0,5.155889482237399,6.918029231950641,5.155889482237399
2023-2024,Kurt Zouma,West Ham,D,Defender,33,2849,3,0,16,4,3,0,2.339608912356198,0.1828841548413038,2.339608912356198
2023-2024,Andrew Robertson,Liverpool,D,Defender,23,1684,3,2,12,62,2,0,2.4325872622430325,6.65541476290673,2.4325872622430325
2023-2024,Trent Alexander-Arnold,Liverpool,D,Defender,28,2190,3,4,47,64,6,0,2.745258178561926,8.361615665256977,2.745258178561926
2023-2024,Thiago Silva,Chelsea,D,Defender,31,2530,3,1,14,9,4,0,0.7915211245417595,1.4041369603946805,0.7915211245417595
2023-2024,Christopher Nkunku,Chelsea,F,Forward,11,416,3,0,16,3,0,0,2.412173550575972,0.2275804504752159,2.412173550575972
2023-2024,Gabriel,Arsenal,D,Defender,36,3050,3,0,31,3,4,0,4.025354804471135,0.8747859355062246,4.025354804471135
2023-2024,Lewis Dunk,Brighton,D,Defender,33,2895,3,1,34,13,7,1,2.9649088978767395,1.1697372319176793,2.9649088978767395
2023-2024,Solly March,Brighton,D,Defender,7,571,3,1,14,7,1,0,2.7198847085237503,0.9913322664797306,2.7198847085237503
2023-2024,Jacob Murphy,Newcastle,D,Defender,21,1216,3,7,30,31,1,0,2.8978680092841387,5.225788880139589,2.8978680092841387
2023-2024,Dwight McNeil,Everton,D,Defender,35,2914,3,6,57,69,2,0,3.64070400595665,10.325187070295216,3.64070400595665
2023-2024,Pedro Porro,Tottenham,D,Defender,35,3101,3,7,53,52,3,0,2.83508870145306,7.285218555480242,2.83508870145306
2023-2024,Mathias Jensen,Brentford,M,Midfielder,32,2294,3,3,14,41,5,0,0.689183003269136,4.908007476478815,0.689183003269136
2023-2024,Miguel Almirón,Newcastle,F,Forward,33,1967,3,1,41,25,2,0,5.132560992613435,3.076187368482352,5.132560992613435
2023-2024,Harvey Elliott,Liverpool,F,Forward,34,1268,3,6,49,36,2,0,2.5765033923089504,4.262343382462859,2.5765033923089504
2023-2024,Jarrad Branthwaite,Everton,D,Defender,35,3122,3,0,14,4,8,0,1.9108920088037848,0.9319860828109086,1.9108920088037848
2023-2024,Jack Harrison,Everton,M,Midfielder,29,2229,3,3,34,27,1,0,4.149862082675099,4.3471535332500935,4.149862082675099
2023-2024,Dara O&#039;Shea,Burnley,D,Defender,33,2899,3,4,19,13,5,1,0.9073518002405764,1.6444027656689286,0.9073518002405764
2023-2024,Jéremy Doku,Manchester City,D,Defender,29,1616,3,8,56,45,3,0,3.76985201984644,5.476052410900593,3.76985201984644
2023-2024,Pape Sarr,Tottenham,M,Midfielder,34,2141,3,3,36,20,9,0,3.842421315610409,2.0322468373924494,3.842421315610409
2023-2024,Jayden Bogle,Sheffield United,D,Defender,34,2817,3,0,32,10,8,0,2.602401724085212,0.7326478343456984,2.602401724085212
2023-2024,Dominik Szoboszlai,Liverpool,M,Midfielder,33,2135,3,2,60,55,1,0,3.519060474820435,5.657645266503096,3.519060474820435
2023-2024,Beto,Everton,F,Forward,30,898,3,0,43,11,2,0,7.16694748448208,1.1942407237365842,6.405778587330133
2023-2024,Micky van de Ven,Tottenham,D,Defender,27,2345,3,0,8,1,5,0,0.9709036685526372,0.0354084856808185,0.9709036685526372
2023-2024,James McAtee,"Manchester City,Sheffield United",F,Forward,31,1848,3,3,26,28,2,0,3.202349577099085,3.065165574662388,2.4411807619035244
2023-2024,Marcus Tavernier,Bournemouth,F,Forward,30,2163,3,4,53,44,3,0,4.385046798735857,6.264871651306748,4.385046798735857
2023-2024,Kaoru Mitoma,Brighton,D,Defender,19,1482,3,4,34,25,4,0,4.680040899664164,3.3876203782856464,4.680040899664164
2023-2024,Keane Lewis-Potter,Brentford,D,Defender,30,1432,3,1,43,13,0,0,8.581757307052612,1.6146608591079712,8.581757307052612
2023-2024,Wilson Odobert,Burnley,F,Forward,29,2150,3,2,49,31,3,0,2.5438556540757418,4.427815416827798,2.5438556540757418
2023-2024,Kobbie Mainoo,Manchester United,M,Midfielder,24,1980,3,1,11,15,3,0,0.7737709768116474,0.8450042605400085,0.7737709768116474
2023-2024,Jack Hinshelwood,Brighton,D,Defender,12,890,3,0,14,8,1,0,2.163621000945568,0.8382504060864449,2.163621000945568
2023-2024,Enzo Fernández,Chelsea,M,Midfielder,28,2237,3,2,47,32,7,0,6.147583088837564,3.558830797672272,4.62524542491883
2023-2024,Facundo Buonanotte,Brighton,F,Forward,27,1408,3,1,21,19,7,0,2.974676702171564,2.304281622171402,2.974676702171564
2023-2024,Morgan Rogers,Aston Villa,M,Midfielder,11,652,3,1,11,9,3,0,1.086574248969555,0.90475139208138,1.086574248969555
2023-2024,Timo Werner,Tottenham,F,Forward,13,827,2,3,29,15,1,0,4.212947295978665,3.4769514203071594,4.212947295978665
2023-2024,Joelinton,Newcastle,F,Forward,20,1289,2,1,19,23,6,0,2.559178806841373,2.958754763007164,2.559178806841373
2023-2024,Nathan Aké,Manchester City,D,Defender,29,2046,2,2,20,10,0,0,2.18010578583926,1.736834991723299,2.18010578583926
2023-2024,Jeffrey Schlupp,Crystal Palace,F,Forward,29,1370,2,2,19,18,1,0,1.8823988568037748,2.1711694821715355,1.8823988568037748
2023-2024,Virgil van Dijk,Liverpool,D,Defender,36,3177,2,2,45,11,3,1,3.299967482686043,1.8630620841868224,3.299967482686043
2023-2024,Jay Rodriguez,Burnley,F,Forward,21,781,2,1,22,4,0,0,4.621791888028383,0.1711099222302436,3.860623050481081
2023-2024,Adama Traoré,Fulham,M,Midfielder,17,310,2,3,11,7,2,0,1.4920614697039127,0.7020887192338705,1.4920614697039127
2023-2024,Josh Cullen,Burnley,M,Midfielder,25,2072,2,3,16,26,9,0,0.532621605321765,1.9263525325804949,0.532621605321765
2023-2024,Ben Mee,Brentford,D,Defender,16,1290,2,0,10,6,1,1,1.4556071758270264,0.2498973030596971,1.4556071758270264
2023-2024,Harry Maguire,Manchester United,D,Defender,22,1645,2,2,20,6,3,0,2.137907139956951,1.306744921952486,2.137907139956951
2023-2024,Álex Moreno,Aston Villa,D,Defender,21,1033,2,0,8,11,2,0,1.4437588155269625,1.1591111738234758,1.4437588155269625
2023-2024,Estupiñán,Brighton,D,Defender,19,1239,2,3,11,26,4,0,1.034091948531568,3.28635298833251,1.034091948531568
2023-2024,Tosin Adarabioyo,Fulham,D,Defender,20,1618,2,0,14,2,2,0,0.9477480566129088,0.1365393549203872,0.9477480566129088
2023-2024,Giovani Lo Celso,Tottenham,M,Midfielder,22,466,2,2,13,17,2,0,0.4979793429374695,1.60302646830678,0.4979793429374695
2023-2024,Youri Tielemans,Aston Villa,F,Forward,32,1580,2,6,14,18,3,0,1.0049287639558315,3.0543287601321936,1.0049287639558315
2023-2024,Philip Billing,Bournemouth,M,Midfielder,29,1359,2,2,30,23,3,1,2.870723254047334,3.7171403001993895,2.870723254047334
2023-2024,Enes Ünal,Bournemouth,F,Forward,16,283,2,2,23,5,1,0,4.017524182796478,1.2090652771294117,4.017524182796478
2023-2024,Pau Torres,Aston Villa,D,Defender,29,2467,2,0,12,8,1,0,1.5308636222034693,0.6226628543809056,1.5308636222034693
2023-2024,Joachim Andersen,Crystal Palace,D,Defender,38,3420,2,3,21,21,7,0,2.444138385821134,2.889101937413216,2.444138385821134
2023-2024,Pedro Neto,Wolverhampton,F,Forward,20,1524,2,9,36,37,4,0,3.287029344588518,5.216042526066303,3.287029344588518
2023-2024,Manuel Akanji,Manchester City,D,Defender,30,2517,2,0,15,13,2,1,2.200386293232441,0.5265345014631748,2.200386293232441
2023-2024,Rayan Ait Nouri,Wolverhampton,D,Defender,33,2391,2,1,23,25,7,0,3.2441271310672164,2.3514519911259413,3.2441271310672164
2023-2024,Nicolo Zaniolo,Aston Villa,F,Forward,25,820,2,0,27,10,7,0,3.7046729400753975,0.6395295020192862,3.7046729400753975
2023-2024,Willy Boly,Nottingham Forest,D,Defender,20,1461,2,1,14,8,1,1,1.4704081807285547,1.3754375465214252,1.4704081807285547
2023-2024,Axel Disasi,Chelsea,D,Defender,31,2586,2,0,16,3,6,0,2.678889036178589,0.1950406357645988,2.678889036178589
2023-2024,William Saliba,Arsenal,D,Defender,38,3420,2,1,10,6,4,0,2.367191250436008,0.2489092536270618,2.367191250436008
2023-2024,Christian Nørgaard,Brentford,M,Midfielder,31,2556,2,1,36,24,8,0,3.172293212264776,2.970704079605639,3.172293212264776
2023-2024,Diogo Dalot,Manchester United,D,Defender,36,3171,2,3,30,38,4,1,1.3286937261000276,3.0855262465775013,1.3286937261000276
2023-2024,Max Kilman,Wolverhampton,D,Defender,38,3420,2,0,14,17,7,0,2.598186601884663,1.1396792819723487,2.598186601884663
2023-2024,Dan Burn,Newcastle,D,Defender,33,2763,2,2,23,9,4,0,4.111052492633462,1.896822519600392,4.111052492633462
2023-2024,Carlos Vinicius,Fulham,F,Forward,13,286,2,0,9,5,2,0,1.6243880316615105,0.5761066563427448,1.6243880316615105
2023-2024,Jean-Ricner Bellegarde,Wolverhampton,D,Defender,22,938,2,1,15,12,0,1,1.361364832147956,0.9551639519631864,1.361364832147956
2023-2024,Takehiro Tomiyasu,Arsenal,D,Defender,22,1106,2,1,17,6,0,1,1.6189159248024223,0.5923872366547585,1.6189159248024223
2023-2024,Anssumane Fati,Brighton,F,Forward,19,456,2,0,26,6,2,0,3.8195773735642433,0.6551500093191862,3.8195773735642433
2023-2024,Tyrick Mitchell,Crystal Palace,D,Defender,37,3221,2,3,12,24,6,0,2.2116162590682507,3.6366397831588975,2.2116162590682507
2023-2024,Nicolás Domínguez,Nottingham Forest,M,Midfielder,26,1543,2,2,22,10,4,0,1.7021510526537895,0.9089695196598768,1.7021510526537895
2023-2024,Sven Botman,Newcastle,D,Defender,17,1383,2,2,10,5,2,0,0.9827942438423634,1.1396078020334244,0.9827942438423634
2023-2024,Sasa Kalajdzic,Wolverhampton,F,Forward,11,132,2,0,4,4,0,0,1.3522434905171394,1.0801250115036964,1.3522434905171394
2023-2024,Iyenoma Destiny Udogie,Tottenham,D,Defender,28,2437,2,3,9,24,5,1,2.81389419734478,2.5504489485174417,2.81389419734478
2023-2024,Matthew Cash,Aston Villa,D,Defender,29,2142,2,2,33,13,8,0,4.486114578321576,2.969944916665554,4.486114578321576
2023-2024,Kevin Schade,Brentford,F,Forward,11,299,2,1,8,4,0,0,1.4017144106328487,0.9465273916721344,1.4017144106328487
2023-2024,Amadou Onana,Everton,M,Midfielder,30,2093,2,0,29,18,5,0,2.553437914699316,2.4138805400580168,2.553437914699316
2023-2024,Kristoffer Ajer,Brentford,D,Defender,28,1845,2,1,12,12,5,0,1.4675675723701715,2.600812576711178,1.4675675723701715
2023-2024,Ethan Pinnock,Brentford,D,Defender,29,2521,2,0,19,4,1,0,3.382065122947097,0.5834191367030144,3.382065122947097
2023-2024,Jarell Quansah,Liverpool,D,Defender,17,1182,2,0,6,3,1,0,1.426688393577933,0.0755226109176874,1.426688393577933
2023-2024,Vitalii Mykolenko,Everton,D,Defender,28,2482,2,0,26,13,0,0,1.9085629284381864,1.246465403586626,1.9085629284381864
2023-2024,Anel Ahmedhodzic,Sheffield United,D,Defender,31,2646,2,0,19,7,9,1,3.4643044117838144,0.9506413880735636,3.4643044117838144
2023-2024,Rico Lewis,Manchester City,D,Defender,16,802,2,0,5,13,1,0,0.8562885001301765,1.764199182391167,0.8562885001301765
2023-2024,Luis Sinisterra,Bournemouth,M,Midfielder,20,670,2,2,27,19,0,0,2.296443399041891,2.3218660429120064,2.296443399041891
2023-2024,Danilo,Nottingham Forest,F,Forward,29,1799,2,2,23,20,4,0,1.6652069194242358,1.5294003784656525,1.6652069194242358
2023-2024,João Gomes,Wolverhampton,M,Midfielder,34,2690,2,1,26,19,11,0,1.8554088305681944,1.327573673799634,1.8554088305681944
2023-2024,Jacob Brown,Luton,F,Forward,19,1031,2,0,25,8,4,0,3.0787864811718464,0.8424425385892391,3.0787864811718464
2023-2024,Luke Berry,Luton,M,Midfielder,17,272,2,1,8,1,1,0,1.1334221102297306,0.0616301111876964,1.1334221102297306
2023-2024,Alfie Doughty,Luton,D,Defender,37,2980,2,8,26,70,5,0,1.831780318170786,6.612265331670642,1.831780318170786
2023-2024,Gabriel Osho,Luton,D,Defender,21,1853,2,0,10,2,3,0,1.2455969844013453,0.0953587368130683,1.2455969844013453
2023-2024,Matt Ritchie,Newcastle,S,Midfielder,13,97,1,0,6,0,1,0,1.525990355759859,0.0,1.525990355759859
2023-2024,Anthony Martial,Manchester United,F,Forward,13,430,1,0,6,6,0,0,1.0567390732467177,0.2762942183762789,1.0567390732467177
2023-2024,John Stones,Manchester City,D,Defender,16,1060,1,0,4,6,2,0,0.7489623166620731,0.261431485414505,0.7489623166620731
2023-2024,Christian Eriksen,Manchester United,M,Midfielder,22,1130,1,2,13,27,1,0,0.6886363411322236,2.3459482928738,0.6886363411322236
2023-2024,Kieran Trippier,Newcastle,D,Defender,28,2255,1,10,8,66,5,0,0.6469280309975147,8.592840051278472,0.6469280309975147
2023-2024,Ben Davies,Tottenham,D,Defender,17,1067,1,0,12,4,2,0,2.077168807387352,0.3106337115168571,2.077168807387352
2023-2024,Ola Aina,Nottingham Forest,D,Defender,22,1730,1,1,11,11,3,0,0.2965008215978741,0.7307851929217577,0.2965008215978741
2023-2024,Jamaal Lascelles,Newcastle,D,Defender,16,1072,1,0,6,2,4,0,1.0759279876947403,0.0364065654575824,1.0759279876947403
2023-2024,Andros Townsend,Luton,F,Forward,27,1211,1,3,20,18,1,0,1.4216714538633823,1.456837410107255,1.4216714538633823
2023-2024,Craig Dawson,Wolverhampton,D,Defender,25,2214,1,1,16,9,7,0,1.357585897669196,1.350392846390605,1.357585897669196
2023-2024,Danny Ings,West Ham,F,Forward,20,342,1,0,12,5,1,0,1.2228488996624949,0.3788724727928638,1.2228488996624949
2023-2024,Emerson,West Ham,D,Defender,36,3163,1,2,19,23,10,0,1.6024377886205912,1.5223980667069554,1.6024377886205912
2023-2024,Sasa Lukic,Fulham,M,Midfielder,24,1107,1,0,13,10,3,0,1.2816824559122324,0.6108460575342178,1.2816824559122324
2023-2024,Michael Keane,Everton,D,Defender,9,432,1,0,6,0,2,0,0.9261618256568908,0.0,0.9261618256568908
2023-2024,Johann Berg Gudmundsson,Burnley,F,Forward,26,1175,1,3,15,34,2,0,2.048229966312647,3.143440945073962,2.048229966312647
2023-2024,James Tarkowski,Everton,D,Defender,38,3420,1,1,25,21,11,0,3.3438648656010628,2.957596180029213,3.3438648656010628
2023-2024,Lucas Digne,Aston Villa,D,Defender,33,2406,1,3,20,37,7,0,1.2978818826377392,2.9300744011998177,1.2978818826377392
2023-2024,Jefferson Lerma,Crystal Palace,D,Defender,28,2413,1,1,34,24,8,0,2.384976907633245,2.438307190313936,2.384976907633245
2023-2024,Raphael Varane,Manchester United,D,Defender,22,1374,1,0,8,1,2,0,1.1560358591377735,0.0810448750853538,1.1560358591377735
2023-2024,Casemiro,Manchester United,D,Defender,25,2006,1,2,38,16,7,0,3.123898906633258,1.3856250941753387,3.123898906633258
2023-2024,Mateo Kovacic,Manchester City,M,Midfielder,30,1540,1,0,22,21,4,0,1.42939617857337,1.6855967957526443,1.42939617857337
2023-2024,André Gomes,Everton,M,Midfielder,12,476,1,0,8,3,4,0,0.3153491877019405,0.2601973935961723,0.3153491877019405
2023-2024,Oleksandr Zinchenko,Arsenal,D,Defender,27,1742,1,2,17,29,2,0,0.5664580916054547,3.02644526027143,0.5664580916054547
2023-2024,Maxwel Cornet,West Ham,M,Midfielder,7,101,1,0,4,4,0,0,0.5305153168737888,0.1610036846250295,0.5305153168737888
2023-2024,Kenny Tete,Fulham,D,Defender,14,880,1,0,4,3,2,0,1.1781789623200891,0.1614780435338616,1.1781789623200891
2023-2024,Moussa Niakhate,Nottingham Forest,D,Defender,21,1446,1,0,5,3,3,1,1.166658602654934,0.0978621523827314,1.166658602654934
2023-2024,Zanka,Brentford,D,Defender,14,1082,1,0,8,6,4,0,0.6000314559787512,0.9500103443861008,0.6000314559787512
2023-2024,Charlie Taylor,Burnley,D,Defender,28,2336,1,1,10,15,8,0,0.2403556806966662,1.883366331458092,0.2403556806966662
2023-2024,Victor Lindelöf,Manchester United,D,Defender,19,1340,1,1,6,8,2,0,0.4308417942374944,0.2853157091885805,0.4308417942374944
2023-2024,Orel Mangala,Nottingham Forest,M,Midfielder,20,1599,1,0,10,6,6,0,0.8923602215945721,0.2867993172258138,0.8923602215945721
2023-2024,Rodrigo Bentancur,Tottenham,M,Midfielder,23,1016,1,1,18,8,7,0,1.622593866661191,0.5037150774151087,1.622593866661191
2023-2024,Timothy Castagne,Fulham,D,Defender,34,2627,1,3,14,18,3,0,1.3355903550982475,1.5853081783279777,1.3355903550982475
2023-2024,Trevoh Chalobah,Chelsea,D,Defender,13,944,1,0,2,2,1,0,0.3591152802109718,0.0749409683048725,0.3591152802109718
2023-2024,Joe Willock,Newcastle,M,Midfielder,9,419,1,0,7,7,0,0,1.0462103113532066,0.4477159287780523,1.0462103113532066
2023-2024,Curtis Jones,Liverpool,M,Midfielder,23,1152,1,1,19,11,3,1,2.483465351164341,0.9511555470526218,2.483465351164341
2023-2024,Konstantinos Mavropanos,West Ham,D,Defender,19,1490,1,0,12,2,2,0,0.8723389487713575,0.1037653312087059,0.8723389487713575
2023-2024,David Brooks,Bournemouth,M,Midfielder,13,241,1,1,13,8,1,0,2.203701872378588,0.9074392039328814,2.203701872378588
2023-2024,Tom Cairney,Fulham,M,Midfielder,34,1427,1,4,17,25,3,0,1.009905599988997,3.1143901832401752,1.009905599988997
2023-2024,Matt Doherty,Wolverhampton,D,Defender,30,1087,1,0,8,12,2,0,1.1126765199005604,1.0989295095205307,1.1126765199005604
2023-2024,Naif Aguerd,West Ham,D,Defender,21,1871,1,0,14,4,1,1,1.6546711716800928,0.2851862292736769,1.6546711716800928
2023-2024,Saman Ghoddos,Brentford,D,Defender,19,701,1,0,9,10,5,0,0.302081985399127,1.0297286342829466,0.302081985399127
2023-2024,Tim Ream,Fulham,D,Defender,18,1513,1,0,1,0,2,1,0.960849940776825,0.0,0.960849940776825
2023-2024,Leander Dendoncker,Aston Villa,M,Midfielder,8,117,1,0,2,0,0,0,0.8101427890360355,0.0,0.8101427890360355
2023-2024,Emerson,Tottenham,D,Defender,22,1145,1,0,6,3,4,0,0.1771470475941896,0.4156769150868058,0.1771470475941896
2023-2024,James Garner,Everton,M,Midfielder,37,3016,1,2,41,43,7,0,2.2248211354017258,5.287607742473483,2.2248211354017258
2023-2024,Oliver Norwood,Sheffield United,M,Midfielder,27,1413,1,0,15,16,8,0,0.9864262714982032,0.6933921938762069,0.2252942509949207
2023-2024,Ezri Konsa Ngoyo,Aston Villa,D,Defender,35,3090,1,0,19,8,5,0,2.3284507524222136,0.6873185783624649,2.3284507524222136
2023-2024,Mason Mount,Manchester United,M,Midfielder,14,501,1,0,5,6,2,0,0.6238168478012085,0.3742097811773419,0.6238168478012085
2023-2024,Sandro Tonali,Newcastle,M,Midfielder,8,436,1,0,3,7,2,0,0.8581285923719406,0.5521692577749491,0.8581285923719406
2023-2024,Arnaut Danjuma Groeneveld,Everton,F,Forward,14,572,1,0,25,6,0,0,3.4230369105935097,0.8538514971733093,3.4230369105935097
2023-2024,Amad Diallo Traore,Manchester United,M,Midfielder,9,375,1,1,10,10,1,0,0.5594709701836109,1.0110422410070896,0.5594709701836109
2023-2024,Sander Berge,Burnley,M,Midfielder,37,3020,1,2,25,29,8,1,2.122107489034533,3.1849441323429346,2.122107489034533
2023-2024,Jack Robinson,Sheffield United,D,Defender,34,2885,1,1,14,12,10,0,1.5116838621906936,1.087454216554761,1.5116838621906936
2023-2024,Armando Broja,"Chelsea,Fulham",F,Forward,21,500,1,1,13,4,0,0,2.489345548674464,0.7393966801464558,2.489345548674464
2023-2024,Chris Richards,Crystal Palace,D,Defender,26,2085,1,1,11,6,3,0,0.6396042630076408,0.6775753749534488,0.6396042630076408
2023-2024,Joël Veltman,Brighton,D,Defender,27,1549,1,1,6,4,4,0,0.7444530799984932,0.5223252037540078,0.7444530799984932
2023-2024,Wataru Endo,Liverpool,M,Midfielder,29,1718,1,0,10,16,10,0,0.4377728682011366,1.4933863505721092,0.4377728682011366
2023-2024,Jacob Ramsey,Aston Villa,M,Midfielder,16,824,1,1,19,9,2,0,2.316869243979454,0.9168627075850964,2.316869243979454
2023-2024,Lorenz Assignon,Burnley,D,Defender,15,1249,1,2,9,13,3,1,0.4085904136300087,2.075187735259533,0.4085904136300087
2023-2024,Carney Chukwuemeka,Chelsea,M,Midfielder,9,219,1,1,3,5,2,0,0.1176121979951858,0.2483895514160394,0.1176121979951858
2023-2024,Moisés Caicedo,Chelsea,M,Midfielder,35,2897,1,3,13,22,11,0,0.2973291608504951,2.49897606484592,0.2973291608504951
2023-2024,Valentino Livramento,Newcastle,D,Defender,26,1275,1,0,4,12,1,0,0.961045878008008,1.0808788742870092,0.961045878008008
2023-2024,Hannibal Mejbri,Manchester United,M,Midfielder,5,124,1,0,1,2,1,0,0.0166018810123205,0.2175336331129074,0.0166018810123205
2023-2024,Dango Ouattara,Bournemouth,D,Defender,30,1200,1,2,30,17,3,0,2.8214692445471883,1.69136568531394,2.8214692445471883
2023-2024,Vitaly Janelt,Brentford,D,Defender,38,3137,1,3,21,37,8,0,2.0162796927616,4.314206030219793,2.0162796927616
2023-2024,Frank Onyeka,Brentford,M,Midfielder,26,1124,1,2,22,12,8,0,2.0069142188876867,1.8476180955767632,2.0069142188876867
2023-2024,Mads Roerslev,Brentford,D,Defender,34,2009,1,2,7,15,1,0,1.1281067915260792,2.064798539504409,1.1281067915260792
2023-2024,Albert Sambi Lokonga,Luton,M,Midfielder,17,1331,1,3,8,9,4,0,0.7531502321362495,1.4872490242123604,0.7531502321362495
2023-2024,Nathan Collins,Brentford,D,Defender,32,2647,1,1,10,11,3,0,1.9630648605525487,2.0567236468195915,1.9630648605525487
2023-2024,Shandon Baptiste,Brentford,M,Midfielder,10,203,1,1,2,4,1,0,0.8607992753386497,0.4303002767264843,0.8607992753386497
2023-2024,Jakub Kiwior,Arsenal,D,Defender,20,953,1,3,6,6,1,0,1.1961752735078337,0.9080287516117096,1.1961752735078337
2023-2024,Lewis Dobbin,Everton,M,Midfielder,12,198,1,0,5,4,1,0,0.502917317673564,0.4989037085324526,0.502917317673564
2023-2024,Conor Bradley,Liverpool,D,Defender,11,776,1,3,12,15,2,0,0.9028667435050012,1.9515707418322563,0.9028667435050012
2023-2024,Lewis Hall,Newcastle,D,Defender,18,748,1,0,11,3,2,0,0.4160314388573169,0.301099419593811,0.4160314388573169
2023-2024,Toti,Wolverhampton,D,Defender,35,2789,1,3,10,6,7,0,1.6792987622320652,1.210701234638691,1.6792987622320652
2023-2024,Luca Koleosho,Burnley,F,Forward,15,1015,1,1,23,11,0,0,2.3243730422109365,1.4566490054130554,2.3243730422109365
2023-2024,Ryan Gravenberch,Liverpool,M,Midfielder,26,1116,1,0,23,15,0,0,1.7132481131702662,1.092048980295658,1.7132481131702662
2023-2024,Kieffer Moore,Bournemouth,S,Midfielder,8,76,1,0,6,2,0,0,1.253773618489504,0.4799897577613592,1.253773618489504
2023-2024,Harry Toffolo,Nottingham Forest,D,Defender,23,1439,1,3,8,18,3,0,1.4097881969064474,1.481477415189147,1.4097881969064474
2023-2024,Levi Colwill,Chelsea,D,Defender,23,1813,1,1,11,7,2,0,0.7760256305336952,1.2379922457039356,0.7760256305336952
2023-2024,Vinicius Souza,Sheffield United,D,Defender,36,2676,1,0,14,5,3,0,0.5002630027011037,0.7816855013370514,0.5002630027011037
2023-2024,Ryan Yates,Nottingham Forest,M,Midfielder,35,1967,1,1,32,7,6,0,2.6223334167152643,1.0064595751464367,2.6223334167152643
2023-2024,Fábio Vieira,Arsenal,M,Midfielder,11,277,1,2,7,5,0,1,1.164049606770277,1.3098269253969193,0.4028807692229748
2023-2024,Antony,Manchester United,M,Midfielder,29,1329,1,1,43,22,5,0,3.493122511543333,3.495804164558649,3.493122511543333
2023-2024,Lewis Miley,Newcastle,M,Midfielder,17,1223,1,3,13,12,1,0,1.1169020980596542,1.546121459454298,1.1169020980596542
2023-2024,Illia Zabarnyi,Bournemouth,D,Defender,37,3330,1,0,8,7,5,0,1.736923448741436,0.3827739413827657,1.736923448741436
2023-2024,Alfie Gilchrist,Chelsea,D,Defender,11,192,1,0,5,0,1,0,0.6408083289861679,0.0,0.6408083289861679
2023-2024,Ameen Al Dakhil,Burnley,D,Defender,13,1055,1,0,8,2,1,0,1.2219129763543606,0.0983457993716001,1.2219129763543606
2023-2024,Tom Lockyer,Luton,D,Defender,14,1185,1,1,7,3,4,0,1.6194254234433174,0.3757978826761246,1.6194254234433174
2023-2024,Mads Andersen,Luton,D,Defender,8,390,1,0,3,0,1,0,0.6939341500401497,0.0,0.6939341500401497
2023-2024,Cauley Woodrow,Luton,F,Forward,24,344,1,1,16,10,2,0,0.9773385636508464,1.1986291874200106,0.9773385636508464
2023-2024,Calvin Bassey,Fulham,D,Defender,29,2278,1,0,5,2,4,1,0.3684718329459429,0.105975404381752,0.3684718329459429
2023-2024,Oscar Bobb,Manchester City,M,Midfielder,14,269,1,1,4,8,0,0,1.49422175437212,1.187767542898655,1.49422175437212
2023-2024,Edson Álvarez,West Ham,M,Midfielder,31,2405,1,1,17,12,11,0,1.2118008164688945,0.5929595055058599,1.2118008164688945
2023-2024,Teden Mengi,Luton,D,Defender,30,2465,1,0,11,6,3,0,0.6793681988492608,0.3480907082557678,0.6793681988492608
2023-2024,Alejo Véliz,Tottenham,S,Midfielder,8,27,1,0,2,0,1,0,0.2056590020656585,0.0,0.2056590020656585
2023-2024,Alex Scott,Bournemouth,M,Midfielder,23,997,1,1,15,22,3,0,0.6420764941722155,2.070768877863884,0.6420764941722155
2023-2024,Jordan Clark,Luton,M,Midfielder,23,1326,1,1,17,12,4,0,0.9263012297451496,1.848531438037753,0.9263012297451496
2023-2024,George Earthy,West Ham,S,Midfielder,3,21,1,0,1,0,0,0,0.6298984289169312,0.0,0.6298984289169312
2023-2024,Loris Karius,Newcastle,GK,Goalkeeper,1,90,0,0,0,0,0,0,0.0,0.0,0.0
2023-2024,Bernd Leno,Fulham,GK,Goalkeeper,38,3420,0,0,0,0,3,0,0.0,0.0,0.0
2023-2024,Mahmoud Dahoud,Brighton,M,Midfielder,9,462,0,1,6,10,1,1,0.1646883096545934,1.1006960421800611,0.1646883096545934
2023-2024,Thiago Alcántara,Liverpool,S,Midfielder,1,1,0,0,0,0,0,0,0.0,0.0,0.0
2023-2024,Joel Matip,Liverpool,D,Defender,10,798,0,0,5,2,2,0,0.5547500364482403,0.0490581784397363,0.5547500364482403
2023-2024,Pierre-Emile Højbjerg,Tottenham,M,Midfielder,36,1212,0,0,19,8,4,0,0.544023672118783,1.134924995712936,0.544023672118783
2023-2024,Odisseas Vlachodimos,Nottingham Forest,GK,Goalkeeper,5,450,0,0,0,1,0,0,0.0,0.0326653309166431,0.0
2023-2024,Ivan Perisic,Tottenham,S,Midfielder,5,71,0,1,2,5,2,0,0.1300245970487594,1.1601292341947556,0.1300245970487594
2023-2024,Divock Origi,Nottingham Forest,F,Forward,20,557,0,1,14,7,1,0,1.545853216201067,1.5920869708061218,1.545853216201067
2023-2024,Adam Lallana,Brighton,M,Midfielder,25,875,0,1,11,15,2,0,0.7641588356345892,1.4911685585975647,0.7641588356345892
2023-2024,Philippe Coutinho,Aston Villa,S,Midfielder,2,18,0,0,3,0,0,0,0.1422571539878845,0.0,0.1422571539878845
2023-2024,James Milner,Brighton,D,Defender,15,788,0,2,5,16,3,0,0.2864724565297365,1.4874638468027117,0.2864724565297365
2023-2024,Mohamed Elneny,Arsenal,S,Midfielder,3,18,0,0,2,0,0,0,0.0575435645878315,0.0,0.0575435645878315
2023-2024,Calum Chambers,Aston Villa,M,Midfielder,5,137,0,1,0,1,1,0,0.0,0.0567669123411178,0.0
2023-2024,Joel Ward,Crystal Palace,D,Defender,26,1985,0,1,10,2,4,0,0.7851169966161251,0.0965822115540504,0.7851169966161251
2023-2024,Angelo Ogbonna,West Ham,D,Defender,11,629,0,0,1,0,1,0,0.0406796969473362,0.0,0.0406796969473362
2023-2024,James Tomkins,Crystal Palace,S,Midfielder,4,4,0,0,0,0,0,0,0.0,0.0,0.0
2023-2024,Cheikhou Kouyaté,Nottingham Forest,M,Midfielder,12,199,0,0,5,1,2,0,0.4007705431431532,0.0558466427028179,0.4007705431431532
2023-2024,Aaron Cresswell,West Ham,D,Defender,11,414,0,0,0,5,1,0,0.0,0.4446245804429054,0.0
2023-2024,Joe Rothwell,Bournemouth,M,Midfielder,11,370,0,0,2,4,0,0,0.0497114863246679,0.1371351620182395,0.0497114863246679
2023-2024,Seamus Coleman,Everton,D,Defender,12,654,0,0,0,3,0,0,0.0,0.8893022555857897,0.0
2023-2024,Nathaniel Clyne,Crystal Palace,D,Defender,19,1341,0,0,4,3,0,0,0.1827639872208237,0.1501605957746505,0.1827639872208237
2023-2024,Ashley Young,Everton,D,Defender,31,2305,0,0,13,21,5,1,0.5671309139579535,2.473125728778541,0.5671309139579535
2023-2024,Kyle Walker,Manchester City,D,Defender,32,2770,0,4,16,25,2,0,0.3650220464915037,3.342263269238174,0.3650220464915037
2023-2024,Eric Dier,Tottenham,D,Defender,4,187,0,0,0,0,0,0,0.0,0.0,0.0
2023-2024,Bertrand Traoré,Aston Villa,S,Midfielder,2,7,0,0,0,0,0,0,0.0,0.0,0.0
2023-2024,Lukasz Fabianski,West Ham,GK,Goalkeeper,10,706,0,0,0,0,0,0,0.0,0.0,0.0
2023-2024,Jack Cork,Burnley,S,Midfielder,4,16,0,0,0,0,0,0,0.0,0.0,0.0
2023-2024,Jordan Pickford,Everton,GK,Goalkeeper,38,3420,0,0,0,4,5,0,0.0,0.1356039261445403,0.0
2023-2024,Aleksandar Mitrovic,Fulham,S,Midfielder,1,31,0,0,2,0,0,0,0.1909874528646469,0.0,0.1909874528646469
2023-2024,Ben Chilwell,Chelsea,D,Defender,13,771,0,1,12,14,5,0,1.2212005220353603,1.793320189230144,1.2212005220353603
2023-2024,Nathan Redmond,Burnley,S,Midfielder,12,100,0,0,0,4,1,0,0.0,0.2518436722457409,0.0
2023-2024,Jonny Evans,Manchester United,D,Defender,23,1399,0,1,1,6,2,0,0.0817585885524749,0.7122423723340034,0.0817585885524749
2023-2024,Adam Smith,Bournemouth,D,Defender,28,2185,0,2,2,17,6,0,0.0396374240517616,1.4616671204566956,0.0396374240517616
2023-2024,Cédric Soares,Arsenal,S,Midfielder,3,44,0,0,0,0,0,0,0.0,0.0,0.0
2023-2024,Paul Dummett,Newcastle,S,Midfielder,5,11,0,0,0,0,0,0,0.0,0.0,0.0
2023-2024,Matt Targett,Newcastle,D,Defender,3,78,0,0,0,1,1,0,0.0,0.062733381986618,0.0
2023-2024,Harrison Reed,Fulham,M,Midfielder,27,1298,0,2,9,14,6,0,0.2859246646985411,1.2897144686430693,0.2859246646985411
2023-2024,Sam Johnstone,Crystal Palace,GK,Goalkeeper,20,1800,0,0,0,0,1,0,0.0,0.0,0.0
2023-2024,Mason Holgate,Sheffield United,D,Defender,10,718,0,0,3,1,3,1,0.9260915219783784,0.4414309561252594,0.9260915219783784
2023-2024,Joseph Gomez,Liverpool,D,Defender,32,1749,0,1,19,21,5,0,0.8164968742057681,1.5004456005990503,0.8164968742057681
2023-2024,Luke Shaw,Manchester United,D,Defender,12,976,0,0,2,13,6,0,0.0712745040655136,0.954092476516962,0.0712745040655136
2023-2024,Tyrone Mings,Aston Villa,D,Defender,1,30,0,0,1,1,0,0,0.0141590423882007,0.1377824246883392,0.0141590423882007
2023-2024,Tom Davies,Sheffield United,M,Midfielder,9,194,0,0,4,1,2,0,0.2513177208602428,0.0346355289220809,0.2513177208602428
2023-2024,Thomas Strakosha,Brentford,GK,Goalkeeper,2,127,0,0,0,0,0,0,0.0,0.0,0.0
2023-2024,Alisson,Liverpool,GK,Goalkeeper,28,2520,0,0,0,0,1,0,0.0,0.0,0.0
2023-2024,Neto,Bournemouth,GK,Goalkeeper,32,2880,0,0,0,0,5,0,0.0,0.0,0.0
2023-2024,Jorginho,Arsenal,M,Midfielder,24,911,0,2,4,10,1,0,0.0800427403301,1.5529427882283926,0.0800427403301
2023-2024,Emil Krafth,Newcastle,D,Defender,17,912,0,0,4,9,2,0,0.2253649309277534,0.9704459868371488,0.2253649309277534
2023-2024,Reece Burke,Luton,D,Defender,22,1691,0,4,13,13,5,0,2.1644996237009764,2.321440448984504,2.1644996237009764
2023-2024,Lewis Cook,Bournemouth,D,Defender,33,2799,0,3,12,46,5,1,0.4126169476658106,3.677735963836312,0.4126169476658106
2023-2024,Ionut Radu,Bournemouth,GK,Goalkeeper,2,180,0,0,0,0,0,0,0.0,0.0,0.0
2023-2024,Jonny,Wolverhampton,S,Midfielder,1,1,0,0,0,0,0,0,0.0,0.0,0.0
2023-2024,Alphonse Areola,West Ham,GK,Goalkeeper,31,2715,0,0,0,0,1,0,0.0,0.0,0.0
2023-2024,Thomas Partey,Arsenal,D,Defender,14,793,0,0,8,6,3,0,0.3642031662166118,0.4302750788629055,0.3642031662166118
2023-2024,Pablo Fornals,West Ham,M,Midfielder,15,392,0,0,7,5,0,0,0.2919035069644451,0.5666238348931074,0.2919035069644451
2023-2024,Aymeric Laporte,Manchester City,S,Midfielder,1,6,0,0,1,0,0,0,0.1122824624180793,0.0,0.1122824624180793
2023-2024,Thilo Kehrer,West Ham,S,Midfielder,4,12,0,0,0,0,2,0,0.0,0.0,0.0
2023-2024,Issa Diop,Fulham,D,Defender,18,1435,0,0,5,0,2,1,0.2687341887503862,0.0,0.2687341887503862
2023-2024,Said Benrahma,West Ham,M,Midfielder,13,619,0,1,19,11,1,0,1.9243336878716943,1.633838023990393,1.1631648428738115
2023-2024,Serge Aurier,Nottingham Forest,D,Defender,12,843,0,2,6,3,2,0,0.2042676210403442,0.6003383956849575,0.2042676210403442
2023-2024,Emiliano Martinez,Aston Villa,GK,Goalkeeper,34,3022,0,0,0,1,4,0,0.0,0.0184545237571001,0.0
2023-2024,Clement Lenglet,Aston Villa,D,Defender,14,1167,0,1,7,2,3,0,0.9835287630558014,0.8562045320868492,0.9835287630558014
2023-2024,Nick Pope,Newcastle,GK,Goalkeeper,15,1347,0,0,1,0,1,0,0.0164986308664083,0.0,0.0164986308664083
2023-2024,Connor Roberts,Burnley,D,Defender,14,804,0,1,0,7,3,1,0.0,0.3131415136158466,0.0
2023-2024,Rhian Brewster,Sheffield United,F,Forward,13,302,0,0,7,2,0,1,0.3449401650577783,0.1013540811836719,0.3449401650577783
2023-2024,Aaron Wan-Bissaka,Manchester United,D,Defender,22,1784,0,2,3,12,4,0,0.1462121829390525,1.4311098009347916,0.1462121829390525
2023-2024,Aaron Ramsdale,Arsenal,GK,Goalkeeper,6,540,0,0,0,0,0,0,0.0,0.0,0.0
2023-2024,Yves Bissouma,Tottenham,M,Midfielder,28,2120,0,0,24,10,8,2,1.1663736272603271,0.4049058575183153,1.1663736272603271
2023-2024,Diego Carlos,Aston Villa,D,Defender,27,1784,0,0,9,4,4,0,1.8101312145590784,0.1100177364423871,1.8101312145590784
2023-2024,Ibrahim Sangare,Nottingham Forest,M,Midfielder,17,1053,0,0,8,7,6,0,0.8340437468141317,0.3507998380810022,0.8340437468141317
2023-2024,Boubacar Kamara,Aston Villa,M,Midfielder,20,1686,0,1,5,20,7,1,0.1435272945091128,1.0960499802604318,0.1435272945091128
2023-2024,Fode Toure,Fulham,S,Midfielder,6,41,0,0,0,0,1,0,0.0,0.0,0.0
2023-2024,Jairo Riedewald,Crystal Palace,M,Midfielder,9,219,0,0,1,0,0,0,0.0593644082546234,0.0,0.0593644082546234
2023-2024,Ederson,Manchester City,GK,Goalkeeper,33,2794,0,0,0,0,5,0,0.0,0.0,0.0
2023-2024,Will Hughes,Crystal Palace,M,Midfielder,30,1924,0,1,8,21,6,0,0.3010205570608377,1.7067030258476734,0.3010205570608377
2023-2024,Nélson Semedo,Wolverhampton,D,Defender,36,3127,0,1,17,24,10,1,1.232096817344427,2.0054253563284874,1.232096817344427
2023-2024,Davinson Sánchez,Tottenham,S,Midfielder,1,77,0,0,1,0,1,0,0.1100629791617393,0.0,0.1100629791617393
2023-2024,Ibrahima Konaté,Liverpool,D,Defender,22,1555,0,0,11,8,3,1,0.5480835782364011,0.5098369065672159,0.5480835782364011
2023-2024,Jadon Sancho,Manchester United,S,Midfielder,3,68,0,0,0,1,0,0,0.0,0.1281674951314926,0.0
2023-2024,Romain Faivre,Bournemouth,S,Midfielder,5,21,0,0,2,0,1,0,0.1308193765580654,0.0,0.1308193765580654
2023-2024,Ben Johnson,West Ham,D,Defender,14,509,0,0,6,0,1,0,0.2155094873160123,0.0,0.2155094873160123
2023-2024,Reiss Nelson,Arsenal,F,Forward,15,215,0,0,4,5,1,0,0.2384255621582269,0.6414464898407459,0.2384255621582269
2023-2024,Michael Obafemi,Burnley,S,Midfielder,2,9,0,0,2,0,0,0,0.1165716275572776,0.0,0.1165716275572776
2023-2024,Martin Dubravka,Newcastle,GK,Goalkeeper,23,1983,0,0,0,1,1,0,0.0,0.1200264021754264,0.0
2023-2024,Louis Beyer,Burnley,D,Defender,15,1252,0,1,5,3,6,0,0.4269037134945392,0.4111006297171116,0.4269037134945392
2023-2024,Sergio Gómez,Manchester City,S,Midfielder,6,29,0,1,2,1,0,0,0.6195764094591141,0.1288056522607803,0.6195764094591141
2023-2024,Matz Sels,Nottingham Forest,GK,Goalkeeper,16,1440,0,0,0,1,1,0,0.0,0.0696526691317558,0.0
2023-2024,Robin Olsen,Aston Villa,GK,Goalkeeper,5,398,0,0,0,0,0,0,0.0,0.0,0.0
2023-2024,Hamed Junior Traore,Bournemouth,S,Midfielder,3,32,0,0,3,1,0,0,0.1374315591529011,0.0598211325705051,0.1374315591529011
2023-2024,Arijanet Muric,Burnley,GK,Goalkeeper,10,900,0,0,0,4,0,0,0.0,0.3725830223411321,0.0
2023-2024,Mark Flekken,Brentford,GK,Goalkeeper,37,3293,0,1,0,3,3,0,0.0,0.2911852374672889,0.0
2023-2024,Marc Cucurella,Chelsea,D,Defender,21,1788,0,2,8,19,10,0,1.4538506548851728,1.254556130617857,1.4538506548851728
2023-2024,Sergio Reguilón,"Brentford,Manchester United",D,Defender,25,1539,0,4,17,28,7,1,1.177430784329772,3.6384903844445935,1.177430784329772
2023-2024,Oliver Skipp,Tottenham,D,Defender,21,660,0,0,4,7,3,0,0.6823929585516453,0.541032612323761,0.6823929585516453
2023-2024,Emile Smith-Rowe,Arsenal,M,Midfielder,13,325,0,1,15,4,0,0,1.5201803892850876,0.2403641268610954,1.5201803892850876
2023-2024,Jason Steele,Brighton,GK,Goalkeeper,17,1530,0,0,0,0,0,0,0.0,0.0,0.0
2023-2024,Benoit Badiashile Mukinayi,Chelsea,D,Defender,18,1338,0,1,6,6,2,0,0.5172926671802998,1.5548250479623675,0.5172926671802998
2023-2024,Han-Noah Massengo,Burnley,S,Midfielder,3,9,0,0,0,0,0,0,0.0,0.0,0.0
2023-2024,Ryan John Giles,Luton,D,Defender,11,492,0,0,2,5,0,0,0.1471442878246307,0.2260761391371488,0.1471442878246307
2023-2024,Bryan Gil Salvatierra,Tottenham,M,Midfielder,11,182,0,0,4,4,0,0,0.7904373183846474,0.192443910986185,0.7904373183846474
2023-2024,Tyler Adams,Bournemouth,M,Midfielder,3,111,0,0,0,1,0,0,0.0,0.0976069122552871,0.0
2023-2024,Chris Mepham,Bournemouth,D,Defender,10,610,0,1,1,3,2,0,0.0895473062992096,0.474224217236042,0.0895473062992096
2023-2024,Mark Travers,Bournemouth,GK,Goalkeeper,4,360,0,0,0,0,0,0,0.0,0.0,0.0
2023-2024,Marc Guehi,Crystal Palace,D,Defender,25,2021,0,1,5,7,2,0,0.4888940155506134,0.962568361312151,0.4888940155506134
2023-2024,Max Aarons,Bournemouth,D,Defender,20,1219,0,1,2,7,1,0,0.0476108696311712,0.8764500692486763,0.0476108696311712
2023-2024,Ben Godfrey,Everton,D,Defender,15,1131,0,0,15,3,2,0,2.1673798076808453,0.2029681168496608,2.1673798076808453
2023-2024,Adam Webster,Brighton,D,Defender,15,1146,0,0,8,5,1,0,0.4553392454981804,0.210617184638977,0.4553392454981804
2023-2024,Dean Henderson,Crystal Palace,GK,Goalkeeper,18,1620,0,0,0,0,2,0,0.0,0.0,0.0
2023-2024,John Egan,Sheffield United,D,Defender,6,491,0,0,3,0,2,0,0.2383595146238804,0.0,0.2383595146238804
2023-2024,Chris Basham,Sheffield United,D,Defender,8,298,0,0,2,2,1,0,0.4091367721557617,0.142877459526062,0.4091367721557617
2023-2024,George Baldock,Sheffield United,D,Defender,13,965,0,1,1,7,4,0,0.024696996435523,0.8560367710888386,0.024696996435523
2023-2024,John Fleck,Sheffield United,M,Midfielder,4,82,0,0,0,1,1,0,0.0,0.1050862222909927,0.0
2023-2024,Ben Osborn,Sheffield United,D,Defender,24,1343,0,2,4,13,3,0,0.1790793510153889,1.075881354510784,0.1790793510153889
2023-2024,Caoimhin Kelleher,Liverpool,GK,Goalkeeper,10,900,0,0,0,1,0,0,0.0,0.0448078326880931,0.0
2023-2024,Felipe,Nottingham Forest,D,Defender,7,369,0,0,3,2,3,0,0.17141835950315,0.0380167607218027,0.17141835950315
2023-2024,Sofyan Amrabat,Manchester United,D,Defender,21,922,0,0,3,6,6,0,0.0737247169017791,0.2675175704061985,0.0737247169017791
2023-2024,Igor Julio,Brighton,D,Defender,24,1640,0,0,5,7,4,0,0.2177427187561988,0.623787728138268,0.2177427187561988
2023-2024,Billy Gilmour,Brighton,M,Midfielder,30,2154,0,1,25,22,8,1,0.7286842339672148,2.0903379926458,0.7286842339672148
2023-2024,Marvelous Nakamba,Luton,M,Midfielder,13,1140,0,0,5,7,5,0,0.1364169279113412,0.3258170820772648,0.1364169279113412
2023-2024,Reece James,Chelsea,D,Defender,10,422,0,2,7,11,0,2,0.3389957156032324,2.679515279829502,0.3389957156032324
2023-2024,Lloyd Kelly,Bournemouth,D,Defender,23,1567,0,1,4,9,2,0,0.3132251426577568,1.6466527543962002,0.3132251426577568
2023-2024,Boubacar Traore,Wolverhampton,M,Midfielder,24,760,0,0,11,5,4,0,0.2670730333775282,0.2813335740938782,0.2670730333775282
2023-2024,Giovanni Reyna,Nottingham Forest,M,Midfielder,9,206,0,1,5,6,0,0,0.2087921611964702,0.3924582097679376,0.2087921611964702
2023-2024,Neco Williams,Nottingham Forest,D,Defender,26,1622,0,1,15,11,4,0,0.934250148013234,1.1115016266703606,0.934250148013234
2023-2024,Tariq Lamptey,Brighton,D,Defender,19,923,0,3,6,10,3,0,0.570682673715055,1.210934355854988,0.570682673715055
2023-2024,Tommy Doyle,Wolverhampton,M,Midfielder,26,1175,0,0,14,8,2,0,0.4136425852775574,0.6756884949281812,0.4136425852775574
2023-2024,Luke Thomas,Sheffield United,D,Defender,12,940,0,0,6,2,3,0,0.6857008039951324,0.06999615393579,0.6857008039951324
2023-2024,Cheick Oumar Doucoure,Crystal Palace,M,Midfielder,11,926,0,0,6,10,2,0,0.1988849276676774,0.7361565185710788,0.1988849276676774
2023-2024,Kalvin Phillips,"Manchester City,West Ham",M,Midfielder,12,358,0,0,5,0,1,1,0.1942080287262797,0.0,0.1942080287262797
2023-2024,Wes Foderingham,Sheffield United,GK,Goalkeeper,30,2644,0,0,0,1,2,0,0.0,0.0650442615151405,0.0
2023-2024,Fabio Silva,Wolverhampton,F,Forward,8,257,0,0,7,4,2,0,0.913575079292059,0.2420392744243145,0.913575079292059
2023-2024,Stefan Ortega Moreno,Manchester City,GK,Goalkeeper,9,626,0,0,0,0,0,0,0.0,0.0,0.0
2023-2024,Donny van de Beek,Manchester United,S,Midfielder,1,1,0,0,1,1,0,0,0.0322848819196224,0.0656888633966445,0.0322848819196224
2023-2024,Konstantinos Tsimikas,Liverpool,D,Defender,13,667,0,3,3,16,0,0,0.0927343983203172,1.1678164629265666,0.0927343983203172
2023-2024,Guglielmo Vicario,Tottenham,GK,Goalkeeper,38,3420,0,0,0,0,2,0,0.0,0.0,0.0
2023-2024,Mikkel Damsgaard,Brentford,M,Midfielder,23,797,0,2,9,10,2,0,0.8753717057406902,2.291341120377183,0.8753717057406902
2023-2024,Max Lowe,Sheffield United,D,Defender,10,499,0,0,2,1,1,0,0.9397587776184082,0.012994728051126,0.9397587776184082
2023-2024,Ivo Grbic,Sheffield United,GK,Goalkeeper,9,776,0,0,0,0,1,0,0.0,0.0,0.0
2023-2024,Antonee Robinson,Fulham,D,Defender,37,3290,0,6,16,31,6,0,0.8533244347199798,3.767484251409769,0.8533244347199798
2023-2024,Aaron Hickey,Brentford,D,Defender,9,749,0,0,7,1,5,0,0.1934873256832361,0.0474643521010875,0.1934873256832361
2023-2024,Rúben Dias,Manchester City,D,Defender,30,2552,0,0,20,7,0,0,1.828122090548277,0.600502266548574,1.828122090548277
2023-2024,Vladimir Coufal,West Ham,D,Defender,36,3153,0,7,8,33,5,1,0.2854840941727161,4.300948256626725,0.2854840941727161
2023-2024,Malo Gusto,Chelsea,D,Defender,27,1754,0,6,15,32,7,1,1.700457390397787,5.507309950888157,1.700457390397787
2023-2024,James Trafford,Burnley,GK,Goalkeeper,28,2520,0,0,0,0,2,0,0.0,0.0,0.0
2023-2024,Robert Sánchez,Chelsea,GK,Goalkeeper,16,1438,0,0,0,0,2,0,0.0,0.0,0.0
2023-2024,Radu Dragusin,Tottenham,D,Defender,9,417,0,0,1,0,1,0,0.0733767077326774,0.0,0.0733767077326774
2023-2024,Elliot Anderson,Newcastle,D,Defender,21,997,0,2,19,15,3,0,1.341955564916134,1.5226023513823748,1.341955564916134
2023-2024,Antwoine Hackford,Sheffield United,S,Midfielder,2,8,0,0,0,0,0,0,0.0,0.0,0.0
2023-2024,Naouirou Ahamada,Crystal Palace,S,Midfielder,20,282,0,0,9,1,2,1,0.5298433359712362,0.0564648136496543,0.5298433359712362
2023-2024,Jakub Moder,Brighton,D,Defender,17,586,0,0,11,5,2,0,0.8932432122528553,0.7571170665323734,0.8932432122528553
2023-2024,Tyler Onyango,Everton,S,Midfielder,1,1,0,0,0,0,0,0,0.0,0.0,0.0
2023-2024,Facundo Pellistri,Manchester United,M,Midfielder,9,144,0,1,4,1,0,0,0.3742355145514011,0.0707708746194839,0.3742355145514011
2023-2024,Dane Scarlett,Tottenham,S,Midfielder,4,16,0,0,0,0,0,0,0.0,0.0,0.0
2023-2024,Kaine Hayden,Aston Villa,S,Midfielder,3,3,0,0,0,0,0,0,0.0,0.0,0.0
2023-2024,Jaden Philogene-Bidace,Aston Villa,S,Midfielder,1,1,0,0,0,0,0,0,0.0,0.0,0.0
2023-2024,Chimuanya Ugochukwu,Chelsea,M,Midfielder,12,289,0,0,0,3,2,0,0.0,0.1854443699121475,0.0
2023-2024,Jesurun Rak-Sakyi,Crystal Palace,S,Midfielder,6,124,0,0,5,2,0,0,0.3558422047644853,0.0768487639725208,0.3558422047644853
2023-2024,Maxime Estève,Burnley,D,Defender,16,1314,0,0,7,1,6,0,0.2405825015157461,0.0125734973698854,0.2405825015157461
2023-2024,Daniel Jebbison,Sheffield United,S,Midfielder,1,15,0,0,0,0,0,0,0.0,0.0,0.0
2023-2024,Tim Iroegbunam,Aston Villa,M,Midfielder,9,136,0,0,0,0,0,0,0.0,0.0,0.0
2023-2024,William Osula,Sheffield United,F,Forward,21,769,0,0,21,1,4,0,2.0722835399210453,0.098784826695919,2.0722835399210453
2023-2024,Issa Kabore,Luton,D,Defender,24,1748,0,2,6,16,7,0,0.3038460947573185,3.148332368582487,0.3038460947573185
2023-2024,David Raya,Arsenal,GK,Goalkeeper,32,2880,0,0,0,0,2,0,0.0,0.0,0.0
2023-2024,Rico Henry,Brentford,D,Defender,5,401,0,1,2,4,1,0,0.0453700954094529,0.7904934585094452,0.0453700954094529
2023-2024,Nuno Tavares,Nottingham Forest,D,Defender,8,447,0,0,7,2,2,0,0.1731664137914776,0.2493439316749572,0.1731664137914776
2023-2024,José Sá,Wolverhampton,GK,Goalkeeper,35,3041,0,0,0,0,1,0,0.0,0.0,0.0
2023-2024,Andrew Omobamidele,Nottingham Forest,D,Defender,11,771,0,0,1,2,2,0,0.0812814310193061,0.0772956404834985,0.0812814310193061
2023-2024,Remi Matthews,Crystal Palace,S,Midfielder,1,1,0,0,0,0,0,0,0.0,0.0,0.0
2023-2024,Gonzalo Montiel,Nottingham Forest,D,Defender,14,809,0,2,3,9,5,0,0.1195196099579334,1.7303651086986065,0.1195196099579334
2023-2024,Aaron Ramsey,Burnley,M,Midfielder,14,516,0,0,6,1,1,0,0.4020077884197235,0.3915222883224487,0.4020077884197235
2023-2024,Joe White,Newcastle,S,Midfielder,4,8,0,0,0,0,1,0,0.0,0.0,0.0
2023-2024,Romeo Lavia,Chelsea,S,Midfielder,1,29,0,0,0,0,0,0,0.0,0.0,0.0
2023-2024,Yasser Larouci,Sheffield United,D,Defender,11,531,0,0,6,2,1,0,0.2587892366573214,0.3102901801466942,0.2587892366573214
2023-2024,Kaide Gordon,Liverpool,S,Midfielder,1,1,0,0,0,0,0,0,0.0,0.0,0.0
2023-2024,Owen Beck,Liverpool,S,Midfielder,1,5,0,0,0,0,0,0,0.0,0.0,0.0
2023-2024,Hugo Bueno,Wolverhampton,D,Defender,22,706,0,0,5,5,1,0,0.2772597037255764,0.8462303951382637,0.2772597037255764
2023-2024,Myles Peart-Harris,Brentford,S,Midfielder,3,3,0,0,0,1,0,0,0.0,0.0114118093624711,0.0
2023-2024,Nathan Patterson,Everton,D,Defender,20,979,0,2,4,8,4,0,0.4520776625722646,1.616803351789713,0.4520776625722646
2023-2024,Josh Dasilva,Brentford,S,Midfielder,3,16,0,0,0,2,0,0,0.0,0.1269184350967407,0.0
2023-2024,Cesare Casadei,Chelsea,S,Midfielder,11,48,0,0,0,2,0,0,0.0,0.1186848040670156,0.0
2023-2024,Odeluga Offiah,Brighton,D,Defender,4,122,0,0,0,0,0,0,0.0,0.0,0.0
2023-2024,Carlos Baleba,Brighton,M,Midfielder,27,1303,0,0,21,8,7,0,0.7727098371833563,0.446680839639157,0.7727098371833563
2023-2024,Matt Turner,Nottingham Forest,GK,Goalkeeper,17,1530,0,0,0,0,1,0,0.0,0.0,0.0
2023-2024,Manor Solomon,Tottenham,M,Midfielder,5,194,0,2,7,12,1,0,0.3894983045756817,0.9335471913218498,0.3894983045756817
2023-2024,Luke Harris,Fulham,S,Midfielder,1,75,0,0,1,0,0,0,0.3384603559970855,0.0,0.3384603559970855
2023-2024,Stefan Bajcetic,Liverpool,S,Midfielder,1,23,0,0,0,0,0,0,0.0,0.0,0.0
2023-2024,Ryan Christie,Bournemouth,M,Midfielder,37,2974,0,5,43,53,6,0,2.0325705148279667,6.359501954168081,2.0325705148279667
2023-2024,Jaidon Anthony,Bournemouth,M,Midfielder,3,153,0,0,2,0,1,0,0.0768714845180511,0.0,0.0768714845180511
2023-2024,James Hill,Bournemouth,D,Defender,5,74,0,0,0,0,0,0,0.0,0.0,0.0
2023-2024,Joe Worrall,Nottingham Forest,D,Defender,7,440,0,0,2,2,0,1,0.0814925581216812,0.1285788267850875,0.0814925581216812
2023-2024,Scott McKenna,Nottingham Forest,D,Defender,5,420,0,0,2,3,0,0,0.1700837537646293,0.1904423832893371,0.1700837537646293
2023-2024,Lewis Warrington,Everton,S,Midfielder,1,1,0,0,0,0,0,0,0.0,0.0,0.0
2023-2024,Lisandro Martínez,Manchester United,D,Defender,11,656,0,1,0,3,3,0,0.0,0.0476659638807177,0.0
2023-2024,Jan Paul van Hecke,Brighton,D,Defender,28,2365,0,0,15,10,4,0,1.5838892180472612,0.4882163163274526,1.5838892180472612
2023-2024,André Onana,Manchester United,GK,Goalkeeper,38,3420,0,0,0,3,5,0,0.0,0.1317380405962467,0.0
2023-2024,Santiago Bueno,Wolverhampton,D,Defender,12,817,0,0,0,2,1,0,0.0,0.190905986353755,0.0
2023-2024,Bobby Clark,Liverpool,M,Midfielder,5,79,0,0,2,0,0,0,0.0737958550453186,0.0,0.0737958550453186
2023-2024,Matheus Nunes,"Manchester City,Wolverhampton Wanderers",M,Midfielder,19,817,0,2,10,12,0,1,0.9250318259000778,1.5578467566519976,0.9250318259000778
2023-2024,Julio Enciso,Brighton,M,Midfielder,12,476,0,2,28,9,2,0,1.770764671266079,2.373305637389421,1.770764671266079
2023-2024,Ethan Nwaneri,Arsenal,S,Midfielder,1,6,0,0,0,1,0,0,0.0,0.0245362166315317,0.0
2023-2024,Nathan Fraser,Wolverhampton,F,Forward,7,175,0,0,3,2,1,0,0.4309285432100296,0.0660940874367952,0.4309285432100296
2023-2024,Ben Doak,Liverpool,S,Midfielder,1,6,0,0,0,0,0,0,0.0,0.0,0.0
2023-2024,Thomas Cannon,Everton,S,Midfielder,1,1,0,0,0,0,0,0,0.0,0.0,0.0
2023-2024,Divin Mubama,West Ham,S,Midfielder,5,67,0,0,1,0,0,0,0.0542812757194042,0.0,0.0542812757194042
2023-2024,David Ozoh,Crystal Palace,S,Midfielder,9,133,0,0,0,0,1,0,0.0,0.0,0.0
2023-2024,Dominic Sadi,Bournemouth,S,Midfielder,1,1,0,0,0,0,0,0,0.0,0.0,0.0
2023-2024,Daniel Bentley,Wolverhampton,GK,Goalkeeper,5,379,0,0,0,0,0,0,0.0,0.0,0.0
2023-2024,Kaelan Casey,West Ham,S,Midfielder,1,1,0,0,0,0,0,0,0.0,0.0,0.0
2023-2024,Michael Olakigbe,Brentford,S,Midfielder,8,35,0,0,3,0,0,0,0.0837424425408244,0.0,0.0837424425408244
2023-2024,Vitinho,Burnley,D,Defender,32,2324,0,2,25,11,1,0,1.7635137159377337,1.0349685866385698,1.7635137159377337
2023-2024,Benson Manuel,Burnley,M,Midfielder,8,91,0,0,4,1,0,0,0.098589944653213,0.0892248228192329,0.098589944653213
2023-2024,Anass Zaroury,Burnley,F,Forward,6,141,0,0,3,2,0,1,0.1752443592995405,0.0479699922725558,0.1752443592995405
2023-2024,Hjalmar Ekdal,Burnley,D,Defender,8,440,0,0,2,1,2,0,0.0767697896808385,0.0297618024051189,0.0767697896808385
2023-2024,Jurriën Timber,Arsenal,D,Defender,2,70,0,0,0,0,2,0,0.0,0.0,0.0
2023-2024,Milos Kerkez,Bournemouth,D,Defender,28,1982,0,1,16,13,4,1,1.6971189985051751,1.3916718121618032,1.6971189985051751
2023-2024,Bart Verbruggen,Brighton,GK,Goalkeeper,21,1890,0,0,0,0,3,0,0.0,0.0,0.0
2023-2024,Thomas Kaminski,Luton,GK,Goalkeeper,38,3410,0,0,0,1,3,0,0.0,0.0386374369263649,0.0
2023-2024,Amari&#039;i Bell,Luton,D,Defender,21,1724,0,0,2,8,0,0,0.4993779337964952,0.3448488349094987,0.4993779337964952
2023-2024,Pelly Ruddock Mpanzu,Luton,M,Midfielder,27,1068,0,0,11,6,1,0,1.2606520606204867,0.5314477952197194,1.2606520606204867
2023-2024,James Shea,Luton,S,Midfielder,1,10,0,0,0,0,0,0,0.0,0.0,0.0
2023-2024,Bénie Traoré,Sheffield United,F,Forward,8,360,0,0,1,4,0,0,0.3212226927280426,0.3953269124031067,0.3212226927280426
2023-2024,Anis Ben Slimane,Sheffield United,M,Midfielder,15,394,0,0,8,3,2,0,0.8026072084903717,0.4848009049892425,0.8026072084903717
2023-2024,Andre Brooks,Sheffield United,D,Defender,20,948,0,0,9,3,1,0,0.4944612309336662,0.0924307461827993,0.4944612309336662
2023-2024,Auston Trusty,Sheffield United,D,Defender,32,2576,0,0,8,8,4,0,0.6636047475039959,1.102281242609024,0.6636047475039959
2023-2024,Omari Kellyman,Aston Villa,S,Midfielder,2,25,0,0,1,0,0,0,0.0492617450654506,0.0,0.0492617450654506
2023-2024,Yehor Yarmolyuk,Brentford,M,Midfielder,27,619,0,0,11,3,2,0,1.0328057277947664,0.0831548906862735,1.0328057277947664
2023-2024,Ian Maatsen,Chelsea,M,Midfielder,12,169,0,0,5,2,1,0,0.6834889836609364,0.0573244532570242,0.6834889836609364
2023-2024,Andrey Santos,Nottingham Forest,S,Midfielder,1,3,0,0,2,0,0,0,0.0721131637692451,0.0,0.0721131637692451
2023-2024,Mason Burstow,Chelsea,S,Midfielder,2,2,0,0,0,0,0,0,0.0,0.0,0.0
2023-2024,James McConnell,Liverpool,S,Midfielder,3,3,0,0,0,0,0,0,0.0,0.0,0.0
2023-2024,Joseph Johnson,Luton,S,Midfielder,2,75,0,0,0,0,1,0,0.0,0.0,0.0
2023-2024,Youssef Chermiti,Everton,F,Forward,18,159,0,0,6,3,3,0,0.6035170843824744,0.4252763092517853,0.6035170843824744
2023-2024,Daniel Gore,Manchester United,S,Midfielder,1,1,0,0,0,0,0,0,0.0,0.0,0.0
2023-2024,Hannes Delcroix,Burnley,D,Defender,12,575,0,0,4,4,2,0,0.2327943220734596,0.2035211659967899,0.2327943220734596
2023-2024,Djordje Petrovic,Chelsea,GK,Goalkeeper,23,1982,0,0,0,0,2,0,0.0,0.0,0.0
2023-2024,Deivid Washington,Chelsea,S,Midfielder,2,7,0,0,1,0,0,0,0.1251875013113021,0.0,0.1251875013113021
2023-2024,Brandon Aguilera,Nottingham Forest,S,Midfielder,1,1,0,0,0,0,0,0,0.0,0.0,0.0
2023-2024,Enso González,Wolverhampton,S,Midfielder,1,1,0,0,0,0,0,0,0.0,0.0,0.0
2023-2024,Alex Matos,Chelsea,S,Midfielder,1,1,0,0,0,0,0,0,0.0,0.0,0.0
2023-2024,Mike Trésor,Burnley,F,Forward,16,384,0,0,5,7,0,0,0.6615988579578698,0.6491026850417256,0.6615988579578698
2023-2024,Jamie Donley,Tottenham,S,Midfielder,3,3,0,0,0,0,1,0,0.0,0.0,0.0
2023-2024,Murillo,Nottingham Forest,D,Defender,32,2813,0,2,17,8,5,0,1.6653295904397964,1.2170642092823982,1.6653295904397964
2023-2024,Matheus França,Crystal Palace,M,Midfielder,10,197,0,1,8,6,1,0,0.2915826556272805,0.8639639485627413,0.2915826556272805
2023-2024,Ryan Oné,Sheffield United,S,Midfielder,1,4,0,0,0,0,0,0,0.0,0.0,0.0
2023-2024,Zack Nelson,Luton,S,Midfielder,2,2,0,0,0,0,0,0,0.0,0.0,0.0
2023-2024,Ben Parkinson,Newcastle,S,Midfielder,1,18,0,0,0,0,0,0,0.0,0.0,0.0
2023-2024,Alex Murphy,Newcastle,S,Midfielder,2,5,0,0,0,0,0,0,0.0,0.0,0.0
2023-2024,Amadou Diallo,Newcastle,S,Midfielder,1,1,0,0,0,0,0,0,0.0,0.0,0.0
2023-2024,Benicio Baker-Boaitey,Brighton,S,Midfielder,5,22,0,0,1,1,1,0,0.020216230303049,0.0963166654109954,0.020216230303049
2023-2024,Mark O’Mahony,Brighton,F,Forward,3,64,0,0,1,0,1,0,0.0705048590898513,0.0,0.0705048590898513
2023-2024,Michael Ndiweni,Newcastle,S,Midfielder,1,1,0,0,0,0,0,0,0.0,0.0,0.0
2023-2024,Tawanda Chirewa,Wolverhampton,F,Forward,8,129,0,0,3,1,1,0,0.1088726669549942,0.0158984512090683,0.1088726669549942
2023-2024,Sydie Peck,Sheffield United,S,Midfielder,1,6,0,0,0,0,0,0,0.0,0.0,0.0
2023-2024,Willy Kambwala,Manchester United,D,Defender,8,318,0,0,0,0,1,0,0.0,0.0,0.0
2023-2024,Rhys Norrington-Davies,Sheffield United,D,Defender,5,107,0,0,0,1,1,0,0.0,0.0261976327747106,0.0
2023-2024,Omari Forson,Manchester United,M,Midfielder,4,62,0,1,1,2,0,0,0.0488010458648204,0.1278283558785915,0.0488010458648204
2023-2024,Daniel Muñoz,Crystal Palace,D,Defender,16,1440,0,4,8,21,4,0,1.7550712414085865,3.085336983203888,1.7550712414085865
2023-2024,Adam Wharton,Crystal Palace,M,Midfielder,16,1333,0,3,10,20,2,0,0.3555116150528192,2.5562784411013126,0.3555116150528192
2023-2024,Rodrigo Ribeiro,Nottingham Forest,S,Midfielder,4,11,0,0,0,0,0,0,0.0,0.0,0.0
2023-2024,Oliver Arblaster,Sheffield United,M,Midfielder,12,954,0,0,1,12,2,0,0.0217242818325757,1.0297467429190874,0.0217242818325757
2023-2024,Jayden Danns,Liverpool,S,Midfielder,2,6,0,0,0,0,1,0,0.0,0.0,0.0
2023-2024,Sam Curtis,Sheffield United,S,Midfielder,1,24,0,0,0,0,0,0,0.0,0.0,0.0
2023-2024,Jimi Tauriainen,Chelsea,S,Midfielder,1,1,0,0,0,0,0,0,0.0,0.0,0.0
2023-2024,Valentín Barco,Brighton,D,Defender,6,299,0,0,4,4,1,0,0.3076824657618999,0.3052761070430279,0.3076824657618999
2023-2024,Daiki Hashioka,Luton,D,Defender,10,583,0,0,2,3,0,0,0.1002131290733814,0.5188488382846117,0.1002131290733814
2023-2024,Leon Chiwome,Wolverhampton,F,Forward,3,178,0,0,2,0,0,0,0.1448510400950908,0.0,0.1448510400950908
2023-2024,Josh Acheampong,Chelsea,S,Midfielder,1,1,0,0,0,0,0,0,0.0,0.0,0.0
2023-2024,Fred Onyedinma,Luton,D,Defender,8,419,0,0,5,2,1,0,0.1841092407703399,0.1307402979582548,0.1841092407703399
2023-2024,Ethan Wheatley,Manchester United,S,Midfielder,3,9,0,0,0,0,0,0,0.0,0.0,0.0
2023-2024,Finley Munroe,Aston Villa,S,Midfielder,1,1,0,0,0,0,0,0,0.0,0.0,0.0
2023-2024,Mikey Moore,Tottenham,S,Midfielder,2,2,0,0,0,0,0,0,0.0,0.0,0.0
2024-2025,Mohamed Salah,Liverpool,F,Forward,38,3392,29,18,130,89,1,0,27.70626749098301,15.858334187418222,20.855747912079096
2024-2025,Alexander Isak,Newcastle,F,Forward,34,2822,23,6,99,42,1,0,22.356988068670034,5.44870379474014,19.312312599271536
2024-2025,Erling Haaland,Manchester City,F,Forward,31,2749,22,3,109,29,2,0,23.95459282770753,3.5812273556366563,20.90991743281484
2024-2025,Chris Wood,Nottingham Forest,F,Forward,36,3024,20,3,68,22,1,0,15.638655036687853,3.044111367315054,13.355148404836656
2024-2025,Bryan Mbeumo,Brentford,D,Defender,38,3419,20,7,86,70,3,0,13.63216146454215,10.376488702371716,9.06514835730195
2024-2025,Yoane Wissa,Brentford,F,Forward,35,2943,18,4,90,28,5,0,20.731059528887272,3.4494741149246693,20.731059528887272
2024-2025,Ollie Watkins,Aston Villa,F,Forward,38,2666,16,8,84,25,2,0,18.632458329200745,3.87640418484807,17.11012053489685
2024-2025,Matheus Cunha,Wolverhampton,F,Forward,33,2617,15,6,110,56,4,0,8.446298986673355,7.411126339808106,8.446298986673355
2024-2025,Cole Palmer,Chelsea,M,Midfielder,37,3228,15,8,126,87,7,0,15.77423645183444,12.95436640828848,11.968392122536898
2024-2025,Jean-Philippe Mateta,Crystal Palace,F,Forward,37,2690,14,2,69,29,2,0,15.83262430690229,3.85278513841331,14.31028657220304
2024-2025,Jørgen Strand Larsen,Wolverhampton,F,Forward,35,2624,14,4,54,19,4,0,11.689683858305216,3.358626527711749,11.689683858305216
2024-2025,Jarrod Bowen,West Ham,F,Forward,34,2993,13,8,87,50,1,0,9.816103929653764,7.633318647742271,9.054935092106462
2024-2025,Luis Díaz,Liverpool,F,Forward,36,2433,13,5,71,56,2,0,12.3563298471272,6.245185255073011,12.3563298471272
2024-2025,Raúl Jiménez,Fulham,F,Forward,38,2531,12,3,96,25,4,0,14.405358291231096,4.079181319102645,12.121851704083385
2024-2025,Justin Kluivert,Bournemouth,M,Midfielder,34,2390,12,6,63,44,8,0,10.441609976813195,5.512896118685603,5.87459684535861
2024-2025,Liam Delap,Ipswich,F,Forward,37,2671,12,2,68,20,11,0,11.930982023477554,2.784454360604286,10.40864434838295
2024-2025,Kevin Schade,Brentford,F,Forward,38,2332,11,2,55,23,3,0,9.467997699975967,3.714522727765143,9.467997699975967
2024-2025,Brennan Johnson,Tottenham,F,Forward,33,2178,11,3,54,19,5,0,11.162618312984703,2.948688331991434,11.162618312984703
2024-2025,Antoine Semenyo,Bournemouth,F,Forward,37,3219,11,5,126,46,9,0,14.549346312880516,6.608794005587697,14.549346312880516
2024-2025,Danny Welbeck,Brighton,F,Forward,30,2152,10,4,59,23,4,0,10.45602908357978,2.076795544475317,9.694860246032476
2024-2025,João Pedro,Brighton,F,Forward,27,1975,10,6,47,30,4,1,8.863604867830873,5.618519173935056,5.0577606651932
2024-2025,Nicolas Jackson,Chelsea,F,Forward,30,2294,10,5,76,28,7,1,13.8340708874166,3.47239719517529,13.8340708874166
2024-2025,Kaoru Mitoma,Brighton,F,Forward,36,2608,10,4,57,37,1,0,10.222694747149944,4.949204979464412,10.222694747149944
2024-2025,Cody Gakpo,Liverpool,F,Forward,35,1970,10,4,57,38,5,0,8.601265830919147,6.257204940542579,8.601265830919147
2024-2025,Evanilson,Bournemouth,F,Forward,31,2376,10,1,73,25,1,1,13.714270060881972,1.915184772573412,12.953101200982928
2024-2025,Alex Iwobi,Fulham,D,Defender,38,3023,9,6,68,58,1,0,5.021547559648752,8.458939167670906,5.021547559648752
2024-2025,Jamie Vardy,Leicester,F,Forward,35,2890,9,4,58,19,5,0,12.219386659562588,3.737534761428833,10.697048958390951
2024-2025,Dominic Solanke,Tottenham,F,Forward,27,2220,9,3,60,14,0,0,12.416034620255232,2.4611449129879475,11.65486578270793
2024-2025,Kai Havertz,Arsenal,F,Forward,23,1880,9,3,53,17,5,0,11.830620590597391,2.9488715566694736,11.830620590597391
2024-2025,Harvey Barnes,Newcastle,F,Forward,33,1740,9,4,63,24,0,0,7.695071091875434,4.351620296947658,7.695071091875434
2024-2025,James Maddison,Tottenham,M,Midfielder,31,1851,9,7,39,42,6,0,5.8936047330498695,6.016693122684956,5.8936047330498695
2024-2025,Tomas Soucek,West Ham,M,Midfielder,35,2586,9,1,55,14,8,0,8.068854354321957,0.947371281683445,8.068854354321957
2024-2025,Iliman Ndiaye,Everton,F,Forward,33,2478,9,0,37,18,3,0,7.094870626926422,1.9087076298892496,5.572532966732979
2024-2025,Bruno Fernandes,Manchester United,F,Forward,36,3034,8,10,96,92,3,2,9.887796703726051,10.227527445182204,7.604290317744017
2024-2025,Ismaila Sarr,Crystal Palace,F,Forward,38,2738,8,6,59,44,4,0,12.308559328317642,10.056549122557044,12.308559328317642
2024-2025,Jacob Murphy,Newcastle,D,Defender,35,2443,8,11,43,41,4,0,6.590988090261817,9.341311557218432,6.590988090261817
2024-2025,Leandro Trossard,Arsenal,F,Forward,38,2569,8,7,72,43,2,1,8.742100939154625,7.04339361935854,8.742100939154625
2024-2025,Gabriel Martinelli,Arsenal,F,Forward,33,2310,8,4,56,40,1,0,9.213460259139538,5.264152456074953,9.213460259139538
2024-2025,Amad Diallo Traore,Manchester United,D,Defender,26,1887,8,6,47,49,5,0,4.74583822209388,4.755917379632592,4.74583822209388
2024-2025,Eberechi Eze,Crystal Palace,F,Forward,34,2635,8,8,102,58,1,0,9.876954596489668,7.019554221071303,8.354616891592741
2024-2025,Beto,Everton,F,Forward,30,1520,8,0,49,12,2,0,9.26681118644774,1.3863521181046965,9.26681118644774
2024-2025,Rodrigo Muniz,Fulham,F,Forward,31,922,8,1,40,7,1,0,6.838322004303336,0.7810081988573074,6.838322004303336
2024-2025,Morgan Rogers,Aston Villa,F,Forward,37,3191,8,10,55,51,10,0,8.216648440808058,8.145913934335113,8.216648440808058
2024-2025,Son Heung-Min,Tottenham,F,Forward,30,2135,7,9,57,51,1,0,7.906742995604873,9.04414401575923,6.384405327960849
2024-2025,Mikel Merino,Arsenal,F,Forward,28,1578,7,2,38,17,2,1,6.865131866186857,2.1651013009250164,6.865131866186857
2024-2025,Phil Foden,Manchester City,F,Forward,28,1770,7,2,54,44,2,0,6.184084575623274,5.382284659892321,6.184084575623274
2024-2025,Dejan Kulusevski,Tottenham,F,Forward,32,2391,7,4,47,64,3,0,5.52329240180552,6.502650566399097,5.52329240180552
2024-2025,Morgan Gibbs-White,Nottingham Forest,M,Midfielder,34,2868,7,8,61,51,9,1,6.140304567292333,6.105838568881154,6.140304567292333
2024-2025,Omar Marmoush,Manchester City,F,Forward,16,1195,7,0,49,15,0,0,5.649778325110674,2.676836894825101,5.649778325110674
2024-2025,Dango Ouattara,Bournemouth,F,Forward,32,2013,7,4,62,35,3,0,10.9336802624166,5.989504734054208,10.9336802624166
2024-2025,Noni Madueke,Chelsea,D,Defender,32,2113,7,3,80,33,3,0,11.862219285219908,3.1217017397284508,11.862219285219908
2024-2025,Jhon Durán,Aston Villa,F,Forward,20,563,7,0,31,4,3,1,5.099582154303789,0.2346634343266487,5.099582154303789
2024-2025,Marcus Rashford,"Aston Villa,Manchester United",F,Forward,25,1435,6,3,35,27,2,0,4.986043129116297,4.728895880281925,4.22487423196435
2024-2025,Mateo Kovacic,Manchester City,M,Midfielder,31,2220,6,2,45,33,5,1,1.806072806939483,3.685476559214294,1.806072806939483
2024-2025,Harry Wilson,Fulham,F,Forward,25,1150,6,1,43,20,2,0,3.605708472430706,1.4601951194927096,3.605708472430706
2024-2025,Diogo Jota,Liverpool,F,Forward,26,1188,6,3,51,11,2,0,10.20619698613882,1.852303085848689,10.20619698613882
2024-2025,Emile Smith-Rowe,Fulham,M,Midfielder,34,2101,6,3,37,24,3,0,5.261677466332912,2.434781737625599,5.261677466332912
2024-2025,Bukayo Saka,Arsenal,F,Forward,25,1763,6,10,67,58,3,0,8.94342190399766,11.583731275051832,8.182253051549196
2024-2025,Anthony Gordon,Newcastle,F,Forward,34,2474,6,5,59,51,2,0,9.196510776877403,4.824591662734747,7.674173064529896
2024-2025,Anthony Elanga,Nottingham Forest,F,Forward,38,2549,6,11,44,50,1,0,5.92288132570684,6.605899995192885,5.92288132570684
2024-2025,Dominik Szoboszlai,Liverpool,F,Forward,36,2519,6,6,68,57,6,0,7.00856670551002,7.858418172225356,7.00856670551002
2024-2025,Alejandro Garnacho,Manchester United,F,Forward,36,2176,6,2,84,38,3,0,9.43980634957552,3.4675094597041607,9.43980634957552
2024-2025,Enzo Fernández,Chelsea,M,Midfielder,36,2941,6,7,53,77,8,0,6.133216487243772,7.737509123980999,6.133216487243772
2024-2025,Yankuba Minteh,Brighton,D,Defender,32,1832,6,4,34,28,6,0,5.669837724417448,4.871835011057556,5.669837724417448
2024-2025,Jordan Ayew,"Crystal Palace,Leicester",F,Forward,31,1688,5,0,33,17,6,0,4.341383438557386,1.9064311189576983,3.580214601010084
2024-2025,Nikola Milenkovic,Nottingham Forest,D,Defender,37,3330,5,2,29,9,4,0,4.571180831640959,1.043909177184105,4.571180831640959
2024-2025,Callum Hudson-Odoi,Nottingham Forest,F,Forward,31,2221,5,2,37,44,2,0,2.5114910937845707,2.9465562608093023,2.5114910937845707
2024-2025,Georginio Rutter,Brighton,F,Forward,28,1679,5,3,50,19,2,0,5.6770595367997885,3.1324470546096563,5.6770595367997885
2024-2025,Christian Nørgaard,Brentford,M,Midfielder,34,2870,5,4,39,18,8,1,5.773721532896161,1.9166031386703253,5.773721532896161
2024-2025,Marc Cucurella,Chelsea,D,Defender,36,3006,5,1,24,19,8,1,3.161697162315249,1.8079495672136543,3.161697162315249
2024-2025,Bruno Guimarães,Newcastle,M,Midfielder,38,3321,5,6,45,52,7,0,4.702356463298202,6.579319527372718,4.702356463298202
2024-2025,Alexis Mac Allister,Liverpool,M,Midfielder,35,2621,5,5,38,45,6,0,3.568436846137047,4.891626043245196,3.568436846137047
2024-2025,Josko Gvardiol,Manchester City,D,Defender,37,3277,5,0,40,26,2,0,4.607429768890142,2.0648905243724585,4.607429768890142
2024-2025,Darwin Núñez,Liverpool,F,Forward,30,1072,5,2,34,11,8,0,6.912255180999637,1.7422378864139318,6.912255180999637
2024-2025,Jack Hinshelwood,Brighton,D,Defender,26,1857,5,2,18,16,5,0,3.2537715872749686,1.4211199935525656,3.2537715872749686
2024-2025,Facundo Buonanotte,Leicester,F,Forward,31,1498,5,2,36,25,8,0,4.3609558045864105,3.352718798443675,4.3609558045864105
2024-2025,Mohammed Kudus,West Ham,F,Forward,32,2634,5,3,75,32,2,1,7.222215499728918,3.730667127296329,7.222215499728918
2024-2025,Fabian Schär,Newcastle,D,Defender,34,2938,4,0,40,5,9,1,4.203412067145109,0.3913493175059557,4.203412067145109
2024-2025,Joelinton,Newcastle,F,Forward,29,2435,4,3,45,23,10,0,4.270817156881094,2.4919691011309624,4.270817156881094
2024-2025,Kevin De Bruyne,Manchester City,F,Forward,28,1706,4,7,57,57,2,0,5.544451447203755,8.934372447431087,5.544451447203755
2024-2025,Thomas Partey,Arsenal,D,Defender,35,2810,4,2,26,20,4,0,2.390065539628268,2.580821704119444,2.390065539628268
2024-2025,Bernardo Silva,Manchester City,M,Midfielder,33,2660,4,4,32,53,7,0,4.793662561103702,4.999884040094912,4.793662561103702
2024-2025,Declan Rice,Arsenal,M,Midfielder,35,2848,4,7,48,59,5,1,3.6269928105175495,9.060594327747822,3.6269928105175495
2024-2025,Richarlison,Tottenham,F,Forward,15,471,4,1,17,4,2,0,4.302900910377502,0.8242609575390816,4.302900910377502
2024-2025,Pedro Neto,Chelsea,D,Defender,35,2238,4,6,59,46,8,0,4.4209474716335535,6.566428407095373,4.4209474716335535
2024-2025,Rayan Ait Nouri,Wolverhampton,D,Defender,37,3180,4,7,36,46,6,0,3.612480252981186,5.460978699848056,3.612480252981186
2024-2025,Dwight McNeil,Everton,M,Midfielder,21,1374,4,6,24,37,1,0,1.512261677533388,6.039635524619371,1.512261677533388
2024-2025,Ryan Sessegnon,Fulham,D,Defender,16,576,4,2,14,12,1,0,2.481840554624796,1.3141173049807549,2.481840554624796
2024-2025,Lucas Paquetá,West Ham,F,Forward,33,2398,4,0,41,36,9,0,5.13420026563108,2.733525102958083,3.611862605437637
2024-2025,Stephy Mavididi,Leicester,M,Midfielder,30,1586,4,1,26,22,2,0,3.392247362062335,2.583603762090206,3.392247362062335
2024-2025,Sandro Tonali,Newcastle,M,Midfielder,36,2619,4,2,35,28,5,0,4.238380494527519,2.1789364712312818,4.238380494527519
2024-2025,Rasmus Højlund,Manchester United,F,Forward,32,2032,4,0,32,16,2,0,5.865164168179035,2.1415039356797934,5.865164168179035
2024-2025,Ethan Nwaneri,Arsenal,F,Forward,26,883,4,2,24,16,1,0,1.7757814601063728,1.1617773352190852,1.7757814601063728
2024-2025,Paul Onuachu,Southampton,F,Forward,25,1015,4,1,34,8,4,0,4.886736177839339,0.5158860571682453,4.886736177839339
2024-2025,Daniel Muñoz,Crystal Palace,D,Defender,37,3237,4,5,37,45,10,0,5.791526351124048,5.942459639161825,5.791526351124048
2024-2025,Sammie Szmodics,Ipswich,M,Midfielder,20,1025,4,0,21,5,2,0,4.5141482055187225,0.1944524906575679,4.5141482055187225
2024-2025,Ross Barkley,Aston Villa,M,Midfielder,20,507,3,1,16,9,3,0,2.1608064183965325,0.9665419245138764,2.1608064183965325
2024-2025,Virgil van Dijk,Liverpool,D,Defender,37,3330,3,1,26,12,5,0,2.821447281166911,1.2135552121326327,2.821447281166911
2024-2025,Michael Keane,Everton,D,Defender,14,1043,3,0,10,1,5,0,1.126571523025632,0.1236345618963241,1.126571523025632
2024-2025,Abdoulaye Doucouré,Everton,M,Midfielder,33,2619,3,2,31,27,3,1,4.050999755039811,2.317836028058082,4.050999755039811
2024-2025,Trent Alexander-Arnold,Liverpool,D,Defender,33,2405,3,6,45,52,5,0,1.89413627050817,8.056737272068858,1.89413627050817
2024-2025,Marco Asensio,Aston Villa,M,Midfielder,13,751,3,1,24,16,2,0,4.556249689310789,1.264389220625162,3.0339119844138622
2024-2025,Pablo Sarabia,Wolverhampton,M,Midfielder,23,788,3,2,17,15,2,0,2.177397783845663,1.962121868506074,2.177397783845663
2024-2025,Martin Odegaard,Arsenal,M,Midfielder,30,2343,3,8,49,63,4,0,5.635795846581459,7.852103857323527,4.874626979231834
2024-2025,Christopher Nkunku,Chelsea,F,Forward,27,878,3,2,25,14,2,0,5.027925219386816,2.0136311538517475,5.027925219386816
2024-2025,Gabriel Jesus,Arsenal,F,Forward,17,581,3,0,20,8,4,0,3.375023730099201,0.5535630472004414,3.375023730099201
2024-2025,Dominic Calvert-Lewin,Everton,F,Forward,26,1625,3,1,50,7,2,0,8.584493719041348,0.7406498864293098,8.584493719041348
2024-2025,Gabriel,Arsenal,D,Defender,28,2376,3,1,22,13,4,0,4.300341751426458,1.2210565768182278,4.300341751426458
2024-2025,Youri Tielemans,Aston Villa,M,Midfielder,36,3049,3,7,41,60,4,0,3.709774609655142,8.044237377122045,2.94860577210784
2024-2025,Niclas Füllkrug,West Ham,F,Forward,18,775,3,2,16,14,2,0,2.1643357016146183,2.0831744708120823,2.1643357016146183
2024-2025,Jadon Sancho,Chelsea,M,Midfielder,31,1760,3,4,24,39,2,0,2.4174315705895424,4.314331844449043,2.4174315705895424
2024-2025,Eddie Nketiah,Crystal Palace,F,Forward,29,984,3,1,43,13,4,1,7.15336112678051,1.3858313784003258,7.15336112678051
2024-2025,Trevoh Chalobah,"Chelsea,Crystal Palace",D,Defender,25,1983,3,1,18,8,3,0,2.548438237980008,2.151971971616149,2.548438237980008
2024-2025,Curtis Jones,Liverpool,D,Defender,33,1719,3,3,34,22,1,1,4.570292007178068,1.7505743531510234,4.570292007178068
2024-2025,Marc Guehi,Crystal Palace,D,Defender,34,3060,3,2,15,16,7,1,2.960845593363046,2.1349100805819035,2.960845593363046
2024-2025,Joshua Zirkzee,Manchester United,F,Forward,32,1378,3,1,28,12,2,0,5.218384485691786,2.009757675230503,5.218384485691786
2024-2025,George Hirst,Ipswich,F,Forward,26,609,3,1,14,4,3,0,2.7488116063177586,0.403658552095294,2.7488116063177586
2024-2025,Jéremy Doku,Manchester City,F,Forward,29,1518,3,6,29,32,1,0,1.8944458104670048,4.646427006460726,1.8944458104670048
2024-2025,Pape Sarr,Tottenham,M,Midfielder,36,1913,3,2,34,16,6,0,3.994037317112088,2.015070780180394,3.994037317112088
2024-2025,Amadou Onana,Aston Villa,M,Midfielder,26,1650,3,0,17,10,4,0,2.578012069687248,0.6834856616333127,2.578012069687248
2024-2025,Donyell Malen,Aston Villa,M,Midfielder,14,265,3,0,15,3,0,0,3.0199847873300314,0.1801445484161377,3.0199847873300314
2024-2025,James McAtee,Manchester City,M,Midfielder,15,341,3,0,12,3,1,0,2.566829100251198,0.8544101417064667,2.566829100251198
2024-2025,Omari Hutchinson,Ipswich,M,Midfielder,31,2620,3,2,45,31,5,0,3.523799495771528,3.373567247763276,3.523799495771528
2024-2025,Carlos Baleba,Brighton,D,Defender,34,2717,3,1,44,21,6,1,2.8824724731966853,1.6279380414634943,2.8824724731966853
2024-2025,Marcus Tavernier,Bournemouth,M,Midfielder,29,1930,3,5,57,43,6,0,6.411486806347966,5.201899139210582,6.411486806347966
2024-2025,Joe Ayodele-Aribo,Southampton,D,Defender,32,2019,3,0,17,16,1,0,2.926058968529105,1.7567494381219149,2.926058968529105
2024-2025,João Gomes,Wolverhampton,M,Midfielder,36,3034,3,1,35,22,9,1,2.872034505009651,1.199560061097145,2.872034505009651
2024-2025,Dean Huijsen,Bournemouth,D,Defender,32,2403,3,2,17,15,10,0,1.5728872679173946,2.331902604550123,1.5728872679173946
2024-2025,Jota Silva,Nottingham Forest,M,Midfielder,31,799,3,1,23,14,5,0,2.7386593613773584,3.355119312182069,2.7386593613773584
2024-2025,John Stones,Manchester City,D,Defender,11,539,2,0,2,2,1,0,0.6664973199367523,0.0837758481502533,0.6664973199367523
2024-2025,Ola Aina,Nottingham Forest,D,Defender,35,3020,2,1,11,16,5,0,0.4608655953779816,2.045018967241049,0.4608655953779816
2024-2025,Adama Traoré,Fulham,F,Forward,36,1761,2,7,39,43,2,0,5.658592768013477,6.4245162177830935,5.658592768013477
2024-2025,Andreas Pereira,Fulham,M,Midfielder,33,2063,2,4,39,57,7,0,4.448508242145181,5.718298438005149,3.68733941949904
2024-2025,Emerson,West Ham,D,Defender,31,2167,2,1,16,17,5,0,2.1318588722497225,1.2129619792103767,2.1318588722497225
2024-2025,Adam Armstrong,Southampton,F,Forward,20,1282,2,2,26,9,4,0,3.93346855416894,2.005434782244265,3.1722997166216373
2024-2025,Aaron Wan-Bissaka,West Ham,D,Defender,36,3156,2,5,16,33,1,0,1.3520639296621084,4.088755523785949,1.3520639296621084
2024-2025,Yves Bissouma,Tottenham,M,Midfielder,28,1404,2,0,11,6,7,0,0.4450572794303298,0.292962247505784,0.4450572794303298
2024-2025,Gonçalo Guedes,Wolverhampton,F,Forward,29,968,2,4,27,14,1,0,3.3298932649195194,1.434443952515721,3.3298932649195194
2024-2025,Jan Bednarek,Southampton,D,Defender,30,2538,2,0,5,5,7,0,1.0302477153018117,0.3539321832358837,1.0302477153018117
2024-2025,Rodrigo Bentancur,Tottenham,M,Midfielder,26,1674,2,0,22,9,9,0,1.3008952122181654,0.3507859818637371,1.3008952122181654
2024-2025,Enes Ünal,Bournemouth,F,Forward,17,292,2,1,19,4,2,0,2.016992896795273,0.545154508203268,2.016992896795273
2024-2025,David Brooks,Bournemouth,M,Midfielder,29,937,2,0,25,19,3,0,2.8713680896908045,1.7746479772031307,2.8713680896908045
2024-2025,Tom Cairney,Fulham,M,Midfielder,25,568,2,0,11,10,3,1,0.7964487187564373,1.6266533425077796,0.7964487187564373
2024-2025,Matt Doherty,Wolverhampton,D,Defender,30,2140,2,1,10,12,6,0,1.576674222946167,1.7241646945476532,1.576674222946167
2024-2025,William Saliba,Arsenal,D,Defender,35,3044,2,0,6,7,2,1,3.196498431265354,0.7513726502656937,3.196498431265354
2024-2025,Pedro Porro,Tottenham,D,Defender,33,2611,2,6,39,57,5,0,1.8372661639004944,6.575961069203913,1.8372661639004944
2024-2025,Ezri Konsa Ngoyo,Aston Villa,D,Defender,34,2934,2,0,11,6,1,0,1.103471640497446,0.4107247851788997,1.103471640497446
2024-2025,James Justin,Leicester,D,Defender,36,2937,2,2,25,15,6,0,2.046646734699607,0.9606930930167435,2.046646734699607
2024-2025,Jean-Ricner Bellegarde,Wolverhampton,M,Midfielder,35,1693,2,7,22,26,3,0,1.7939026495441794,4.052603563293815,1.7939026495441794
2024-2025,Matthijs de Ligt,Manchester United,D,Defender,29,2141,2,0,18,6,3,0,2.871978895738721,0.281110018491745,2.871978895738721
2024-2025,Marshall Munetsi,Wolverhampton,F,Forward,14,1076,2,1,22,9,0,0,2.8331323377788067,1.988670129328966,2.8331323377788067
2024-2025,Riccardo Calafiori,Arsenal,D,Defender,19,986,2,1,10,6,4,0,0.7747622476890683,0.4056127071380615,0.7747622476890683
2024-2025,Tariq Lamptey,Brighton,D,Defender,15,870,2,2,6,5,0,0,0.3391416240483522,0.8965721465647221,0.3391416240483522
2024-2025,Hee-Chan Hwang,Wolverhampton,F,Forward,21,623,2,0,5,3,0,0,0.7990479003638029,0.2850785907357931,0.7990479003638029
2024-2025,Mikkel Damsgaard,Brentford,F,Forward,38,2978,2,9,35,63,2,0,3.476722192019224,9.246257283724844,3.476722192019224
2024-2025,Elliot Anderson,Nottingham Forest,M,Midfielder,37,2773,2,6,40,37,10,0,2.230010911822319,4.1257980996742845,2.230010911822319
2024-2025,Nathan Broadhead,Ipswich,M,Midfielder,18,677,2,0,13,7,1,0,1.828265825286508,0.8385746516287327,1.828265825286508
2024-2025,Jaden Philogene-Bidace,"Aston Villa,Ipswich",D,Defender,21,786,2,0,19,6,3,1,2.795140001922846,0.3331893943250179,2.795140001922846
2024-2025,Fabio Carvalho,Brentford,F,Forward,19,399,2,1,12,4,1,0,2.3463018126785755,0.6756551787257195,2.3463018126785755
2024-2025,Ethan Pinnock,Brentford,D,Defender,22,1912,2,0,10,8,2,0,0.9376051723957062,1.5102842152118685,0.9376051723957062
2024-2025,Nathan Collins,Brentford,D,Defender,38,3420,2,3,17,9,5,0,2.6544005731120706,1.9733586199581623,2.6544005731120706
2024-2025,Mathys Tel,Tottenham,F,Forward,13,920,2,1,23,14,2,0,2.799501243978739,2.507141198962927,2.0383324064314365
2024-2025,Cameron Archer,Southampton,F,Forward,35,1409,2,0,29,6,0,0,6.92764007486403,0.4734852155670523,6.166471207514405
2024-2025,Tyler Dibling,Southampton,F,Forward,33,1860,2,0,28,20,6,0,3.091769566759467,1.979686425998807,3.091769566759467
2024-2025,Ryan Christie,Bournemouth,M,Midfielder,29,2150,2,3,33,42,9,0,1.625680811703205,3.819417158141732,1.625680811703205
2024-2025,Lisandro Martínez,Manchester United,D,Defender,20,1762,2,1,17,9,7,0,1.686713680624962,1.357606129720807,1.686713680624962
2024-2025,Levi Colwill,Chelsea,D,Defender,35,3150,2,1,17,12,9,0,2.4856121446937323,1.066227382980287,2.4856121446937323
2024-2025,Ryan Yates,Nottingham Forest,M,Midfielder,35,1883,2,1,33,19,10,0,2.863330416381359,1.0837957467883823,2.863330416381359
2024-2025,Julio Enciso,"Brighton,Ipswich",M,Midfielder,25,1168,2,3,52,18,3,0,2.7400452066212893,2.227620951831341,2.7400452066212893
2024-2025,Carlos Alcaraz,"Everton,Southampton",M,Midfielder,16,753,2,3,27,14,4,0,1.660201769322157,2.288683351129293,1.660201769322157
2024-2025,Yasin Ayari,Brighton,M,Midfielder,34,1977,2,1,28,28,3,0,2.234291661530733,3.114554302766919,2.234291661530733
2024-2025,Nico O&#039;Reilly,Manchester City,D,Defender,9,526,2,0,8,4,0,0,1.0966674238443377,0.2605451494455337,1.0966674238443377
2024-2025,Milos Kerkez,Bournemouth,D,Defender,38,3359,2,5,19,35,4,0,0.7433816641569138,4.914374724030495,0.7433816641569138
2024-2025,Simon Adingra,Brighton,D,Defender,29,1081,2,2,34,16,0,0,3.1380675714463,2.066323732957244,3.1380675714463
2024-2025,Jake O&#039;Brien,Everton,D,Defender,20,1561,2,0,6,6,5,0,1.219971727579832,0.6676564291119576,1.219971727579832
2024-2025,Murillo,Nottingham Forest,D,Defender,36,3199,2,0,25,12,6,0,1.9497453132644296,1.3909434340894222,1.9497453132644296
2024-2025,Rodrigo Gomes,Wolverhampton,D,Defender,25,756,2,0,7,12,0,0,0.6804056065157056,0.979415087029338,0.6804056065157056
2024-2025,Mateus Fernandes,Southampton,F,Forward,36,2964,2,4,42,34,8,0,5.0105931609869,3.847336508333683,5.0105931609869
2024-2025,Bilal El Khannouss,Leicester,M,Midfielder,32,2242,2,3,30,42,4,0,1.4420042671263218,4.914181550964713,1.4420042671263218
2024-2025,Matt O&#039;Riley,Brighton,M,Midfielder,21,934,2,2,22,21,1,0,3.061050277203321,2.4148010704666376,2.299881439656019
2024-2025,Ilkay Gündogan,Manchester City,M,Midfielder,33,2231,1,6,27,42,1,0,3.426698351278901,3.667873060330749,3.426698351278901
2024-2025,Michail Antonio,West Ham,F,Forward,14,859,1,1,19,9,1,0,2.99339403398335,1.598572283051908,2.99339403398335
2024-2025,Ashley Young,Everton,D,Defender,32,1824,1,3,6,26,7,1,0.2522744350135326,2.9377346560359,0.2522744350135326
2024-2025,Christian Eriksen,Manchester United,M,Midfielder,23,1043,1,2,15,29,4,0,1.3317703362554312,3.2394327828660607,0.5706015210598707
2024-2025,Jack Grealish,Manchester City,M,Midfielder,20,689,1,1,15,24,3,0,1.2711530942469835,1.9155478971078992,1.2711530942469835
2024-2025,Ben Chilwell,Crystal Palace,D,Defender,8,239,1,0,5,5,1,0,0.2562433071434498,0.8998954109847546,0.2562433071434498
2024-2025,James Ward-Prowse,"Nottingham Forest,West Ham",M,Midfielder,24,1449,1,2,14,24,2,1,1.2941841231659057,3.261906538158655,1.2941841231659057
2024-2025,Danny Ings,West Ham,F,Forward,15,235,1,2,14,6,0,0,1.7657166114076972,1.154838539659977,1.7657166114076972
2024-2025,Mario Lemina,Wolverhampton,D,Defender,17,1366,1,3,17,10,4,0,1.1920787254348395,1.287991652265191,1.1920787254348395
2024-2025,James Tarkowski,Everton,D,Defender,33,2926,1,1,15,16,6,0,1.2661416758783162,2.7973302034661174,1.2661416758783162
2024-2025,Harry Maguire,Manchester United,D,Defender,27,1752,1,0,16,8,7,0,2.342265553772449,0.9308241046965122,2.342265553772449
2024-2025,Jack Stephens,Southampton,D,Defender,19,1418,1,0,4,3,2,2,0.6747798472642899,0.2880069650709629,0.6747798472642899
2024-2025,Lewis Cook,Bournemouth,D,Defender,36,2978,1,3,14,47,8,1,0.963939368724823,4.5853610355407,0.963939368724823
2024-2025,Casemiro,Manchester United,M,Midfielder,24,1519,1,0,32,22,5,0,1.939050110988319,2.170760851353407,1.939050110988319
2024-2025,Carlos Soler,West Ham,M,Midfielder,31,1422,1,1,25,17,6,0,2.29219813644886,1.0893699526786804,2.29219813644886
2024-2025,Estupiñán,Brighton,D,Defender,30,2404,1,1,28,27,5,0,1.3183485567569733,2.320820614695549,1.3183485567569733
2024-2025,Leon Bailey,Aston Villa,M,Midfielder,24,1152,1,2,28,16,3,0,2.867841899394989,2.372280452400446,2.867841899394989
2024-2025,Tosin Adarabioyo,Chelsea,D,Defender,22,1410,1,1,13,2,4,0,1.1859792517498136,0.3341391310095787,1.1859792517498136
2024-2025,Boubacar Kamara,Aston Villa,D,Defender,26,1744,1,0,10,11,2,0,0.7928520627319813,0.901398416608572,0.7928520627319813
2024-2025,Orel Mangala,Everton,M,Midfielder,19,1254,1,0,16,8,2,0,0.7135743591934443,0.494984382763505,0.7135743591934443
2024-2025,Ibrahima Konaté,Liverpool,D,Defender,31,2578,1,2,19,10,5,0,1.85700361803174,1.0275321248918772,1.85700361803174
2024-2025,Ben Johnson,Ipswich,D,Defender,23,1327,1,2,7,11,3,1,1.4644898548722267,2.1658401750028133,1.4644898548722267
2024-2025,Reiss Nelson,"Arsenal,Fulham",M,Midfielder,12,491,1,1,11,13,1,0,1.4182224795222282,1.1306451223790646,1.4182224795222282
2024-2025,Bobby Reid,Leicester,F,Forward,23,729,1,2,7,6,2,0,0.667118170298636,1.0936873592436314,0.667118170298636
2024-2025,Conor Coady,Leicester,D,Defender,22,1710,1,0,2,1,3,0,0.6421074867248535,0.0701530873775482,0.6421074867248535
2024-2025,Axel Disasi,"Aston Villa,Chelsea",D,Defender,13,844,1,0,4,5,3,0,0.6244775578379631,0.3375391270965338,0.6244775578379631
2024-2025,Cristian Romero,Tottenham,D,Defender,18,1426,1,0,16,7,3,0,1.905144028365612,0.6253029182553291,1.905144028365612
2024-2025,Caleb Okoli,Leicester,D,Defender,19,1113,1,0,4,0,4,0,0.8699327614158392,0.0,0.8699327614158392
2024-2025,Dan Burn,Newcastle,D,Defender,37,3330,1,1,21,9,11,0,2.574376904405653,1.1636743620038033,2.574376904405653
2024-2025,Harvey Elliott,Liverpool,M,Midfielder,18,320,1,2,17,10,1,0,1.6678786408156157,1.2793736029416325,1.6678786408156157
2024-2025,John McGinn,Aston Villa,M,Midfielder,34,2247,1,4,31,30,7,0,3.7942231353372335,3.4790949057787657,3.7942231353372335
2024-2025,Mason Mount,Manchester United,F,Forward,17,626,1,0,20,8,3,0,2.939478291198612,0.335563201457262,2.939478291198612
2024-2025,Taiwo Awoniyi,Nottingham Forest,F,Forward,26,363,1,0,10,2,0,0,2.418665297329426,0.0885970722883939,2.418665297329426
2024-2025,João Félix,Chelsea,M,Midfielder,12,343,1,1,20,6,2,0,2.64809543825686,0.6843841634690762,2.64809543825686
2024-2025,Reece James,Chelsea,D,Defender,19,1062,1,1,11,11,1,0,0.5808683261275291,1.3240125216543674,0.5808683261275291
2024-2025,Kieran Tierney,Arsenal,D,Defender,13,227,1,0,2,8,0,0,0.9213433265686036,1.199159286916256,0.9213433265686036
2024-2025,Neco Williams,Nottingham Forest,D,Defender,35,2579,1,3,37,18,7,0,3.0044789891690016,1.7043100725859404,3.0044789891690016
2024-2025,William Smallbone,Southampton,M,Midfielder,18,657,1,0,7,10,1,0,0.6896725203841925,0.5868444573134184,0.6896725203841925
2024-2025,Chris Richards,Crystal Palace,D,Defender,24,1925,1,0,12,2,2,1,1.6956392526626587,0.114281041547656,1.6956392526626587
2024-2025,Taylor Harwood-Bellis,Southampton,D,Defender,34,2832,1,0,20,14,9,0,2.1951861269772053,1.9898590259253977,2.1951861269772053
2024-2025,Wout Faes,Leicester,D,Defender,34,2799,1,0,12,4,4,0,1.563155423849821,0.1705409092828631,1.563155423849821
2024-2025,Jack Harrison,Everton,F,Forward,34,2102,1,0,29,33,0,0,3.3758146427571774,3.650003883987665,3.3758146427571774
2024-2025,Maxence Lacroix,Crystal Palace,D,Defender,35,3126,1,1,30,8,5,0,2.7525001103058457,1.6881468072533607,2.7525001103058457
2024-2025,Matthew Cash,Aston Villa,D,Defender,27,2085,1,1,13,10,7,0,0.4955384666100144,1.4866319708526134,0.4955384666100144
2024-2025,Leif Davis,Ipswich,D,Defender,33,2760,1,2,16,61,5,1,0.798027765005827,6.061805084347725,0.798027765005827
2024-2025,Jacob Ramsey,Aston Villa,F,Forward,29,1665,1,3,19,21,2,1,1.4540390092879534,2.891221077181399,1.4540390092879534
2024-2025,Chimuanya Ugochukwu,Southampton,M,Midfielder,26,1689,1,1,10,14,7,0,0.8239525118842721,0.9677973967045546,0.8239525118842721
2024-2025,Moisés Caicedo,Chelsea,D,Defender,38,3381,1,2,20,29,11,0,0.6911019859835505,2.924944289028645,0.6911019859835505
2024-2025,Crysencio Summerville,West Ham,F,Forward,19,760,1,1,14,17,2,0,1.814036266878248,2.15877053141594,1.814036266878248
2024-2025,Daniel Jebbison,Bournemouth,S,Midfielder,16,62,1,0,5,3,1,0,1.7295908629894257,0.2071749344468116,1.7295908629894257
2024-2025,William Osula,Newcastle,S,Midfielder,14,107,1,0,4,2,0,0,0.2826921939849853,0.1338628381490707,0.2826921939849853
2024-2025,Kamaldeen Sulemana,Southampton,F,Forward,26,1405,1,1,29,10,2,0,1.5610322337597609,1.2623700015246868,1.5610322337597609
2024-2025,Vitaly Janelt,Brentford,D,Defender,32,2303,1,3,14,14,3,0,0.9458270631730556,2.358839701861143,0.9458270631730556
2024-2025,Patson Daka,Leicester,F,Forward,23,686,1,0,15,1,0,0,1.767653119750321,0.0259240753948688,1.767653119750321
2024-2025,Nico González,Manchester City,M,Midfielder,11,767,1,0,9,1,3,0,0.8193094208836555,0.0815559178590774,0.8193094208836555
2024-2025,Jakub Kiwior,Arsenal,D,Defender,17,1102,1,0,3,5,1,0,0.2143479213118553,0.5097704380750656,0.2143479213118553
2024-2025,Kasey McAteer,Leicester,M,Midfielder,18,854,1,1,13,9,3,0,1.4462989773601294,0.905257573351264,1.4462989773601294
2024-2025,Evan Ferguson,"Brighton,West Ham",F,Forward,21,341,1,0,12,5,0,0,1.4812848791480064,0.7929156944155693,1.4812848791480064
2024-2025,Vitalii Mykolenko,Everton,D,Defender,35,3085,1,2,14,24,4,0,0.6015322427265346,3.0272322706878185,0.6015322427265346
2024-2025,Jens Cajuste,Ipswich,M,Midfielder,30,2019,1,1,12,13,2,0,0.6125177554786205,0.6245124880224466,0.6125177554786205
2024-2025,Djed Spence,Tottenham,D,Defender,25,1784,1,2,10,11,2,1,0.417020246386528,1.8481179997324944,0.417020246386528
2024-2025,Jan Paul van Hecke,Brighton,D,Defender,34,2962,1,1,17,16,6,1,1.0002109874039888,1.558699306100607,1.0002109874039888
2024-2025,Keane Lewis-Potter,Brentford,D,Defender,38,3131,1,3,28,26,7,0,3.2576067624613643,3.338346378877759,3.2576067624613643
2024-2025,Wilson Odobert,Tottenham,F,Forward,16,845,1,0,13,6,0,0,2.115951618179679,0.8556916369125247,2.115951618179679
2024-2025,Flynn Downes,Southampton,D,Defender,27,2175,1,0,10,15,12,0,0.8941574329510331,1.6155836284160614,0.8941574329510331
2024-2025,Rico Lewis,Manchester City,D,Defender,28,1903,1,2,10,7,3,1,1.6414977870881555,0.3464172556996345,1.6414977870881555
2024-2025,Emmanuel Agbadou,Wolverhampton,D,Defender,16,1414,1,0,7,4,3,0,0.69438168220222,0.1891781575977802,0.69438168220222
2024-2025,Luis Sinisterra,Bournemouth,M,Midfielder,12,221,1,1,13,8,0,0,1.7229826282709837,1.762933598831296,1.7229826282709837
2024-2025,Matheus Nunes,Manchester City,D,Defender,26,1673,1,6,9,23,4,0,1.189816527068615,3.9489037338644266,1.189816527068615
2024-2025,Brajan Gruda,Brighton,F,Forward,21,684,1,4,11,23,0,0,1.0134435147047045,2.2726940251886845,1.0134435147047045
2024-2025,Lewis Miley,Newcastle,M,Midfielder,14,274,1,0,3,1,0,0,0.2039504423737526,0.0893867462873458,0.2039504423737526
2024-2025,Jurriën Timber,Arsenal,D,Defender,30,2443,1,3,14,17,7,0,1.3132512997835877,1.1326866932213306,1.3132512997835877
2024-2025,Calvin Bassey,Fulham,D,Defender,35,3072,1,0,14,3,7,0,1.1175763411447406,0.1130702113732695,1.1175763411447406
2024-2025,Sávio,Manchester City,F,Forward,29,1801,1,8,55,45,3,0,5.246914088726044,6.9446608647704124,5.246914088726044
2024-2025,Manuel Ugarte,Manchester United,M,Midfielder,29,1802,1,2,19,10,11,0,1.087446665391326,1.616088747046888,1.087446665391326
2024-2025,Ian Maatsen,Aston Villa,D,Defender,29,1073,1,2,19,19,2,0,0.979834190569818,3.0338974483311176,0.979834190569818
2024-2025,Matheus França,Crystal Palace,S,Midfielder,4,45,1,0,6,0,0,0,0.4079460725188255,0.0,0.4079460725188255
2024-2025,Myles Lewis-Skelly,Arsenal,D,Defender,23,1371,1,0,3,8,3,2,0.2544533908367157,0.4991668798029423,0.2544533908367157
2024-2025,Tyrique George,Chelsea,F,Forward,8,162,1,1,3,6,1,0,0.3738933689892292,1.0261513106524944,0.3738933689892292
2024-2025,Jacob Greaves,Ipswich,D,Defender,25,2208,1,0,10,6,5,0,1.4357987744733691,0.2260055681690573,1.4357987744733691
2024-2025,Sam Morsy,Ipswich,M,Midfielder,33,2767,1,1,13,24,9,0,0.2957767499610781,1.4169819168746471,0.2957767499610781
2024-2025,Conor Chaplin,Ipswich,F,Forward,22,851,1,1,16,8,2,0,1.434986375272274,0.7888719039037824,1.434986375272274
2024-2025,Jack Taylor,Ipswich,M,Midfielder,32,777,1,0,19,5,4,0,0.5857022814452648,0.7670453414320946,0.5857022814452648
2024-2025,Mats Wieffer,Brighton,D,Defender,25,988,1,3,9,15,6,0,1.0993042346090078,1.0669435421004891,1.0993042346090078
2024-2025,Yukinari Sugawara,Southampton,D,Defender,30,1533,1,1,14,17,4,0,0.4496091231703758,3.2835169788450003,0.4496091231703758
2024-2025,Ramón Sosa,Nottingham Forest,M,Midfielder,19,246,1,0,11,8,1,0,1.1310514248907566,0.6833146139979362,1.1310514248907566
2024-2025,Justin Devenny,Crystal Palace,M,Midfielder,23,472,1,1,10,7,1,0,1.1472182907164097,0.6334958653897047,1.1472182907164097
2024-2025,Ross Stewart,Southampton,F,Forward,12,379,1,0,9,0,1,0,0.8806956596672535,0.0,0.8806956596672535
2024-2025,Ferdi Kadioglu,Brighton,D,Defender,6,401,1,0,4,5,1,0,0.6023932620882988,0.1645598961040377,0.6023932620882988
2024-2025,Diego Gómez,Brighton,M,Midfielder,16,487,1,0,9,9,0,0,0.8773256950080395,1.5821922849863768,0.8773256950080395
2024-2025,Romain Esse,Crystal Palace,M,Midfielder,7,124,1,1,1,3,0,0,0.5787168145179749,0.3007222488522529,0.5787168145179749
2024-2025,Timo Werner,Tottenham,F,Forward,18,488,0,3,8,10,0,0,0.953228548169136,3.0806511119008064,0.953228548169136
2024-2025,Jannik Vestergaard,Leicester,D,Defender,18,1411,0,0,3,3,5,0,0.1115449527278542,0.0718512497842311,0.1115449527278542
2024-2025,Bernd Leno,Fulham,GK,Goalkeeper,38,3420,0,1,0,2,5,0,0.0,0.31894351541996,0.0
2024-2025,Callum Wilson,Newcastle,F,Forward,18,313,0,0,6,3,1,0,0.7507430538535118,0.1887170672416687,0.7507430538535118
2024-2025,Danny Ward,Leicester,GK,Goalkeeper,2,132,0,0,0,0,0,0,0.0,0.0,0.0
2024-2025,Adam Lallana,Southampton,M,Midfielder,14,342,0,2,3,4,4,0,0.1523155756294727,0.5534783098846674,0.1523155756294727
2024-2025,James Milner,Brighton,M,Midfielder,4,177,0,0,2,4,1,0,0.1920489966869354,0.2607630733400583,0.1920489966869354
2024-2025,Joel Ward,Crystal Palace,D,Defender,2,75,0,0,0,1,1,0,0.0,0.0684693977236747,0.0
2024-2025,Aaron Cresswell,West Ham,D,Defender,18,821,0,0,5,9,3,0,0.1508999690413475,1.589625921100378,0.1508999690413475
2024-2025,Nathan Aké,Manchester City,D,Defender,10,684,0,0,3,1,0,0,0.2418667152523994,0.0160249359905719,0.2418667152523994
2024-2025,Seamus Coleman,Everton,D,Defender,5,213,0,0,1,0,1,0,0.4752198457717895,0.0,0.4752198457717895
2024-2025,Nathaniel Clyne,Crystal Palace,D,Defender,13,483,0,0,2,3,1,0,0.0234091719612479,0.1613760516047477,0.0234091719612479
2024-2025,Raheem Sterling,Arsenal,F,Forward,17,486,0,2,10,8,1,0,0.9707838203758,0.5390832684934139,0.9707838203758
2024-2025,Alex McCarthy,Southampton,GK,Goalkeeper,5,450,0,0,0,0,0,0,0.0,0.0,0.0
2024-2025,Kyle Walker,Manchester City,D,Defender,15,968,0,0,5,7,3,0,0.1098661832511425,0.7247695401310921,0.1098661832511425
2024-2025,Kieran Trippier,Newcastle,D,Defender,25,1311,0,3,4,21,1,0,0.1578787304461002,1.8058830378577115,0.1578787304461002
2024-2025,Ben Davies,Tottenham,D,Defender,17,1325,0,0,5,2,5,0,0.3614495517686009,0.0991829298436641,0.3614495517686009
2024-2025,Idrissa Gueye,Everton,M,Midfielder,37,3090,0,3,27,19,8,0,1.0407873457297685,2.416206769645214,1.0407873457297685
2024-2025,Willian,Fulham,F,Forward,10,240,0,0,7,7,0,0,0.2559743635356426,0.2961952313780784,0.2559743635356426
2024-2025,Lukasz Fabianski,West Ham,GK,Goalkeeper,14,1157,0,0,0,0,2,0,0.0,0.0,0.0
2024-2025,Jordan Pickford,Everton,GK,Goalkeeper,38,3420,0,1,0,2,7,0,0.0,0.2801412306725979,0.0
2024-2025,Jeffrey Schlupp,Crystal Palace,S,Midfielder,12,72,0,0,4,2,0,0,0.2102906517684459,0.3348583467304706,0.2102906517684459
2024-2025,Craig Dawson,Wolverhampton,D,Defender,15,950,0,0,5,2,2,0,0.4068407323211431,0.0697851851582527,0.4068407323211431
2024-2025,Jonny Evans,Manchester United,D,Defender,7,306,0,0,2,0,1,0,0.0842704158276319,0.0,0.0842704158276319
2024-2025,Adam Smith,Bournemouth,D,Defender,25,1625,0,0,3,8,7,0,0.3261268213391304,0.4430896267294884,0.3261268213391304
2024-2025,Fraser Forster,Tottenham,GK,Goalkeeper,7,630,0,0,0,0,0,0,0.0,0.0,0.0
2024-2025,Matt Targett,Newcastle,S,Midfielder,2,12,0,0,0,0,0,0,0.0,0.0,0.0
2024-2025,Kyle Walker-Peters,Southampton,D,Defender,33,2934,0,2,20,23,5,0,1.1614951640367508,2.7974178763106465,1.1614951640367508
2024-2025,Harrison Reed,Fulham,S,Midfielder,12,81,0,0,3,1,2,0,0.1439509261399507,0.0789679586887359,0.1439509261399507
2024-2025,Axel Tuanzebe,Ipswich,D,Defender,22,1731,0,1,4,5,3,1,0.3537554126232862,0.6262782029807568,0.3537554126232862
2024-2025,Harry Winks,Leicester,M,Midfielder,22,1532,0,2,10,17,4,0,0.1876087933778762,1.32591406814754,0.1876087933778762
2024-2025,Sam Johnstone,Wolverhampton,GK,Goalkeeper,7,630,0,0,0,1,0,0,0.0,0.0490641593933105,0.0
2024-2025,Mason Holgate,Everton,S,Midfielder,1,1,0,0,0,0,0,0,0.0,0.0,0.0
2024-2025,Joseph Gomez,Liverpool,D,Defender,9,510,0,0,3,2,1,0,0.3742993529886007,0.0806920379400253,0.3742993529886007
2024-2025,Luke Shaw,Manchester United,D,Defender,7,352,0,0,1,5,1,0,0.031377512961626,0.5605076849460602,0.031377512961626
2024-2025,Tyrone Mings,Aston Villa,D,Defender,14,1137,0,0,9,3,1,0,0.7991716582328081,0.1797054167836904,0.7991716582328081
2024-2025,Alex Palmer,Ipswich,GK,Goalkeeper,13,1170,0,0,0,1,2,0,0.0,0.0210703182965517,0.0
2024-2025,Alisson,Liverpool,GK,Goalkeeper,28,2511,0,0,0,1,0,0,0.0,0.4981032609939575,0.0
2024-2025,Neto,Bournemouth,GK,Goalkeeper,2,180,0,0,0,0,0,0,0.0,0.0,0.0
2024-2025,Jorginho,Arsenal,M,Midfielder,15,717,0,0,2,3,5,0,0.0592099986970424,0.4611985944211483,0.0592099986970424
2024-2025,Federico Chiesa,Liverpool,F,Forward,6,95,0,0,5,2,0,0,0.6147317513823509,0.2075449079275131,0.6147317513823509
2024-2025,Sasa Lukic,Fulham,M,Midfielder,30,2380,0,2,18,27,12,0,1.5360550973564386,3.099418031051755,1.5360550973564386
2024-2025,Emil Krafth,Newcastle,D,Defender,12,314,0,0,1,1,2,0,0.0276889540255069,0.0589407011866569,0.0276889540255069
2024-2025,Ben Mee,Brentford,D,Defender,7,181,0,0,0,0,2,0,0.0,0.0,0.0
2024-2025,Ryan Fraser,Southampton,D,Defender,8,314,0,0,1,2,0,1,0.0251516010612249,0.1558907814323902,0.0251516010612249
2024-2025,Andrew Robertson,Liverpool,D,Defender,33,2511,0,1,15,40,3,1,1.5656620487570765,4.881590306758881,1.5656620487570765
2024-2025,Lucas Digne,Aston Villa,D,Defender,32,2413,0,4,13,36,4,0,0.7811353597790003,6.966049259528518,0.7811353597790003
2024-2025,Jefferson Lerma,Crystal Palace,D,Defender,33,2274,0,1,26,10,9,0,0.8986045755445957,1.3882753169164062,0.8986045755445957
2024-2025,Emiliano Buendía,Aston Villa,S,Midfielder,12,48,0,0,5,1,1,0,0.8230422083288431,0.0468223355710506,0.8230422083288431
2024-2025,Alphonse Areola,West Ham,GK,Goalkeeper,26,2263,0,0,0,0,0,0,0.0,0.0,0.0
2024-2025,Rodri,Manchester City,M,Midfielder,3,64,0,0,0,1,0,0,0.0,0.0520608685910701,0.0
2024-2025,Oleksandr Zinchenko,Arsenal,D,Defender,15,500,0,1,10,3,1,0,0.4987206254154444,0.1286610011011362,0.4987206254154444
2024-2025,Issa Diop,Fulham,D,Defender,21,1332,0,0,5,3,2,0,0.4851377755403518,0.1430980395525694,0.4851377755403518
2024-2025,Maxwel Cornet,Southampton,M,Midfielder,2,71,0,0,1,0,1,0,0.0751236081123352,0.0,0.0751236081123352
2024-2025,Ricardo Pereira,Leicester,D,Defender,10,378,0,0,2,0,1,0,0.1111767999827861,0.0,0.1111767999827861
2024-2025,Odsonne Edouard,"Crystal Palace,Leicester",M,Midfielder,6,131,0,0,5,2,0,0,0.325688287615776,0.105933329090476,0.325688287615776
2024-2025,Álex Moreno,Nottingham Forest,D,Defender,15,978,0,1,6,8,2,0,0.2170073073357343,1.076141320168972,0.2170073073357343
2024-2025,Emiliano Martinez,Aston Villa,GK,Goalkeeper,37,3206,0,0,0,2,5,1,0.0,0.2820240408182144,0.0
2024-2025,Kepa,Bournemouth,GK,Goalkeeper,31,2790,0,0,1,1,3,0,0.0683941841125488,0.0258998982608318,0.0683941841125488
2024-2025,Kevin Danso,Tottenham,D,Defender,10,840,0,0,7,2,0,0,0.273663411848247,0.0684588281437754,0.273663411848247
2024-2025,Wilfred Ndidi,Leicester,M,Midfielder,28,2368,0,5,22,17,8,0,1.973463961854577,2.7866385113447905,1.973463961854577
2024-2025,Nick Pope,Newcastle,GK,Goalkeeper,28,2520,0,0,0,1,2,0,0.0,0.0770820155739784,0.0
2024-2025,Scott McTominay,Manchester United,S,Midfielder,2,15,0,0,1,0,0,0,0.1260273307561874,0.0,0.1260273307561874
2024-2025,Aaron Ramsdale,Southampton,GK,Goalkeeper,30,2700,0,0,0,0,2,0,0.0,0.0,0.0
2024-2025,Diego Carlos,Aston Villa,D,Defender,10,828,0,0,4,0,1,0,0.9728685170412064,0.0,0.9728685170412064
2024-2025,Ibrahim Sangare,Nottingham Forest,M,Midfielder,13,584,0,1,1,5,3,0,0.0163659416139125,0.7156692324206233,0.0163659416139125
2024-2025,Kenny Tete,Fulham,D,Defender,22,1790,0,2,25,9,5,0,1.595350006595254,0.6750296298414469,1.595350006595254
2024-2025,Philip Billing,Bournemouth,M,Midfielder,10,152,0,0,5,8,1,0,0.3570811375975609,1.401890940964222,0.3570811375975609
2024-2025,Charlie Taylor,Southampton,D,Defender,8,341,0,0,0,1,1,0,0.0,0.055130336433649,0.0
2024-2025,Lewis Dunk,Brighton,D,Defender,25,2083,0,0,12,5,5,0,1.1070273127406836,0.5168026331812143,1.1070273127406836
2024-2025,Solly March,Brighton,M,Midfielder,8,149,0,0,2,3,2,0,0.0514545002952218,0.2339879721403122,0.0514545002952218
2024-2025,Ederson,Manchester City,GK,Goalkeeper,26,2324,0,4,0,4,4,0,0.0,1.1925887912511826,0.0
2024-2025,Victor Lindelöf,Manchester United,D,Defender,16,679,0,0,0,3,1,0,0.0,0.1225271690636873,0.0
2024-2025,Will Hughes,Crystal Palace,M,Midfielder,33,2160,0,3,22,33,11,0,0.9225301016122104,3.364077143371105,0.9225301016122104
2024-2025,Daichi Kamada,Crystal Palace,M,Midfielder,34,1527,0,0,20,20,4,1,0.9768787622451782,1.8320643100887537,0.9768787622451782
2024-2025,Timothy Castagne,Fulham,D,Defender,24,1627,0,1,8,10,1,0,0.3606655541807413,0.8743397928774357,0.3606655541807413
2024-2025,Nélson Semedo,Wolverhampton,D,Defender,34,2897,0,4,18,25,8,0,0.9947248105891048,2.185204219073057,0.9947248105891048
2024-2025,Pau Torres,Aston Villa,D,Defender,24,2011,0,0,8,3,2,0,0.3871210906654596,0.1446397490799427,0.3871210906654596
2024-2025,Boubakary Soumare,Leicester,M,Midfielder,31,2182,0,0,7,10,8,0,0.2561326660215854,0.3478336622938514,0.2561326660215854
2024-2025,Joachim Andersen,"Crystal Palace,Fulham",D,Defender,30,2678,0,0,20,4,7,1,0.8852448537945747,0.280512185767293,0.8852448537945747
2024-2025,Hamza Choudhury,Leicester,M,Midfielder,4,125,0,0,0,2,0,0,0.0,0.3993283584713936,0.0
2024-2025,Manuel Akanji,Manchester City,D,Defender,26,2017,0,0,15,9,3,0,1.0098738074302671,0.4246870186179876,1.0098738074302671
2024-2025,Martin Dubravka,Newcastle,GK,Goalkeeper,10,900,0,0,0,0,0,0,0.0,0.0,0.0
2024-2025,Joe Willock,Newcastle,M,Midfielder,32,1043,0,2,18,22,4,0,2.01764520443976,3.1126333381980658,2.01764520443976
2024-2025,Konstantinos Mavropanos,West Ham,D,Defender,33,2028,0,0,18,5,4,1,1.6612843237817287,0.6751785762608051,1.6612843237817287
2024-2025,Jean-Clair Todibo,West Ham,D,Defender,27,1833,0,0,5,2,3,0,0.2778066396713257,0.0297562526538968,0.2778066396713257
2024-2025,Willy Boly,Nottingham Forest,D,Defender,6,139,0,0,1,0,1,0,0.082951508462429,0.0,0.082951508462429
2024-2025,Matz Sels,Nottingham Forest,GK,Goalkeeper,38,3420,0,0,0,2,4,0,0.0,0.5219662692397833,0.0
2024-2025,Robin Olsen,Aston Villa,GK,Goalkeeper,4,211,0,0,0,0,0,0,0.0,0.0,0.0
2024-2025,Arijanet Muric,Ipswich,GK,Goalkeeper,18,1620,0,0,0,0,1,0,0.0,0.0,0.0
2024-2025,Mark Flekken,Brentford,GK,Goalkeeper,37,3275,0,2,0,2,1,0,0.0,0.5480153113603592,0.0
2024-2025,Sean Longstaff,Newcastle,M,Midfielder,25,758,0,0,6,4,2,0,0.4065457545220852,0.2086685169488191,0.4065457545220852
2024-2025,Mathias Jensen,Brentford,M,Midfielder,24,819,0,2,6,16,2,0,0.2693682108074426,1.9875654987990856,0.2693682108074426
2024-2025,Sergio Reguilón,Tottenham,D,Defender,4,187,0,0,2,1,2,0,0.1322939433157444,0.0298521239310503,0.1322939433157444
2024-2025,Oliver Skipp,Leicester,M,Midfielder,24,1095,0,0,5,9,8,0,0.2431342415511608,0.3397108828648925,0.2431342415511608
2024-2025,Jason Steele,Brighton,GK,Goalkeeper,2,180,0,0,0,0,0,0,0.0,0.0,0.0
2024-2025,Benoit Badiashile Mukinayi,Chelsea,D,Defender,5,323,0,0,0,0,0,0,0.0,0.0,0.0
2024-2025,Diogo Dalot,Manchester United,D,Defender,33,2821,0,3,24,26,5,0,1.6990829594433308,2.5788643723353744,1.6990829594433308
2024-2025,Ben White,Arsenal,D,Defender,17,1192,0,2,9,10,2,0,0.4337807316333055,1.4500398263335228,0.4337807316333055
2024-2025,Max Kilman,West Ham,D,Defender,38,3348,0,1,13,16,5,0,1.714818298816681,0.9288761988282204,1.714818298816681
2024-2025,Tyler Adams,Bournemouth,M,Midfielder,28,1965,0,3,9,18,7,0,1.4070341289043429,1.5068945437669754,1.4070341289043429
2024-2025,Carlos Vinicius,Fulham,S,Midfielder,3,8,0,0,1,0,0,0,0.054843533784151,0.0,0.054843533784151
2024-2025,Miguel Almirón,Newcastle,F,Forward,9,138,0,0,6,3,0,0,0.4826713129878044,0.1663767416030168,0.4826713129878044
2024-2025,James Garner,Everton,D,Defender,21,1603,0,1,12,12,5,0,0.6001764945685863,1.215124419890344,0.6001764945685863
2024-2025,Mark Travers,Bournemouth,GK,Goalkeeper,5,450,0,0,0,0,0,0,0.0,0.0,0.0
2024-2025,Wesley Fofana,Chelsea,D,Defender,14,1192,0,0,3,6,7,0,0.2047538962215185,0.5259660333395004,0.2047538962215185
2024-2025,Max Aarons,Bournemouth,D,Defender,3,78,0,0,0,0,0,0,0.0,0.0,0.0
2024-2025,Ben Godfrey,Ipswich,D,Defender,3,165,0,0,0,0,1,0,0.0,0.0,0.0
2024-2025,Adam Webster,Brighton,D,Defender,14,888,0,0,5,3,1,0,0.3764696484431624,0.3818966709077358,0.3764696484431624
2024-2025,Dean Henderson,Crystal Palace,GK,Goalkeeper,38,3420,0,0,1,2,3,0,0.0109276687726378,0.1058704666793346,0.0109276687726378
2024-2025,Caoimhin Kelleher,Liverpool,GK,Goalkeeper,10,900,0,0,0,0,0,0,0.0,0.0,0.0
2024-2025,Takehiro Tomiyasu,Arsenal,S,Midfielder,1,3,0,0,1,0,0,0,0.1668418496847152,0.0,0.1668418496847152
2024-2025,Igor Julio,Brighton,D,Defender,13,959,0,0,1,2,4,0,0.0835000127553939,0.1427631359547376,0.0835000127553939
2024-2025,Billy Gilmour,Brighton,M,Midfielder,2,94,0,0,1,0,0,0,0.0845430567860603,0.0,0.0845430567860603
2024-2025,Lloyd Kelly,Newcastle,D,Defender,10,303,0,1,3,2,2,0,0.2711419649422169,0.3751976788043976,0.2711419649422169
2024-2025,Brandon Austin,Tottenham,GK,Goalkeeper,1,90,0,0,0,0,0,0,0.0,0.0,0.0
2024-2025,Boubacar Traore,Wolverhampton,S,Midfielder,1,1,0,0,0,0,0,0,0.0,0.0,0.0
2024-2025,Tyrick Mitchell,Crystal Palace,D,Defender,37,3131,0,5,12,41,2,0,1.4204330071806908,7.109685024246573,1.4204330071806908
2024-2025,Nicolás Domínguez,Nottingham Forest,M,Midfielder,34,1979,0,1,21,13,9,0,1.9267512233927848,1.4655370814725757,1.9267512233927848
2024-2025,Guido Rodríguez,West Ham,M,Midfielder,23,1179,0,1,8,4,6,0,0.1626910055056214,0.2192824073135852,0.1626910055056214
2024-2025,Sander Berge,Fulham,M,Midfielder,31,2242,0,0,3,18,6,0,0.4260362591594457,0.7261993493884802,0.4260362591594457
2024-2025,Daniel Podence,Wolverhampton,S,Midfielder,2,36,0,0,1,0,0,0,0.0448911525309085,0.0,0.0448911525309085
2024-2025,Armando Broja,Everton,F,Forward,10,314,0,0,4,4,1,0,0.1044619902968406,0.174777690321207,0.1044619902968406
2024-2025,Jarrad Branthwaite,Everton,D,Defender,30,2510,0,1,10,3,4,0,1.381387365050614,0.6528244335204363,1.381387365050614
2024-2025,Jorge Cuenca,Fulham,D,Defender,8,352,0,0,1,0,0,0,0.0159940905869007,0.0,0.0159940905869007
2024-2025,Tommy Doyle,Wolverhampton,M,Midfielder,24,431,0,1,9,7,1,0,0.3624565312638879,0.3475889293476939,0.3624565312638879
2024-2025,Luke Thomas,Leicester,D,Defender,14,1123,0,0,5,8,3,0,0.3486927710473537,0.4181743627414107,0.3486927710473537
2024-2025,Sven Botman,Newcastle,D,Defender,8,424,0,0,5,2,1,0,0.7963292263448238,0.6542200557887554,0.7963292263448238
2024-2025,Cheick Oumar Doucoure,Crystal Palace,M,Midfielder,13,439,0,0,7,1,1,0,0.3654052410274744,0.0139362784102559,0.3654052410274744
2024-2025,Kalvin Phillips,Ipswich,M,Midfielder,19,1247,0,0,11,5,4,1,0.4593092957511544,0.3231524731963873,0.4593092957511544
2024-2025,Dara O&#039;Shea,Ipswich,D,Defender,35,3129,0,2,22,3,6,0,1.564998717047274,0.7030826602131128,1.564998717047274
2024-2025,Joël Veltman,Brighton,D,Defender,21,1714,0,0,6,6,5,0,0.7976804617792368,0.7567648589611053,0.7976804617792368
2024-2025,Stefan Ortega Moreno,Manchester City,GK,Goalkeeper,13,1096,0,0,0,0,1,0,0.0,0.0,0.0
2024-2025,Wataru Endo,Liverpool,M,Midfielder,20,226,0,0,0,2,0,0,0.0,0.0670378655195236,0.0
2024-2025,Iyenoma Destiny Udogie,Tottenham,D,Defender,25,1949,0,1,5,16,2,0,0.3497059941291809,1.2607239335775375,0.3497059941291809
2024-2025,Konstantinos Tsimikas,Liverpool,D,Defender,18,819,0,1,4,16,2,0,0.5641818605363369,2.597917679697275,0.5641818605363369
2024-2025,Guglielmo Vicario,Tottenham,GK,Goalkeeper,24,2160,0,0,0,0,1,0,0.0,0.0,0.0
2024-2025,Conor Townsend,Ipswich,D,Defender,6,326,0,1,1,4,1,0,0.0434189923107624,0.8038922008126974,0.0434189923107624
2024-2025,Antonee Robinson,Fulham,D,Defender,36,3166,0,10,16,43,9,0,1.0538900159299374,4.40445202216506,1.0538900159299374
2024-2025,Rúben Dias,Manchester City,D,Defender,27,2262,0,0,21,5,4,0,1.335742843337357,0.2133867554366588,1.335742843337357
2024-2025,Vladimir Coufal,West Ham,D,Defender,22,1052,0,0,7,8,5,0,0.3236212413758039,0.5783606953918934,0.3236212413758039
2024-2025,Malo Gusto,Chelsea,D,Defender,32,1838,0,1,22,22,4,0,1.5562147982418535,1.343290576711297,1.5562147982418535
2024-2025,Robert Sánchez,Chelsea,GK,Goalkeeper,32,2880,0,0,0,1,5,0,0.0,0.0161880310624837,0.0
2024-2025,Radu Dragusin,Tottenham,D,Defender,16,1264,0,0,5,4,1,0,0.1772594656795263,0.5174331180751324,0.1772594656795263
2024-2025,Christian Walton,Ipswich,GK,Goalkeeper,7,630,0,0,0,1,0,0,0.0,0.0168508626520633,0.0
2024-2025,Filip Jorgensen,Chelsea,GK,Goalkeeper,6,540,0,0,0,0,0,0,0.0,0.0,0.0
2024-2025,Jakub Moder,Brighton,S,Midfielder,4,4,0,0,0,3,0,0,0.0,0.2036565337330103,0.0
2024-2025,Dane Scarlett,Tottenham,S,Midfielder,3,25,0,1,1,1,0,0,0.2694910168647766,0.0761205926537513,0.2694910168647766
2024-2025,Valentino Livramento,Newcastle,D,Defender,37,2848,0,1,6,25,1,0,0.3249886427074671,3.147453512996435,0.3249886427074671
2024-2025,Tim Iroegbunam,Everton,M,Midfielder,18,533,0,1,5,3,4,0,0.2085244953632354,0.1753694489598274,0.2085244953632354
2024-2025,David Raya,Arsenal,GK,Goalkeeper,38,3420,0,0,0,1,3,0,0.0,0.0936360284686088,0.0
2024-2025,Kristoffer Ajer,Brentford,D,Defender,24,1450,0,0,9,9,5,0,1.142456667497754,1.4724152060225606,1.142456667497754
2024-2025,Rico Henry,Brentford,S,Midfielder,5,80,0,0,0,0,0,0,0.0,0.0,0.0
2024-2025,Frank Onyeka,Brentford,S,Midfielder,2,18,0,0,0,0,0,0,0.0,0.0,0.0
2024-2025,Mads Roerslev,Brentford,D,Defender,19,1079,0,2,5,14,2,0,0.2219500774517655,2.790492530912161,0.2219500774517655
2024-2025,Armel Bella Kotchap,Southampton,D,Defender,4,331,0,0,1,0,0,0,0.2672498822212219,0.0,0.2672498822212219
2024-2025,Kiernan Dewsbury-Hall,Chelsea,M,Midfielder,13,234,0,1,1,3,0,0,0.0894354954361915,0.8056687042117119,0.0894354954361915
2024-2025,José Sá,Wolverhampton,GK,Goalkeeper,29,2610,0,0,0,3,2,0,0.0,0.0653070900589227,0.0
2024-2025,Jesper Lindstrom,Everton,M,Midfielder,25,1279,0,1,28,19,2,0,2.0184412728995085,2.881908133625984,2.0184412728995085
2024-2025,Yerson Mosquera,Wolverhampton,D,Defender,5,448,0,0,2,2,2,0,0.4660062603652477,0.094501007348299,0.4660062603652477
2024-2025,Romeo Lavia,Chelsea,M,Midfielder,16,830,0,1,2,7,4,0,0.146451324224472,0.7232360076159239,0.146451324224472
2024-2025,Lamare Bogarde,Aston Villa,D,Defender,8,478,0,0,1,2,2,0,0.0650692656636238,0.1753242537379264,0.0650692656636238
2024-2025,Jeremy Sarmiento,Brighton,S,Midfielder,1,4,0,0,0,0,0,0,0.0,0.0,0.0
2024-2025,Micky van de Ven,Tottenham,D,Defender,13,1031,0,2,6,2,4,0,0.7710057385265827,1.1784075498580933,0.7710057385265827
2024-2025,Paris Maghoma,Brentford,S,Midfielder,8,89,0,0,1,1,0,0,0.0355504304170608,0.1064981892704963,0.0355504304170608
2024-2025,Samuel Edozie,Southampton,S,Midfielder,2,57,0,0,0,1,1,0,0.0,0.0817131176590919,0.0
2024-2025,Conor Bradley,Liverpool,D,Defender,19,736,0,2,10,7,4,0,1.1355030871927738,1.9162586014717813,1.1355030871927738
2024-2025,Archie Gray,Tottenham,D,Defender,28,1729,0,0,1,3,1,0,0.0294456556439399,0.1526386328041553,0.0294456556439399
2024-2025,Jarell Quansah,Liverpool,D,Defender,13,478,0,0,1,2,2,0,0.0915264189243316,0.1051452979445457,0.0915264189243316
2024-2025,Lewis Hall,Newcastle,D,Defender,27,2200,0,4,11,33,3,0,0.5363848507404327,3.951083693653345,0.5363848507404327
2024-2025,Nathan Patterson,Everton,D,Defender,10,332,0,1,1,4,1,0,0.0711022391915321,0.4205229729413986,0.0711022391915321
2024-2025,Toti,Wolverhampton,D,Defender,31,2622,0,1,7,9,7,0,0.9773350562900304,0.9932401478290558,0.9773350562900304
2024-2025,Chiquinho,Wolverhampton,S,Midfielder,1,5,0,0,0,1,0,0,0.0,0.0162079948931932,0.0
2024-2025,Leny Yoro,Manchester United,D,Defender,21,1152,0,0,5,2,5,0,1.1257849335670471,0.0538205839693546,1.1257849335670471
2024-2025,Noussair Mazraoui,Manchester United,D,Defender,37,2881,0,1,13,20,3,0,0.814534755423665,1.5644007651135323,0.814534755423665
2024-2025,Ryan Gravenberch,Liverpool,M,Midfielder,37,3199,0,4,20,26,6,1,1.3318934980779886,2.415423891507089,1.3318934980779886
2024-2025,Jay Stansfield,Fulham,S,Midfielder,1,1,0,0,0,0,0,0,0.0,0.0,0.0
2024-2025,Sepp van den Berg,Brentford,D,Defender,31,2602,0,0,20,7,3,0,2.1477734111249447,1.029765497893095,2.1477734111249447
2024-2025,James Hill,Bournemouth,D,Defender,10,458,0,1,6,3,1,0,0.1945150233805179,0.3440760616213083,0.1945150233805179
2024-2025,Harry Toffolo,Nottingham Forest,D,Defender,4,122,0,0,1,0,1,0,0.0225998293608427,0.0,0.0225998293608427
2024-2025,Tyrell Malacia,Manchester United,D,Defender,3,102,0,0,0,1,1,0,0.0,0.0620109774172306,0.0
2024-2025,Marcos Senesi,Bournemouth,D,Defender,17,1117,0,0,2,5,5,0,0.6511894948780537,0.2382868472486734,0.6511894948780537
2024-2025,André Onana,Manchester United,GK,Goalkeeper,34,3060,0,0,0,1,0,0,0.0,0.3146860003471374,0.0
2024-2025,Santiago Bueno,Wolverhampton,D,Defender,29,1672,0,0,6,0,2,0,0.3284060172736645,0.0,0.3284060172736645
2024-2025,Antony,Manchester United,S,Midfielder,8,119,0,0,6,3,0,0,0.6254736389964819,0.2294500740244984,0.6254736389964819
2024-2025,Ryan Trevitt,Brentford,S,Midfielder,1,1,0,0,0,0,0,0,0.0,0.0,0.0
2024-2025,Martial Godo,Fulham,S,Midfielder,2,16,0,0,0,1,0,0,0.0,0.0834133774042129,0.0
2024-2025,Chadi Riad,Crystal Palace,D,Defender,1,90,0,0,0,0,0,0,0.0,0.0,0.0
2024-2025,Kobbie Mainoo,Manchester United,F,Forward,25,1660,0,0,15,14,5,0,0.7448182795196772,2.04548772983253,0.7448182795196772
2024-2025,Divin Mubama,Manchester City,S,Midfielder,1,26,0,0,1,0,0,0,0.0625510141253471,0.0,0.0625510141253471
2024-2025,Nathan Butler-Oyedeji,Arsenal,S,Midfielder,1,1,0,0,1,0,0,0,0.0947556942701339,0.0,0.0947556942701339
2024-2025,Michael Kayode,Brentford,D,Defender,12,527,0,1,2,8,2,0,0.1810818612575531,0.98140287399292,0.1810818612575531
2024-2025,Mykhailo Mudryk,Chelsea,M,Midfielder,7,133,0,0,1,2,0,0,0.1225307434797287,1.0799011290073397,0.1225307434797287
2024-2025,Danilo,Nottingham Forest,M,Midfielder,8,275,0,0,0,0,0,0,0.0,0.0,0.0
2024-2025,James Bree,Southampton,D,Defender,17,1077,0,1,4,9,0,0,0.1093538105487823,1.0717255100607872,0.1093538105487823
2024-2025,Daniel Bentley,Wolverhampton,GK,Goalkeeper,2,180,0,0,0,0,0,0,0.0,0.0,0.0
2024-2025,Victor Kristiansen,Leicester,D,Defender,30,2510,0,1,3,18,1,0,0.1595502030104398,1.6646690927445889,0.1595502030104398
2024-2025,Renato Veiga,Chelsea,M,Midfielder,7,143,0,0,3,0,2,0,0.1354483440518379,0.0,0.1354483440518379
2024-2025,Kaelan Casey,West Ham,S,Midfielder,1,1,0,0,0,0,0,0,0.0,0.0,0.0
2024-2025,Illia Zabarnyi,Bournemouth,D,Defender,36,3116,0,1,12,12,4,1,1.3495636964216828,0.9619763027876616,1.3495636964216828
2024-2025,Samuel Amo-Ameyaw,Southampton,S,Midfielder,2,21,0,0,1,1,1,0,0.0327474772930145,0.0393431074917316,0.0327474772930145
2024-2025,Marc Guiu,Chelsea,S,Midfielder,3,60,0,0,0,1,0,0,0.0,0.0404958091676235,0.0
2024-2025,Bart Verbruggen,Brighton,GK,Goalkeeper,36,3240,0,1,0,1,5,0,0.0,0.0531018786132335,0.0
2024-2025,Chiedozie Ogbene,Ipswich,M,Midfielder,5,237,0,0,0,2,0,0,0.0,0.0733897127211093,0.0
2024-2025,Julián Araujo,Bournemouth,D,Defender,12,496,0,0,0,1,2,0,0.0,0.0628243163228035,0.0
2024-2025,Abduqodir Khusanov,Manchester City,D,Defender,6,506,0,0,1,2,1,0,0.015545766800642,0.105730659328401,0.015545766800642
2024-2025,Yehor Yarmolyuk,Brentford,M,Midfielder,31,1416,0,0,9,9,6,0,0.7878594100475311,1.025589969009161,0.7878594100475311
2024-2025,Ben Brereton Díaz,Southampton,F,Forward,10,438,0,0,11,3,1,0,1.3112603276968002,0.1556207612156868,1.3112603276968002
2024-2025,Oscar Bobb,Manchester City,S,Midfielder,3,9,0,0,0,1,0,0,0.0,0.0901587530970573,0.0
2024-2025,Edson Álvarez,West Ham,D,Defender,28,1772,0,1,12,12,7,1,0.319299204275012,0.7971771331503987,0.319299204275012
2024-2025,Patrick Dorgu,Manchester United,D,Defender,12,843,0,0,10,11,3,1,0.3947257157415151,0.9689584393054248,0.3947257157415151
2024-2025,Youssef Chermiti,Everton,S,Midfielder,4,33,0,0,3,0,1,0,0.1710504256188869,0.0,0.1710504256188869
2024-2025,Altay Bayindir,Manchester United,GK,Goalkeeper,4,360,0,0,0,0,0,0,0.0,0.0,0.0
2024-2025,Kim Ji-Soo,Brentford,S,Midfielder,3,19,0,0,0,0,0,0,0.0,0.0,0.0
2024-2025,Alex Scott,Bournemouth,M,Midfielder,20,764,0,0,15,12,3,0,0.7000175742432475,1.2158988821320236,0.7000175742432475
2024-2025,Alfie Dorrington,Tottenham,S,Midfielder,1,9,0,0,0,0,0,0,0.0,0.0,0.0
2024-2025,Tom King,Wolverhampton,S,Midfielder,1,1,0,0,0,0,0,0,0.0,0.0,0.0
2024-2025,Lewis Orford,West Ham,S,Midfielder,2,43,0,0,1,1,0,0,0.0156571604311466,0.0269074831157922,0.0156571604311466
2024-2025,Oliver Scarles,West Ham,D,Defender,15,644,0,0,3,3,1,0,0.1373369004577398,0.1161051169037818,0.1373369004577398
2024-2025,Adam Wharton,Crystal Palace,M,Midfielder,20,1337,0,2,13,26,2,0,0.3357602218165993,3.3524712435901165,0.3357602218165993
2024-2025,Joshua King,Fulham,M,Midfielder,8,115,0,0,3,3,0,0,0.5880258642137051,0.7531819939613342,0.5880258642137051
2024-2025,Jayden Danns,Liverpool,S,Midfielder,1,3,0,0,0,0,0,0,0.0,0.0,0.0
2024-2025,Toby Collyer,Manchester United,S,Midfielder,6,159,0,0,1,2,0,0,0.0509475357830524,0.1618404779583215,0.0509475357830524
2024-2025,Josh Acheampong,Chelsea,D,Defender,4,172,0,0,2,0,1,0,0.168215662240982,0.0,0.168215662240982
2024-2025,Harry Amass,Manchester United,D,Defender,5,347,0,0,3,1,0,0,0.0897043105214834,0.0491649769246578,0.0897043105214834
2024-2025,Hákon Valdimarsson,Brentford,GK,Goalkeeper,2,145,0,0,0,0,0,0,0.0,0.0,0.0
2024-2025,Mikey Moore,Tottenham,F,Forward,10,351,0,1,3,3,0,0,0.1638267338275909,0.6736010685563087,0.1638267338275909
2024-2025,Yunus Konak,Brentford,S,Midfielder,10,25,0,0,1,0,0,0,0.1090388596057891,0.0,0.1090388596057891
2024-2025,Luke Woolfenden,Ipswich,D,Defender,15,1170,0,0,1,0,2,0,0.0580514557659626,0.0,0.0580514557659626
2024-2025,Massimo Luongo,Ipswich,M,Midfielder,11,185,0,0,0,0,0,0,0.0,0.0,0.0
2024-2025,Wes Burns,Ipswich,M,Midfielder,18,962,0,1,7,10,1,0,0.4133827127516269,2.204632848501205,0.4133827127516269
2024-2025,Ali Al-Hamadi,Ipswich,S,Midfielder,11,98,0,0,4,2,3,0,0.5323996320366859,0.0784954708069562,0.5323996320366859
2024-2025,Marcus Harness,Ipswich,S,Midfielder,2,37,0,0,0,0,0,0,0.0,0.0,0.0
2024-2025,Cameron Burgess,Ipswich,D,Defender,18,1538,0,2,10,7,0,0,0.9312757514417171,0.376679259352386,0.9312757514417171
2024-2025,Harrison Armstrong,Everton,S,Midfielder,3,41,0,0,1,1,1,0,0.2571773827075958,0.0711022391915321,0.2571773827075958
2024-2025,Joe Lumley,Southampton,GK,Goalkeeper,3,270,0,0,0,0,0,0,0.0,0.0,0.0
2024-2025,Nathan Wood,Southampton,D,Defender,11,780,0,0,2,1,2,0,0.2937855720520019,0.0214793030172586,0.2937855720520019
2024-2025,Eric da Silva Moreira,Nottingham Forest,S,Midfielder,2,27,0,0,0,0,0,0,0.0,0.0,0.0
2024-2025,Andy Irving,West Ham,M,Midfielder,10,142,0,0,4,1,2,0,0.1081755189225077,0.2821362912654876,0.1081755189225077
2024-2025,Kosta Nedeljkovic,Aston Villa,S,Midfielder,5,109,0,0,0,0,0,0,0.0,0.0,0.0
2024-2025,Woyo Coulibaly,Leicester,D,Defender,4,107,0,0,2,0,1,0,0.0745922476053237,0.0,0.0745922476053237
2024-2025,Mathis Amougou,Chelsea,S,Midfielder,1,5,0,0,0,0,0,0,0.0,0.0,0.0
2024-2025,Albert Grønbæk,Southampton,F,Forward,4,150,0,0,2,1,0,0,0.0602192617952823,0.0312254857271909,0.0602192617952823
2024-2025,Mads Hermansen,Leicester,GK,Goalkeeper,27,2388,0,0,0,0,1,0,0.0,0.0,0.0
2024-2025,Abdul Fatawu,Leicester,D,Defender,11,571,0,2,13,6,0,0,0.466048689559102,1.4724965319037435,0.466048689559102
2024-2025,Lucas Bergvall,Tottenham,M,Midfielder,27,1187,0,1,11,11,3,0,0.6092278761789203,0.7203583419322968,0.6092278761789203
2024-2025,Roman Dixon,Everton,D,Defender,1,90,0,0,0,0,0,0,0.0,0.0,0.0
2024-2025,George Edmundson,Ipswich,S,Midfielder,1,1,0,0,0,0,0,0,0.0,0.0,0.0
2024-2025,Jack Clarke,Ipswich,M,Midfielder,32,1151,0,4,17,28,2,0,1.3016396705061195,2.666540065780282,1.3016396705061195
2024-2025,André,Wolverhampton,M,Midfielder,33,2538,0,0,10,18,7,0,0.2956870160996914,0.8052516058087349,0.2956870160996914
2024-2025,Luis Guilherme,West Ham,M,Midfielder,12,121,0,0,4,3,0,0,0.3657259922474623,0.1099593006074428,0.3657259922474623
2024-2025,Asher Agbinone,Crystal Palace,S,Midfielder,2,2,0,0,1,1,0,0,0.0151914963498711,0.0238666459918022,0.0151914963498711
2024-2025,Jayden Meghoma,Brentford,S,Midfielder,1,3,0,0,0,0,0,0,0.0,0.0,0.0
2024-2025,Morato,Nottingham Forest,D,Defender,26,852,0,0,2,0,5,0,0.1037580780684948,0.0,0.1037580780684948
2024-2025,Ayden Heaven,Manchester United,D,Defender,4,167,0,0,2,1,1,0,0.060109693557024,0.0120950564742088,0.060109693557024
2024-2025,Carlos Forbs,Wolverhampton,M,Midfielder,10,210,0,0,2,1,2,0,0.1455498486757278,0.0350774861872196,0.1455498486757278
2024-2025,Vítezslav Jaros,Liverpool,S,Midfielder,1,9,0,0,0,0,0,0,0.0,0.0,0.0
2024-2025,Alfie Pond,Wolverhampton,S,Midfielder,1,1,0,0,0,0,0,0,0.0,0.0,0.0
2024-2025,Will Lankshear,Tottenham,S,Midfielder,3,6,0,0,0,0,0,0,0.0,0.0,0.0
2024-2025,Caleb Kporha,Crystal Palace,S,Midfielder,2,5,0,0,0,0,0,0,0.0,0.0,0.0
2024-2025,Harry Clarke,Ipswich,D,Defender,7,378,0,0,1,1,1,1,0.0565143525600433,0.0654058307409286,0.0565143525600433
2024-2025,Ryan Manning,Southampton,D,Defender,24,1495,0,1,8,34,2,0,0.336783405393362,3.371531819924712,0.336783405393362
2024-2025,Pedro Lima,Wolverhampton,D,Defender,3,68,0,0,1,2,0,0,0.05142717435956,0.0718730613589286,0.05142717435956
2024-2025,Jahmai Simpson-Pusey,Manchester City,D,Defender,2,94,0,0,0,0,1,0,0.0,0.0,0.0
2024-2025,Thiago,Brentford,F,Forward,8,148,0,0,2,2,0,0,0.1094420123845338,0.1144553758203983,0.1094420123845338
2024-2025,Ronnie Edwards,Southampton,S,Midfielder,1,7,0,0,0,0,0,0,0.0,0.0,0.0
2024-2025,Ben Winterburn,Bournemouth,S,Midfielder,4,17,0,0,0,0,0,0,0.0,0.0,0.0
2024-2025,Jakub Stolarczyk,Leicester,GK,Goalkeeper,10,900,0,0,0,0,1,0,0.0,0.0,0.0
2024-2025,Will Alves,Leicester,S,Midfielder,1,1,0,0,0,0,0,0,0.0,0.0,0.0
2024-2025,Remy Rees-Dottin,Bournemouth,S,Midfielder,1,1,0,0,0,0,0,0,0.0,0.0,0.0
2024-2025,Antonín Kinsky,Tottenham,GK,Goalkeeper,6,540,0,0,0,1,0,0,0.0,0.2203462421894073,0.0
2024-2025,Zain Silcott-Duberry,Bournemouth,S,Midfielder,1,1,0,0,0,0,0,0,0.0,0.0,0.0
2024-2025,Vitor Reis,Manchester City,S,Midfielder,1,1,0,0,0,0,0,0,0.0,0.0,0.0
2024-2025,Andrés García,Aston Villa,D,Defender,7,325,0,0,2,3,0,0,0.0354386642575264,0.2688065897673368,0.0354386642575264
2024-2025,Welington,Southampton,D,Defender,10,481,0,0,3,3,1,0,0.0432555852457881,0.0715155974030494,0.0432555852457881
2024-2025,Eiran Cashin,Brighton,S,Midfielder,2,18,0,0,0,0,0,0,0.0,0.0,0.0
2024-2025,Nasser Djiga,Wolverhampton,D,Defender,5,65,0,0,0,0,0,0,0.0,0.0,0.0
2024-2025,Chido Obi-Martin,Manchester United,F,Forward,7,145,0,0,5,0,1,0,0.5575938895344734,0.0,0.5575938895344734
2024-2025,Tyler Fredricson,Manchester United,D,Defender,2,170,0,0,0,0,0,0,0.0,0.0,0.0
2024-2025,Julio Soler,Bournemouth,S,Midfielder,3,7,0,0,0,0,0,0,0.0,0.0,0.0
2024-2025,Shumaira Mheuka,Chelsea,S,Midfielder,1,1,0,0,1,0,0,0,0.0250541865825653,0.0,0.0250541865825653
2024-2025,Mateus Mané,Wolverhampton,S,Midfielder,1,1,0,0,0,0,0,0,0.0,0.0,0.0
2024-2025,Jeremy Monga,Leicester,S,Midfielder,7,77,0,0,3,1,0,0,0.2071486935019493,0.0185432843863964,0.2071486935019493
2024-2025,Jay Robinson,Southampton,M,Midfielder,4,122,0,0,1,3,0,0,0.0555344186723232,0.6817478071898222,0.0555344186723232
2024-2025,Harry Howell,Brighton,S,Midfielder,1,4,0,0,0,0,0,0,0.0,0.0,0.0
2024-2025,Jake Evans,Leicester,S,Midfielder,4,12,0,0,0,0,0,0,0.0,0.0,0.0
2024-2025,Olabade Aluko,Leicester,S,Midfielder,1,1,0,0,0,0,0,0,0.0,0.0,0.0
2024-2025,Gustavo Nunes,Brentford,S,Midfielder,3,8,0,0,0,0,0,0,0.0,0.0,0.0
2024-2025,Michael Golding,Leicester,S,Midfielder,1,1,0,0,0,0,0,0,0.0,0.0,0.0
2024-2025,Joachim Kayi-Sanda,Southampton,S,Midfielder,2,9,0,0,0,0,0,0,0.0,0.0,0.0
2024-2025,Claudio Echeverri,Manchester City,S,Midfielder,1,4,0,0,0,0,0,0,0.0,0.0,0.0
