Season,Player,Club,Position,Minutes,Goals,Assists,YellowCards,RedCards,CleanSheets,Threat,Creativity,Influence
2016-17,David Ospina,Arsenal,Goalkeeper,143,0,0,0,0,0,0.0,0.0,28.8
2016-17,Petr Cech,Arsenal,Goalkeeper,3097,0,0,2,0,12,0.0,0.1,819.8
2016-17,Laurent Koscielny,Arsenal,Defender,2821,2,1,4,1,10,239.0,53.9,831.2
2016-17,Per Mertesacker,Arsenal,Defender,38,0,0,0,0,0,0.0,0.1,17.8
2016-17,Gabriel Armando de Abreu,Arsenal,Defender,1517,0,0,6,0,5,119.0,84.5,295.8
2016-17,Héctor Bellerín,Arsenal,Defender,2503,1,5,4,0,10,395.0,508.3,437.6
2016-17,Kieran Gibbs,Arsenal,Defender,702,0,1,3,0,6,117.0,171.4,142.4
2016-17,Mathieu Debuchy,Arsenal,Defender,15,0,0,0,0,0,0.0,1.4,1.0
2016-17,Carl Jenkinson,Arsenal,Defender,82,0,0,0,0,0,0.0,2.0,19.4
2016-17,Nacho Monreal,Arsenal,Defender,3153,0,3,5,0,11,220.0,280.3,554.0
2016-17,Calum Chambers,Middlesbrough,Defender,2250,2,1,4,0,7,80.0,107.0,692.2
2016-17,Alexis Sánchez,Arsenal,Midfielder,3217,24,11,6,0,13,1896.0,1278.3,1357.8
2016-17,Theo Walcott,Arsenal,Midfielder,1916,10,3,1,0,8,1023.0,280.5,541.8
2016-17,Mesut Özil,Arsenal,Midfielder,2841,8,11,2,0,12,734.0,1649.3,834.4
2016-17,Santiago Cazorla,Arsenal,Midfielder,618,2,2,2,0,4,89.0,221.7,198.2
2016-17,Aaron Ramsey,Arsenal,Midfielder,1236,1,4,3,0,4,496.0,361.2,257.2
2016-17,Jack Wilshere,Bournemouth,Midfielder,1950,0,3,4,0,5,321.0,544.4,308.4
2016-17,Alex Oxlade-Chamberlain,Arsenal,Midfielder,1564,2,7,1,0,4,416.0,519.9,435.4
2016-17,Serge Gnabry,Arsenal,Midfielder,0,0,0,0,0,0,0.0,0.0,0.0
2016-17,Francis Coquelin,Arsenal,Midfielder,1779,0,1,5,0,5,117.0,314.1,291.6
2016-17,Alex Iwobi,Arsenal,Midfielder,1456,3,5,1,0,9,592.0,467.8,326.4
2016-17,Mohamed Elneny,Arsenal,Midfielder,694,0,1,1,0,3,116.0,108.6,89.0
2016-17,Joel Campbell,Arsenal,Midfielder,0,0,0,0,0,0,0.0,0.0,0.0
2016-17,Granit Xhaka,Arsenal,Midfielder,2483,2,3,5,2,10,193.0,626.2,488.8
2016-17,Olivier Giroud,Arsenal,Forward,1206,12,5,2,0,4,797.0,275.1,522.6
2016-17,Danny Welbeck,Arsenal,Forward,748,2,2,0,0,3,321.0,89.9,144.8
2016-17,Yaya Sanogo,Arsenal,Forward,0,0,0,0,0,0,0.0,0.0,0.0
2016-17,Takuma Asano,Arsenal,Forward,0,0,0,0,0,0,0.0,0.0,0.0
2016-17,Artur Boruc,Bournemouth,Goalkeeper,3150,0,0,2,0,9,0.0,10.0,815.4
2016-17,Adam Federici,Bournemouth,Goalkeeper,180,0,0,1,0,1,0.0,0.0,34.4
2016-17,Simon Francis,Bournemouth,Defender,2938,0,1,4,1,10,130.0,291.2,748.2
2016-17,Steve Cook,Bournemouth,Defender,3420,2,0,5,0,10,391.0,66.2,1123.0
2016-17,Charlie Daniels,Bournemouth,Defender,3060,4,3,1,0,10,302.0,528.3,698.2
2016-17,Adam Smith,Bournemouth,Defender,3101,1,5,6,0,8,242.0,509.8,566.6
2016-17,Tyrone Mings,Bournemouth,Defender,506,0,0,0,0,0,45.0,18.3,125.4
2016-17,Nathan Aké,Chelsea,Defender,834,3,1,1,0,3,147.0,55.5,373.2
2016-17,Harry Arter,Bournemouth,Midfielder,2956,1,4,11,1,9,343.0,533.0,482.0
2016-17,Marc Pugh,Bournemouth,Midfielder,1329,2,3,1,0,5,290.0,304.6,238.6
2016-17,Andrew Surman,Bournemouth,Midfielder,1800,0,1,1,1,4,90.0,223.8,256.8
2016-17,Eunan O'Kane,Bournemouth,Midfielder,0,0,0,0,0,0,0.0,0.0,0.0
2016-17,Shaun MacDonald,Bournemouth,Midfielder,0,0,0,0,0,0,0.0,0.0,0.0
2016-17,Junior Stanislas,Bournemouth,Midfielder,1467,7,6,1,0,4,418.0,406.9,454.6
2016-17,Dan Gosling,Bournemouth,Midfielder,1366,2,0,6,0,4,168.0,181.7,254.0
2016-17,Max Gradel,Bournemouth,Midfielder,134,0,0,3,0,0,70.0,18.2,24.6
2016-17,Emerson Hyndman,Bournemouth,Midfielder,0,0,0,0,0,0,0.0,0.0,0.0
2016-17,Jordon Ibe,Bournemouth,Midfielder,1055,0,0,0,0,3,235.0,268.3,113.0
2016-17,Lewis Cook,Bournemouth,Midfielder,432,0,2,1,0,1,28.0,89.8,100.8
2016-17,Joshua King,Bournemouth,Midfielder,2714,16,3,1,0,9,1007.0,474.6,835.2
2016-17,Callum Wilson,Bournemouth,Forward,1361,6,1,0,0,6,487.0,125.7,229.0
2016-17,Tokelo Rantie,Bournemouth,Forward,0,0,0,0,0,0,0.0,0.0,0.0
2016-17,Lewis Grabban,Bournemouth,Forward,60,0,1,0,0,0,17.0,11.8,24.2
2016-17,Benik Afobe,Bournemouth,Forward,1458,6,5,1,0,5,639.0,320.7,350.0
2016-17,Lys Mousset,Bournemouth,Forward,270,0,1,0,0,1,109.0,39.6,27.8
2016-17,Tom Heaton,Burnley,Goalkeeper,3150,0,0,1,0,10,0.0,30.3,1001.6
2016-17,Matthew Lowton,Burnley,Defender,3240,0,2,9,0,9,80.0,491.5,770.6
2016-17,Ben Mee,Burnley,Defender,3015,1,2,5,0,9,281.0,93.7,890.0
2016-17,Stephen Ward,Burnley,Defender,3230,1,1,5,0,8,128.0,409.9,644.6
2016-17,Michael Keane,Burnley,Defender,3150,2,1,4,0,10,557.0,96.7,930.8
2016-17,James Tarkowski,Burnley,Defender,568,0,0,1,0,1,81.0,53.4,146.2
2016-17,Tendayi Darikwa,Burnley,Defender,0,0,0,0,0,0,0.0,0.0,0.0
2016-17,David Jones,Burnley,Midfielder,86,0,0,1,0,0,2.0,11.7,0.0
2016-17,George Boyd,Burnley,Midfielder,2837,2,2,3,0,9,376.0,268.4,330.6
2016-17,Scott Arfield,Burnley,Midfielder,2103,1,2,3,0,6,393.0,556.5,210.2
2016-17,Dean Marney,Burnley,Midfielder,1764,1,2,7,0,5,73.0,88.7,244.4
2016-17,Fredrik Ulvestad,Burnley,Midfielder,0,0,0,0,0,0,0.0,0.0,0.0
2016-17,Michael Kightly,Burnley,Midfielder,104,0,0,0,0,0,4.0,9.3,2.8
2016-17,Sam Vokes,Burnley,Forward,2064,10,4,0,0,5,907.0,248.1,500.0
2016-17,Andre Gray,Burnley,Forward,2260,9,3,2,0,8,648.0,320.2,415.6
2016-17,Lukas Jutkiewicz,Burnley,Forward,13,0,0,0,0,0,2.0,1.0,0.4
2016-17,Ashley Barnes,Burnley,Forward,1774,6,3,6,1,6,663.0,277.1,328.8
2016-17,Rouwen Hennings,Burnley,Forward,0,0,0,0,0,0,0.0,0.0,0.0
2016-17,Chris Long,Burnley,Forward,0,0,0,0,0,0,0.0,0.0,0.0
2016-17,Thibaut Courtois,Chelsea,Goalkeeper,3240,0,0,1,0,16,0.0,0.0,517.6
2016-17,Asmir Begovic,Chelsea,Goalkeeper,180,0,0,0,0,0,0.0,0.0,13.2
2016-17,John Terry,Chelsea,Defender,496,1,0,1,0,1,104.0,24.3,104.6
2016-17,Branislav Ivanovic,Chelsea,Defender,589,0,1,2,0,1,112.0,69.4,114.6
2016-17,César Azpilicueta,Chelsea,Defender,3420,1,5,4,0,16,150.0,422.8,792.8
2016-17,Gary Cahill,Chelsea,Defender,3296,6,0,5,0,17,400.0,100.8,831.6
2016-17,Kurt Zouma,Chelsea,Defender,250,0,1,0,0,0,4.0,13.5,60.6
2016-17,Abdul Rahman Baba,Chelsea,Defender,0,0,0,0,0,0,0.0,0.0,0.0
2016-17,Matt Miazga,Chelsea,Defender,0,0,0,0,0,0,0.0,0.0,0.0
2016-17,Eden Hazard,Chelsea,Midfielder,2985,16,9,3,0,17,1162.0,1306.8,1044.6
2016-17,Cesc Fàbregas,Chelsea,Midfielder,1340,5,15,8,0,4,325.0,881.8,635.0
2016-17,Oscar dos Santos Emboaba Junior,Chelsea,Midfielder,455,0,1,1,0,1,128.0,197.4,97.4
2016-17,Juan Cuadrado,Chelsea,Midfielder,0,0,0,0,0,0,0.0,0.0,0.0
2016-17,Willian Borges Da Silva,Chelsea,Midfielder,1534,8,3,3,0,6,522.0,809.4,491.4
2016-17,Nemanja Matic,Chelsea,Midfielder,2694,1,8,4,0,15,279.0,447.1,546.8
2016-17,Ruben Loftus-Cheek,Chelsea,Midfielder,35,0,0,0,0,0,25.0,3.9,3.8
2016-17,John Obi Mikel,Chelsea,Midfielder,0,0,0,0,0,0,0.0,0.0,0.0
2016-17,Pedro Rodríguez Ledesma,Chelsea,Midfielder,2140,9,10,6,0,15,669.0,697.9,639.0
2016-17,Bertrand Traore,Chelsea,Midfielder,0,0,0,0,0,0,0.0,0.0,0.0
2016-17,Victor Moses,Chelsea,Midfielder,2485,3,3,4,0,17,683.0,456.2,528.6
2016-17,Marco Van Ginkel,Chelsea,Midfielder,0,0,0,0,0,0,0.0,0.0,0.0
2016-17,Robert Kenedy Nunes do Nascimento,Chelsea,Midfielder,90,0,0,0,0,0,46.0,11.8,1.8
2016-17,N'Golo Kanté,Chelsea,Midfielder,3138,1,1,9,0,13,244.0,432.8,515.4
2016-17,Michy Batshuayi,Chelsea,Forward,254,5,1,0,0,0,277.0,40.9,193.2
2016-17,Diego Da Silva Costa,Chelsea,Forward,3083,20,11,10,0,14,1891.0,687.9,982.6
2016-17,Loïc Remy,Crystal Palace,Forward,134,0,0,0,0,1,60.0,26.9,20.0
2016-17,Julian Speroni,Crystal Palace,Goalkeeper,0,0,0,0,0,0,0.0,0.0,0.0
2016-17,Wayne Hennessey,Crystal Palace,Goalkeeper,2610,0,0,1,0,7,0.0,31.1,600.4
2016-17,Alex McCarthy,Southampton,Goalkeeper,0,0,0,0,0,0,0.0,0.0,0.0
2016-17,Steve Mandanda,Crystal Palace,Goalkeeper,810,0,0,0,0,0,0.0,0.0,182.8
2016-17,James Tomkins,Crystal Palace,Defender,1974,3,0,4,0,6,213.0,35.7,471.0
2016-17,Scott Dann,Crystal Palace,Defender,1752,3,1,2,0,2,426.0,73.1,459.0
2016-17,Joel Ward,Crystal Palace,Defender,3417,0,1,7,0,7,129.0,263.7,608.2
2016-17,Martin Kelly,Crystal Palace,Defender,2124,0,2,4,0,2,61.0,125.1,421.8
2016-17,Damien Delaney,Crystal Palace,Defender,2014,0,2,8,0,3,67.0,79.6,496.6
2016-17,Pape Souaré,Crystal Palace,Defender,270,0,0,0,0,0,9.0,33.5,53.6
2016-17,Yannick Bolasie,Everton,Midfielder,1048,1,4,3,0,3,252.0,326.7,238.0
2016-17,Jason Puncheon,Crystal Palace,Midfielder,3093,0,6,9,0,7,448.0,941.8,500.2
2016-17,Wilfried Zaha,Crystal Palace,Midfielder,3019,7,11,8,0,7,865.0,606.4,740.4
2016-17,Mile Jedinak,Crystal Palace,Midfielder,90,0,0,0,0,0,0.0,31.2,11.8
2016-17,Joe Ledley,Crystal Palace,Midfielder,1160,1,1,1,0,2,48.0,109.9,158.2
2016-17,James McArthur,Crystal Palace,Midfielder,1999,5,3,5,0,3,300.0,284.5,400.4
2016-17,Jordon Mutch,Crystal Palace,Midfielder,53,0,0,0,0,0,0.0,14.1,15.6
2016-17,Jonathan Williams,Crystal Palace,Midfielder,0,0,0,0,0,0,0.0,0.0,0.0
2016-17,Chung-yong Lee,Crystal Palace,Midfielder,471,0,1,0,0,2,44.0,125.0,71.2
2016-17,Yohan Cabaye,Crystal Palace,Midfielder,2125,4,4,7,0,7,478.0,568.0,427.4
2016-17,Bakary Sako,Crystal Palace,Midfielder,142,0,0,0,0,0,32.0,31.6,21.8
2016-17,Andros Townsend,Crystal Palace,Midfielder,2520,3,7,4,0,7,511.0,852.4,552.4
2016-17,Fraizer Campbell,Crystal Palace,Forward,165,1,0,0,0,0,84.0,25.9,42.4
2016-17,Connor Wickham,Crystal Palace,Forward,412,2,0,1,0,0,132.0,36.2,87.6
2016-17,Joel Robles,Everton,Goalkeeper,1737,0,1,2,0,10,0.0,10.0,439.2
2016-17,Maarten Stekelenburg,Everton,Goalkeeper,1683,0,0,2,0,4,0.0,0.1,350.4
2016-17,Leighton Baines,Everton,Defender,2819,2,5,4,0,11,151.0,695.0,570.8
2016-17,Seamus Coleman,Everton,Defender,2316,4,4,3,0,10,297.0,308.9,596.0
2016-17,Phil Jagielka,Everton,Defender,2251,3,3,4,1,6,278.0,71.7,751.4
2016-17,John Stones,Man City,Defender,2014,0,0,1,0,4,174.0,78.0,441.4
2016-17,Brendan Galloway,Everton,Defender,247,0,0,0,0,1,25.0,18.4,33.0
2016-17,Tyias Browning,Everton,Defender,0,0,0,0,0,0,0.0,0.0,0.0
2016-17,Matthew Pennington,Everton,Defender,180,1,0,0,0,0,33.0,10.7,63.8
2016-17,Ramiro Funes Mori,Everton,Defender,1543,0,1,0,0,7,129.0,64.0,346.2
2016-17,Kevin Mirallas,Everton,Midfielder,2074,4,8,2,0,11,739.0,682.1,439.6
2016-17,Ross Barkley,Everton,Midfielder,2900,5,11,5,0,12,973.0,1237.6,692.4
2016-17,Tom Cleverley,Watford,Midfielder,1848,0,3,4,0,3,93.0,438.1,255.2
2016-17,James McCarthy,Everton,Midfielder,613,1,1,2,0,0,84.0,80.4,119.8
2016-17,Gareth Barry,Everton,Midfielder,2109,2,1,10,0,7,244.0,400.6,509.4
2016-17,Darron Gibson,Sunderland,Midfielder,640,0,0,4,0,1,16.0,51.5,72.4
2016-17,Muhamed Besic,Everton,Midfielder,0,0,0,0,0,0,0.0,0.0,0.0
2016-17,Bryan Oviedo,Sunderland,Midfielder,1323,0,0,4,0,3,37.0,155.4,250.6
2016-17,Gerard Deulofeu,Everton,Midfielder,460,0,0,1,0,0,115.0,150.8,54.6
2016-17,Aaron Lennon,Everton,Midfielder,509,0,1,0,0,2,54.0,93.4,78.0
2016-17,Romelu Lukaku,Everton,Forward,3266,25,6,3,0,13,1670.0,701.4,1171.6
2016-17,Arouna Koné,Everton,Forward,78,0,0,0,0,0,22.0,19.6,7.8
2016-17,Oumar Niasse,Hull,Forward,1096,4,1,3,1,2,417.0,163.0,205.8
2016-17,Allan McGregor,Hull,Goalkeeper,0,0,0,0,0,0,0.0,0.0,0.0
2016-17,Eldin Jakupovic,Hull,Goalkeeper,1980,0,0,0,0,5,4.0,0.3,554.2
2016-17,Brian Lenihan,Hull,Defender,0,0,0,0,0,0,0.0,0.0,0.0
2016-17,Curtis Davies,Hull,Defender,2135,0,2,4,0,1,128.0,33.0,644.6
2016-17,Michael Dawson,Hull,Defender,1722,3,0,4,0,1,236.0,46.3,573.6
2016-17,Moses Odubajo,Hull,Defender,0,0,0,0,0,0,0.0,0.0,0.0
2016-17,Andrew Robertson,Hull,Defender,2736,1,2,5,0,5,100.0,352.8,502.6
2016-17,Harry Maguire,Hull,Defender,2307,2,3,5,0,4,439.0,157.2,707.6
2016-17,Alex Bruce,Hull,Defender,0,0,0,0,0,0,0.0,0.0,0.0
2016-17,Robert Snodgrass,West Ham,Midfielder,2548,7,6,2,0,3,538.0,1050.1,550.2
2016-17,Sam Clucas,Hull,Midfielder,3186,3,1,9,1,5,405.0,344.2,482.2
2016-17,Jake Livermore,West Brom,Midfielder,2970,1,1,5,1,4,283.0,323.5,556.4
2016-17,Ahmed Elmohamady,Hull,Midfielder,2523,0,2,3,1,3,108.0,428.6,464.4
2016-17,Mohamed Diamé,Hull,Midfielder,0,0,0,0,0,0,0.0,0.0,0.0
2016-17,Tom Huddlestone,Hull,Midfielder,2025,1,2,5,1,4,130.0,300.3,344.4
2016-17,David Meyler,Hull,Midfielder,962,1,0,2,0,2,81.0,123.6,164.6
2016-17,Shaun Maloney,Hull,Midfielder,283,1,2,0,0,1,58.0,70.4,104.6
2016-17,Abel Hernández,Hull,Forward,1425,4,4,0,0,4,532.0,190.4,219.4
2016-17,Adama Diomande,Hull,Forward,1171,2,0,1,0,2,259.0,195.4,141.0
2016-17,Kasper Schmeichel,Leicester,Goalkeeper,2666,0,0,1,0,8,0.0,0.0,757.4
2016-17,Ron-Robert Zieler,Leicester,Goalkeeper,754,0,0,0,0,1,2.0,0.0,136.0
2016-17,Wes Morgan,Leicester,Defender,2430,1,1,3,0,5,284.0,48.4,480.0
2016-17,Christian Fuchs,Leicester,Defender,3103,2,4,10,0,8,152.0,536.4,802.0
2016-17,Jeffrey Schlupp,Crystal Palace,Defender,1139,0,2,0,0,3,65.0,100.4,214.2
2016-17,Marcin Wasilewski,Leicester,Defender,90,0,0,0,0,0,0.0,0.3,10.8
2016-17,Ritchie de Laet,Leicester,Defender,0,0,0,0,0,0,0.0,0.0,0.0
2016-17,Danny Simpson,Leicester,Defender,2988,0,3,12,0,9,50.0,199.0,531.2
2016-17,Robert Huth,Leicester,Defender,2926,2,2,9,0,9,477.0,69.4,701.0
2016-17,Yohan Benalouane,Leicester,Defender,917,0,0,4,0,4,54.0,22.0,158.2
2016-17,Luis Hernández,Leicester,Defender,327,0,0,1,0,0,0.0,62.0,57.6
2016-17,Riyad Mahrez,Leicester,Midfielder,2826,6,4,4,0,9,898.0,802.1,573.0
2016-17,Marc Albrighton,Leicester,Midfielder,2412,2,6,5,0,8,272.0,719.8,483.8
2016-17,Andy King,Leicester,Midfielder,1446,1,0,4,0,1,167.0,122.7,258.4
2016-17,Daniel Drinkwater,Leicester,Midfielder,2466,1,1,6,0,8,213.0,307.1,401.8
2016-17,Gökhan Inler,Leicester,Midfielder,0,0,0,0,0,0,0.0,0.0,0.0
2016-17,Demarai Gray,Leicester,Midfielder,1049,1,4,2,0,4,233.0,268.8,220.4
2016-17,Daniel Amartey,Leicester,Midfielder,1673,1,1,3,0,4,109.0,204.0,254.4
2016-17,Nampalys Mendy,Leicester,Midfielder,269,0,0,1,0,1,0.0,24.9,16.8
2016-17,Jamie Vardy,Leicester,Forward,2801,13,8,2,1,7,955.0,450.4,629.8
2016-17,Leonardo Ulloa,Leicester,Forward,447,1,0,0,0,2,262.0,55.7,60.8
2016-17,Shinji Okazaki,Leicester,Forward,1565,3,1,1,0,7,471.0,262.0,181.2
2016-17,Ahmed Musa,Leicester,Forward,761,2,0,1,0,1,232.0,120.8,132.6
2016-17,Simon Mignolet,Liverpool,Goalkeeper,2520,0,0,0,0,9,0.0,0.0,461.2
2016-17,Loris Karius,Liverpool,Goalkeeper,900,0,0,0,0,3,0.0,0.0,149.4
2016-17,Mamadou Sakho,Crystal Palace,Defender,686,0,0,0,0,4,40.0,48.7,143.4
2016-17,Dejan Lovren,Liverpool,Defender,2553,2,1,6,0,11,236.0,119.2,715.4
2016-17,Alberto Moreno,Liverpool,Defender,305,0,1,1,0,0,32.0,78.3,64.6
2016-17,Nathaniel Clyne,Liverpool,Defender,3323,0,2,0,0,12,294.0,716.5,512.0
2016-17,Jon Flanagan,Burnley,Defender,360,0,0,2,0,1,0.0,16.4,63.8
2016-17,Joseph Gomez,Liverpool,Defender,0,0,0,0,0,0,0.0,0.0,0.0
2016-17,Connor Randall,Liverpool,Defender,0,0,0,0,0,0,0.0,0.0,0.0
2016-17,Bradley Smith,Bournemouth,Defender,269,0,0,1,0,0,27.0,30.3,28.6
2016-17,Kevin Stewart,Liverpool,Defender,20,0,0,0,0,0,0.0,0.4,3.6
2016-17,Joel Matip,Liverpool,Defender,2457,1,0,3,0,9,348.0,143.3,588.6
2016-17,Leiva Lucas,Liverpool,Midfielder,1112,0,3,4,0,4,99.0,102.9,306.4
2016-17,Jordan Henderson,Liverpool,Midfielder,2116,1,4,8,0,7,93.0,554.3,507.4
2016-17,Joe Allen,Stoke,Midfielder,2930,6,3,9,0,10,675.0,539.8,576.8
2016-17,Philippe Coutinho,Liverpool,Midfielder,2228,13,8,2,0,8,1125.0,1081.8,860.0
2016-17,Emre Can,Liverpool,Midfielder,2371,5,2,6,0,9,500.0,544.5,512.2
2016-17,Adam Lallana,Liverpool,Midfielder,2338,8,7,3,0,9,825.0,693.0,679.4
2016-17,Lazar Markovic,Hull,Midfielder,1005,2,0,4,0,5,185.0,160.3,142.2
2016-17,Oluwaseyi Ojo,Liverpool,Midfielder,0,0,0,0,0,0,0.0,0.0,0.0
2016-17,James Milner,Liverpool,Midfielder,3154,7,4,5,0,12,493.0,937.0,919.0
2016-17,Roberto Firmino,Liverpool,Midfielder,3062,11,11,5,0,11,1569.0,1127.3,869.6
2016-17,Cameron Brannagan,Liverpool,Midfielder,0,0,0,0,0,0,0.0,0.0,0.0
2016-17,Pedro Chirivella,Liverpool,Midfielder,0,0,0,0,0,0,0.0,0.0,0.0
2016-17,Sadio Mané,Liverpool,Midfielder,2242,13,7,4,0,8,1074.0,660.7,727.0
2016-17,Christian Benteke,Crystal Palace,Forward,3131,15,2,10,0,7,1762.0,484.4,640.2
2016-17,Daniel Sturridge,Liverpool,Forward,775,3,5,1,0,3,492.0,207.4,202.8
2016-17,Mario Balotelli,Liverpool,Forward,0,0,0,0,0,0,0.0,0.0,0.0
2016-17,Danny Ings,Liverpool,Forward,0,0,0,0,0,0,0.0,0.0,0.0
2016-17,Divock Origi,Liverpool,Forward,1469,7,4,0,0,7,551.0,264.4,360.0
2016-17,Joe Hart,Man City,Goalkeeper,0,0,0,0,0,0,0.0,0.0,0.0
2016-17,Willy Caballero,Man City,Goalkeeper,1452,0,0,0,0,6,0.0,0.0,266.6
2016-17,Aleksandar Kolarov,Man City,Defender,2535,1,1,6,0,9,223.0,296.4,639.0
2016-17,Pablo Zabaleta,Man City,Defender,1065,1,1,2,0,2,113.0,167.7,238.6
2016-17,Vincent Kompany,Man City,Defender,820,3,0,5,0,5,123.0,32.9,249.0
2016-17,Gaël Clichy,Man City,Defender,2123,1,0,2,0,8,38.0,314.8,407.4
2016-17,Bacary Sagna,Man City,Defender,1346,0,1,2,0,6,53.0,152.1,223.2
2016-17,Eliaquim Mangala,Man City,Defender,0,0,0,0,0,0,0.0,0.0,0.0
2016-17,Nicolás Otamendi,Man City,Defender,2592,1,2,9,0,9,276.0,125.6,772.4
2016-17,Fabian Delph,Man City,Midfielder,224,1,0,1,0,0,43.0,42.3,68.2
2016-17,Raheem Sterling,Man City,Midfielder,2509,7,14,7,0,9,1170.0,688.3,527.0
2016-17,Samir Nasri,Man City,Midfielder,16,0,0,0,0,0,41.0,12.3,4.8
2016-17,David Silva,Man City,Midfielder,2760,4,9,6,0,12,801.0,1388.4,671.2
2016-17,Gnegneri Yaya Touré,Man City,Midfielder,1941,5,0,4,0,12,335.0,407.7,474.2
2016-17,Jesús Navas,Man City,Midfielder,1064,0,3,2,0,2,163.0,359.9,161.0
2016-17,Fernando Luiz Rosa,Man City,Midfielder,2755,2,1,4,2,10,364.0,575.7,546.6
2016-17,Fernando Francisco Reges,Man City,Midfielder,568,0,0,3,0,1,29.0,65.7,115.2
2016-17,Kevin De Bruyne,Man City,Midfielder,2877,6,21,4,0,11,790.0,1702.0,872.4
2016-17,Ilkay Gündogan,Man City,Midfielder,704,3,1,0,0,3,199.0,209.6,186.8
2016-17,Manuel Agudo Durán,Man City,Midfielder,777,4,3,3,1,3,411.0,238.4,210.0
2016-17,Oleksandr Zinchenko,Man City,Midfielder,0,0,0,0,0,0,0.0,0.0,0.0
2016-17,Sergio Agüero,Man City,Forward,2404,20,5,4,1,8,1853.0,518.2,871.8
2016-17,Wilfried Bony,Stoke,Forward,684,2,0,1,0,3,271.0,116.9,103.0
2016-17,Kelechi Iheanacho,Man City,Forward,537,4,3,0,0,1,463.0,193.7,224.0
2016-17,David de Gea,Man United,Goalkeeper,3150,0,0,2,0,14,0.0,10.0,542.4
2016-17,Sergio Romero,Man United,Goalkeeper,180,0,0,0,0,2,0.0,0.0,77.2
2016-17,Chris Smalling,Man United,Defender,1217,1,1,0,0,4,95.0,36.1,342.6
2016-17,Phil Jones,Man United,Defender,1584,0,0,2,0,5,89.0,35.2,437.8
2016-17,Guillermo Varela,Man United,Defender,0,0,0,0,0,0,0.0,0.0,0.0
2016-17,Luke Shaw,Man United,Defender,688,0,3,1,0,4,64.0,160.5,139.2
2016-17,Marcos Rojo,Man United,Defender,1663,1,0,5,0,8,147.0,71.0,446.4
2016-17,Patrick McNair,Sunderland,Defender,353,0,0,0,0,1,28.0,51.1,30.6
2016-17,Antonio Valencia,Man United,Defender,2483,1,3,5,0,12,243.0,614.8,547.2
2016-17,Matteo Darmian,Man United,Defender,1333,0,0,3,0,9,13.0,74.0,206.0
2016-17,Cameron Borthwick-Jackson,Man United,Defender,0,0,0,0,0,0,0.0,0.0,0.0
2016-17,Timothy Fosu-Mensah,Man United,Defender,97,0,0,0,0,1,8.0,2.9,12.8
2016-17,Daley Blind,Man United,Defender,1830,1,2,2,0,9,122.0,426.6,534.0
2016-17,Eric Bailly,Man United,Defender,2058,0,0,4,0,13,98.0,31.0,481.2
2016-17,Juan Mata,Man United,Midfielder,1614,6,3,3,0,10,598.0,747.5,457.6
2016-17,Marouane Fellaini,Man United,Midfielder,1604,1,0,8,1,10,333.0,281.9,299.0
2016-17,Memphis Depay,Man United,Midfielder,24,0,0,1,0,0,4.0,1.8,1.2
2016-17,Michael Carrick,Man United,Midfielder,1601,0,0,2,0,5,48.0,209.3,288.0
2016-17,Ashley Young,Man United,Midfielder,760,0,1,2,0,4,61.0,167.0,147.4
2016-17,Adnan Januzaj,Sunderland,Midfielder,1628,0,3,3,1,3,364.0,470.8,226.2
2016-17,Ander Herrera,Man United,Midfielder,2465,1,6,5,1,13,276.0,720.8,593.2
2016-17,Andreas Pereira,Man United,Midfielder,0,0,0,0,0,0,0.0,0.0,0.0
2016-17,Morgan Schneiderlin,Everton,Midfielder,1073,1,0,2,0,5,90.0,112.3,216.2
2016-17,Bastian Schweinsteiger,Man United,Midfielder,0,0,0,0,0,0,0.0,0.0,0.0
2016-17,Jesse Lingard,Man United,Midfielder,1360,1,3,3,0,7,439.0,522.3,229.4
2016-17,Anthony Martial,Man United,Midfielder,1553,4,6,2,0,9,579.0,399.1,382.8
2016-17,Henrikh Mkhitaryan,Man United,Midfielder,1348,4,1,1,0,10,427.0,512.2,325.8
2016-17,Wayne Rooney,Man United,Forward,1540,5,5,8,0,6,616.0,593.8,394.2
2016-17,James Wilson,Man United,Forward,0,0,0,0,0,0,0.0,0.0,0.0
2016-17,Marcus Rashford,Man United,Forward,1712,5,3,3,0,7,734.0,411.4,316.2
2016-17,Zlatan Ibrahimovic,Man United,Forward,2438,17,7,7,0,11,1694.0,775.0,807.8
2016-17,Dimitrios Konstantopoulos,Middlesbrough,Goalkeeper,0,0,0,0,0,0,0.0,0.0,0.0
2016-17,Víctor Valdés,Middlesbrough,Goalkeeper,2520,0,0,1,0,8,2.0,0.3,607.6
2016-17,Daniel Ayala,Middlesbrough,Defender,918,1,0,3,0,3,166.0,10.4,220.8
2016-17,George Friend,Middlesbrough,Defender,1964,0,3,4,0,4,213.0,169.1,436.0
2016-17,Dael Fry,Middlesbrough,Defender,0,0,0,0,0,0,0.0,0.0,0.0
2016-17,Ben Gibson,Middlesbrough,Defender,3420,1,1,4,0,11,248.0,55.7,818.4
2016-17,Emilio Nsue Lopez,Middlesbrough,Defender,320,0,0,0,0,1,38.0,31.9,47.6
2016-17,Bernardo Espinosa Zúñiga,Middlesbrough,Defender,975,0,0,2,0,4,39.0,10.0,224.8
2016-17,Albert Adomah,Middlesbrough,Midfielder,122,0,0,0,0,0,33.0,20.5,8.4
2016-17,Stewart Downing,Middlesbrough,Midfielder,2214,1,3,1,0,7,283.0,566.9,324.6
2016-17,Adam Clayton,Middlesbrough,Midfielder,2804,0,2,10,0,10,71.0,323.3,454.6
2016-17,Grant Leadbitter,Middlesbrough,Midfielder,710,1,0,1,0,3,88.0,139.9,93.4
2016-17,Adam Reach,Middlesbrough,Midfielder,0,0,0,0,0,0,0.0,0.0,0.0
2016-17,Adam Forshaw,Middlesbrough,Midfielder,2695,0,2,4,0,9,240.0,511.6,275.6
2016-17,Carlos De Pena,Middlesbrough,Midfielder,0,0,0,0,0,0,0.0,0.0,0.0
2016-17,Julien de Sart,Middlesbrough,Midfielder,0,0,0,0,0,0,0.0,0.0,0.0
2016-17,Viktor Fischer,Middlesbrough,Midfielder,438,0,3,0,0,1,165.0,121.7,82.6
2016-17,Marten de Roon,Middlesbrough,Midfielder,2773,4,1,8,0,8,390.0,245.8,370.6
2016-17,David Nugent,Middlesbrough,Forward,43,0,0,0,0,0,2.0,3.3,3.4
2016-17,Jordan Rhodes,Middlesbrough,Forward,211,0,0,0,0,0,104.0,28.0,21.6
2016-17,Cristhian Stuani,Middlesbrough,Forward,1355,4,0,4,0,4,430.0,132.4,224.0
2016-17,Fraser Forster,Southampton,Goalkeeper,3420,0,0,3,0,14,0.0,10.0,553.6
2016-17,Paulo Gazzaniga,Southampton,Goalkeeper,0,0,0,0,0,0,0.0,0.0,0.0
2016-17,Ryan Bertrand,Southampton,Defender,2507,2,5,3,0,12,255.0,442.4,517.4
2016-17,Jose Fonte,West Ham,Defender,2934,0,0,4,0,11,221.0,128.0,654.4
2016-17,Maya Yoshida,Southampton,Defender,2070,1,1,2,0,7,277.0,62.8,532.6
2016-17,Matt Targett,Southampton,Defender,373,0,0,0,0,1,12.0,87.9,64.6
2016-17,Florin Gardos,Southampton,Defender,0,0,0,0,0,0,0.0,0.0,0.0
2016-17,Cédric Soares,Southampton,Defender,2515,0,3,7,0,11,155.0,648.9,591.0
2016-17,Cuco Martina,Southampton,Defender,592,0,0,0,0,3,20.0,114.7,94.2
2016-17,Virgil van Dijk,Southampton,Defender,1852,1,0,3,1,7,232.0,81.1,546.2
2016-17,Nathan Redmond,Southampton,Midfielder,2898,7,1,2,1,12,1021.0,880.3,545.6
2016-17,Steven Davis,Southampton,Midfielder,2643,0,3,3,0,10,379.0,573.0,437.6
2016-17,James Ward-Prowse,Southampton,Midfielder,1883,4,4,4,0,9,448.0,729.1,427.4
2016-17,Harrison Reed,Southampton,Midfielder,64,0,0,0,0,0,0.0,1.4,11.0
2016-17,Dusan Tadic,Southampton,Midfielder,2411,3,7,4,0,13,819.0,1144.1,455.4
2016-17,Jordy Clasie,Southampton,Midfielder,1022,1,1,3,0,2,94.0,129.1,122.4
2016-17,Oriol Romeu Vidal,Southampton,Midfielder,3071,1,0,11,0,13,240.0,280.5,585.6
2016-17,Jay Rodriguez,Southampton,Midfielder,893,5,2,0,0,3,507.0,132.8,255.2
2016-17,Pierre-Emile Højbjerg,Southampton,Midfielder,1300,0,0,2,0,6,216.0,305.0,222.0
2016-17,Shane Long,Southampton,Forward,1262,3,2,2,0,2,584.0,231.6,201.6
2016-17,Charlie Austin,Southampton,Forward,934,6,1,1,0,6,573.0,134.3,274.2
2016-17,Shay Given,Stoke,Goalkeeper,450,0,0,1,0,0,0.0,0.0,144.8
2016-17,Jack Butland,Stoke,Goalkeeper,450,0,0,0,0,2,0.0,0.0,121.8
2016-17,Jakob Haugaard,Stoke,Goalkeeper,0,0,0,0,0,0,0.0,0.0,0.0
2016-17,Ryan Shawcross,Stoke,Defender,3150,1,2,6,0,9,395.0,65.3,732.2
2016-17,Marc Wilson,West Brom,Defender,255,0,0,3,0,0,5.0,34.5,63.0
2016-17,Geoff Cameron,Stoke,Defender,1629,0,1,1,0,6,174.0,165.0,354.4
2016-17,Erik Pieters,Stoke,Defender,3151,0,2,5,0,10,130.0,353.8,583.2
2016-17,Marc Muniesa,Stoke,Defender,650,1,0,2,0,3,50.0,59.7,172.4
2016-17,Phil Bardsley,Stoke,Defender,1168,0,0,4,1,3,51.0,146.7,155.0
2016-17,Philipp Wollscheid,Stoke,Defender,180,0,0,1,0,0,10.0,3.4,36.4
2016-17,Glen Johnson,Stoke,Defender,1957,0,0,1,0,6,101.0,176.1,350.0
2016-17,Dionatan do Nascimento Teixeira,Stoke,Defender,0,0,0,0,0,0,0.0,0.0,0.0
2016-17,Stephen Ireland,Stoke,Midfielder,0,0,0,0,0,0,0.0,0.0,0.0
2016-17,Charlie Adam,Stoke,Midfielder,1491,1,4,7,0,6,328.0,477.6,263.4
2016-17,Glenn Whelan,Stoke,Midfielder,2276,0,1,5,0,7,41.0,336.6,392.6
2016-17,Jonathan Walters,Stoke,Midfielder,1304,4,3,1,0,6,487.0,198.7,294.0
2016-17,Marko Arnautovic,Stoke,Midfielder,2713,6,7,9,1,9,861.0,768.7,530.4
2016-17,Ibrahim Afellay,Stoke,Midfielder,384,0,0,0,0,0,63.0,55.2,32.0
2016-17,Xherdan Shaqiri,Stoke,Midfielder,1699,4,2,2,0,8,453.0,672.9,293.6
2016-17,Giannelli Imbula,Stoke,Midfielder,796,0,1,1,0,2,44.0,111.3,65.0
2016-17,Bojan Krkic,Stoke,Midfielder,475,3,0,1,0,0,114.0,84.5,125.4
2016-17,Peter Crouch,Stoke,Forward,1343,7,3,3,0,4,664.0,260.9,346.6
2016-17,Mame Biram Diouf,Stoke,Forward,1385,1,2,3,0,5,340.0,148.6,198.0
2016-17,Jose Luis Mato Sanmartín,Stoke,Forward,0,0,0,0,0,0,0.0,0.0,0.0
2016-17,Vito Mannone,Sunderland,Goalkeeper,810,0,0,0,0,2,0.0,0.0,247.0
2016-17,Jordan Pickford,Sunderland,Goalkeeper,2610,0,0,0,0,4,0.0,40.0,933.0
2016-17,Younes Kaboul,Watford,Defender,1910,2,0,2,0,4,243.0,31.5,443.2
2016-17,John O'Shea,Sunderland,Defender,2158,0,1,5,0,3,98.0,21.3,453.4
2016-17,Billy Jones,Sunderland,Defender,2270,1,0,8,0,5,270.0,387.5,476.8
2016-17,Patrick van Aanholt,Crystal Palace,Defender,2498,5,1,3,0,5,383.0,534.2,616.0
2016-17,Adam Matthews,Sunderland,Defender,0,0,0,0,0,0,0.0,0.0,0.0
2016-17,Lamine Koné,Sunderland,Defender,2545,1,0,4,0,5,339.0,35.6,624.0
2016-17,Jan Kirchhoff,Sunderland,Midfielder,433,0,1,1,0,0,26.0,30.1,53.6
2016-17,Lee Cattermole,Sunderland,Midfielder,633,0,0,4,0,0,12.0,47.3,65.0
2016-17,Sebastian Larsson,Sunderland,Midfielder,1468,0,3,4,1,3,109.0,402.5,206.0
2016-17,Jack Rodwell,Sunderland,Midfielder,1492,0,1,4,0,2,233.0,131.0,235.0
2016-17,Jeremain Lens,Sunderland,Midfielder,69,0,0,0,0,0,52.0,31.3,14.2
2016-17,Wahbi Khazri,Sunderland,Midfielder,849,1,0,6,0,1,203.0,332.2,112.2
2016-17,Duncan Watmore,Sunderland,Midfielder,1025,0,5,1,0,2,241.0,159.7,118.6
2016-17,Fabio Borini,Sunderland,Forward,1742,2,0,5,0,5,406.0,257.3,217.0
2016-17,Jermain Defoe,Sunderland,Forward,3322,15,3,1,0,6,1379.0,274.5,630.4
2016-17,Lukasz Fabianski,Swansea,Goalkeeper,3330,0,0,1,0,8,0.0,0.1,780.4
2016-17,Kristoffer Nordfeldt,Swansea,Goalkeeper,90,0,0,0,0,0,0.0,0.0,24.8
2016-17,Kyle Naughton,Swansea,Defender,2714,1,0,5,0,8,216.0,407.5,589.0
2016-17,Ashley Williams,Everton,Defender,3160,1,3,7,1,13,289.0,119.1,927.6
2016-17,Neil Taylor,Swansea,Defender,920,0,1,1,0,2,12.0,84.1,149.2
2016-17,Angel Rangel,Swansea,Defender,831,1,0,1,0,1,54.0,122.7,221.8
2016-17,Jordi Amat,Swansea,Defender,1409,0,0,5,0,2,106.0,29.2,332.2
2016-17,Federico Fernández,Swansea,Defender,2430,0,1,7,0,6,206.0,38.2,579.4
2016-17,Franck Tabanou,Swansea,Defender,0,0,0,0,0,0,0.0,0.0,0.0
2016-17,Stephen Kingsley,Swansea,Defender,1036,0,0,0,0,3,15.0,106.8,140.2
2016-17,Mike van der Hoorn,Swansea,Defender,662,1,0,1,0,1,50.0,1.2,191.6
2016-17,Jack Cork,Swansea,Midfielder,2232,0,1,7,0,3,168.0,222.0,331.2
2016-17,Gylfi Sigurdsson,Swansea,Midfielder,3327,9,13,2,0,7,1074.0,1302.7,905.4
2016-17,Wayne Routledge,Swansea,Midfielder,1917,3,2,1,0,5,355.0,428.5,273.2
2016-17,Leon Britton,Swansea,Midfielder,1163,0,0,3,0,5,10.0,72.8,127.8
2016-17,Jay Fulton,Swansea,Midfielder,690,0,0,2,0,3,47.0,53.3,85.4
2016-17,Sung-yueng Ki,Swansea,Midfielder,1291,0,1,3,0,4,77.0,210.9,160.4
2016-17,Jefferson Montero,Swansea,Midfielder,380,0,1,0,0,0,99.0,134.3,82.4
2016-17,André Ayew,West Ham,Midfielder,1439,6,3,1,0,6,505.0,233.4,324.4
2016-17,Leroy Fer,Swansea,Midfielder,2405,6,2,9,0,4,443.0,333.9,507.6
2016-17,Nathan Dyer,Swansea,Midfielder,214,0,1,0,0,0,48.0,57.5,40.0
2016-17,Bafétimbi Gomis,Swansea,Forward,0,0,0,0,0,0,0.0,0.0,0.0
2016-17,Marvin Emnes,Swansea,Forward,0,0,0,0,0,0,0.0,0.0,0.0
2016-17,Modou Barrow,Swansea,Forward,1145,0,2,1,0,4,223.0,332.7,153.6
2016-17,Hugo Lloris,Tottenham,Goalkeeper,3004,0,0,0,0,15,2.0,20.0,664.6
2016-17,Michel Vorm,Tottenham,Goalkeeper,416,0,0,0,0,2,0.0,0.0,70.4
2016-17,Toby Alderweireld,Tottenham,Defender,2601,1,0,1,0,14,363.0,102.2,618.4
2016-17,Danny Rose,Tottenham,Defender,1530,2,3,8,0,8,237.0,371.5,387.4
2016-17,Kyle Walker,Tottenham,Defender,2701,0,6,8,0,14,264.0,570.5,564.0
2016-17,Jan Vertonghen,Tottenham,Defender,2894,0,0,5,0,15,138.0,121.1,790.8
2016-17,Ben Davies,Tottenham,Defender,1739,1,3,1,0,8,156.0,449.6,452.0
2016-17,Kieran Trippier,Tottenham,Defender,568,0,5,1,0,3,35.0,185.6,183.8
2016-17,Kevin Wimmer,Tottenham,Defender,357,0,0,3,0,0,0.0,14.4,39.4
2016-17,DeAndre Yedlin,Tottenham,Defender,0,0,0,0,0,0,0.0,0.0,0.0
2016-17,Eric Dier,Tottenham,Midfielder,3043,2,0,6,0,16,315.0,223.8,663.6
2016-17,Mousa Dembélé,Tottenham,Midfielder,2056,1,2,5,0,11,121.0,409.7,407.2
2016-17,Nacer Chadli,West Brom,Midfielder,2135,5,6,2,0,6,543.0,538.8,412.0
2016-17,Erik Lamela,Tottenham,Midfielder,595,1,1,1,0,4,225.0,275.2,121.8
2016-17,Christian Eriksen,Tottenham,Midfielder,3159,8,20,0,0,16,1244.0,1679.2,974.6
2016-17,Nabil Bentaleb,Tottenham,Midfielder,0,0,0,0,0,0,0.0,0.0,0.0
2016-17,Ryan Mason,Hull,Midfielder,927,1,0,4,0,0,137.0,149.6,116.0
2016-17,Tom Carroll,Swansea,Midfielder,1389,1,2,1,0,5,86.0,268.2,253.8
2016-17,Bamidele Alli,Tottenham,Midfielder,3036,18,11,4,0,17,1270.0,778.7,969.6
2016-17,Joshua Onomah,Tottenham,Midfielder,22,0,0,0,0,0,18.0,4.4,7.4
2016-17,Victor Wanyama,Tottenham,Midfielder,3012,4,2,10,0,12,480.0,486.0,609.6
2016-17,Alex Pritchard,Tottenham,Midfielder,0,0,0,0,0,0,0.0,0.0,0.0
2016-17,Heung-Min Son,Tottenham,Midfielder,2063,14,9,2,0,10,1161.0,642.3,753.4
2016-17,Harry Kane,Tottenham,Forward,2523,29,7,3,0,14,1530.0,548.4,1279.0
2016-17,Clinton N'Jie,Tottenham,Forward,0,0,0,0,0,0,0.0,0.0,0.0
2016-17,Vincent Janssen,Tottenham,Forward,845,2,3,0,0,3,501.0,241.3,158.0
2016-17,Costel Pantilimon,Watford,Goalkeeper,83,0,0,0,0,0,0.0,0.0,41.6
2016-17,Heurelho Gomes,Watford,Goalkeeper,3337,0,0,1,0,7,0.0,10.0,834.4
2016-17,Craig Cathcart,Watford,Defender,1162,0,1,3,0,2,45.0,61.7,225.2
2016-17,Sebastian Prödl,Watford,Defender,2770,1,2,10,1,5,302.0,111.3,624.0
2016-17,Juan Carlos Paredes,Watford,Defender,0,0,0,0,0,0,0.0,0.0,0.0
2016-17,José Holebas,Watford,Defender,2905,2,4,14,0,7,211.0,567.6,666.8
2016-17,Allan-Roméo Nyom,West Brom,Defender,2638,0,2,8,0,5,109.0,214.3,461.0
2016-17,Miguel Britos,Watford,Defender,2280,1,2,6,2,6,280.0,96.7,531.2
2016-17,Christian Kabasele,Watford,Defender,771,2,0,1,0,1,166.0,49.1,200.4
2016-17,Adlène Guédioura,Middlesbrough,Midfielder,861,0,1,2,0,0,100.0,169.2,123.6
2016-17,Etienne Capoue,Watford,Midfielder,3204,7,2,5,0,7,513.0,696.8,577.6
2016-17,Almen Abdi,Watford,Midfielder,0,0,0,0,0,0,0.0,0.0,0.0
2016-17,Ben Watson,Watford,Midfielder,54,0,0,0,1,0,0.0,1.3,5.6
2016-17,Ikechi Anya,Watford,Midfielder,10,0,0,0,0,0,0.0,0.0,0.0
2016-17,Valon Behrami,Watford,Midfielder,2030,0,0,7,0,5,24.0,101.9,208.2
2016-17,Steven Berghuis,Watford,Midfielder,0,0,0,0,0,0,0.0,0.0,0.0
2016-17,Nordin Amrabat,Watford,Midfielder,2091,0,3,4,0,4,368.0,494.3,282.4
2016-17,Mario Suárez,Watford,Midfielder,0,0,0,0,0,0,0.0,0.0,0.0
2016-17,Isaac Success,Watford,Midfielder,519,1,1,2,0,1,225.0,96.7,146.2
2016-17,Troy Deeney,Watford,Forward,2944,10,4,7,0,6,900.0,555.9,617.4
2016-17,Odion Ighalo,Watford,Forward,1291,1,1,1,0,2,440.0,173.8,93.6
2016-17,Mamadou Obbi Oularé,Watford,Forward,0,0,0,0,0,0,0.0,0.0,0.0
2016-17,Jerome Sinclair,Watford,Forward,116,0,0,0,0,0,22.0,14.3,1.0
2016-17,Boaz Myhill,West Brom,Goalkeeper,0,0,0,0,0,0,0.0,0.0,0.0
2016-17,Ben Foster,West Brom,Goalkeeper,3420,0,0,2,0,6,5.0,20.3,767.0
2016-17,Jonny Evans,West Brom,Defender,2637,2,1,8,0,4,259.0,117.5,626.6
2016-17,Jonas Olsson,West Brom,Defender,590,0,0,3,0,1,21.0,1.1,96.4
2016-17,Craig Dawson,West Brom,Defender,3276,4,0,10,0,6,418.0,317.1,742.4
2016-17,Sébastien Pocognoli,West Brom,Defender,0,0,0,0,0,0,0.0,0.0,0.0
2016-17,Cristian Gamboa,West Brom,Defender,0,0,0,0,0,0,0.0,0.0,0.0
2016-17,Gareth McAuley,West Brom,Defender,3140,6,1,5,0,7,367.0,74.3,913.8
2016-17,James Chester,West Brom,Defender,0,0,0,0,0,0,0.0,0.0,0.0
2016-17,Chris Brunt,West Brom,Defender,2477,3,4,5,0,4,340.0,674.5,509.4
2016-17,Darren Fletcher,West Brom,Midfielder,3231,2,3,0,0,8,260.0,362.3,393.2
2016-17,Craig Gardner,West Brom,Midfielder,218,0,1,1,0,1,11.0,137.9,35.4
2016-17,James Morrison,West Brom,Midfielder,1741,5,2,3,0,4,237.0,348.9,351.0
2016-17,Claudio Yacob,West Brom,Midfielder,2418,0,0,9,0,4,33.0,108.5,346.0
2016-17,Callum McManaman,West Brom,Midfielder,0,0,0,0,0,0,0.0,0.0,0.0
2016-17,James McClean,West Brom,Midfielder,1477,1,3,9,0,2,360.0,331.3,288.6
2016-17,Jonathan Leko,West Brom,Midfielder,118,0,1,0,0,0,20.0,29.9,27.4
2016-17,Matt Phillips,West Brom,Midfielder,2181,4,9,2,0,6,458.0,508.9,463.2
2016-17,Rickie Lambert,West Brom,Forward,13,0,0,0,0,0,40.0,11.0,3.6
2016-17,Saido Berahino,Stoke,Forward,963,0,0,1,0,4,299.0,73.5,38.4
2016-17,Salomón Rondón,West Brom,Forward,2892,8,3,2,0,6,1430.0,430.3,435.4
2016-17,Adrián San Miguel del Castillo,West Ham,Goalkeeper,1440,0,0,1,0,6,0.0,10.0,367.8
2016-17,Darren Randolph,West Ham,Goalkeeper,1980,0,0,1,0,4,0.0,0.0,484.8
2016-17,James Collins,West Ham,Defender,1655,2,0,3,0,6,169.0,45.4,501.0
2016-17,Winston Reid,West Ham,Defender,2587,2,3,8,1,9,141.0,104.4,793.6
2016-17,Aaron Cresswell,West Ham,Defender,2115,0,2,2,1,5,121.0,284.7,307.6
2016-17,Reece Oxford,West Ham,Defender,0,0,0,0,0,0,0.0,0.0,0.0
2016-17,Angelo Ogbonna,West Ham,Defender,1755,0,0,2,0,4,51.0,82.4,384.4
2016-17,Sam Byram,West Ham,Defender,1249,0,1,5,1,3,72.0,118.2,202.2
2016-17,Mark Noble,West Ham,Midfielder,2389,3,0,10,0,8,233.0,384.8,342.0
2016-17,Cheikhou Kouyaté,West Ham,Midfielder,2723,1,1,3,0,9,200.0,147.4,458.8
2016-17,Pedro Obiang,West Ham,Midfielder,1763,1,2,7,0,4,52.0,131.3,311.4
2016-17,Dimitri Payet,West Ham,Midfielder,1513,2,8,2,0,4,516.0,1096.6,414.0
2016-17,Manuel Lanzini,West Ham,Midfielder,2708,8,3,9,0,9,629.0,863.3,639.0
2016-17,Josh Cullen,West Ham,Midfielder,0,0,0,0,0,0,0.0,0.0,0.0
2016-17,Michail Antonio,West Ham,Midfielder,2433,9,8,4,1,7,1105.0,503.1,622.4
2016-17,Håvard Nordtveit,West Ham,Midfielder,957,0,1,2,0,3,43.0,63.3,155.4
2016-17,Sofiane Feghouli,West Ham,Midfielder,1042,3,3,1,1,1,262.0,320.2,268.0
2016-17,Gökhan Töre,West Ham,Midfielder,240,0,1,0,0,1,33.0,87.8,28.2
2016-17,Andy Carroll,West Ham,Forward,1312,7,2,3,0,3,620.0,220.8,351.8
2016-17,Enner Valencia,Everton,Forward,927,3,3,1,0,2,490.0,117.6,194.2
2016-17,Diafra Sakho,West Ham,Forward,181,1,0,0,0,0,45.0,19.6,41.8
2016-17,Nick Pope,Burnley,Goalkeeper,0,0,0,0,0,0,0.0,0.0,0.0
2016-17,Paul Robinson,Burnley,Goalkeeper,270,0,0,0,0,0,0.0,0.0,66.2
2016-17,Johann Berg Gudmundsson,Burnley,Midfielder,999,1,3,1,0,3,161.0,267.3,220.0
2016-17,Ragnar Klavan,Liverpool,Defender,1410,0,0,3,0,3,78.0,52.5,308.2
2016-17,Marko Grujic,Liverpool,Midfielder,43,0,0,1,0,0,39.0,17.4,8.8
2016-17,Jason Denayer,Sunderland,Defender,1878,0,0,2,0,6,62.0,55.1,319.2
2016-17,Antonio Barragán,Middlesbrough,Defender,2193,0,0,5,0,7,50.0,219.0,442.2
2016-17,Álvaro Negredo,Middlesbrough,Forward,2872,9,5,5,0,10,1078.0,454.9,542.4
2016-17,Juan Zuñiga,Watford,Defender,823,1,1,1,0,1,79.0,86.4,139.8
2016-17,Tommie Hoban,Watford,Defender,0,0,0,0,0,0,0.0,0.0,0.0
2016-17,Brice Dja Djédjé,Watford,Defender,0,0,0,0,0,0,0.0,0.0,0.0
2016-17,Abdoulaye Doucouré,Watford,Midfielder,1352,1,0,4,0,4,254.0,178.2,179.4
2016-17,Matej Vydra,Watford,Forward,3,0,0,0,0,0,0.0,0.3,0.0
2016-17,Rob Holding,Arsenal,Defender,810,0,0,3,0,4,100.0,49.2,172.0
2016-17,Georginio Wijnaldum,Liverpool,Midfielder,2974,6,9,2,0,11,639.0,694.5,648.4
2016-17,Ramadan Sobhi,Stoke,Midfielder,855,0,2,2,0,5,149.0,137.3,104.6
2016-17,Ola Aina,Chelsea,Defender,26,0,0,0,0,0,17.0,0.9,4.8
2016-17,Idrissa Gueye,Everton,Midfielder,2681,1,2,11,0,9,237.0,434.1,555.8
2016-17,Leroy Sané,Man City,Midfielder,1781,5,7,4,0,9,632.0,505.1,397.2
2016-17,Bradley Guzan,Middlesbrough,Goalkeeper,900,0,0,0,0,3,0.0,0.0,228.4
2016-17,Gastón Ramírez,Middlesbrough,Midfielder,1539,2,3,8,1,6,364.0,509.9,287.2
2016-17,Jérémy Pied,Southampton,Defender,129,0,0,0,0,0,21.0,20.7,20.6
2016-17,Chuba Akpom,Arsenal,Forward,0,0,0,0,0,0,0.0,0.0,0.0
2016-17,Sullay Kaikai,Crystal Palace,Midfielder,24,0,0,0,0,0,4.0,1.8,0.0
2016-17,Mason Holgate,Everton,Defender,1372,0,1,2,0,5,83.0,152.2,286.8
2016-17,Benjamin Chilwell,Leicester,Defender,699,1,0,2,0,1,88.0,48.4,137.0
2016-17,Bartosz Kapustka,Leicester,Midfielder,0,0,0,0,0,0,0.0,0.0,0.0
2016-17,Jose Angel Esmoris Tasende,Man City,Defender,0,0,0,0,0,0,0.0,0.0,0.0
2016-17,Papy Djilobodji,Sunderland,Defender,1577,0,0,4,1,2,124.0,25.9,487.6
2016-17,Fernando Llorente,Swansea,Forward,2442,15,3,2,0,5,1086.0,489.6,639.8
2016-17,Cameron Carter-Vickers,Tottenham,Defender,0,0,0,0,0,0,0.0,0.0,0.0
2016-17,Daniel Lafferty,Burnley,Defender,0,0,0,0,0,0,0.0,0.0,0.0
2016-17,Paul Pogba,Man United,Midfielder,2608,5,4,7,0,13,839.0,953.5,713.0
2016-17,Jack Stephens,Southampton,Defender,1471,0,1,1,0,6,58.0,58.2,350.4
2016-17,Arthur Masuaku,West Ham,Defender,972,0,1,1,0,3,18.0,126.7,219.8
2016-17,Donald Love,Sunderland,Defender,611,0,1,1,0,1,17.0,73.6,157.6
2016-17,Borja Bastón,Swansea,Forward,561,1,2,0,0,1,190.0,91.9,59.0
2016-17,Olayinka Fredrick Oladotun Ladapo,Crystal Palace,Forward,0,0,0,0,0,0,0.0,0.0,0.0
2016-17,Keshi Anderson,Crystal Palace,Forward,0,0,0,0,0,0,0.0,0.0,0.0
2016-17,Kane Wilson,West Brom,Defender,0,0,0,0,0,0,0.0,0.0,0.0
2016-17,Sam Field,West Brom,Midfielder,275,0,0,2,0,1,3.0,49.0,16.4
2016-17,Tom Davies,Everton,Midfielder,1544,2,3,4,0,8,208.0,246.1,259.0
2016-17,Harry Winks,Tottenham,Midfielder,494,1,1,1,0,0,77.0,122.1,128.0
2016-17,Greg Olley,Hull,Midfielder,0,0,0,0,0,0,0.0,0.0,0.0
2016-17,Josh Clackstone,Hull,Defender,0,0,0,0,0,0,0.0,0.0,0.0
2016-17,Jarrod Bowen,Hull,Forward,181,0,0,0,0,0,36.0,17.9,3.8
2016-17,Dusan Kuciak,Hull,Goalkeeper,0,0,0,0,0,0,0.0,0.0,0.0
2016-17,Greg Luer,Hull,Forward,0,0,0,0,0,0,0.0,0.0,0.0
2016-17,Josh Tymon,Hull,Defender,323,0,0,1,0,1,2.0,20.5,40.2
2016-17,Lynden Gooch,Sunderland,Midfielder,366,0,0,3,0,1,54.0,66.4,36.4
2016-17,Joel Asoro,Sunderland,Midfielder,10,0,0,0,0,0,2.0,0.0,0.0
2016-17,Alex Baptiste,Middlesbrough,Defender,0,0,0,0,0,0,0.0,0.0,0.0
2016-17,Trent Alexander-Arnold,Liverpool,Midfielder,167,0,0,0,0,0,48.0,20.2,32.4
2016-17,Alexander Manninger,Liverpool,Goalkeeper,0,0,0,0,0,0,0.0,0.0,0.0
2016-17,Steven Defour,Burnley,Midfielder,1068,1,3,1,0,5,96.0,386.4,249.2
2016-17,Jonathan Calleri,West Ham,Forward,540,1,0,0,0,3,265.0,115.0,56.2
2016-17,Fabio Pereira da Silva,Middlesbrough,Defender,1847,0,0,8,0,6,39.0,273.9,355.8
2016-17,Pablo Maffeo,Man City,Defender,0,0,0,0,0,0,0.0,0.0,0.0
2016-17,Luke McGee,Tottenham,Goalkeeper,0,0,0,0,0,0,0.0,0.0,0.0
2016-17,Nathaniel Chalobah,Chelsea,Midfielder,167,0,1,2,0,0,7.0,51.1,40.6
2016-17,Aiden O'Neill,Burnley,Midfielder,85,0,0,0,0,0,8.0,5.1,7.6
2016-17,Josh Robson,Sunderland,Defender,0,0,0,0,0,0,0.0,0.0,0.0
2016-17,Steven Pienaar,Sunderland,Midfielder,802,0,0,5,1,2,98.0,134.4,90.8
2016-17,Reece Burke,West Ham,Defender,0,0,0,0,0,0,0.0,0.0,0.0
2016-17,Ashley Fletcher,West Ham,Forward,367,0,0,2,0,0,160.0,64.2,30.6
2016-17,Ryan Fraser,Bournemouth,Midfielder,1764,3,9,3,0,7,332.0,536.5,338.4
2016-17,Thomas Robson,Sunderland,Defender,0,0,0,0,0,0,0.0,0.0,0.0
2016-17,Javier Manquillo,Sunderland,Defender,1430,1,0,2,0,2,66.0,98.7,242.2
2016-17,Roberto Pereyra,Watford,Midfielder,1036,2,3,2,1,3,141.0,239.3,168.0
2016-17,Daryl Janmaat,Watford,Defender,1614,2,1,2,0,2,254.0,222.3,309.4
2016-17,Claudio Bravo,Man City,Goalkeeper,1968,0,0,0,0,6,0.0,0.0,292.2
2016-17,Edimilson Fernandes,West Ham,Midfielder,1002,0,1,4,0,3,209.0,109.9,107.8
2016-17,Hiram Boateng,Crystal Palace,Midfielder,0,0,0,0,0,0,0.0,0.0,0.0
2016-17,Julien Ngoy,Stoke,Forward,49,0,0,0,0,0,46.0,12.1,7.4
2016-17,Ben Hinchcliffe,Hull,Forward,0,0,0,0,0,0,0.0,0.0,0.0
2016-17,Oliver McBurnie,Swansea,Forward,82,0,0,0,0,0,39.0,33.0,8.0
2016-17,Maksymilian Stryjek,Sunderland,Goalkeeper,0,0,0,0,0,0,0.0,0.0,0.0
2016-17,Jack Rose,West Brom,Goalkeeper,0,0,0,0,0,0,0.0,0.0,0.0
2016-17,Lucas Pérez,Arsenal,Forward,272,1,1,0,0,1,163.0,105.4,65.4
2016-17,Simone Zaza,West Ham,Forward,459,0,0,2,0,2,207.0,112.4,16.4
2016-17,Sofiane Boufal,Southampton,Midfielder,1104,1,1,5,0,3,265.0,328.6,197.0
2016-17,Stefano Okaka,Watford,Forward,959,4,0,5,0,2,494.0,179.6,197.6
2016-17,Patrick Bamford,Middlesbrough,Forward,326,1,0,1,0,0,139.0,26.9,51.0
2016-17,David Marshall,Hull,Goalkeeper,1440,0,0,0,0,0,0.0,0.3,423.0
2016-17,Shkodran Mustafi,Arsenal,Defender,2274,2,2,11,0,8,364.0,159.7,598.2
2016-17,Adrian Mariappa,Watford,Defender,562,0,0,0,0,1,26.0,12.7,162.6
2016-17,Will Keane,Hull,Forward,280,0,0,0,0,1,39.0,50.1,2.8
2016-17,Alfie Mawson,Swansea,Defender,2430,4,0,1,0,7,302.0,62.0,678.0
2016-17,Didier Ndong,Sunderland,Midfielder,2520,1,1,5,0,5,140.0,310.1,340.4
2016-17,Jeff Hendrick,Burnley,Midfielder,2691,2,1,6,1,9,259.0,234.4,284.6
2016-17,Marcos Alonso,Chelsea,Defender,2693,6,5,2,0,15,536.0,420.4,618.2
2016-17,Bruno Martins Indi,Stoke,Defender,3146,1,0,4,0,11,266.0,34.4,682.6
2016-17,Adama Traoré,Middlesbrough,Midfielder,1543,0,1,1,0,6,176.0,320.5,283.2
2016-17,Pau López Sabata,Tottenham,Goalkeeper,0,0,0,0,0,0,0.0,0.0,0.0
2016-17,Georges-Kévin Nkoudou,Tottenham,Midfielder,54,0,0,0,0,0,26.0,7.7,17.0
2016-17,James Weir,Hull,Midfielder,0,0,0,0,0,0,0.0,0.0,0.0
2016-17,Islam Slimani,Leicester,Forward,1281,7,4,1,0,5,516.0,268.4,338.2
2016-17,Álvaro Arbeloa,West Ham,Defender,258,0,0,3,0,0,3.0,32.5,37.0
2016-17,Dieumerci Mbokani,Hull,Forward,764,0,2,0,0,3,235.0,107.3,52.4
2016-17,David Luiz Moreira Marinho,Chelsea,Defender,2954,1,1,6,0,15,280.0,158.1,651.0
2016-17,Hal Robson-Kanu,West Brom,Forward,701,3,2,3,0,1,255.0,130.7,166.2
2016-17,Moussa Sissoko,Tottenham,Midfielder,909,0,3,3,0,4,212.0,274.2,133.0
2016-17,Markus Henriksen,Hull,Midfielder,638,0,0,1,0,0,60.0,62.9,52.4
2016-17,Lee Grant,Stoke,Goalkeeper,2520,0,0,1,0,9,0.0,0.0,644.0
2016-17,Victor Anichebe,Sunderland,Forward,1219,3,1,2,0,3,505.0,195.3,210.4
2016-17,Mathieu Flamini,Crystal Palace,Midfielder,274,0,0,0,0,0,13.0,13.7,33.0
2016-17,Michael Simões Domingues,Sunderland,Goalkeeper,0,0,0,0,0,0,0.0,0.0,0.0
2016-17,Aleix García Serrano,Man City,Midfielder,77,0,0,0,0,0,0.0,19.1,14.0
2016-17,Jonathan Benteke,Crystal Palace,Forward,7,0,0,0,0,0,9.0,0.3,5.0
2016-17,Ezekiel Fryers,Crystal Palace,Defender,188,0,1,0,0,0,8.0,36.3,41.6
2016-17,Luke Dreher,Crystal Palace,Midfielder,0,0,0,0,0,0,0.0,0.0,0.0
2016-17,Oviemuno Ejaria,Liverpool,Midfielder,8,0,0,0,0,0,2.0,1.3,0.0
2016-17,Ben Hamer,Leicester,Goalkeeper,0,0,0,0,0,0,0.0,0.0,0.0
2016-17,Lloyd Isgrove,Southampton,Midfielder,0,0,0,0,0,0,0.0,0.0,0.0
2016-17,Ben Wynter,Crystal Palace,Defender,0,0,0,0,0,0,0.0,0.0,0.0
2016-17,Jake Hesketh,Southampton,Midfielder,0,0,0,0,0,0,0.0,0.0,0.0
2016-17,George Honeyman,Sunderland,Midfielder,235,0,0,1,0,1,29.0,42.7,34.2
2016-17,Jeff Reine-Adelaide,Arsenal,Midfielder,0,0,0,0,0,0,0.0,0.0,0.0
2016-17,Olufela Olomola,Southampton,Midfielder,0,0,0,0,0,0,0.0,0.0,0.0
2016-17,Dominic Solanke,Chelsea,Forward,0,0,0,0,0,0,0.0,0.0,0.0
2016-17,Raphael Spiegel,West Ham,Goalkeeper,0,0,0,0,0,0,0.0,0.0,0.0
2016-17,Sam McQueen,Southampton,Midfielder,616,0,1,0,0,1,25.0,58.4,123.6
2016-17,Ainsley Maitland-Niles,Arsenal,Midfielder,2,0,0,0,0,0,0.0,0.0,2.2
2016-17,Kevin Long,Burnley,Defender,270,0,0,0,0,0,4.0,0.2,56.4
2016-17,Dominic Calvert-Lewin,Everton,Forward,347,1,0,1,0,0,82.0,10.0,53.2
2016-17,Mateusz Hewelt,Everton,Goalkeeper,0,0,0,0,0,0,0.0,0.0,0.0
2016-17,Stuart Taylor,Southampton,Goalkeeper,0,0,0,0,0,0,0.0,0.0,0.0
2016-17,Daniel James,Swansea,Midfielder,0,0,0,0,0,0,0.0,0.0,0.0
2016-17,Thibaud Verlinden,Stoke,Midfielder,0,0,0,0,0,0,0.0,0.0,0.0
2016-17,Ryan Allsop,Bournemouth,Goalkeeper,90,0,0,0,0,0,0.0,0.0,33.8
2016-17,Alex Palmer,West Brom,Goalkeeper,0,0,0,0,0,0,0.0,0.0,0.0
2016-17,Matthew James,Leicester,Midfielder,1,0,0,0,0,0,0.0,0.0,0.0
2016-17,Ben Woodburn,Liverpool,Midfielder,86,0,0,0,0,0,34.0,12.6,7.4
2016-17,Joshua Sims,Southampton,Midfielder,211,0,1,0,0,1,83.0,38.2,41.8
2016-17,Andrew Eleftheriou,Watford,Defender,52,0,0,0,0,0,0.0,0.8,5.2
2016-17,Michael Phillips,Crystal Palace,Midfielder,0,0,0,0,0,0,0.0,0.0,0.0
2016-17,Oluwatosin Adarabioyo,Man City,Defender,0,0,0,0,0,0,0.0,0.0,0.0
2016-17,Alex Pike,West Ham,Defender,0,0,0,0,0,0,0.0,0.0,0.0
2016-17,Marcus Browne,West Ham,Midfielder,0,0,0,0,0,0,0.0,0.0,0.0
2016-17,Domingos Quina,West Ham,Midfielder,0,0,0,0,0,0,0.0,0.0,0.0
2016-17,Noor Husin,Crystal Palace,Midfielder,0,0,0,0,0,0,0.0,0.0,0.0
2016-17,Aaron Wan-Bissaka,Crystal Palace,Midfielder,0,0,0,0,0,0,0.0,0.0,0.0
2016-17,Josh Maja,Sunderland,Forward,0,0,0,0,0,0,0.0,0.0,0.0
2016-17,Rekeem Harper,West Brom,Midfielder,0,0,0,0,0,0,0.0,0.0,0.0
2016-17,Ethan Robson,Sunderland,Midfielder,0,0,0,0,0,0,0.0,0.0,0.0
2016-17,Jonjoe Kenny,Everton,Defender,13,0,0,0,0,0,0.0,0.6,0.0
2016-17,Elliot Embleton,Sunderland,Midfielder,0,0,0,0,0,0,0.0,0.0,0.0
2016-17,Declan Rice,West Ham,Midfielder,1,0,0,0,0,0,0.0,0.3,0.6
2016-17,Charlie Rowan,Watford,Defender,0,0,0,0,0,0,0.0,0.0,0.0
2016-17,Michael Folivi,Watford,Forward,10,0,0,0,0,0,0.0,0.1,0.0
2016-17,Brandon Mason,Watford,Defender,113,0,0,0,0,0,0.0,0.8,11.4
2016-17,Carl Stewart,Watford,Midfielder,0,0,0,0,0,0,0.0,0.0,0.0
2016-17,Harry Lewis,Southampton,Goalkeeper,0,0,0,0,0,0,0.0,0.0,0.0
2016-17,Michael Ledger,Sunderland,Defender,0,0,0,0,0,0,0.0,0.0,0.0
2016-17,Gabriel Fernando de Jesus,Man City,Forward,651,7,4,2,0,3,436.0,165.9,335.8
2016-17,Joey Barton,Burnley,Midfielder,1105,1,2,4,0,4,86.0,147.4,184.8
2016-17,Ademola Lookman,Everton,Midfielder,289,1,0,0,0,1,193.0,15.5,55.8
2016-17,Wilfred Ndidi,Leicester,Midfielder,1521,2,3,0,0,4,357.0,93.8,313.6
2016-17,Rudy Gestede,Middlesbrough,Forward,533,1,0,3,0,1,254.0,148.4,79.4
2016-17,Evandro Goebel,Hull,Midfielder,576,0,0,1,0,3,20.0,171.0,42.4
2016-17,Joel Taylor,Stoke,Defender,0,0,0,0,0,0,0.0,0.0,0.0
2016-17,Luciano Narsingh,Swansea,Midfielder,416,0,3,0,0,1,60.0,105.7,74.4
2016-17,Martin Olsson,Swansea,Defender,1252,2,0,2,0,4,114.0,149.5,262.0
2016-17,Omar Elabdellaoui,Hull,Defender,615,0,0,0,0,1,8.0,70.4,84.6
2016-17,Joleon Lescott,Sunderland,Defender,124,0,0,0,0,0,0.0,0.3,39.0
2016-17,Mauro Zárate,Watford,Forward,204,0,1,0,0,0,71.0,52.8,18.8
2016-17,M'Baye Niang,Watford,Forward,1246,2,2,2,0,3,364.0,186.3,190.0
2016-17,Andrea Ranocchia,Hull,Defender,1330,2,2,2,0,3,158.0,39.0,444.4
2016-17,Giedrius Arlauskis,Watford,Goalkeeper,0,0,0,0,0,0,0.0,0.0,0.0
2016-17,Robbie Brady,Burnley,Midfielder,719,1,3,1,0,1,116.0,253.0,151.2
2016-17,Ashley Westwood,Burnley,Midfielder,551,0,0,3,0,1,2.0,64.3,50.8
2016-17,Jordan Ayew,Swansea,Forward,867,1,4,1,0,5,219.0,122.5,141.0
2016-17,Manolo Gabbiadini,Southampton,Forward,724,4,1,1,0,3,432.0,85.0,165.6
2016-17,Alfred N'Diaye,Hull,Midfielder,1273,1,0,7,0,4,137.0,98.3,158.8
2016-17,Molla Wagué,Leicester,Defender,0,0,0,0,0,0,0.0,0.0,0.0
2016-17,Luka Milivojevic,Crystal Palace,Midfielder,1224,2,0,4,0,5,130.0,96.5,192.4
2016-17,Kamil Grosicki,Hull,Midfielder,1143,0,5,1,0,3,309.0,360.9,133.6
2016-17,Thomas Edwards,Stoke,Defender,0,0,0,0,0,0,0.0,0.0,0.0
2016-17,Baily Cargill,Bournemouth,Defender,13,0,0,0,0,0,0.0,0.0,4.2
2016-17,Mouez Hassen,Southampton,Goalkeeper,0,0,0,0,0,0,0.0,0.0,0.0
2016-17,Daniel Agyei,Burnley,Forward,25,0,0,0,0,0,11.0,0.3,1.0
2016-17,Martín Cáceres,Southampton,Defender,90,0,0,0,0,0,6.0,1.1,19.6
2016-17,Harry Wilson,Liverpool,Midfielder,0,0,0,0,0,0,0.0,0.0,0.0
2016-17,Connor Roberts,Swansea,Defender,0,0,0,0,0,0,0.0,0.0,0.0
2016-17,Matthew Willock,Man United,Midfielder,0,0,0,0,0,0,0.0,0.0,0.0
2016-17,Axel Tuanzebe,Man United,Defender,303,0,0,0,0,2,18.0,27.7,32.6
2016-17,Damian Emiliano Martinez,Arsenal,Goalkeeper,180,0,0,0,0,1,0.0,0.0,30.6
2016-17,Joe Williams,Everton,Midfielder,0,0,0,0,0,0,0.0,0.0,0.0
2016-17,Dion Pereira,Watford,Midfielder,25,0,0,0,0,0,4.0,14.6,4.2
2016-17,Matt Macey,Arsenal,Goalkeeper,0,0,0,0,0,0,0.0,0.0,0.0
2016-17,James Husband,Middlesbrough,Defender,58,0,0,0,0,0,0.0,1.5,1.2
2016-17,Joel Dinis Castro Pereira,Man United,Goalkeeper,90,0,0,0,0,1,0.0,0.0,7.4
2016-17,Eduardo Dos Reis Carvalho,Chelsea,Goalkeeper,0,0,0,0,0,0,0.0,0.0,0.0
2016-17,Moses Makasi,West Ham,Midfielder,0,0,0,0,0,0,0.0,0.0,0.0
2016-17,Nathan Holland,West Ham,Midfielder,0,0,0,0,0,0,0.0,0.0,0.0
2016-17,Rhian Brewster,Liverpool,Forward,0,0,0,0,0,0,0.0,0.0,0.0
2016-17,Scott McTominay,Man United,Midfielder,97,0,0,1,0,1,17.0,19.1,22.2
2016-17,Angus Gunn,Man City,Goalkeeper,0,0,0,0,0,0,0.0,0.0,0.0
2016-17,Demetri Mitchell,Man United,Defender,90,0,0,0,0,1,0.0,31.6,24.8
2016-17,Elliott Moore,Leicester,Defender,0,0,0,0,0,0,0.0,0.0,0.0
2016-17,Filip Lesniak,Tottenham,Midfielder,5,0,1,0,0,0,0.0,11.2,18.6
2016-17,Samuel Shashoua,Tottenham,Midfielder,0,0,0,0,0,0,0.0,0.0,0.0
2016-17,Zachary Dearnley,Man United,Midfielder,0,0,0,0,0,0,0.0,0.0,0.0
2016-17,Joshua Harrop,Man United,Midfielder,90,1,0,0,0,1,21.0,20.2,36.2
2016-17,Daniel Kemp,West Ham,Midfielder,0,0,0,0,0,0,0.0,0.0,0.0
2016-17,Daniel Batty,Hull,Midfielder,0,0,0,0,0,0,0.0,0.0,0.0
2016-17,Aaron Ramsdale,Bournemouth,Goalkeeper,0,0,0,0,0,0,0.0,0.0,0.0
2016-17,Matthew Worthington,Bournemouth,Midfielder,17,0,0,0,0,0,0.0,0.7,1.0
2016-17,Sam Surridge,Bournemouth,Forward,0,0,0,0,0,0,0.0,0.0,0.0
2016-17,Angel Gomes,Man United,Midfielder,3,0,0,0,0,0,0.0,3.8,0.8
2016-17,Kieran O'Hara,Man United,Goalkeeper,0,0,0,0,0,0,0.0,0.0,0.0
2016-17,Gerhard Tremmel,Swansea,Goalkeeper,0,0,0,0,0,0,0.0,0.0,0.0
2016-17,Rene Gilmartin,Watford,Goalkeeper,0,0,0,0,0,0,0.0,0.0,0.0
2017-18,David Ospina,Arsenal,Goalkeeper,380,0,0,0,0,2,0.0,0.0,75.8
2017-18,Petr Cech,Arsenal,Goalkeeper,3039,0,0,1,0,11,0.0,0.0,722.4
2017-18,Damian Emiliano Martinez,Arsenal,Goalkeeper,0,0,0,0,0,0,0.0,0.0,0.0
2017-18,Laurent Koscielny,Arsenal,Defender,2225,2,0,4,0,9,137.0,123.8,692.0
2017-18,Per Mertesacker,Arsenal,Defender,364,1,0,0,0,0,38.0,3.0,119.6
2017-18,Gabriel Armando de Abreu,Arsenal,Defender,0,0,0,0,0,0,0.0,0.0,0.0
2017-18,Héctor Bellerín,Arsenal,Defender,3050,2,4,5,0,12,484.0,561.0,554.0
2017-18,Carl Jenkinson,Arsenal,Defender,0,0,0,0,0,0,0.0,0.0,0.0
2017-18,Nacho Monreal,Arsenal,Defender,2241,5,2,3,0,10,305.0,238.7,693.6
2017-18,Rob Holding,Arsenal,Defender,819,0,1,3,0,3,24.0,39.3,212.2
2017-18,Shkodran Mustafi,Arsenal,Defender,2272,3,1,6,0,10,202.0,129.9,836.6
2017-18,Sead Kolasinac,Arsenal,Defender,2146,2,4,3,0,10,404.0,334.9,443.2
2017-18,Mesut Özil,Arsenal,Midfielder,2161,4,9,4,0,8,555.0,1287.5,640.6
2017-18,Santiago Cazorla,Arsenal,Midfielder,0,0,0,0,0,0,0.0,0.0,0.0
2017-18,Aaron Ramsey,Arsenal,Midfielder,1844,7,10,0,0,9,734.0,478.3,631.2
2017-18,Francis Coquelin,Arsenal,Midfielder,164,0,0,0,0,0,8.0,16.9,22.2
2017-18,Alex Iwobi,Arsenal,Midfielder,1827,3,5,1,0,9,635.0,592.9,430.0
2017-18,Mohamed Elneny,Arsenal,Midfielder,865,0,1,3,1,3,92.0,194.4,138.2
2017-18,Granit Xhaka,Arsenal,Midfielder,3259,1,8,10,0,12,378.0,822.8,753.4
2017-18,Jack Wilshere,Arsenal,Midfielder,1185,1,3,6,0,4,169.0,281.8,258.4
2017-18,Danny Welbeck,Arsenal,Forward,1178,5,2,1,0,4,435.0,212.8,309.8
2017-18,Lucas Pérez,Arsenal,Forward,0,0,0,0,0,0,0.0,0.0,0.0
2017-18,Alexandre Lacazette,Arsenal,Forward,2197,14,5,1,0,10,1291.0,566.0,725.6
2017-18,Henrikh Mkhitaryan,Arsenal,Midfielder,1712,3,9,2,0,12,400.0,727.8,506.8
2017-18,Calum Chambers,Arsenal,Defender,864,0,0,1,0,2,134.0,40.0,227.8
2017-18,Reiss Nelson,Arsenal,Midfielder,144,0,0,0,0,0,11.0,29.7,12.0
2017-18,Ainsley Maitland-Niles,Arsenal,Midfielder,908,0,0,1,0,3,67.0,141.3,168.4
2017-18,Matt Macey,Arsenal,Goalkeeper,0,0,0,0,0,0,0.0,0.0,0.0
2017-18,Edward Nketiah,Arsenal,Forward,17,0,0,0,0,0,17.0,1.9,5.0
2017-18,Mathieu Debuchy,Arsenal,Defender,0,0,0,0,0,0,0.0,0.0,0.0
2017-18,Konstantinos Mavropanos,Arsenal,Defender,194,0,0,0,1,1,2.0,1.3,52.2
2017-18,Pierre-Emerick Aubameyang,Arsenal,Forward,1056,10,4,0,0,4,580.0,207.1,484.0
2017-18,Joseph Willock,Arsenal,Midfielder,81,0,0,0,0,0,4.0,5.8,8.2
2017-18,Jordi Osei-Tutu,Arsenal,Defender,0,0,0,0,0,0,0.0,0.0,0.0
2017-18,Asmir Begovic,Bournemouth,Goalkeeper,3420,0,0,2,0,6,0.0,20.0,790.8
2017-18,Artur Boruc,Bournemouth,Goalkeeper,0,0,0,0,0,0,0.0,0.0,0.0
2017-18,Adam Federici,Bournemouth,Goalkeeper,0,0,0,0,0,0,0.0,0.0,0.0
2017-18,Simon Francis,Bournemouth,Defender,2708,0,1,8,1,4,163.0,418.4,726.8
2017-18,Steve Cook,Bournemouth,Defender,2764,2,1,5,0,5,271.0,65.6,870.0
2017-18,Charlie Daniels,Bournemouth,Defender,3001,1,3,0,0,6,196.0,479.7,582.2
2017-18,Adam Smith,Bournemouth,Defender,2067,1,3,6,0,2,144.0,345.5,455.0
2017-18,Tyrone Mings,Bournemouth,Defender,201,0,0,1,0,0,10.0,14.8,46.6
2017-18,Bradley Smith,Bournemouth,Defender,0,0,0,0,0,0,0.0,0.0,0.0
2017-18,Nathan Aké,Bournemouth,Defender,3352,2,3,5,0,6,287.0,115.1,932.4
2017-18,Harry Arter,Bournemouth,Midfielder,959,1,0,4,0,3,69.0,76.1,146.0
2017-18,Marc Pugh,Bournemouth,Midfielder,974,0,0,2,0,5,224.0,195.5,99.2
2017-18,Andrew Surman,Bournemouth,Midfielder,1851,2,5,2,0,5,121.0,261.1,458.0
2017-18,Junior Stanislas,Bournemouth,Midfielder,1285,5,3,1,0,2,483.0,377.2,394.8
2017-18,Dan Gosling,Bournemouth,Midfielder,1941,2,1,8,0,1,274.0,262.2,396.4
2017-18,Max Gradel,Bournemouth,Midfielder,0,0,0,0,0,0,0.0,0.0,0.0
2017-18,Jordon Ibe,Bournemouth,Midfielder,1988,2,6,1,0,4,610.0,602.7,362.0
2017-18,Lewis Cook,Bournemouth,Midfielder,2234,0,2,5,0,3,126.0,423.3,456.4
2017-18,Ryan Fraser,Bournemouth,Midfielder,2003,5,3,0,0,2,413.0,646.6,492.8
2017-18,Callum Wilson,Bournemouth,Forward,1981,8,2,0,0,6,799.0,288.4,392.2
2017-18,Benik Afobe,Bournemouth,Forward,534,0,1,0,0,0,219.0,62.6,33.8
2017-18,Lys Mousset,Bournemouth,Forward,581,2,0,1,0,1,252.0,69.5,120.4
2017-18,Joshua King,Bournemouth,Forward,2450,8,4,3,0,7,902.0,556.7,577.0
2017-18,Jermain Defoe,Bournemouth,Forward,1075,4,2,1,0,2,539.0,144.9,209.4
2017-18,Aaron Ramsdale,Bournemouth,Goalkeeper,0,0,0,0,0,0,0.0,0.0,0.0
2017-18,Jack Simpson,Bournemouth,Defender,71,0,0,0,0,0,0.0,0.0,6.2
2017-18,Emerson Hyndman,Bournemouth,Midfielder,58,0,0,0,0,0,0.0,12.5,5.0
2017-18,Connor Mahoney,Bournemouth,Midfielder,0,0,0,0,0,0,0.0,0.0,0.0
2017-18,Matt Butcher,Bournemouth,Midfielder,0,0,0,0,0,0,0.0,0.0,0.0
2017-18,Kyle Taylor,Bournemouth,Midfielder,0,0,0,0,0,0,0.0,0.0,0.0
2017-18,Niki Mäenpää,Brighton,Goalkeeper,0,0,0,0,0,0,0.0,0.0,0.0
2017-18,Mathew Ryan,Brighton,Goalkeeper,3420,0,0,0,0,10,0.0,0.0,911.6
2017-18,Lewis Dunk,Brighton,Defender,3420,1,1,7,0,10,425.0,147.8,1002.8
2017-18,Shane Duffy,Brighton,Defender,3292,0,2,8,0,10,361.0,98.9,1027.6
2017-18,Uwe Hünemeier,Brighton,Defender,17,0,0,0,0,0,2.0,0.3,7.0
2017-18,Bruno Saltor Grau,Brighton,Defender,2014,0,0,3,0,10,35.0,174.1,360.4
2017-18,Gaëtan Bong,Brighton,Defender,2237,0,0,2,0,6,18.0,154.6,346.2
2017-18,Liam Rosenior,Brighton,Defender,163,0,0,0,0,0,2.0,4.7,28.8
2017-18,Connor Goldson,Brighton,Defender,199,0,0,1,0,1,55.0,3.5,40.4
2017-18,Anthony Knockaert,Brighton,Midfielder,2415,3,1,4,1,11,530.0,557.2,404.0
2017-18,Dale Stephens,Brighton,Midfielder,3240,0,3,6,0,10,176.0,272.5,625.8
2017-18,Beram Kayal,Brighton,Midfielder,735,0,0,2,0,1,48.0,137.0,111.2
2017-18,Steve Sidwell,Brighton,Midfielder,0,0,0,0,0,0,0.0,0.0,0.0
2017-18,Solomon March,Brighton,Midfielder,1838,1,3,3,0,6,316.0,320.9,357.4
2017-18,Jiri Skalak,Brighton,Midfielder,0,0,0,0,0,0,0.0,0.0,0.0
2017-18,Oliver Norwood,Brighton,Midfielder,0,0,0,0,0,0,0.0,0.0,0.0
2017-18,Jamie Murphy,Brighton,Midfielder,166,0,0,0,0,0,24.0,15.5,11.8
2017-18,Pascal Groß,Brighton,Midfielder,2928,7,8,2,0,10,527.0,1311.0,735.4
2017-18,Glenn Murray,Brighton,Forward,2184,12,0,9,0,8,779.0,271.8,492.4
2017-18,Tomer Hemed,Brighton,Forward,842,2,2,0,0,3,227.0,66.1,152.0
2017-18,Sam Baldock,Brighton,Forward,30,0,0,0,0,0,6.0,0.8,0.4
2017-18,Leonardo Ulloa,Brighton,Forward,279,1,0,0,0,1,66.0,94.2,68.0
2017-18,Markus Suttner,Brighton,Defender,1178,0,0,0,0,4,17.0,105.6,187.4
2017-18,Isaiah Brown,Brighton,Midfielder,302,0,0,0,0,0,25.0,86.2,33.2
2017-18,Davy Pröpper,Brighton,Midfielder,3118,0,4,2,1,9,255.0,297.1,535.8
2017-18,José Heriberto Izquierdo Mena,Brighton,Midfielder,1976,5,5,2,0,5,618.0,311.3,385.4
2017-18,Ezequiel Schelotto,Brighton,Defender,1313,0,0,3,0,0,73.0,99.2,210.0
2017-18,Tim Krul,Brighton,Goalkeeper,0,0,0,0,0,0,0.0,0.0,0.0
2017-18,Jayson Molumby,Brighton,Midfielder,0,0,0,0,0,0,0.0,0.0,0.0
2017-18,Jürgen Locadia,Brighton,Forward,221,1,1,0,0,1,89.0,24.6,50.4
2017-18,Tom Heaton,Burnley,Goalkeeper,305,0,0,0,0,0,0.0,0.0,53.4
2017-18,Paul Robinson,Burnley,Goalkeeper,0,0,0,0,0,0,0.0,0.0,0.0
2017-18,Matthew Lowton,Burnley,Defender,2295,0,3,1,0,8,46.0,264.9,574.6
2017-18,Ben Mee,Burnley,Defender,2610,0,0,5,0,9,349.0,74.5,748.6
2017-18,Stephen Ward,Burnley,Defender,2460,1,1,1,0,9,82.0,270.9,498.4
2017-18,James Tarkowski,Burnley,Defender,2790,0,1,5,0,11,253.0,98.4,822.0
2017-18,Kevin Long,Burnley,Defender,1440,1,2,1,0,4,220.0,64.8,460.0
2017-18,Charlie Taylor,Burnley,Defender,949,0,0,3,0,2,4.0,86.8,184.2
2017-18,Scott Arfield,Burnley,Midfielder,1330,2,2,3,0,6,246.0,120.2,233.2
2017-18,Dean Marney,Burnley,Midfielder,0,0,0,0,0,0,0.0,0.0,0.0
2017-18,Johann Berg Gudmundsson,Burnley,Midfielder,2831,2,9,2,0,10,539.0,1052.0,599.0
2017-18,Steven Defour,Burnley,Midfielder,1998,1,1,6,0,12,117.0,310.8,353.8
2017-18,Jeff Hendrick,Burnley,Midfielder,2326,2,2,1,0,9,335.0,408.2,265.6
2017-18,Robbie Brady,Burnley,Midfielder,1277,1,4,3,0,6,221.0,477.9,273.8
2017-18,Ashley Westwood,Burnley,Midfielder,1105,0,1,2,0,2,90.0,134.8,182.4
2017-18,Jonathan Walters,Burnley,Midfielder,36,0,0,0,0,0,12.0,0.7,1.2
2017-18,Jack Cork,Burnley,Midfielder,3420,2,1,7,0,12,265.0,332.8,589.6
2017-18,Sam Vokes,Burnley,Forward,977,4,2,3,0,2,384.0,128.0,208.4
2017-18,Ashley Barnes,Burnley,Forward,2150,9,0,10,0,5,797.0,274.8,407.2
2017-18,Aaron Lennon,Burnley,Midfielder,1906,0,4,2,0,6,297.0,203.2,232.2
2017-18,Nahki Wells,Burnley,Forward,46,0,0,0,0,0,37.0,3.5,7.2
2017-18,Phil Bardsley,Burnley,Defender,1125,0,0,5,0,4,35.0,117.5,229.4
2017-18,Georges-Kévin Nkoudou,Burnley,Midfielder,223,0,0,1,0,1,41.0,49.3,26.0
2017-18,Nick Pope,Burnley,Goalkeeper,3114,0,0,3,0,11,0.0,40.0,862.4
2017-18,Chris Wood,Burnley,Forward,1621,10,1,1,0,10,692.0,203.5,442.0
2017-18,Adam Legzdins,Burnley,Goalkeeper,0,0,0,0,0,0,0.0,0.0,0.0
2017-18,Anders Lindegaard,Burnley,Goalkeeper,0,0,0,0,0,0,0.0,0.0,0.0
2017-18,Fredrik Ulvestad,Burnley,Midfielder,0,0,0,0,0,0,0.0,0.0,0.0
2017-18,Aiden O'Neill,Burnley,Midfielder,0,0,0,0,0,0,0.0,0.0,0.0
2017-18,Dwight McNeil,Burnley,Forward,1,0,0,0,0,0,0.0,0.0,0.0
2017-18,Olivier Giroud,Chelsea,Forward,981,7,1,0,0,5,673.0,311.1,307.0
2017-18,Thibaut Courtois,Chelsea,Goalkeeper,3150,0,0,2,0,15,0.0,0.0,549.0
2017-18,Eduardo dos Reis Carvalho,Chelsea,Goalkeeper,0,0,0,0,0,0,0.0,0.0,0.0
2017-18,Willy Caballero,Chelsea,Goalkeeper,270,0,0,0,0,1,0.0,0.0,55.2
2017-18,César Azpilicueta,Chelsea,Defender,3330,2,6,1,0,15,168.0,535.7,967.4
2017-18,Gary Cahill,Chelsea,Defender,2082,0,0,1,1,9,99.0,55.6,496.6
2017-18,Marcos Alonso,Chelsea,Defender,2855,7,2,6,0,13,822.0,549.6,697.8
2017-18,David Luiz Moreira Marinho,Chelsea,Defender,838,1,2,3,1,3,65.0,22.3,210.2
2017-18,Victor Moses,Chelsea,Defender,2109,3,6,3,0,11,482.0,358.1,417.0
2017-18,Antonio Rüdiger,Chelsea,Defender,2336,2,1,4,0,12,217.0,83.0,546.6
2017-18,Eden Hazard,Chelsea,Midfielder,2417,12,6,2,0,12,1115.0,1127.3,928.0
2017-18,Cesc Fàbregas,Chelsea,Midfielder,2300,2,4,4,1,11,485.0,1349.3,713.8
2017-18,Willian Borges Da Silva,Chelsea,Midfielder,1874,6,8,1,0,9,715.0,891.5,640.0
2017-18,Pedro Rodríguez Ledesma,Chelsea,Midfielder,1511,4,2,1,0,8,498.0,410.0,338.4
2017-18,N'Golo Kanté,Chelsea,Midfielder,2994,1,2,3,0,16,199.0,638.2,676.0
2017-18,Michy Batshuayi,Chelsea,Forward,351,2,1,0,0,1,123.0,39.0,99.4
2017-18,Diego Da Silva Costa,Chelsea,Forward,0,0,0,0,0,0,0.0,0.0,0.0
2017-18,Ross Barkley,Chelsea,Midfielder,129,0,0,0,0,0,45.0,34.7,21.0
2017-18,Kasey Palmer,Chelsea,Midfielder,168,0,0,2,0,1,27.0,25.6,20.0
2017-18,Daniel Drinkwater,Chelsea,Midfielder,520,1,0,0,0,1,54.0,88.1,116.4
2017-18,Tiemoué Bakayoko,Chelsea,Midfielder,2121,2,2,3,1,11,434.0,279.5,415.4
2017-18,Andreas Christensen,Chelsea,Defender,2067,0,0,0,0,8,109.0,66.5,466.6
2017-18,Charly Musonda,Chelsea,Midfielder,35,0,1,0,0,0,14.0,18.5,20.6
2017-18,Álvaro Morata,Chelsea,Forward,2055,11,6,7,0,11,1192.0,478.9,620.6
2017-18,Fikayo Tomori,Chelsea,Defender,0,0,0,0,0,0,0.0,0.0,0.0
2017-18,Kyle Scott,Chelsea,Midfielder,0,0,0,0,0,0,0.0,0.0,0.0
2017-18,Jeremie Boga,Chelsea,Midfielder,17,0,0,0,0,0,0.0,1.0,0.0
2017-18,Davide Zappacosta,Chelsea,Defender,1087,1,1,0,0,5,329.0,245.3,255.2
2017-18,Ethan Ampadu,Chelsea,Midfielder,10,0,0,0,0,0,0.0,0.0,7.4
2017-18,Callum Hudson-Odoi,Chelsea,Midfielder,27,0,0,0,0,0,27.0,1.7,8.8
2017-18,Dujon Sterling,Chelsea,Defender,0,0,0,0,0,0,0.0,0.0,0.0
2017-18,Emerson Palmieri dos Santos,Chelsea,Defender,278,0,1,0,0,1,48.0,28.7,61.8
2017-18,Trevoh Chalobah,Chelsea,Defender,0,0,0,0,0,0,0.0,0.0,0.0
2017-18,Ruben Loftus-Cheek,Crystal Palace,Midfielder,1871,2,5,1,0,6,487.0,377.0,379.2
2017-18,Wayne Hennessey,Crystal Palace,Goalkeeper,2430,0,0,1,0,7,0.0,10.0,603.8
2017-18,Julian Speroni,Crystal Palace,Goalkeeper,990,0,0,0,0,2,0.0,0.0,213.6
2017-18,James Tomkins,Crystal Palace,Defender,2386,3,0,8,0,9,309.0,22.4,712.6
2017-18,Scott Dann,Crystal Palace,Defender,1434,1,0,4,0,1,268.0,62.3,342.2
2017-18,Joel Ward,Crystal Palace,Defender,1613,0,1,4,0,4,58.0,163.5,340.6
2017-18,Martin Kelly,Crystal Palace,Defender,1193,0,0,1,0,4,84.0,25.7,222.6
2017-18,Damien Delaney,Crystal Palace,Defender,95,0,0,0,0,0,0.0,0.3,40.0
2017-18,Pape Souaré,Crystal Palace,Defender,8,0,0,0,0,0,0.0,1.1,0.2
2017-18,Jeffrey Schlupp,Crystal Palace,Defender,1742,0,2,3,0,3,155.0,189.7,339.6
2017-18,Patrick van Aanholt,Crystal Palace,Defender,2182,5,1,7,0,6,319.0,303.8,537.0
2017-18,Jason Puncheon,Crystal Palace,Midfielder,574,0,0,5,0,0,112.0,93.9,46.4
2017-18,Wilfried Zaha,Crystal Palace,Midfielder,2549,9,7,5,0,10,1125.0,716.9,668.0
2017-18,James McArthur,Crystal Palace,Midfielder,2425,5,2,5,0,7,566.0,333.0,490.6
2017-18,Chung-yong Lee,Crystal Palace,Midfielder,131,0,0,0,0,0,10.0,32.0,4.4
2017-18,Yohan Cabaye,Crystal Palace,Midfielder,2374,0,4,7,0,8,348.0,754.0,431.2
2017-18,Bakary Sako,Crystal Palace,Midfielder,466,3,0,0,0,1,227.0,103.1,143.2
2017-18,Andros Townsend,Crystal Palace,Midfielder,3120,2,9,3,0,9,587.0,1012.1,626.0
2017-18,Luka Milivojevic,Crystal Palace,Midfielder,3079,10,2,8,0,8,432.0,379.0,873.8
2017-18,Connor Wickham,Crystal Palace,Forward,0,0,0,0,0,0,0.0,0.0,0.0
2017-18,Christian Benteke,Crystal Palace,Forward,2234,3,7,6,0,6,845.0,406.7,325.2
2017-18,Mamadou Sakho,Crystal Palace,Defender,1597,1,2,1,0,6,77.0,30.7,426.2
2017-18,Timothy Fosu-Mensah,Crystal Palace,Defender,1592,0,0,2,0,2,43.0,103.7,326.6
2017-18,Jairo Riedewald,Crystal Palace,Defender,435,0,0,0,0,2,12.0,21.5,74.4
2017-18,Jason Lokilo,Crystal Palace,Midfielder,0,0,0,0,0,0,0.0,0.0,0.0
2017-18,Olayinka Fredrick Oladotun Ladapo,Crystal Palace,Forward,16,0,0,0,0,0,0.0,1.1,0.4
2017-18,Sullay Kaikai,Crystal Palace,Midfielder,13,0,0,0,0,0,0.0,0.3,5.2
2017-18,Keshi Anderson,Crystal Palace,Forward,0,0,0,0,0,0,0.0,0.0,0.0
2017-18,Levi Lumeka,Crystal Palace,Midfielder,25,0,0,0,0,0,18.0,0.5,4.2
2017-18,Jordon Mutch,Crystal Palace,Midfielder,0,0,0,0,0,0,0.0,0.0,0.0
2017-18,Dion Henry,Crystal Palace,Goalkeeper,0,0,0,0,0,0,0.0,0.0,0.0
2017-18,Aaron Wan-Bissaka,Crystal Palace,Midfielder,627,0,0,1,0,2,2.0,60.0,207.2
2017-18,Jaroslaw Jach,Crystal Palace,Defender,0,0,0,0,0,0,0.0,0.0,0.0
2017-18,Erdal Rakip,Crystal Palace,Midfielder,0,0,0,0,0,0,0.0,0.0,0.0
2017-18,Alexander Sørloth,Crystal Palace,Forward,360,0,0,0,0,0,102.0,74.0,48.6
2017-18,Nya Kirby,Crystal Palace,Midfielder,0,0,0,0,0,0,0.0,0.0,0.0
2017-18,Diego Cavalieri,Crystal Palace,Goalkeeper,0,0,0,0,0,0,0.0,0.0,0.0
2017-18,James Daly,Crystal Palace,Forward,0,0,0,0,0,0,0.0,0.0,0.0
2017-18,Theo Walcott,Everton,Midfielder,1214,3,3,2,0,4,406.0,234.9,316.6
2017-18,Jordan Pickford,Everton,Goalkeeper,3420,0,0,0,0,10,4.0,30.1,873.6
2017-18,Joel Robles,Everton,Goalkeeper,0,0,0,0,0,0,0.0,0.0,0.0
2017-18,Maarten Stekelenburg,Everton,Goalkeeper,0,0,0,0,0,0,0.0,0.0,0.0
2017-18,Leighton Baines,Everton,Defender,1909,2,3,1,0,5,102.0,373.5,407.4
2017-18,Seamus Coleman,Everton,Defender,1035,0,1,0,0,4,69.0,113.7,227.6
2017-18,Phil Jagielka,Everton,Defender,2063,0,0,2,0,6,108.0,24.1,529.2
2017-18,Matthew Pennington,Everton,Defender,0,0,0,0,0,0,0.0,0.0,0.0
2017-18,Ramiro Funes Mori,Everton,Defender,119,0,0,1,0,0,6.0,0.9,29.2
2017-18,Ashley Williams,Everton,Defender,1830,1,0,3,1,5,132.0,39.0,518.0
2017-18,Mason Holgate,Everton,Defender,1183,0,0,3,0,4,105.0,93.9,285.8
2017-18,Jonjoe Kenny,Everton,Defender,1589,0,2,2,0,5,47.0,184.5,362.4
2017-18,Michael Keane,Everton,Defender,2559,0,1,3,0,7,124.0,58.4,703.4
2017-18,Yannick Bolasie,Everton,Midfielder,848,1,1,0,0,3,204.0,109.0,98.6
2017-18,Kevin Mirallas,Everton,Midfielder,135,0,0,1,0,0,42.0,20.2,16.4
2017-18,James McCarthy,Everton,Midfielder,204,0,0,0,0,0,4.0,19.3,33.8
2017-18,Muhamed Besic,Everton,Midfielder,46,0,0,0,0,0,0.0,11.5,18.2
2017-18,Morgan Schneiderlin,Everton,Midfielder,2124,0,0,4,1,6,52.0,159.2,361.2
2017-18,Idrissa Gueye,Everton,Midfielder,2749,2,2,6,1,9,166.0,303.6,577.0
2017-18,Tom Davies,Everton,Midfielder,1892,2,2,7,0,6,218.0,207.2,242.8
2017-18,Ademola Lookman,Everton,Midfielder,153,0,1,0,0,0,43.0,20.5,12.0
2017-18,Davy Klaassen,Everton,Midfielder,248,0,0,0,0,0,28.0,33.7,23.0
2017-18,Dominic Calvert-Lewin,Everton,Forward,1871,4,8,4,0,6,630.0,322.6,354.0
2017-18,Sandro Ramírez,Everton,Forward,275,0,0,0,0,1,67.0,28.3,8.8
2017-18,Wayne Rooney,Everton,Forward,2265,10,3,5,0,7,467.0,573.7,585.0
2017-18,Gylfi Sigurdsson,Everton,Midfielder,2257,4,4,2,0,6,437.0,614.9,485.6
2017-18,Cuco Martina,Everton,Defender,1830,0,2,2,0,5,39.0,238.8,468.8
2017-18,Eliaquim Mangala,Everton,Defender,617,0,0,0,0,2,32.0,19.9,113.8
2017-18,Nikola Vlasic,Everton,Midfielder,572,0,0,0,0,1,85.0,159.1,91.8
2017-18,Oumar Niasse,Everton,Forward,1076,8,3,2,0,0,634.0,159.2,370.6
2017-18,Beni Baningime,Everton,Midfielder,192,0,0,1,0,0,0.0,3.8,9.4
2017-18,Cenk Tosun,Everton,Forward,984,5,0,0,0,4,304.0,226.4,232.4
2017-18,Luke Garbutt,Everton,Defender,0,0,0,0,0,0,0.0,0.0,0.0
2017-18,Joel Coleman,Huddersfield,Goalkeeper,0,0,0,0,0,0,0.0,0.0,0.0
2017-18,Jonas Lössl,Huddersfield,Goalkeeper,3420,0,1,1,0,10,0.0,30.0,846.8
2017-18,Christopher Schindler,Huddersfield,Defender,3264,0,2,6,1,9,149.0,107.1,928.0
2017-18,Chris Löwe,Huddersfield,Defender,1585,0,0,1,0,7,39.0,125.5,266.0
2017-18,Tommy Smith,Huddersfield,Defender,1902,0,1,7,0,5,50.0,251.6,322.0
2017-18,Michael Hefele,Huddersfield,Defender,32,0,0,1,0,0,0.0,0.1,4.0
2017-18,Martin Cranie,Huddersfield,Defender,179,0,0,0,0,0,2.0,1.7,44.0
2017-18,Jon Gorenc Stankovic,Huddersfield,Defender,0,0,0,0,0,0,0.0,0.0,0.0
2017-18,Mark Hudson,Huddersfield,Defender,0,0,0,0,0,0,0.0,0.0,0.0
2017-18,Mathias Jorgensen,Huddersfield,Defender,3420,0,3,6,0,10,169.0,123.6,768.6
2017-18,Aaron Mooy,Huddersfield,Midfielder,3066,4,3,4,0,10,350.0,848.8,753.2
2017-18,Rajiv van La Parra,Huddersfield,Midfielder,2131,3,0,3,1,6,544.0,261.6,322.6
2017-18,Jonathan Hogg,Huddersfield,Midfielder,2396,0,0,8,1,7,61.0,172.8,475.0
2017-18,Philip Billing,Huddersfield,Midfielder,755,0,0,3,0,3,26.0,58.6,111.4
2017-18,Joe Lolley,Huddersfield,Midfielder,217,1,0,1,0,0,47.0,20.0,50.6
2017-18,Jack Payne,Huddersfield,Midfielder,0,0,0,0,0,0,0.0,0.0,0.0
2017-18,Dean Whitehead,Huddersfield,Midfielder,68,0,0,0,0,0,0.0,1.1,6.6
2017-18,Harry Bunn,Huddersfield,Midfielder,0,0,0,0,0,0,0.0,0.0,0.0
2017-18,Sean Scannell,Huddersfield,Midfielder,0,0,0,0,0,0,0.0,0.0,0.0
2017-18,Elias Kachunga,Huddersfield,Midfielder,1327,1,1,1,0,6,246.0,152.1,151.0
2017-18,Tom Ince,Huddersfield,Midfielder,2450,2,1,0,0,7,794.0,331.3,253.0
2017-18,Danny Williams,Huddersfield,Midfielder,1115,0,0,2,0,0,56.0,83.0,131.4
2017-18,Collin Quaner,Huddersfield,Forward,1268,0,4,4,0,3,283.0,255.7,209.0
2017-18,Laurent Depoitre,Huddersfield,Forward,1807,6,2,1,0,4,451.0,191.4,352.0
2017-18,Steve Mounie,Huddersfield,Forward,1849,7,2,2,0,6,600.0,270.7,377.0
2017-18,Scott Malone,Huddersfield,Defender,1110,0,1,3,0,3,97.0,146.8,221.6
2017-18,Florent Hadergjonaj,Huddersfield,Defender,1670,0,1,3,0,4,95.0,381.8,310.0
2017-18,Abdelhamid Sabiri,Huddersfield,Midfielder,217,0,1,1,0,1,53.0,40.6,30.8
2017-18,Robert Green,Huddersfield,Goalkeeper,0,0,0,0,0,0,0.0,0.0,0.0
2017-18,Terence Kongolo,Huddersfield,Defender,1047,0,0,0,0,2,47.0,52.2,268.0
2017-18,Alex Pritchard,Huddersfield,Midfielder,997,1,2,1,0,3,213.0,300.3,173.6
2017-18,Kasper Schmeichel,Leicester,Goalkeeper,2965,0,0,3,0,8,0.0,11.1,687.2
2017-18,Ben Hamer,Leicester,Goalkeeper,274,0,0,0,0,1,0.0,0.0,51.8
2017-18,Wes Morgan,Leicester,Defender,2817,0,0,4,0,5,158.0,62.0,530.0
2017-18,Christian Fuchs,Leicester,Defender,1917,0,1,1,0,4,55.0,282.2,396.6
2017-18,Danny Simpson,Leicester,Defender,2306,0,0,4,0,5,42.0,121.2,444.2
2017-18,Robert Huth,Leicester,Defender,0,0,0,0,0,0,0.0,0.0,0.0
2017-18,Yohan Benalouane,Leicester,Defender,90,0,0,0,0,0,18.0,1.3,24.8
2017-18,Benjamin Chilwell,Leicester,Defender,1848,0,2,1,1,6,63.0,332.1,382.8
2017-18,Harry Maguire,Leicester,Defender,3420,2,4,7,0,9,478.0,254.3,955.8
2017-18,Riyad Mahrez,Leicester,Midfielder,2948,12,13,2,0,9,932.0,924.0,966.0
2017-18,Marc Albrighton,Leicester,Midfielder,2533,2,8,5,1,8,300.0,718.3,580.0
2017-18,Demarai Gray,Leicester,Midfielder,1683,3,3,2,0,4,461.0,412.8,290.6
2017-18,Daniel Amartey,Leicester,Midfielder,486,0,0,0,1,3,0.0,10.3,81.2
2017-18,Nampalys Mendy,Leicester,Midfielder,0,0,0,0,0,0,0.0,0.0,0.0
2017-18,Wilfred Ndidi,Leicester,Midfielder,2896,0,4,6,2,9,299.0,230.7,640.4
2017-18,Ahmed Musa,Leicester,Midfielder,0,0,0,0,0,0,0.0,0.0,0.0
2017-18,Vicente Iborra,Leicester,Midfielder,1411,3,0,0,0,3,150.0,131.6,341.6
2017-18,Jamie Vardy,Leicester,Forward,3248,20,2,3,0,8,1222.0,439.9,822.8
2017-18,Shinji Okazaki,Leicester,Forward,1314,6,3,2,0,5,508.0,228.1,347.6
2017-18,Kelechi Iheanacho,Leicester,Forward,818,3,4,2,0,1,350.0,185.6,214.2
2017-18,Eldin Jakupovic,Leicester,Goalkeeper,180,0,0,0,0,0,0.0,0.0,67.8
2017-18,Matty James,Leicester,Midfielder,991,0,0,2,0,4,145.0,52.7,114.6
2017-18,Aleksandar Dragovic,Leicester,Defender,766,0,0,2,0,4,35.0,3.6,177.8
2017-18,Hamza Choudhury,Leicester,Midfielder,375,0,1,1,0,0,16.0,20.2,68.0
2017-18,George Thomas,Leicester,Midfielder,0,0,0,0,0,0,0.0,0.0,0.0
2017-18,Adrien Sebastian Perruchet Silva,Leicester,Midfielder,760,0,2,3,0,1,65.0,120.0,133.2
2017-18,Fousseni Diabaté,Leicester,Forward,579,0,1,1,0,0,67.0,130.8,98.6
2017-18,Harvey Barnes,Leicester,Midfielder,8,0,0,0,0,0,6.0,1.0,0.2
2017-18,Sam Hughes,Leicester,Defender,0,0,0,0,0,0,0.0,0.0,0.0
2017-18,Layton Ndukwu,Leicester,Defender,0,0,0,0,0,0,0.0,0.0,0.0
2017-18,Alex Oxlade-Chamberlain,Liverpool,Midfielder,1718,3,7,3,0,5,494.0,625.1,548.0
2017-18,Simon Mignolet,Liverpool,Goalkeeper,1710,0,0,3,0,7,0.0,0.0,281.0
2017-18,Loris Karius,Liverpool,Goalkeeper,1710,0,0,1,0,10,0.0,0.0,280.6
2017-18,Dejan Lovren,Liverpool,Defender,2124,2,1,4,0,11,242.0,104.5,656.4
2017-18,Alberto Moreno,Liverpool,Defender,1264,0,1,1,0,6,106.0,250.1,261.8
2017-18,Nathaniel Clyne,Liverpool,Defender,173,0,0,1,0,1,41.0,23.8,21.8
2017-18,Joseph Gomez,Liverpool,Defender,1901,0,2,3,0,9,46.0,285.6,437.4
2017-18,Joel Matip,Liverpool,Defender,1995,1,0,3,0,9,140.0,96.1,544.8
2017-18,Ragnar Klavan,Liverpool,Defender,1449,1,0,0,0,8,43.0,65.0,357.2
2017-18,James Milner,Liverpool,Defender,1759,0,3,3,0,6,272.0,615.5,437.2
2017-18,Trent Alexander-Arnold,Liverpool,Defender,1573,1,2,3,0,8,142.0,399.2,358.2
2017-18,Leiva Lucas,Liverpool,Midfielder,0,0,0,0,0,0,0.0,0.0,0.0
2017-18,Jordan Henderson,Liverpool,Midfielder,2169,1,1,1,0,14,110.0,448.8,417.0
2017-18,Philippe Coutinho,Liverpool,Midfielder,1109,7,7,0,0,5,519.0,624.4,550.4
2017-18,Emre Can,Liverpool,Midfielder,2089,3,6,8,0,8,231.0,426.4,546.4
2017-18,Adam Lallana,Liverpool,Midfielder,234,0,0,1,0,1,128.0,113.4,32.6
2017-18,Oluwaseyi Ojo,Liverpool,Midfielder,0,0,0,0,0,0,0.0,0.0,0.0
2017-18,Sadio Mané,Liverpool,Midfielder,2189,10,8,3,1,15,964.0,739.1,677.4
2017-18,Marko Grujic,Liverpool,Midfielder,14,0,0,0,0,0,0.0,11.7,7.4
2017-18,Georginio Wijnaldum,Liverpool,Midfielder,2381,1,2,1,0,15,399.0,356.2,341.8
2017-18,Ben Woodburn,Liverpool,Midfielder,6,0,0,0,0,0,2.0,2.3,0.4
2017-18,Mohamed Salah,Liverpool,Midfielder,2905,32,12,1,0,15,2109.0,942.5,1496.2
2017-18,Roberto Firmino,Liverpool,Forward,2760,15,8,1,0,16,1341.0,834.5,951.0
2017-18,Danny Ings,Liverpool,Forward,262,1,1,0,0,3,143.0,42.0,57.8
2017-18,Divock Origi,Liverpool,Forward,9,0,0,0,0,0,0.0,0.0,0.0
2017-18,Dominic Solanke,Liverpool,Forward,581,1,2,0,0,3,350.0,199.4,123.8
2017-18,Virgil van Dijk,Liverpool,Defender,2253,0,0,1,0,8,277.0,122.6,601.0
2017-18,Andrew Robertson,Liverpool,Defender,1940,1,5,2,0,10,174.0,414.5,424.0
2017-18,Jon Flanagan,Liverpool,Defender,0,0,0,0,0,0,0.0,0.0,0.0
2017-18,Danny Ward,Liverpool,Goalkeeper,0,0,0,0,0,0,0.0,0.0,0.0
2017-18,Conor Masterson,Liverpool,Defender,0,0,0,0,0,0,0.0,0.0,0.0
2017-18,Curtis Jones,Liverpool,Midfielder,0,0,0,0,0,0,0.0,0.0,0.0
2017-18,Rafael Camacho,Liverpool,Midfielder,0,0,0,0,0,0,0.0,0.0,0.0
2017-18,Ederson Santana de Moraes,Man City,Goalkeeper,3195,0,0,1,0,16,0.0,10.0,546.2
2017-18,Claudio Bravo,Man City,Goalkeeper,224,0,0,0,0,1,0.0,0.0,45.2
2017-18,John Stones,Man City,Defender,1301,0,0,0,0,9,120.0,26.3,283.4
2017-18,Aleksandar Kolarov,Man City,Defender,0,0,0,0,0,0,0.0,0.0,0.0
2017-18,Vincent Kompany,Man City,Defender,1394,1,1,6,0,6,116.0,76.5,399.6
2017-18,Nicolás Otamendi,Man City,Defender,2966,4,0,9,0,15,363.0,224.6,846.6
2017-18,Fabian Delph,Man City,Midfielder,1740,1,2,2,0,6,62.0,263.7,369.2
2017-18,Raheem Sterling,Man City,Midfielder,2584,18,17,3,1,13,1488.0,838.2,969.8
2017-18,David Silva,Man City,Midfielder,2431,9,11,5,0,14,867.0,1118.5,875.8
2017-18,Gnegneri Yaya Touré,Man City,Midfielder,227,0,2,1,0,0,72.0,122.6,105.0
2017-18,Fernando Luiz Rosa,Man City,Midfielder,2880,5,4,7,0,15,411.0,511.9,800.2
2017-18,Fernando Francisco Reges,Man City,Midfielder,0,0,0,0,0,0,0.0,0.0,0.0
2017-18,Kevin De Bruyne,Man City,Midfielder,3073,8,18,2,0,19,797.0,1744.2,1146.6
2017-18,Ilkay Gündogan,Man City,Midfielder,1504,4,2,3,0,6,408.0,406.4,381.4
2017-18,Manuel Agudo Durán,Man City,Midfielder,0,0,0,0,0,0,0.0,0.0,0.0
2017-18,Leroy Sané,Man City,Midfielder,2415,10,15,4,0,12,1013.0,891.3,842.4
2017-18,Bernardo Mota Veiga de Carvalho e Silva,Man City,Midfielder,1514,6,5,0,0,9,464.0,508.7,475.6
2017-18,Sergio Agüero,Man City,Forward,1960,21,6,2,0,13,1484.0,570.8,966.4
2017-18,Gabriel Fernando de Jesus,Man City,Forward,1660,13,7,6,0,9,1089.0,360.3,603.6
2017-18,Kyle Walker,Man City,Defender,2784,0,6,2,1,15,117.0,511.4,542.4
2017-18,Danilo Luiz da Silva,Man City,Defender,1340,3,2,2,0,9,176.0,158.1,376.0
2017-18,Benjamin Mendy,Man City,Defender,360,0,1,2,0,2,48.0,139.3,84.2
2017-18,Phil Foden,Man City,Midfielder,45,0,1,0,0,0,10.0,32.1,29.2
2017-18,Brahim Diaz,Man City,Midfielder,50,0,0,0,0,0,53.0,5.6,6.8
2017-18,Oleksandr Zinchenko,Man City,Midfielder,530,0,0,1,0,3,21.0,145.9,116.4
2017-18,Oluwatosin Adarabioyo,Man City,Defender,0,0,0,0,0,0,0.0,0.0,0.0
2017-18,Aymeric Laporte,Man City,Defender,806,0,0,1,0,4,34.0,52.8,165.8
2017-18,Lukas Nmecha,Man City,Forward,14,0,0,0,0,0,0.0,3.1,0.0
2017-18,Alexis Sánchez,Man United,Midfielder,2546,9,10,5,0,11,1281.0,1155.2,823.2
2017-18,Nemanja Matic,Man United,Midfielder,3117,1,1,6,0,16,168.0,427.9,681.4
2017-18,David De Gea,Man United,Goalkeeper,3330,0,0,0,0,18,0.0,10.0,821.2
2017-18,Sergio Romero,Man United,Goalkeeper,90,0,0,0,0,1,0.0,0.0,26.4
2017-18,Joel Dinis Castro Pereira,Man United,Goalkeeper,0,0,0,0,0,0,0.0,0.0,0.0
2017-18,Chris Smalling,Man United,Defender,2535,4,0,4,0,11,230.0,35.3,743.8
2017-18,Phil Jones,Man United,Defender,1973,0,0,2,0,15,12.0,36.6,486.4
2017-18,Luke Shaw,Man United,Defender,787,0,0,2,0,7,144.0,127.0,142.6
2017-18,Marcos Rojo,Man United,Defender,639,0,0,6,0,3,47.0,26.0,151.4
2017-18,Antonio Valencia,Man United,Defender,2741,3,1,7,0,16,259.0,438.5,559.2
2017-18,Matteo Darmian,Man United,Defender,443,0,0,0,0,3,6.0,25.3,95.0
2017-18,Daley Blind,Man United,Defender,360,0,0,0,0,4,15.0,93.0,65.8
2017-18,Eric Bailly,Man United,Defender,1000,1,0,2,0,7,79.0,28.4,222.0
2017-18,Axel Tuanzebe,Man United,Defender,1,0,0,0,0,0,0.0,0.0,0.0
2017-18,Victor Lindelöf,Man United,Defender,1284,0,0,1,0,5,8.0,37.7,272.8
2017-18,Juan Mata,Man United,Midfielder,1919,3,5,1,0,15,453.0,849.9,422.8
2017-18,Marouane Fellaini,Man United,Midfielder,611,4,0,1,0,4,264.0,88.2,246.0
2017-18,Michael Carrick,Man United,Midfielder,108,0,0,0,0,1,41.0,13.7,23.2
2017-18,Ashley Young,Man United,Midfielder,2444,2,6,7,0,9,213.0,502.3,601.2
2017-18,Ander Herrera,Man United,Midfielder,1257,0,2,5,0,5,101.0,229.4,294.4
2017-18,Jesse Lingard,Man United,Midfielder,1807,8,6,2,0,9,711.0,519.1,526.6
2017-18,Anthony Martial,Man United,Midfielder,1572,9,6,1,0,9,748.0,509.3,535.4
2017-18,Paul Pogba,Man United,Midfielder,2145,6,13,5,1,11,780.0,663.5,710.8
2017-18,Scott McTominay,Man United,Midfielder,629,0,0,2,0,4,11.0,53.6,78.2
2017-18,Marcus Rashford,Man United,Forward,1799,7,5,3,0,10,838.0,412.1,470.8
2017-18,Romelu Lukaku,Man United,Forward,2866,16,7,4,0,14,1334.0,572.4,831.0
2017-18,Andreas Pereira,Man United,Midfielder,0,0,0,0,0,0,0.0,0.0,0.0
2017-18,Zlatan Ibrahimovic,Man United,Forward,102,0,0,0,0,0,68.0,43.5,14.8
2017-18,Robert Kenedy Nunes do Nascimento,Newcastle,Midfielder,1023,2,2,1,0,6,253.0,224.1,236.4
2017-18,Islam Slimani,Newcastle,Forward,369,1,1,1,0,1,115.0,100.8,83.2
2017-18,Robert Elliot,Newcastle,Goalkeeper,1440,0,0,0,0,3,0.0,0.0,364.2
2017-18,Karl Darlow,Newcastle,Goalkeeper,900,0,0,0,0,2,0.0,0.0,258.8
2017-18,DeAndre Yedlin,Newcastle,Defender,2842,0,2,5,0,7,63.0,340.7,494.4
2017-18,Ciaran Clark,Newcastle,Defender,1745,2,1,3,0,4,190.0,50.8,433.6
2017-18,Jamaal Lascelles,Newcastle,Defender,2927,3,0,5,0,9,234.0,77.2,800.0
2017-18,Paul Dummett,Newcastle,Defender,1602,0,0,1,0,5,58.0,97.8,333.6
2017-18,Grant Hanley,Newcastle,Defender,0,0,0,0,0,0,0.0,0.0,0.0
2017-18,Jesús Gámez Duarte,Newcastle,Defender,97,0,0,0,0,1,4.0,47.6,32.2
2017-18,Florian Lejeune,Newcastle,Defender,2103,0,2,3,0,5,139.0,92.3,557.0
2017-18,Matt Ritchie,Newcastle,Midfielder,2802,3,7,6,0,9,520.0,844.4,561.2
2017-18,Jonjo Shelvey,Newcastle,Midfielder,2264,1,4,2,2,6,243.0,639.9,442.6
2017-18,Yoan Gouffran,Newcastle,Midfielder,0,0,0,0,0,0,0.0,0.0,0.0
2017-18,Mohamed Diamé,Newcastle,Midfielder,2034,2,0,3,0,6,203.0,214.2,431.8
2017-18,Jack Colback,Newcastle,Midfielder,0,0,0,0,0,0,0.0,0.0,0.0
2017-18,Christian Atsu,Newcastle,Midfielder,1776,2,4,1,0,6,480.0,340.6,308.8
2017-18,Dwight Gayle,Newcastle,Forward,1946,6,3,3,0,6,808.0,333.6,352.0
2017-18,Ayoze Pérez,Newcastle,Forward,2486,8,6,3,0,8,809.0,539.0,571.8
2017-18,Aleksandar Mitrovic,Newcastle,Forward,89,1,0,0,0,0,73.0,44.7,48.2
2017-18,Daryl Murphy,Newcastle,Forward,0,0,0,0,0,0,0.0,0.0,0.0
2017-18,Massadio Haidara,Newcastle,Defender,3,0,0,0,0,0,0.0,0.0,0.0
2017-18,Siem de Jong,Newcastle,Midfielder,0,0,0,0,0,0,0.0,0.0,0.0
2017-18,Rolando Aarons,Newcastle,Midfielder,136,0,0,0,0,0,25.0,8.1,12.0
2017-18,Javier Manquillo,Newcastle,Defender,1757,0,1,2,0,4,26.0,164.8,266.0
2017-18,Jacob Murphy,Newcastle,Midfielder,1137,1,2,0,0,2,227.0,159.7,161.8
2017-18,Jose Luis Mato Sanmartín,Newcastle,Forward,1703,4,1,2,0,5,526.0,254.8,291.2
2017-18,Chancel Mbemba,Newcastle,Defender,670,0,0,0,0,1,6.0,67.1,158.2
2017-18,Mikel Merino,Newcastle,Midfielder,1337,1,1,4,0,3,156.0,236.7,374.8
2017-18,Isaac Hayden,Newcastle,Midfielder,1365,1,0,7,0,3,144.0,164.7,273.6
2017-18,Henri Saivet,Newcastle,Midfielder,83,1,0,0,0,0,7.0,0.8,49.8
2017-18,Freddie Woodman,Newcastle,Goalkeeper,0,0,0,0,0,0,0.0,0.0,0.0
2017-18,Martin Dubravka,Newcastle,Goalkeeper,1080,0,0,0,0,4,0.0,0.0,234.6
2017-18,Alex McCarthy,Southampton,Goalkeeper,1620,0,0,2,0,4,0.0,0.0,280.8
2017-18,Fraser Forster,Southampton,Goalkeeper,1800,0,0,0,0,4,0.0,0.0,488.2
2017-18,Ryan Bertrand,Southampton,Defender,3135,0,5,2,0,8,286.0,589.1,515.2
2017-18,Maya Yoshida,Southampton,Defender,2049,2,1,2,1,6,236.0,67.0,525.2
2017-18,Matt Targett,Southampton,Defender,166,0,0,0,0,0,0.0,38.6,42.2
2017-18,Cédric Soares,Southampton,Defender,2794,0,3,3,0,7,159.0,455.6,507.0
2017-18,Jérémy Pied,Southampton,Defender,180,0,1,0,0,0,4.0,29.9,65.8
2017-18,Jack Stephens,Southampton,Defender,1980,2,0,6,1,5,224.0,68.3,506.6
2017-18,Sam McQueen,Southampton,Defender,142,0,0,0,0,1,8.0,34.2,29.4
2017-18,Jan Bednarek,Southampton,Defender,427,1,0,1,0,2,19.0,1.9,110.0
2017-18,Steven Davis,Southampton,Midfielder,1515,3,2,0,0,4,126.0,350.8,345.2
2017-18,James Ward-Prowse,Southampton,Midfielder,1708,3,5,3,0,2,296.0,613.9,363.4
2017-18,Dusan Tadic,Southampton,Midfielder,2791,6,3,4,0,10,656.0,950.9,588.6
2017-18,Jordy Clasie,Southampton,Midfielder,0,0,0,0,0,0,0.0,0.0,0.0
2017-18,Oriol Romeu Vidal,Southampton,Midfielder,2897,1,0,11,0,8,231.0,338.7,616.2
2017-18,Pierre-Emile Højbjerg,Southampton,Midfielder,1666,0,0,6,0,3,148.0,258.4,266.6
2017-18,Sofiane Boufal,Southampton,Midfielder,1206,2,2,1,0,1,397.0,351.6,289.4
2017-18,Joshua Sims,Southampton,Midfielder,160,0,0,0,0,1,149.0,43.5,32.6
2017-18,Nathan Redmond,Southampton,Midfielder,1938,1,3,3,0,7,493.0,630.9,347.0
2017-18,Shane Long,Southampton,Forward,1570,2,2,6,0,4,512.0,301.9,235.6
2017-18,Charlie Austin,Southampton,Forward,1024,7,1,2,0,4,689.0,89.4,302.8
2017-18,Manolo Gabbiadini,Southampton,Forward,1067,5,0,2,0,4,269.0,133.9,203.0
2017-18,Mario Lemina,Southampton,Midfielder,1715,1,1,2,0,4,145.0,170.6,363.6
2017-18,Stuart Taylor,Southampton,Goalkeeper,0,0,0,0,0,0,0.0,0.0,0.0
2017-18,Wesley Hoedt,Southampton,Defender,2520,0,2,7,0,5,146.0,130.9,661.6
2017-18,Michael Obafemi,Southampton,Forward,8,0,0,0,0,0,4.0,1.3,0.0
2017-18,Guido Carrillo,Southampton,Forward,449,0,1,0,0,1,179.0,64.2,50.2
2017-18,Kurt Zouma,Stoke,Defender,2887,1,0,1,0,7,235.0,91.8,814.2
2017-18,Jack Butland,Stoke,Goalkeeper,3150,0,0,0,0,6,0.0,10.0,1013.4
2017-18,Lee Grant,Stoke,Goalkeeper,270,0,0,0,0,0,0.0,0.0,64.2
2017-18,Ryan Shawcross,Stoke,Defender,2371,1,1,2,0,5,276.0,26.5,656.0
2017-18,Geoff Cameron,Stoke,Defender,1522,0,0,2,0,2,46.0,77.2,265.4
2017-18,Erik Pieters,Stoke,Defender,2717,0,1,5,0,7,58.0,247.2,567.4
2017-18,Marc Muniesa,Stoke,Defender,0,0,0,0,0,0,0.0,0.0,0.0
2017-18,Glen Johnson,Stoke,Defender,546,0,0,3,0,0,41.0,56.8,86.6
2017-18,Josh Tymon,Stoke,Defender,162,0,0,0,0,0,0.0,4.9,20.4
2017-18,Joe Allen,Stoke,Midfielder,3139,2,6,8,0,6,339.0,512.3,691.8
2017-18,Charlie Adam,Stoke,Midfielder,405,0,0,2,1,2,84.0,114.4,73.2
2017-18,Glenn Whelan,Stoke,Midfielder,0,0,0,0,0,0,0.0,0.0,0.0
2017-18,Ibrahim Afellay,Stoke,Midfielder,162,0,0,1,0,0,0.0,5.5,12.6
2017-18,Xherdan Shaqiri,Stoke,Midfielder,3039,8,9,5,0,6,676.0,1151.6,718.0
2017-18,Giannelli Imbula,Stoke,Midfielder,0,0,0,0,0,0,0.0,0.0,0.0
2017-18,Bojan Krkic Perez,Stoke,Midfielder,71,0,0,0,0,0,6.0,13.3,0.0
2017-18,Ramadan Sobhi,Stoke,Midfielder,1227,2,1,2,0,2,206.0,237.9,237.6
2017-18,Darren Fletcher,Stoke,Midfielder,2217,1,1,0,0,4,72.0,359.8,346.2
2017-18,Peter Crouch,Stoke,Forward,1551,5,2,4,0,2,390.0,321.2,289.2
2017-18,Mame Biram Diouf,Stoke,Forward,2592,6,3,6,0,8,832.0,285.4,482.0
2017-18,Saido Berahino,Stoke,Forward,483,0,1,0,0,2,149.0,51.8,40.4
2017-18,Kevin Wimmer,Stoke,Defender,1321,0,0,5,0,1,28.0,38.8,297.0
2017-18,Eric Maxim Choupo-Moting,Stoke,Midfielder,2241,5,5,3,0,5,851.0,327.5,505.6
2017-18,Jesé Rodríguez Ruiz,Stoke,Midfielder,609,1,1,0,0,1,171.0,127.7,110.4
2017-18,Bruno Martins Indi,Stoke,Defender,1242,0,0,3,0,1,60.0,48.3,241.8
2017-18,Harry Souttar,Stoke,Defender,0,0,0,0,0,0,0.0,0.0,0.0
2017-18,Thomas Edwards,Stoke,Defender,481,0,0,0,0,0,10.0,23.0,93.4
2017-18,Julien Ngoy,Stoke,Forward,19,0,0,0,0,0,0.0,1.8,1.0
2017-18,Jakob Haugaard,Stoke,Goalkeeper,0,0,0,0,0,0,0.0,0.0,0.0
2017-18,Stephen Ireland,Stoke,Midfielder,128,0,0,1,0,0,11.0,17.8,14.4
2017-18,Moritz Bauer,Stoke,Defender,1307,0,0,4,0,5,67.0,189.9,181.8
2017-18,Konstantinos Stafylidis,Stoke,Defender,334,0,0,0,0,0,18.0,23.8,68.2
2017-18,Papa Alioune Ndiaye,Stoke,Midfielder,1138,2,1,5,0,2,133.0,116.7,298.4
2017-18,Tyrese Campbell,Stoke,Forward,75,0,0,0,0,0,28.0,2.6,13.0
2017-18,Lasse Sorenson,Stoke,Midfielder,75,0,1,0,0,0,0.0,25.4,29.6
2017-18,Andy King,Swansea,Midfielder,1247,3,1,2,0,1,204.0,116.9,239.8
2017-18,Lukasz Fabianski,Swansea,Goalkeeper,3420,0,0,0,0,9,0.0,10.0,1087.8
2017-18,Kristoffer Nordfeldt,Swansea,Goalkeeper,0,0,0,0,0,0,0.0,0.0,0.0
2017-18,Kyle Naughton,Swansea,Defender,3030,0,2,1,0,9,141.0,253.3,670.6
2017-18,Angel Rangel,Swansea,Defender,154,0,0,0,0,0,2.0,22.1,24.2
2017-18,Federico Fernández,Swansea,Defender,2676,1,1,5,0,7,187.0,75.4,736.0
2017-18,Stephen Kingsley,Swansea,Defender,0,0,0,0,0,0,0.0,0.0,0.0
2017-18,Mike van der Hoorn,Swansea,Defender,1944,1,0,4,0,8,160.0,72.6,460.6
2017-18,Alfie Mawson,Swansea,Defender,3420,2,1,3,0,9,254.0,86.4,848.4
2017-18,Martin Olsson,Swansea,Defender,3149,0,1,7,0,10,133.0,295.9,324.4
2017-18,Wayne Routledge,Swansea,Midfielder,420,0,0,1,0,1,76.0,95.7,56.6
2017-18,Leon Britton,Swansea,Midfielder,301,0,0,1,0,3,4.0,8.5,18.4
2017-18,Jay Fulton,Swansea,Midfielder,17,0,0,1,0,0,0.0,0.1,0.2
2017-18,Sung-yueng Ki,Swansea,Midfielder,1865,2,2,2,0,5,152.0,338.1,307.2
2017-18,Jefferson Montero,Swansea,Midfielder,0,0,0,0,0,0,0.0,0.0,0.0
2017-18,Leroy Fer,Swansea,Midfielder,1394,1,1,5,0,4,139.0,180.0,240.6
2017-18,Nathan Dyer,Swansea,Midfielder,1300,0,1,2,0,3,174.0,211.1,103.8
2017-18,Tom Carroll,Swansea,Midfielder,2562,0,4,3,0,7,172.0,748.6,452.8
2017-18,Modou Barrow,Swansea,Midfielder,0,0,0,0,0,0,0.0,0.0,0.0
2017-18,Luciano Narsingh,Swansea,Midfielder,614,1,0,0,0,1,155.0,149.5,109.4
2017-18,Roque Mesa,Swansea,Midfielder,753,0,0,3,0,2,34.0,85.7,89.0
2017-18,Oliver McBurnie,Swansea,Forward,267,0,1,0,0,0,105.0,30.4,38.4
2017-18,Jordan Ayew,Swansea,Forward,2850,7,2,2,1,7,944.0,350.4,562.2
2017-18,Tammy Abraham,Swansea,Forward,1715,5,3,0,0,4,693.0,182.6,269.2
2017-18,André Ayew,Swansea,Midfielder,1834,3,5,5,0,3,429.0,283.1,319.4
2017-18,Kyle Bartley,Swansea,Defender,233,0,0,2,0,0,16.0,21.2,75.0
2017-18,Sam Clucas,Swansea,Midfielder,2039,3,1,2,0,5,233.0,270.1,362.4
2017-18,Renato Sanches,Swansea,Midfielder,699,0,0,1,0,2,64.0,135.0,71.8
2017-18,Wilfried Bony,Swansea,Forward,701,2,1,2,0,2,211.0,70.6,119.0
2017-18,Joe Rodon,Swansea,Defender,0,0,0,0,0,0,0.0,0.0,0.0
2017-18,Erwin Mulder,Swansea,Goalkeeper,0,0,0,0,0,0,0.0,0.0,0.0
2017-18,Connor Roberts,Swansea,Defender,267,0,0,0,0,0,2.0,12.8,26.2
2017-18,Fernando Llorente,Tottenham,Forward,224,1,0,1,0,1,99.0,66.7,60.2
2017-18,Hugo Lloris,Tottenham,Goalkeeper,3240,0,0,1,0,15,0.0,0.1,726.4
2017-18,Michel Vorm,Tottenham,Goalkeeper,90,0,0,0,0,0,0.0,0.0,19.0
2017-18,Toby Alderweireld,Tottenham,Defender,1177,0,0,3,0,5,50.0,67.8,249.2
2017-18,Danny Rose,Tottenham,Defender,800,0,2,4,0,2,117.0,181.6,159.4
2017-18,Jan Vertonghen,Tottenham,Defender,3203,0,1,4,0,16,243.0,205.7,774.4
2017-18,Ben Davies,Tottenham,Defender,2323,2,7,3,0,12,201.0,698.8,610.0
2017-18,Kieran Trippier,Tottenham,Defender,1912,0,7,1,0,9,78.0,617.5,459.0
2017-18,Eric Dier,Tottenham,Midfielder,2822,0,2,4,0,15,289.0,293.4,604.2
2017-18,Mousa Dembélé,Tottenham,Midfielder,1875,0,0,6,0,7,73.0,303.1,309.2
2017-18,Erik Lamela,Tottenham,Midfielder,826,2,4,4,0,4,364.0,283.1,204.8
2017-18,Christian Eriksen,Tottenham,Midfielder,3218,11,10,0,0,17,1021.0,1487.0,1072.6
2017-18,Bamidele Alli,Tottenham,Midfielder,2957,9,13,7,0,16,934.0,878.5,775.2
2017-18,Victor Wanyama,Tottenham,Midfielder,837,1,0,2,0,2,77.0,96.8,206.0
2017-18,Heung-Min Son,Tottenham,Midfielder,2292,12,8,0,0,14,1177.0,588.2,725.8
2017-18,Harry Winks,Tottenham,Midfielder,768,0,1,0,0,4,14.0,172.2,144.4
2017-18,Moussa Sissoko,Tottenham,Midfielder,1385,1,1,3,0,7,281.0,384.7,245.8
2017-18,Harry Kane,Tottenham,Forward,3074,29,2,5,0,15,2355.0,502.1,1214.4
2017-18,Vincent Janssen,Tottenham,Forward,1,0,0,0,0,0,0.0,0.0,0.0
2017-18,Kyle Walker-Peters,Tottenham,Defender,188,0,2,0,0,1,10.0,48.3,70.4
2017-18,Cameron Carter-Vickers,Tottenham,Defender,0,0,0,0,0,0,0.0,0.0,0.0
2017-18,Davinson Sánchez,Tottenham,Defender,2532,0,0,1,1,13,89.0,74.8,598.0
2017-18,Tashan Oakley-Boothe,Tottenham,Midfielder,0,0,0,0,0,0,0.0,0.0,0.0
2017-18,Serge Aurier,Tottenham,Defender,1427,2,2,1,1,6,209.0,236.5,367.2
2017-18,Juan Foyth,Tottenham,Defender,0,0,0,0,0,0,0.0,0.0,0.0
2017-18,Paulo Gazzaniga,Tottenham,Goalkeeper,90,0,0,0,0,1,0.0,0.0,27.4
2017-18,Alfie Whiteman,Tottenham,Goalkeeper,0,0,0,0,0,0,0.0,0.0,0.0
2017-18,Lucas Rodrigues Moura da Silva,Tottenham,Midfielder,206,0,1,0,0,0,41.0,83.2,49.0
2017-18,Kazaiah Sterling,Tottenham,Forward,0,0,0,0,0,0,0.0,0.0,0.0
2017-18,Andre Gray,Watford,Forward,1486,5,3,1,0,5,594.0,254.0,251.2
2017-18,Nathaniel Chalobah,Watford,Midfielder,447,0,0,1,0,3,95.0,26.5,78.8
2017-18,Molla Wagué,Watford,Defender,438,1,0,0,0,1,41.0,5.6,98.0
2017-18,Costel Pantilimon,Watford,Goalkeeper,0,0,0,0,0,0,0.0,0.0,0.0
2017-18,Heurelho Gomes,Watford,Goalkeeper,2128,0,0,0,0,5,0.0,0.2,457.0
2017-18,Younes Kaboul,Watford,Defender,151,0,0,0,0,1,2.0,0.9,47.4
2017-18,Craig Cathcart,Watford,Defender,495,0,0,1,0,1,23.0,2.0,120.0
2017-18,Sebastian Prödl,Watford,Defender,1566,0,0,5,0,5,89.0,25.9,276.4
2017-18,José Holebas,Watford,Defender,2381,0,4,7,0,6,125.0,632.8,510.0
2017-18,Miguel Britos,Watford,Defender,795,1,0,3,1,2,51.0,42.7,180.4
2017-18,Christian Kabasele,Watford,Defender,2329,2,0,5,0,6,137.0,52.0,645.0
2017-18,Daryl Janmaat,Watford,Defender,1818,3,1,3,0,2,253.0,230.6,445.0
2017-18,Adrian Mariappa,Watford,Defender,2206,0,0,4,0,6,106.0,59.4,462.0
2017-18,Brandon Mason,Watford,Defender,0,0,0,0,0,0,0.0,0.0,0.0
2017-18,Francisco Femenía Far,Watford,Defender,1709,1,1,2,0,5,113.0,302.8,327.2
2017-18,Tom Cleverley,Watford,Midfielder,1900,1,2,1,1,6,124.0,464.8,332.2
2017-18,Etienne Capoue,Watford,Midfielder,1537,1,1,3,0,4,150.0,165.9,280.2
2017-18,Valon Behrami,Watford,Midfielder,0,0,0,0,0,0,0.0,0.0,0.0
2017-18,Steven Berghuis,Watford,Midfielder,0,0,0,0,0,0,0.0,0.0,0.0
2017-18,Nordin Amrabat,Watford,Midfielder,198,0,0,0,0,1,10.0,46.5,22.8
2017-18,Isaac Success,Watford,Midfielder,0,0,0,0,0,0,0.0,0.0,0.0
2017-18,Abdoulaye Doucouré,Watford,Midfielder,3324,7,4,10,0,9,537.0,595.8,859.0
2017-18,Roberto Pereyra,Watford,Midfielder,1610,5,3,3,0,1,472.0,370.6,346.0
2017-18,Will Hughes,Watford,Midfielder,987,2,3,0,0,4,136.0,267.0,238.6
2017-18,Troy Deeney,Watford,Forward,1836,5,2,1,1,6,566.0,349.4,343.0
2017-18,Stefano Okaka,Watford,Forward,442,1,1,2,0,2,145.0,92.0,74.4
2017-18,Mauro Zárate,Watford,Forward,0,0,0,0,0,0,0.0,0.0,0.0
2017-18,Ben Watson,Watford,Midfielder,455,0,0,1,0,0,10.0,46.1,74.2
2017-18,Jerome Sinclair,Watford,Forward,29,0,0,0,0,0,4.0,11.0,4.4
2017-18,Richarlison de Andrade,Watford,Midfielder,2817,5,8,4,0,8,1217.0,384.7,497.0
2017-18,André Carrillo,Watford,Midfielder,1529,1,3,2,0,4,300.0,331.2,271.2
2017-18,Orestis Karnezis,Watford,Goalkeeper,1291,0,0,0,0,4,0.0,0.0,247.6
2017-18,Marvin Zeegelaar,Watford,Defender,993,0,2,4,1,2,24.0,142.1,185.2
2017-18,Michael Folivi,Watford,Forward,0,0,0,0,0,0,0.0,0.0,0.0
2017-18,Daniel Bachmann,Watford,Goalkeeper,0,0,0,0,0,0,0.0,0.0,0.0
2017-18,Gerard Deulofeu,Watford,Midfielder,433,1,1,0,0,2,124.0,141.3,92.4
2017-18,Carl Stewart,Watford,Midfielder,0,0,0,0,0,0,0.0,0.0,0.0
2017-18,Dodi Lukebakio,Watford,Midfielder,15,0,0,0,0,0,5.0,24.7,6.6
2017-18,Didier Ndong,Watford,Midfielder,0,0,0,0,0,0,0.0,0.0,0.0
2017-18,Joy Mukena,Watford,Defender,0,0,0,0,0,0,0.0,0.0,0.0
2017-18,Kieran Gibbs,West Brom,Defender,2826,0,2,3,0,8,131.0,359.6,484.6
2017-18,Gareth Barry,West Brom,Midfielder,1921,1,2,4,0,4,195.0,274.9,347.8
2017-18,Daniel Sturridge,West Brom,Forward,541,2,1,0,0,3,304.0,205.3,136.2
2017-18,Boaz Myhill,West Brom,Goalkeeper,90,0,0,1,0,0,0.0,0.0,12.2
2017-18,Ben Foster,West Brom,Goalkeeper,3330,0,0,2,0,10,0.0,20.0,716.8
2017-18,Allan-Roméo Nyom,West Brom,Defender,2306,0,1,7,0,7,23.0,266.7,454.6
2017-18,Jonny Evans,West Brom,Defender,2269,2,2,7,0,6,211.0,104.2,536.2
2017-18,Craig Dawson,West Brom,Defender,2510,2,1,6,0,8,298.0,181.3,629.6
2017-18,Gareth McAuley,West Brom,Defender,454,0,0,0,0,0,2.0,4.9,85.4
2017-18,Jake Livermore,West Brom,Midfielder,2671,2,2,5,0,8,207.0,313.1,454.6
2017-18,Nacer Chadli,West Brom,Midfielder,213,1,0,1,0,1,35.0,26.4,44.4
2017-18,James Morrison,West Brom,Midfielder,205,1,0,0,0,2,47.0,40.4,56.0
2017-18,Claudio Yacob,West Brom,Midfielder,898,0,0,5,0,3,59.0,29.1,142.8
2017-18,James McClean,West Brom,Midfielder,1391,1,0,7,0,6,279.0,299.0,237.4
2017-18,Jonathan Leko,West Brom,Midfielder,0,0,0,0,0,0,0.0,0.0,0.0
2017-18,Matt Phillips,West Brom,Midfielder,2087,2,3,3,0,10,345.0,531.8,370.2
2017-18,Sam Field,West Brom,Midfielder,534,1,0,3,0,4,95.0,64.8,102.4
2017-18,Chris Brunt,West Brom,Midfielder,1917,0,8,5,0,9,155.0,651.1,421.8
2017-18,Salomón Rondón,West Brom,Forward,2765,7,3,4,0,6,891.0,387.2,431.2
2017-18,Hal Robson-Kanu,West Brom,Forward,816,2,0,2,1,4,264.0,115.9,121.2
2017-18,Jay Rodriguez,West Brom,Forward,2807,7,1,2,0,10,931.0,329.8,460.4
2017-18,Ahmed El-Sayed Hegazi,West Brom,Defender,3386,2,0,4,0,10,196.0,99.5,962.8
2017-18,Rekeem Harper,West Brom,Midfielder,20,0,0,0,0,0,0.0,20.4,6.6
2017-18,Kane Wilson,West Brom,Defender,0,0,0,0,0,0,0.0,0.0,0.0
2017-18,Oliver Burke,West Brom,Midfielder,356,0,2,0,0,0,75.0,73.9,77.4
2017-18,Grzegorz Krychowiak,West Brom,Midfielder,1634,0,3,2,0,4,91.0,220.9,271.8
2017-18,Alex Palmer,West Brom,Goalkeeper,0,0,0,0,0,0,0.0,0.0,0.0
2017-18,Max Melbourne,West Brom,Defender,0,0,0,0,0,0,0.0,0.0,0.0
2017-18,Rayhaan Tulloch,West Brom,Forward,0,0,0,0,0,0,0.0,0.0,0.0
2017-18,Nathan Ferguson,West Brom,Defender,0,0,0,0,0,0,0.0,0.0,0.0
2017-18,Ali Gabr,West Brom,Defender,0,0,0,0,0,0,0.0,0.0,0.0
2017-18,Kyle Jameson,West Brom,Defender,0,0,0,0,0,0,0.0,0.0,0.0
2017-18,Marko Arnautovic,West Ham,Midfielder,2309,11,7,5,1,7,1155.0,543.0,713.8
2017-18,Adrián San Miguel del Castillo,West Ham,Goalkeeper,1710,0,0,2,0,6,0.0,0.0,470.4
2017-18,Darren Randolph,West Ham,Goalkeeper,0,0,0,0,0,0,0.0,0.0,0.0
2017-18,Jose Fonte,West Ham,Defender,688,0,2,0,0,3,89.0,57.8,186.8
2017-18,James Collins,West Ham,Defender,1049,1,0,3,0,3,76.0,25.5,346.0
2017-18,Winston Reid,West Ham,Defender,1452,0,0,5,0,5,64.0,48.8,322.4
2017-18,Aaron Cresswell,West Ham,Defender,3069,1,7,7,0,10,193.0,562.7,690.2
2017-18,Angelo Ogbonna,West Ham,Defender,2880,1,0,3,0,7,145.0,81.4,687.8
2017-18,Sam Byram,West Ham,Defender,246,0,0,1,0,0,36.0,37.6,71.0
2017-18,Arthur Masuaku,West Ham,Defender,1867,0,3,5,0,6,128.0,295.1,385.0
2017-18,Pablo Zabaleta,West Ham,Defender,3289,0,1,9,0,10,77.0,293.7,635.0
2017-18,Robert Snodgrass,West Ham,Midfielder,0,0,0,0,0,0,0.0,0.0,0.0
2017-18,Mark Noble,West Ham,Midfielder,2400,4,0,6,0,7,141.0,337.8,527.6
2017-18,Cheikhou Kouyaté,West Ham,Midfielder,2798,2,3,5,0,7,320.0,262.4,480.0
2017-18,Pedro Obiang,West Ham,Midfielder,1562,2,0,3,0,5,88.0,132.1,377.8
2017-18,Manuel Lanzini,West Ham,Midfielder,2039,5,7,4,0,6,502.0,624.9,559.4
2017-18,Michail Antonio,West Ham,Midfielder,1350,3,2,1,0,7,393.0,256.3,296.6
2017-18,Sofiane Feghouli,West Ham,Midfielder,0,0,0,0,0,0,0.0,0.0,0.0
2017-18,Edimilson Fernandes,West Ham,Midfielder,840,0,2,1,0,2,77.0,97.3,110.8
2017-18,Andy Carroll,West Ham,Forward,742,3,1,5,1,3,344.0,110.2,145.4
2017-18,Diafra Sakho,West Ham,Forward,294,2,1,2,0,0,110.0,25.1,77.6
2017-18,Ashley Fletcher,West Ham,Forward,0,0,0,0,0,0,0.0,0.0,0.0
2017-18,Enner Valencia,West Ham,Forward,0,0,0,0,0,0,0.0,0.0,0.0
2017-18,Joe Hart,West Ham,Goalkeeper,1710,0,1,0,0,4,0.0,20.0,382.8
2017-18,Javier Hernández Balcázar,West Ham,Forward,1537,8,2,3,0,6,476.0,312.4,373.6
2017-18,Declan Rice,West Ham,Defender,1421,0,0,1,0,3,29.0,35.7,310.4
2017-18,Sead Haksabanovic,West Ham,Midfielder,0,0,0,0,0,0,0.0,0.0,0.0
2017-18,Antonio Martinez Lopez,West Ham,Forward,0,0,0,0,0,0,0.0,0.0,0.0
2017-18,Domingos Quina,West Ham,Midfielder,0,0,0,0,0,0,0.0,0.0,0.0
2017-18,Ben Johnson,West Ham,Midfielder,0,0,0,0,0,0,0.0,0.0,0.0
2017-18,Nathan Trott,West Ham,Goalkeeper,0,0,0,0,0,0,0.0,0.0,0.0
2017-18,Moses Makasi,West Ham,Midfielder,0,0,0,0,0,0,0.0,0.0,0.0
2017-18,Reece Burke,West Ham,Defender,0,0,0,0,0,0,0.0,0.0,0.0
2017-18,Josh Cullen,West Ham,Midfielder,6,0,0,0,0,0,0.0,0.6,7.2
2017-18,João Mário Naval Costa Eduardo,West Ham,Midfielder,1021,2,1,0,0,4,191.0,294.9,176.0
2017-18,Reece Oxford,West Ham,Defender,4,0,0,0,0,0,0.0,0.0,3.0
2017-18,Jordan Hugill,West Ham,Forward,22,0,0,0,0,0,0.0,0.4,0.0
2017-18,Patrice Evra,West Ham,Defender,227,0,0,0,0,0,0.0,6.0,42.8
2017-18,Marcus Browne,West Ham,Midfielder,0,0,0,0,0,0,0.0,0.0,0.0
2017-18,Josh Pask,West Ham,Defender,0,0,0,0,0,0,0.0,0.0,0.0
2017-18,Grady Diangana,West Ham,Midfielder,0,0,0,0,0,0,0.0,0.0,0.0
2018-19,Petr Cech,Arsenal,Goalkeeper,585,0,0,0,0,1,0.0,0.0,205.0
2018-19,Bernd Leno,Arsenal,Goalkeeper,2835,0,0,0,0,6,0.0,0.0,807.2
2018-19,Laurent Koscielny,Arsenal,Defender,1329,3,0,1,0,3,105.0,29.5,456.4
2018-19,Héctor Bellerín,Arsenal,Defender,1532,0,5,3,0,4,280.0,197.8,261.6
2018-19,Nacho Monreal,Arsenal,Defender,1860,1,4,5,0,5,224.0,196.6,413.2
2018-19,Rob Holding,Arsenal,Defender,806,0,0,1,0,1,14.0,28.7,187.8
2018-19,Shkodran Mustafi,Arsenal,Defender,2611,2,0,9,0,6,252.0,106.0,718.6
2018-19,Sead Kolasinac,Arsenal,Defender,1886,0,7,5,0,5,242.0,445.9,323.2
2018-19,Konstantinos Mavropanos,Arsenal,Defender,147,0,0,1,0,0,10.0,14.1,27.0
2018-19,Stephan Lichtsteiner,Arsenal,Defender,935,0,0,3,0,0,23.0,61.1,113.0
2018-19,Sokratis Papastathopoulos,Arsenal,Defender,2198,1,2,12,0,5,120.0,67.9,513.8
2018-19,Mesut Özil,Arsenal,Midfielder,1732,5,3,2,0,5,254.0,714.2,429.6
2018-19,Aaron Ramsey,Arsenal,Midfielder,1319,4,6,0,0,9,502.0,387.2,418.4
2018-19,Alex Iwobi,Arsenal,Midfielder,1961,3,8,0,0,4,646.0,596.7,469.0
2018-19,Mohamed Elneny,Arsenal,Midfielder,377,0,0,0,0,0,63.0,76.7,86.6
2018-19,Granit Xhaka,Arsenal,Midfielder,2498,4,3,10,0,7,215.0,674.0,634.6
2018-19,Henrikh Mkhitaryan,Arsenal,Midfielder,1637,6,4,1,0,3,600.0,454.9,446.4
2018-19,Reiss Nelson,Arsenal,Midfielder,0,0,0,0,0,0,0.0,0.0,0.0
2018-19,Ainsley Maitland-Niles,Arsenal,Midfielder,983,1,1,1,1,2,126.0,98.9,224.2
2018-19,Danny Welbeck,Arsenal,Forward,146,1,1,0,0,0,66.0,56.8,73.6
2018-19,Alexandre Lacazette,Arsenal,Forward,2497,13,12,2,0,6,1319.0,482.4,808.0
2018-19,Pierre-Emerick Aubameyang,Arsenal,Forward,2722,22,7,0,0,7,1429.0,484.6,984.4
2018-19,Lucas Torreira,Arsenal,Midfielder,2377,2,4,7,1,5,203.0,301.0,440.8
2018-19,Matteo Guendouzi,Arsenal,Midfielder,2140,0,0,9,0,3,130.0,312.4,323.2
2018-19,Emiliano Martínez,Arsenal,Goalkeeper,0,0,0,0,0,0,0.0,0.0,0.0
2018-19,Emile Smith-Rowe,Arsenal,Midfielder,0,0,0,0,0,0,0.0,0.0,0.0
2018-19,Zech Medley,Arsenal,Defender,0,0,0,0,0,0,0.0,0.0,0.0
2018-19,Edward Nketiah,Arsenal,Forward,63,1,0,0,0,0,59.0,14.7,40.8
2018-19,Bukayo Saka,Arsenal,Midfielder,7,0,0,0,0,0,0.0,0.0,0.0
2018-19,Joseph Willock,Arsenal,Midfielder,63,0,0,0,0,1,23.0,2.5,1.0
2018-19,Carl Jenkinson,Arsenal,Defender,165,0,0,0,0,0,8.0,16.9,26.8
2018-19,Denis Suárez,Arsenal,Midfielder,67,0,0,0,0,0,0.0,4.8,8.4
2018-19,Asmir Begovic,Bournemouth,Goalkeeper,2160,0,0,0,0,5,0.0,0.0,440.6
2018-19,Artur Boruc,Bournemouth,Goalkeeper,1080,0,0,2,0,4,0.0,0.0,302.0
2018-19,Simon Francis,Bournemouth,Defender,1227,0,2,1,0,4,39.0,173.3,332.4
2018-19,Steve Cook,Bournemouth,Defender,2786,1,1,3,0,9,292.0,143.3,731.0
2018-19,Charlie Daniels,Bournemouth,Defender,1583,1,0,4,0,4,156.0,215.4,289.8
2018-19,Adam Smith,Bournemouth,Defender,2067,1,1,5,1,8,110.0,199.8,374.0
2018-19,Tyrone Mings,Bournemouth,Defender,141,0,0,0,0,0,2.0,16.3,49.0
2018-19,Nathan Aké,Bournemouth,Defender,3411,4,1,3,0,10,440.0,125.9,1002.0
2018-19,Jack Simpson,Bournemouth,Defender,401,0,0,0,0,1,21.0,2.0,85.4
2018-19,Marc Pugh,Bournemouth,Midfielder,0,0,0,0,0,0,0.0,0.0,0.0
2018-19,Andrew Surman,Bournemouth,Midfielder,1438,0,0,2,0,4,38.0,163.0,190.8
2018-19,Junior Stanislas,Bournemouth,Midfielder,1021,2,3,1,0,2,340.0,254.5,225.2
2018-19,Dan Gosling,Bournemouth,Midfielder,1734,2,2,8,0,4,217.0,164.7,400.6
2018-19,Jordon Ibe,Bournemouth,Midfielder,789,1,1,1,0,1,155.0,174.8,131.2
2018-19,Lewis Cook,Bournemouth,Midfielder,719,0,0,2,0,3,36.0,50.4,76.0
2018-19,Ryan Fraser,Bournemouth,Midfielder,3165,7,14,2,0,9,696.0,1382.4,930.6
2018-19,Emerson Hyndman,Bournemouth,Midfielder,37,0,0,0,0,0,0.0,1.2,14.0
2018-19,David Brooks,Bournemouth,Midfielder,2263,7,6,3,0,9,609.0,466.7,598.0
2018-19,Callum Wilson,Bournemouth,Forward,2528,14,12,3,0,9,1137.0,388.4,737.8
2018-19,Lys Mousset,Bournemouth,Forward,350,1,0,1,0,0,201.0,65.1,74.6
2018-19,Joshua King,Bournemouth,Forward,2963,12,3,3,0,10,1058.0,535.7,655.4
2018-19,Jermain Defoe,Bournemouth,Forward,22,0,0,0,0,0,23.0,0.0,3.0
2018-19,Nathaniel Clyne,Bournemouth,Defender,1250,0,1,2,0,3,72.0,100.2,199.4
2018-19,Dominic Solanke,Bournemouth,Forward,340,0,1,0,0,0,154.0,96.0,79.0
2018-19,Diego Rico,Bournemouth,Defender,606,0,0,1,0,0,36.0,171.6,107.4
2018-19,Jefferson Lerma,Bournemouth,Midfielder,2505,2,2,12,0,9,174.0,245.8,539.6
2018-19,Chris Mepham,Bournemouth,Defender,848,0,1,1,0,2,22.0,24.1,177.2
2018-19,Sam Surridge,Bournemouth,Forward,11,0,0,0,0,0,23.0,11.8,5.0
2018-19,Kyle Taylor,Bournemouth,Midfielder,0,0,0,0,0,0,0.0,0.0,0.0
2018-19,Nnamdi Ofoborh,Bournemouth,Midfielder,0,0,0,0,0,0,0.0,0.0,0.0
2018-19,Mark Travers,Bournemouth,Goalkeeper,180,0,0,0,0,1,0.0,0.0,68.2
2018-19,Matt Butcher,Bournemouth,Midfielder,0,0,0,0,0,0,0.0,0.0,0.0
2018-19,Mathew Ryan,Brighton,Goalkeeper,3060,0,0,2,0,6,0.0,0.0,707.0
2018-19,Lewis Dunk,Brighton,Defender,3151,2,1,5,1,7,245.0,132.9,805.8
2018-19,Shane Duffy,Brighton,Defender,3087,5,2,4,1,7,499.0,84.1,1024.4
2018-19,Bruno Saltor Grau,Brighton,Defender,1131,0,1,2,0,4,14.0,102.0,181.6
2018-19,Gaëtan Bong,Brighton,Defender,1805,0,0,0,0,5,8.0,153.3,220.0
2018-19,Markus Suttner,Brighton,Defender,0,0,0,0,0,0,0.0,0.0,0.0
2018-19,Ezequiel Schelotto,Brighton,Defender,0,0,0,0,0,0,0.0,0.0,0.0
2018-19,Leon Balogun,Brighton,Defender,591,1,0,2,0,0,27.0,1.1,134.0
2018-19,Anthony Knockaert,Brighton,Midfielder,1828,2,6,4,1,3,345.0,580.8,389.6
2018-19,Dale Stephens,Brighton,Midfielder,2484,1,1,6,1,5,88.0,249.3,498.2
2018-19,Beram Kayal,Brighton,Midfielder,935,1,1,4,0,4,53.0,59.3,224.0
2018-19,Solomon March,Brighton,Midfielder,2459,1,6,1,0,6,405.0,684.5,474.6
2018-19,Pascal Groß,Brighton,Midfielder,1864,3,3,1,0,3,344.0,815.3,456.0
2018-19,Davy Pröpper,Brighton,Midfielder,2546,1,1,2,0,4,121.0,279.1,389.2
2018-19,José Heriberto Izquierdo Mena,Brighton,Midfielder,789,0,2,1,0,3,147.0,77.3,75.4
2018-19,Glenn Murray,Brighton,Forward,2501,13,1,5,0,4,835.0,190.0,478.0
2018-19,Tomer Hemed,Brighton,Forward,0,0,0,0,0,0,0.0,0.0,0.0
2018-19,Sam Baldock,Brighton,Forward,0,0,0,0,0,0,0.0,0.0,0.0
2018-19,Jürgen Locadia,Brighton,Forward,1225,2,0,1,0,3,356.0,190.8,154.4
2018-19,Florin Andone,Brighton,Forward,866,3,0,5,0,2,361.0,48.6,147.2
2018-19,David Button,Brighton,Goalkeeper,360,0,0,0,0,1,0.0,0.0,89.2
2018-19,Jason Steele,Brighton,Goalkeeper,0,0,0,0,0,0,0.0,0.0,0.0
2018-19,Bernardo Fernandes da Silva Junior,Brighton,Defender,1749,0,1,4,0,2,83.0,172.6,444.2
2018-19,Yves Bissouma,Brighton,Midfielder,1764,0,0,5,0,3,201.0,213.0,253.4
2018-19,Alireza Jahanbakhsh,Brighton,Midfielder,1014,0,0,2,0,5,162.0,104.0,94.4
2018-19,Martín Montoya,Brighton,Defender,2166,0,1,4,0,3,58.0,289.2,437.6
2018-19,Viktor Gyokeres,Brighton,Forward,0,0,0,0,0,0,0.0,0.0,0.0
2018-19,Ben White,Brighton,Defender,0,0,0,0,0,0,0.0,0.0,0.0
2018-19,Max Sanders,Brighton,Midfielder,0,0,0,0,0,0,0.0,0.0,0.0
2018-19,Dan Burn,Brighton,Defender,0,0,0,0,0,0,0.0,0.0,0.0
2018-19,Jayson Molumby,Brighton,Midfielder,0,0,0,0,0,0,0.0,0.0,0.0
2018-19,Tom Heaton,Burnley,Goalkeeper,1710,0,0,3,0,4,4.0,20.1,442.8
2018-19,Nick Pope,Burnley,Goalkeeper,0,0,0,0,0,0,0.0,0.0,0.0
2018-19,Matthew Lowton,Burnley,Defender,1748,0,0,7,0,4,48.0,158.6,338.0
2018-19,Ben Mee,Burnley,Defender,3420,0,2,9,0,8,238.0,113.8,885.4
2018-19,Stephen Ward,Burnley,Defender,228,0,0,1,0,1,19.0,17.2,48.4
2018-19,James Tarkowski,Burnley,Defender,3086,3,2,8,0,7,450.0,69.8,1023.2
2018-19,Kevin Long,Burnley,Defender,513,0,1,0,0,1,8.0,11.6,147.8
2018-19,Charlie Taylor,Burnley,Defender,3240,0,1,2,0,7,30.0,268.5,649.4
2018-19,Phil Bardsley,Burnley,Defender,1670,0,0,9,0,4,66.0,139.6,267.8
2018-19,Johann Berg Gudmundsson,Burnley,Midfielder,1743,3,7,2,0,5,380.0,574.1,456.2
2018-19,Steven Defour,Burnley,Midfielder,449,0,0,0,0,0,0.0,36.6,61.4
2018-19,Jeff Hendrick,Burnley,Midfielder,2058,2,2,4,0,4,269.0,205.3,233.8
2018-19,Robbie Brady,Burnley,Midfielder,714,0,1,3,1,1,85.0,194.1,102.0
2018-19,Ashley Westwood,Burnley,Midfielder,2821,2,8,5,0,7,253.0,643.1,623.0
2018-19,Jonathan Walters,Burnley,Midfielder,0,0,0,0,0,0,0.0,0.0,0.0
2018-19,Jack Cork,Burnley,Midfielder,3312,1,2,6,0,8,240.0,309.7,491.4
2018-19,Aaron Lennon,Burnley,Midfielder,1214,1,1,1,0,3,108.0,121.2,151.6
2018-19,Sam Vokes,Burnley,Forward,907,3,0,0,0,2,292.0,108.6,152.0
2018-19,Ashley Barnes,Burnley,Forward,2378,12,3,8,0,7,1042.0,309.9,581.2
2018-19,Nahki Wells,Burnley,Forward,0,0,0,0,0,0,0.0,0.0,0.0
2018-19,Chris Wood,Burnley,Forward,2580,10,3,2,0,7,911.0,310.3,475.8
2018-19,Anders Lindegaard,Burnley,Goalkeeper,0,0,0,0,0,0,0.0,0.0,0.0
2018-19,Joe Hart,Burnley,Goalkeeper,1710,0,0,0,0,4,0.0,10.1,594.6
2018-19,Ben Gibson,Burnley,Defender,62,1,0,1,0,0,33.0,0.4,42.4
2018-19,Matej Vydra,Burnley,Forward,310,1,1,1,0,0,114.0,33.7,70.4
2018-19,Dwight McNeil,Burnley,Midfielder,1590,3,4,2,0,5,279.0,442.8,405.2
2018-19,Abd-Al-Ali Morakinyo Olaposi Koiki,Burnley,Defender,0,0,0,0,0,0,0.0,0.0,0.0
2018-19,Josh Benson,Burnley,Midfielder,0,0,0,0,0,0,0.0,0.0,0.0
2018-19,Peter Crouch,Burnley,Forward,86,0,1,1,0,0,115.0,1.6,7.6
2018-19,Anthony Driscoll-Glennon,Burnley,Defender,0,0,0,0,0,0,0.0,0.0,0.0
2018-19,Harry Arter,Cardiff,Midfielder,1999,0,1,10,0,7,170.0,188.8,230.6
2018-19,Neil Etheridge,Cardiff,Goalkeeper,3420,0,0,2,0,10,0.0,21.0,1116.8
2018-19,Alex Smithies,Cardiff,Goalkeeper,0,0,0,0,0,0,0.0,0.0,0.0
2018-19,Sean Morrison,Cardiff,Defender,3039,1,4,6,0,9,580.0,239.0,673.4
2018-19,Sol Bamba,Cardiff,Defender,2475,4,1,7,0,7,304.0,51.4,787.0
2018-19,Bruno Ecuele Manga,Cardiff,Defender,3375,0,1,0,0,10,172.0,105.5,722.0
2018-19,Matthew Connolly,Cardiff,Defender,0,0,0,0,0,0,0.0,0.0,0.0
2018-19,Joe Bennett,Cardiff,Defender,2639,0,1,5,0,9,98.0,237.1,442.8
2018-19,Lee Peltier,Cardiff,Defender,1542,0,0,4,0,5,15.0,49.5,267.2
2018-19,Ashley Darel Jazz Richards,Cardiff,Defender,129,0,0,0,0,0,0.0,1.6,14.8
2018-19,Greg Halford,Cardiff,Defender,0,0,0,0,0,0,0.0,0.0,0.0
2018-19,Joe Ralls,Cardiff,Midfielder,1954,0,0,4,1,5,204.0,481.1,284.6
2018-19,David Junior Hoilett,Cardiff,Midfielder,2134,3,2,4,0,6,463.0,383.4,313.2
2018-19,Nathaniel Mendez-Laing,Cardiff,Midfielder,978,4,1,0,0,4,370.0,255.0,351.4
2018-19,Callum Paterson,Cardiff,Midfielder,1993,4,2,4,0,5,541.0,311.9,266.8
2018-19,Aron Gunnarsson,Cardiff,Midfielder,2266,1,1,5,0,6,201.0,217.5,370.6
2018-19,Anthony Pilkington,Cardiff,Midfielder,0,0,0,0,0,0,0.0,0.0,0.0
2018-19,Loïc Damour,Cardiff,Midfielder,21,0,0,0,0,0,8.0,1.0,0.6
2018-19,Danny Ward,Cardiff,Midfielder,435,1,0,0,0,0,168.0,83.3,81.8
2018-19,Josh Murphy,Cardiff,Midfielder,1810,3,2,2,0,7,550.0,267.0,285.6
2018-19,Kenneth Zohore,Cardiff,Forward,741,1,1,1,0,2,270.0,159.5,103.6
2018-19,Omar Bogle,Cardiff,Forward,0,0,0,0,0,0,0.0,0.0,0.0
2018-19,Gary Madine,Cardiff,Forward,32,0,0,0,0,0,8.0,1.5,2.0
2018-19,Bobby Reid,Cardiff,Forward,1413,5,3,0,0,4,392.0,224.4,296.6
2018-19,Oumar Niasse,Cardiff,Forward,988,0,0,0,0,5,317.0,85.7,70.8
2018-19,Greg Cunninghamm,Cardiff,Defender,630,0,0,3,0,1,19.0,69.7,106.4
2018-19,Víctor Camarasa,Cardiff,Midfielder,2569,5,4,6,0,9,387.0,798.4,515.8
2018-19,Kadeem Harris,Cardiff,Midfielder,365,1,1,1,0,1,89.0,87.7,90.4
2018-19,Brian Murphy,Cardiff,Goalkeeper,0,0,0,0,0,0,0.0,0.0,0.0
2018-19,Rhys Healey,Cardiff,Forward,49,0,0,0,0,0,12.0,10.9,4.2
2018-19,Leandro Bacuna,Cardiff,Defender,554,0,1,2,0,1,22.0,30.2,69.0
2018-19,Thibaut Courtois,Chelsea,Goalkeeper,0,0,0,0,0,0,0.0,0.0,0.0
2018-19,Willy Caballero,Chelsea,Goalkeeper,180,0,0,0,0,2,0.0,1.0,24.6
2018-19,César Azpilicueta,Chelsea,Defender,3402,1,6,4,0,16,286.0,525.1,815.0
2018-19,Gary Cahill,Chelsea,Defender,22,0,0,0,0,0,0.0,0.0,4.8
2018-19,Marcos Alonso,Chelsea,Defender,2759,2,8,6,0,14,475.0,520.1,619.0
2018-19,David Luiz Moreira Marinho,Chelsea,Defender,3238,3,2,3,0,16,363.0,358.7,859.0
2018-19,Victor Moses,Chelsea,Defender,26,0,0,0,0,0,6.0,12.7,1.2
2018-19,Antonio Rüdiger,Chelsea,Defender,2871,1,2,7,0,12,273.0,143.6,566.8
2018-19,Andreas Christensen,Chelsea,Defender,615,0,0,1,0,3,6.0,8.4,120.6
2018-19,Davide Zappacosta,Chelsea,Defender,125,0,0,0,0,1,29.0,14.7,17.4
2018-19,Emerson Palmieri dos Santos,Chelsea,Defender,660,0,0,0,0,2,81.0,113.8,104.6
2018-19,Eden Hazard,Chelsea,Midfielder,2918,16,15,2,0,12,1546.0,1471.2,1306.2
2018-19,Cesc Fàbregas,Chelsea,Midfielder,175,0,0,1,0,0,14.0,58.5,37.0
2018-19,Willian Borges Da Silva,Chelsea,Midfielder,2091,3,7,2,0,11,742.0,1165.5,557.6
2018-19,Pedro Rodríguez Ledesma,Chelsea,Midfielder,1768,8,2,2,0,7,733.0,503.5,530.2
2018-19,N'Golo Kanté,Chelsea,Midfielder,3092,4,4,3,0,14,412.0,766.3,683.6
2018-19,Ross Barkley,Chelsea,Midfielder,1231,3,5,1,0,7,429.0,349.0,324.0
2018-19,Daniel Drinkwater,Chelsea,Midfielder,0,0,0,0,0,0,0.0,0.0,0.0
2018-19,Tiemoué Bakayoko,Chelsea,Midfielder,0,0,0,0,0,0,0.0,0.0,0.0
2018-19,Ethan Ampadu,Chelsea,Midfielder,0,0,0,0,0,0,0.0,0.0,0.0
2018-19,Callum Hudson-Odoi,Chelsea,Midfielder,388,0,1,0,0,2,133.0,143.2,89.2
2018-19,Ruben Loftus-Cheek,Chelsea,Midfielder,980,6,2,0,0,5,346.0,254.9,391.6
2018-19,Olivier Giroud,Chelsea,Forward,828,2,4,1,0,6,519.0,253.6,183.2
2018-19,Álvaro Morata,Chelsea,Forward,936,5,0,3,0,6,523.0,130.2,219.8
2018-19,Jorge Luiz Frello Filho,Chelsea,Midfielder,3156,2,0,8,0,16,122.0,628.4,691.4
2018-19,Tammy Abraham,Chelsea,Forward,0,0,0,0,0,0,0.0,0.0,0.0
2018-19,Kepa Arrizabalaga,Chelsea,Goalkeeper,3240,0,0,2,0,14,0.0,0.1,681.0
2018-19,Mateo Kovacic,Chelsea,Midfielder,1725,0,2,3,0,9,311.0,468.8,315.4
2018-19,Gonzalo Higuaín,Chelsea,Forward,1084,5,0,0,0,5,644.0,241.7,240.4
2018-19,Addji Keaninkin Marc-Israel Guehi,Chelsea,Defender,0,0,0,0,0,0,0.0,0.0,0.0
2018-19,Wayne Hennessey,Crystal Palace,Goalkeeper,1575,0,0,0,0,5,0.0,0.0,358.8
2018-19,Julian Speroni,Crystal Palace,Goalkeeper,90,0,0,0,0,0,0.0,0.0,31.4
2018-19,Vicente Guaita,Crystal Palace,Goalkeeper,1754,0,0,2,0,7,0.0,0.0,448.0
2018-19,James Tomkins,Crystal Palace,Defender,2561,1,1,6,0,10,276.0,83.0,560.8
2018-19,Scott Dann,Crystal Palace,Defender,661,0,1,1,0,2,71.0,22.5,186.2
2018-19,Martin Kelly,Crystal Palace,Defender,1110,0,0,2,0,3,34.0,17.1,269.8
2018-19,Jeffrey Schlupp,Crystal Palace,Defender,1660,4,3,1,0,4,430.0,240.5,385.2
2018-19,Patrick van Aanholt,Crystal Palace,Defender,3196,3,2,3,0,12,448.0,520.4,616.0
2018-19,Mamadou Sakho,Crystal Palace,Defender,2416,0,0,2,0,9,47.0,78.2,540.6
2018-19,Jairo Riedewald,Crystal Palace,Defender,0,0,0,0,0,0,0.0,0.0,0.0
2018-19,Aaron Wan-Bissaka,Crystal Palace,Defender,3134,0,3,4,1,12,139.0,266.8,863.4
2018-19,James McArthur,Crystal Palace,Midfielder,3057,3,7,7,0,11,487.0,457.2,666.8
2018-19,Bakary Sako,Crystal Palace,Midfielder,26,0,0,0,0,0,0.0,0.5,3.0
2018-19,Andros Townsend,Crystal Palace,Midfielder,3007,6,5,1,0,11,622.0,928.5,743.0
2018-19,Luka Milivojevic,Crystal Palace,Midfielder,3420,12,2,10,0,12,473.0,910.1,1078.2
2018-19,Wilfried Zaha,Crystal Palace,Forward,3037,10,11,8,1,11,1200.0,753.3,752.8
2018-19,Christian Benteke,Crystal Palace,Forward,807,1,1,1,0,3,348.0,118.4,106.0
2018-19,Alexander Sørloth,Crystal Palace,Forward,173,0,0,0,0,0,59.0,38.3,19.2
2018-19,Cheikhou Kouyaté,Crystal Palace,Midfielder,1889,0,3,3,0,9,222.0,198.5,337.4
2018-19,Joel Ward,Crystal Palace,Defender,551,1,0,1,0,0,43.0,28.9,131.8
2018-19,Jaroslaw Jach,Crystal Palace,Defender,0,0,0,0,0,0,0.0,0.0,0.0
2018-19,Pape Souaré,Crystal Palace,Defender,1,0,0,0,0,0,0.0,0.1,1.0
2018-19,Connor Wickham,Crystal Palace,Forward,61,0,1,0,0,0,55.0,41.9,23.2
2018-19,Sullay Kaikai,Crystal Palace,Midfielder,0,0,0,0,0,0,0.0,0.0,0.0
2018-19,Max Meyer,Crystal Palace,Midfielder,1405,1,3,3,0,6,433.0,309.9,236.0
2018-19,Jordan Ayew,Crystal Palace,Forward,1176,1,3,3,0,5,421.0,207.3,140.2
2018-19,Joe Tupper,Crystal Palace,Goalkeeper,0,0,0,0,0,0,0.0,0.0,0.0
2018-19,Lucas Perri,Crystal Palace,Goalkeeper,0,0,0,0,0,0,0.0,0.0,0.0
2018-19,Michy Batshuayi,Crystal Palace,Forward,748,5,1,0,0,3,406.0,41.4,198.6
2018-19,Sam Woods,Crystal Palace,Defender,0,0,0,0,0,0,0.0,0.0,0.0
2018-19,Luke Dreher,Crystal Palace,Midfielder,1,0,0,0,0,0,0.0,0.6,0.2
2018-19,Nikola Tavares,Crystal Palace,Defender,0,0,0,0,0,0,0.0,0.0,0.0
2018-19,Jordan Pickford,Everton,Goalkeeper,3420,0,0,1,0,14,0.0,10.0,776.4
2018-19,Maarten Stekelenburg,Everton,Goalkeeper,0,0,0,0,0,0,0.0,0.0,0.0
2018-19,Leighton Baines,Everton,Defender,374,0,0,0,0,0,15.0,91.4,48.4
2018-19,Seamus Coleman,Everton,Defender,2558,2,2,1,0,13,274.0,387.3,515.2
2018-19,Phil Jagielka,Everton,Defender,329,1,0,0,1,2,43.0,21.4,82.2
2018-19,Ashley Williams,Everton,Defender,0,0,0,0,0,0,0.0,0.0,0.0
2018-19,Mason Holgate,Everton,Defender,407,0,0,1,0,0,2.0,5.0,92.2
2018-19,Jonjoe Kenny,Everton,Defender,789,0,1,1,0,1,12.0,102.7,166.2
2018-19,Michael Keane,Everton,Defender,2970,1,2,2,0,13,326.0,101.2,740.2
2018-19,Cuco Martina,Everton,Defender,0,0,0,0,0,0,0.0,0.0,0.0
2018-19,Theo Walcott,Everton,Midfielder,2108,5,3,1,0,6,699.0,342.9,420.0
2018-19,Yannick Bolasie,Everton,Midfielder,0,0,0,0,0,0,0.0,0.0,0.0
2018-19,James McCarthy,Everton,Midfielder,14,0,0,0,0,0,0.0,0.1,5.2
2018-19,Morgan Schneiderlin,Everton,Midfielder,832,0,1,2,0,5,17.0,124.7,151.6
2018-19,Idrissa Gueye,Everton,Midfielder,2821,0,2,6,0,13,168.0,311.3,629.2
2018-19,Tom Davies,Everton,Midfielder,975,0,0,3,0,2,103.0,96.2,122.6
2018-19,Ademola Lookman,Everton,Midfielder,600,0,3,0,0,1,211.0,172.1,131.4
2018-19,Davy Klaassen,Everton,Midfielder,0,0,0,0,0,0,0.0,0.0,0.0
2018-19,Gylfi Sigurdsson,Everton,Midfielder,3122,13,6,3,0,15,1084.0,1098.5,959.8
2018-19,Nikola Vlasic,Everton,Midfielder,0,0,0,0,0,0,0.0,0.0,0.0
2018-19,Beni Baningime,Everton,Midfielder,0,0,0,0,0,0,0.0,0.0,0.0
2018-19,Dominic Calvert-Lewin,Everton,Forward,1769,6,5,3,0,8,618.0,185.7,321.8
2018-19,Cenk Tosun,Everton,Forward,1044,3,3,3,0,1,546.0,172.2,212.6
2018-19,Richarlison de Andrade,Everton,Midfielder,2662,13,3,5,1,11,1209.0,350.7,698.4
2018-19,Kevin Mirallas,Everton,Midfielder,0,0,0,0,0,0,0.0,0.0,0.0
2018-19,Sandro Ramírez,Everton,Forward,0,0,0,0,0,0,0.0,0.0,0.0
2018-19,Lucas Digne,Everton,Defender,2964,4,5,5,1,13,300.0,1142.0,883.0
2018-19,Yerry Mina,Everton,Defender,891,1,0,3,0,3,61.0,37.5,198.2
2018-19,Bernard Anício Caldeira Duarte,Everton,Midfielder,2108,1,4,5,0,13,377.0,589.6,366.0
2018-19,André Filipe Tavares Gomes,Everton,Midfielder,1977,1,2,7,0,9,207.0,154.6,268.4
2018-19,Kurt Zouma,Everton,Defender,2613,2,2,3,1,10,235.0,83.7,565.2
2018-19,Kieran Dowell,Everton,Midfielder,0,0,0,0,0,0,0.0,0.0,0.0
2018-19,Tyias Browning,Everton,Defender,0,0,0,0,0,0,0.0,0.0,0.0
2018-19,Calum Chambers,Fulham,Defender,2586,2,0,9,0,5,401.0,231.9,609.0
2018-19,Marcus Bettinelli,Fulham,Goalkeeper,630,0,0,1,0,0,0.0,0.0,195.0
2018-19,Tim Ream,Fulham,Defender,2046,0,0,1,0,5,3.0,46.3,331.6
2018-19,Denis Odoi,Fulham,Defender,2593,0,1,4,0,3,93.0,164.2,575.2
2018-19,Tom Cairney,Fulham,Midfielder,2188,1,1,0,0,5,199.0,586.7,358.0
2018-19,Kevin McDonald,Fulham,Midfielder,837,0,0,4,1,0,15.0,71.9,99.6
2018-19,Ryan Sessegnon,Fulham,Midfielder,2291,2,7,0,0,3,438.0,468.3,410.4
2018-19,Stefan Johansen,Fulham,Midfielder,409,0,0,4,0,0,7.0,33.0,48.8
2018-19,Floyd Ayité,Fulham,Midfielder,466,1,0,0,0,0,74.0,117.5,90.0
2018-19,Neeskens Kebano,Fulham,Midfielder,101,0,0,0,0,0,8.0,8.3,17.6
2018-19,Rui Pedro da Rocha Fonte,Fulham,Midfielder,0,0,0,0,0,0,0.0,0.0,0.0
2018-19,Aboubakar Kamara,Fulham,Forward,688,3,0,2,0,1,244.0,149.5,150.0
2018-19,Maxime Le Marchand,Fulham,Defender,2250,0,1,5,0,3,99.0,131.7,577.8
2018-19,Jean Michael Seri,Fulham,Midfielder,2239,1,3,6,0,3,164.0,849.4,460.2
2018-19,Cyrus Christie,Fulham,Defender,1941,0,1,7,0,3,107.0,293.1,423.2
2018-19,Fabricio Agosto Ramírez,Fulham,Goalkeeper,180,0,0,0,0,0,0.0,0.0,115.2
2018-19,André Schürrle,Fulham,Midfielder,1638,6,0,2,0,2,474.0,310.6,361.8
2018-19,Aleksandar Mitrovic,Fulham,Forward,3280,11,4,7,0,5,1593.0,499.5,638.8
2018-19,Alfie Mawson,Fulham,Defender,1130,0,0,2,0,1,31.0,23.2,259.2
2018-19,Sergio Rico,Fulham,Goalkeeper,2610,0,0,1,0,5,0.0,20.3,851.4
2018-19,Joe Bryan,Fulham,Defender,2344,0,1,5,0,5,226.0,385.4,469.2
2018-19,Timothy Fosu-Mensah,Fulham,Defender,791,0,0,3,0,1,28.0,100.3,136.4
2018-19,André-Frank Zambo Anguissa,Fulham,Midfielder,1512,0,0,1,1,3,163.0,137.0,315.8
2018-19,Luciano Vietto,Fulham,Forward,980,1,4,1,0,1,346.0,306.8,206.2
2018-19,Ibrahima Cissé,Fulham,Midfielder,86,0,0,0,0,0,0.0,2.1,11.6
2018-19,Zeze Steven Sessegnon,Fulham,Defender,0,0,0,0,0,0,0.0,0.0,0.0
2018-19,Ryan Babel,Fulham,Midfielder,1250,5,4,3,0,3,355.0,336.8,322.0
2018-19,Håvard Nordtveit,Fulham,Defender,361,0,1,0,0,0,0.0,31.4,93.0
2018-19,Lazar Markovic,Fulham,Midfielder,45,0,0,0,0,0,4.0,13.0,6.2
2018-19,Harvey Elliott,Fulham,Midfielder,18,0,0,0,0,0,17.0,1.7,3.8
2018-19,Luca De La Torre,Fulham,Midfielder,0,0,0,0,0,0,0.0,0.0,0.0
2018-19,Jason Puncheon,Huddersfield,Midfielder,392,0,0,1,0,1,39.0,79.9,43.6
2018-19,Ben Hamer,Huddersfield,Goalkeeper,552,0,0,0,0,0,0.0,0.0,158.0
2018-19,Jonas Lössl,Huddersfield,Goalkeeper,2777,0,1,1,0,5,4.0,40.3,764.2
2018-19,Christopher Schindler,Huddersfield,Defender,3260,1,1,4,1,5,169.0,35.8,679.4
2018-19,Chris Löwe,Huddersfield,Defender,2052,0,4,2,0,1,183.0,379.9,325.8
2018-19,Tommy Smith,Huddersfield,Defender,1141,0,0,2,1,1,36.0,116.2,161.4
2018-19,Mathias Jorgensen,Huddersfield,Defender,2147,3,1,6,0,3,169.0,103.7,544.2
2018-19,Scott Malone,Huddersfield,Defender,0,0,0,0,0,0,0.0,0.0,0.0
2018-19,Florent Hadergjonaj,Huddersfield,Defender,1837,0,0,1,0,4,80.0,395.7,286.8
2018-19,Terence Kongolo,Huddersfield,Defender,2716,1,1,4,0,4,160.0,138.5,581.0
2018-19,Aaron Mooy,Huddersfield,Midfielder,2326,3,1,4,0,3,359.0,725.2,510.8
2018-19,Rajiv van La Parra,Huddersfield,Midfielder,405,0,0,0,0,1,41.0,57.6,27.8
2018-19,Jonathan Hogg,Huddersfield,Midfielder,2369,0,1,8,1,5,70.0,271.1,390.4
2018-19,Philip Billing,Huddersfield,Midfielder,2187,2,0,7,0,5,375.0,341.0,494.6
2018-19,Tom Ince,Huddersfield,Midfielder,0,0,0,0,0,0,0.0,0.0,0.0
2018-19,Danny Williams,Huddersfield,Midfielder,94,0,0,1,0,1,1.0,11.4,8.6
2018-19,Abdelhamid Sabiri,Huddersfield,Midfielder,48,0,0,0,0,0,2.0,0.5,4.2
2018-19,Alex Pritchard,Huddersfield,Midfielder,2079,2,0,2,0,7,546.0,497.9,297.4
2018-19,Ramadan Sobhi,Huddersfield,Midfielder,75,0,0,0,0,0,6.0,48.2,15.4
2018-19,Juninho Bacuna,Huddersfield,Midfielder,1410,1,0,4,0,0,131.0,278.8,246.4
2018-19,Collin Quaner,Huddersfield,Forward,37,0,0,0,0,0,0.0,13.7,2.2
2018-19,Laurent Depoitre,Huddersfield,Forward,1058,0,1,1,0,0,381.0,124.3,51.6
2018-19,Steve Mounie,Huddersfield,Forward,1767,2,4,1,1,5,788.0,251.7,226.4
2018-19,Elias Kachunga,Huddersfield,Forward,1175,0,0,2,0,1,180.0,109.0,83.6
2018-19,Erik Durm,Huddersfield,Defender,2049,0,1,0,0,3,114.0,209.2,281.8
2018-19,Adama Diakhaby,Huddersfield,Midfielder,548,0,1,1,0,1,115.0,80.6,40.0
2018-19,Isaac Mbenza,Huddersfield,Midfielder,977,1,1,1,0,0,174.0,118.5,110.4
2018-19,Jon Gorenc Stankovic,Huddersfield,Defender,715,1,0,2,0,2,101.0,28.2,166.6
2018-19,Ryan Schofield,Huddersfield,Goalkeeper,0,0,0,0,0,0,0.0,0.0,0.0
2018-19,Karlan Grant,Huddersfield,Forward,873,3,2,0,0,1,308.0,109.6,141.8
2018-19,Joel Coleman,Huddersfield,Goalkeeper,90,0,0,0,0,0,0.0,0.0,14.8
2018-19,Demeaco Duhaney,Huddersfield,Defender,45,0,0,0,0,0,0.0,1.6,3.8
2018-19,Matthew Daly,Huddersfield,Midfielder,73,0,0,0,0,0,2.0,1.0,0.6
2018-19,Aaron Rowe,Huddersfield,Midfielder,68,0,0,0,0,0,0.0,1.2,0.0
2018-19,Kasper Schmeichel,Leicester,Goalkeeper,3420,0,0,3,0,10,4.0,10.0,756.8
2018-19,Eldin Jakupovic,Leicester,Goalkeeper,0,0,0,0,0,0,0.0,0.0,0.0
2018-19,Wes Morgan,Leicester,Defender,1924,3,0,1,2,6,293.0,40.1,471.0
2018-19,Christian Fuchs,Leicester,Defender,206,0,0,0,0,0,14.0,85.6,50.4
2018-19,Danny Simpson,Leicester,Defender,289,0,0,0,0,1,2.0,13.2,74.6
2018-19,Yohan Benalouane,Leicester,Defender,0,0,0,0,0,0,0.0,0.0,0.0
2018-19,Benjamin Chilwell,Leicester,Defender,3240,0,5,4,0,10,298.0,674.6,721.0
2018-19,Harry Maguire,Leicester,Defender,2596,3,1,6,1,6,462.0,165.3,715.8
2018-19,Ricardo Domingos Barbosa Pereira,Leicester,Defender,3123,2,8,7,0,10,430.0,517.6,889.0
2018-19,Jonny Evans,Leicester,Defender,1993,1,0,2,0,8,158.0,66.1,460.0
2018-19,Marc Albrighton,Leicester,Midfielder,1617,2,2,3,0,5,242.0,446.8,371.2
2018-19,Demarai Gray,Leicester,Midfielder,1978,4,1,2,0,6,599.0,310.2,320.2
2018-19,Daniel Amartey,Leicester,Midfielder,639,0,0,2,0,1,21.0,46.7,139.0
2018-19,Wilfred Ndidi,Leicester,Midfielder,3295,2,0,8,0,9,346.0,342.4,726.0
2018-19,Vicente Iborra,Leicester,Midfielder,224,0,0,0,0,0,25.0,27.8,26.8
2018-19,Matty James,Leicester,Midfielder,0,0,0,0,0,0,0.0,0.0,0.0
2018-19,Hamza Choudhury,Leicester,Midfielder,593,0,0,0,0,4,51.0,73.7,119.6
2018-19,Adrien Sebastian Perruchet Silva,Leicester,Midfielder,87,0,0,0,0,0,0.0,6.3,14.2
2018-19,Fousseni Diabaté,Leicester,Midfielder,54,0,0,0,0,0,0.0,15.8,7.4
2018-19,James Maddison,Leicester,Midfielder,2831,7,7,3,1,8,769.0,1515.0,801.4
2018-19,Jamie Vardy,Leicester,Forward,2726,18,5,3,1,11,1206.0,419.9,822.0
2018-19,Shinji Okazaki,Leicester,Forward,269,0,1,0,0,0,90.0,28.6,45.6
2018-19,Kelechi Iheanacho,Leicester,Forward,924,1,5,2,0,1,230.0,209.4,135.8
2018-19,Danny Ward,Leicester,Goalkeeper,0,0,0,0,0,0,0.0,0.0,0.0
2018-19,Rachid Ghezzal,Leicester,Midfielder,733,1,0,3,0,1,228.0,307.0,147.8
2018-19,Filip Benkovic,Leicester,Defender,0,0,0,0,0,0,0.0,0.0,0.0
2018-19,Çaglar Söyüncü,Leicester,Defender,371,0,0,1,0,0,22.0,6.8,76.6
2018-19,Nampalys Mendy,Leicester,Midfielder,2085,0,1,5,0,7,23.0,135.5,235.8
2018-19,Josh Knight,Leicester,Defender,0,0,0,0,0,0,0.0,0.0,0.0
2018-19,Harvey Barnes,Leicester,Midfielder,1001,1,3,0,0,1,534.0,242.0,172.8
2018-19,Youri Tielemans,Leicester,Midfielder,1087,3,5,2,0,3,249.0,269.7,299.0
2018-19,Simon Mignolet,Liverpool,Goalkeeper,0,0,0,0,0,0,0.0,0.0,0.0
2018-19,Loris Karius,Liverpool,Goalkeeper,0,0,0,0,0,0,0.0,0.0,0.0
2018-19,Dejan Lovren,Liverpool,Defender,986,1,1,1,0,6,72.0,29.1,255.8
2018-19,Alberto Moreno,Liverpool,Defender,154,0,0,0,0,0,5.0,42.0,20.0
2018-19,Joseph Gomez,Liverpool,Defender,1059,0,0,2,0,7,44.0,92.1,209.8
2018-19,Joel Matip,Liverpool,Defender,1535,1,0,3,0,9,85.0,57.9,414.6
2018-19,Ragnar Klavan,Liverpool,Defender,0,0,0,0,0,0,0.0,0.0,0.0
2018-19,Trent Alexander-Arnold,Liverpool,Defender,2460,1,13,3,0,16,276.0,837.4,734.4
2018-19,Virgil van Dijk,Liverpool,Defender,3384,4,4,1,0,20,455.0,111.1,993.6
2018-19,Andrew Robertson,Liverpool,Defender,3216,0,12,4,0,21,318.0,767.2,748.8
2018-19,Alex Oxlade-Chamberlain,Liverpool,Midfielder,19,0,0,0,0,0,19.0,10.8,10.2
2018-19,Jordan Henderson,Liverpool,Midfielder,1976,1,3,1,1,12,182.0,311.7,358.8
2018-19,Adam Lallana,Liverpool,Midfielder,460,0,1,1,0,3,113.0,139.0,85.4
2018-19,Sadio Mané,Liverpool,Midfielder,3076,22,3,2,0,19,1332.0,692.8,1015.8
2018-19,Georginio Wijnaldum,Liverpool,Midfielder,2723,3,1,3,0,18,338.0,405.2,437.6
2018-19,Mohamed Salah,Liverpool,Midfielder,3254,22,12,1,0,21,2168.0,973.9,1186.8
2018-19,James Milner,Liverpool,Midfielder,1778,5,5,5,1,9,374.0,725.2,587.2
2018-19,Fabio Henrique Tavares,Liverpool,Midfielder,2011,1,2,6,0,11,173.0,283.4,406.2
2018-19,Naby Keita,Liverpool,Midfielder,1385,2,1,0,0,10,356.0,213.1,293.6
2018-19,Roberto Firmino,Liverpool,Forward,2606,12,8,0,0,19,1240.0,670.1,774.8
2018-19,Xherdan Shaqiri,Liverpool,Midfielder,1052,6,5,2,0,7,282.0,344.7,363.6
2018-19,Alisson Ramses Becker,Liverpool,Goalkeeper,3420,0,0,1,0,21,0.0,0.1,677.0
2018-19,Daniel Sturridge,Liverpool,Forward,498,2,1,1,0,2,186.0,117.6,117.6
2018-19,Divock Origi,Liverpool,Forward,364,3,1,0,0,3,195.0,45.0,143.4
2018-19,Rafael Camacho,Liverpool,Midfielder,1,0,0,0,0,0,0.0,0.0,2.0
2018-19,Curtis Jones,Liverpool,Midfielder,0,0,0,0,0,0,0.0,0.0,0.0
2018-19,Riyad Mahrez,Man City,Midfielder,1331,7,4,0,0,4,731.0,450.8,459.4
2018-19,Ederson Santana de Moraes,Man City,Goalkeeper,3420,0,1,2,0,20,0.0,33.0,535.2
2018-19,Claudio Bravo,Man City,Goalkeeper,0,0,0,0,0,0,0.0,0.0,0.0
2018-19,John Stones,Man City,Defender,1761,0,0,1,0,9,49.0,115.5,376.6
2018-19,Vincent Kompany,Man City,Defender,1220,1,0,6,0,6,55.0,44.2,329.0
2018-19,Nicolás Otamendi,Man City,Defender,1233,0,0,1,0,9,143.0,53.7,281.2
2018-19,Kyle Walker,Man City,Defender,2776,1,1,3,0,18,183.0,448.4,498.8
2018-19,Danilo Luiz da Silva,Man City,Defender,805,1,0,1,0,4,99.0,118.0,165.2
2018-19,Benjamin Mendy,Man City,Defender,900,0,6,1,0,4,70.0,222.7,250.8
2018-19,Aymeric Laporte,Man City,Defender,3056,3,3,3,0,18,278.0,239.3,790.0
2018-19,Fabian Delph,Man City,Defender,722,0,1,1,1,3,24.0,97.8,153.8
2018-19,Raheem Sterling,Man City,Midfielder,2770,17,15,3,0,17,1572.0,937.4,1060.0
2018-19,David Silva,Man City,Midfielder,2399,6,8,2,0,16,1092.0,1150.3,715.2
2018-19,Fernando Luiz Rosa,Man City,Midfielder,2375,1,3,5,0,12,208.0,396.8,534.6
2018-19,Kevin De Bruyne,Man City,Midfielder,968,2,3,2,0,6,317.0,562.3,301.4
2018-19,Ilkay Gündogan,Man City,Midfielder,2129,6,3,3,0,13,447.0,819.7,548.8
2018-19,Leroy Sané,Man City,Midfielder,1857,10,12,1,0,9,1039.0,645.0,716.8
2018-19,Bernardo Mota Veiga de Carvalho e Silva,Man City,Midfielder,2849,7,8,3,0,15,1069.0,1026.3,796.4
2018-19,Phil Foden,Man City,Midfielder,328,1,0,0,0,2,208.0,133.8,85.0
2018-19,Brahim Diaz,Man City,Midfielder,0,0,0,0,0,0,0.0,0.0,0.0
2018-19,Oleksandr Zinchenko,Man City,Midfielder,1151,0,3,1,0,9,77.0,278.6,279.2
2018-19,Sergio Agüero,Man City,Forward,2457,21,11,4,0,17,1685.0,523.7,946.6
2018-19,Gabriel Fernando de Jesus,Man City,Forward,1017,7,3,1,0,2,864.0,300.5,395.2
2018-19,Arijanet Muric,Man City,Goalkeeper,0,0,0,0,0,0,0.0,0.0,0.0
2018-19,Philippe Sandler,Man City,Defender,0,0,0,0,0,0,0.0,0.0,0.0
2018-19,David de Gea,Man United,Goalkeeper,3420,0,0,1,0,7,0.0,0.0,846.0
2018-19,Sergio Romero,Man United,Goalkeeper,0,0,0,0,0,0,0.0,0.0,0.0
2018-19,Chris Smalling,Man United,Defender,2127,1,0,1,0,4,176.0,31.0,453.4
2018-19,Phil Jones,Man United,Defender,1261,0,1,1,0,3,42.0,44.8,300.8
2018-19,Luke Shaw,Man United,Defender,2591,1,5,11,0,6,287.0,505.6,586.2
2018-19,Marcos Rojo,Man United,Defender,209,0,0,2,0,0,63.0,3.1,42.2
2018-19,Antonio Valencia,Man United,Defender,466,0,0,2,0,2,6.0,111.2,61.4
2018-19,Matteo Darmian,Man United,Defender,443,0,0,0,0,1,7.0,34.9,84.2
2018-19,Daley Blind,Man United,Defender,0,0,0,0,0,0,0.0,0.0,0.0
2018-19,Eric Bailly,Man United,Defender,636,0,0,0,1,1,35.0,3.4,125.0
2018-19,Victor Lindelöf,Man United,Defender,2600,1,1,1,0,6,118.0,75.3,533.0
2018-19,Ashley Young,Man United,Defender,2568,2,3,8,1,4,124.0,650.5,554.4
2018-19,José Diogo Dalot Teixeira,Man United,Defender,1009,0,2,3,0,1,94.0,259.0,184.4
2018-19,Alexis Sánchez,Man United,Midfielder,869,1,5,3,0,2,307.0,297.2,207.6
2018-19,Nemanja Matic,Man United,Midfielder,2437,1,0,6,1,6,183.0,247.9,477.6
2018-19,Juan Mata,Man United,Midfielder,1284,3,4,3,0,5,262.0,464.0,258.4
2018-19,Marouane Fellaini,Man United,Midfielder,746,0,2,1,0,1,145.0,65.6,172.2
2018-19,Ander Herrera,Man United,Midfielder,1397,2,3,4,0,5,257.0,234.6,399.2
2018-19,Jesse Lingard,Man United,Midfielder,1657,4,3,3,0,3,395.0,306.1,310.0
2018-19,Anthony Martial,Man United,Midfielder,1613,10,4,2,0,5,755.0,503.3,532.8
2018-19,Paul Pogba,Man United,Midfielder,3007,13,10,6,0,8,1246.0,822.3,1096.8
2018-19,Scott McTominay,Man United,Midfielder,862,2,0,1,0,1,180.0,33.1,175.4
2018-19,Frederico Rodrigues de Paula Santos,Man United,Midfielder,1039,1,2,2,0,1,87.0,203.2,177.6
2018-19,Marcus Rashford,Man United,Forward,2331,10,7,3,1,6,1064.0,542.3,650.0
2018-19,Romelu Lukaku,Man United,Forward,2126,12,1,4,0,4,1052.0,330.2,550.6
2018-19,Andreas Pereira,Man United,Midfielder,590,1,1,5,0,1,67.0,139.5,132.8
2018-19,Lee Grant,Man United,Goalkeeper,0,0,0,0,0,0,0.0,0.0,0.0
2018-19,Angel Gomes,Man United,Midfielder,25,0,0,0,0,0,18.0,2.3,5.2
2018-19,James Garner,Man United,Midfielder,1,0,0,0,0,0,0.0,0.0,0.0
2018-19,Tahith Chong,Man United,Midfielder,37,0,0,0,0,0,39.0,2.1,6.2
2018-19,Mason Greenwood,Man United,Forward,115,0,0,0,0,0,90.0,43.3,24.0
2018-19,Robert Elliot,Newcastle,Goalkeeper,0,0,0,0,0,0,0.0,0.0,0.0
2018-19,Karl Darlow,Newcastle,Goalkeeper,0,0,0,0,0,0,0.0,0.0,0.0
2018-19,Martin Dubravka,Newcastle,Goalkeeper,3420,0,0,1,0,11,0.0,0.0,783.6
2018-19,DeAndre Yedlin,Newcastle,Defender,2472,1,2,6,1,5,113.0,406.3,436.4
2018-19,Ciaran Clark,Newcastle,Defender,857,3,0,1,0,2,105.0,25.0,293.2
2018-19,Jamaal Lascelles,Newcastle,Defender,2745,0,1,4,0,10,113.0,46.8,632.4
2018-19,Paul Dummett,Newcastle,Defender,1986,0,0,1,0,7,58.0,94.0,424.2
2018-19,Florian Lejeune,Newcastle,Defender,1054,0,0,0,0,4,59.0,82.5,211.6
2018-19,Javier Manquillo,Newcastle,Defender,1098,0,3,2,0,4,28.0,127.3,231.0
2018-19,Chancel Mbemba,Newcastle,Defender,0,0,0,0,0,0,0.0,0.0,0.0
2018-19,Matt Ritchie,Newcastle,Midfielder,2927,2,8,9,0,10,448.0,973.8,712.4
2018-19,Jonjo Shelvey,Newcastle,Midfielder,943,1,1,1,0,5,154.0,351.7,226.2
2018-19,Mohamed Diamé,Newcastle,Midfielder,2162,0,0,3,0,7,204.0,82.9,310.8
2018-19,Christian Atsu,Newcastle,Midfielder,1481,1,1,2,0,6,331.0,273.0,218.8
2018-19,Jacob Murphy,Newcastle,Midfielder,296,0,1,0,0,1,22.0,31.1,53.6
2018-19,Mikel Merino,Newcastle,Midfielder,0,0,0,0,0,0,0.0,0.0,0.0
2018-19,Isaac Hayden,Newcastle,Midfielder,1857,1,4,3,1,7,232.0,298.8,412.0
2018-19,Sung-yueng Ki,Newcastle,Midfielder,1298,0,1,2,0,4,45.0,258.4,163.2
2018-19,Dwight Gayle,Newcastle,Forward,0,0,0,0,0,0,0.0,0.0,0.0
2018-19,Ayoze Pérez,Newcastle,Forward,2916,12,2,2,0,11,954.0,585.6,783.6
2018-19,Jose Luis Mato Sanmartín,Newcastle,Forward,586,2,0,1,0,1,290.0,35.9,121.4
2018-19,Robert Kenedy Nunes do Nascimento,Newcastle,Midfielder,1337,1,1,1,0,6,297.0,187.9,212.8
2018-19,Fabian Schär,Newcastle,Defender,2000,4,1,12,0,7,220.0,148.6,669.4
2018-19,Yoshinori Muto,Newcastle,Forward,514,1,0,1,0,1,140.0,66.8,71.8
2018-19,Salomón Rondón,Newcastle,Forward,2601,11,8,1,0,9,1249.0,468.0,645.6
2018-19,Federico Fernández,Newcastle,Defender,1482,0,2,2,0,3,70.0,63.7,350.0
2018-19,Jamie Sterry,Newcastle,Defender,0,0,0,0,0,0,0.0,0.0,0.0
2018-19,Sean Longstaff,Newcastle,Midfielder,686,1,1,2,0,3,106.0,71.8,130.4
2018-19,Frederick Woodman,Newcastle,Goalkeeper,0,0,0,0,0,0,0.0,0.0,0.0
2018-19,Callum Roberts,Newcastle,Midfielder,0,0,0,0,0,0,0.0,0.0,0.0
2018-19,Miguel Almirón,Newcastle,Midfielder,758,0,2,0,0,3,235.0,189.8,121.4
2018-19,Antonio Barreca,Newcastle,Defender,4,0,0,0,0,0,0.0,0.0,0.2
2018-19,Kelland Watts,Newcastle,Midfielder,0,0,0,0,0,0,0.0,0.0,0.0
2018-19,Lewis Cass,Newcastle,Defender,0,0,0,0,0,0,0.0,0.0,0.0
2018-19,Danny Ings,Southampton,Forward,1650,7,3,1,0,5,808.0,346.9,433.8
2018-19,Alex McCarthy,Southampton,Goalkeeper,2250,0,0,1,0,4,0.0,0.0,585.2
2018-19,Fraser Forster,Southampton,Goalkeeper,90,0,0,0,0,0,0.0,0.0,22.2
2018-19,Ryan Bertrand,Southampton,Defender,2160,1,0,8,0,6,123.0,379.4,326.8
2018-19,Maya Yoshida,Southampton,Defender,1518,0,1,0,0,3,189.0,57.4,387.0
2018-19,Cédric Soares,Southampton,Defender,1493,1,2,4,0,4,103.0,226.5,309.0
2018-19,Jack Stephens,Southampton,Defender,1697,1,0,4,0,3,143.0,65.5,394.4
2018-19,Sam McQueen,Southampton,Defender,0,0,0,0,0,0,0.0,0.0,0.0
2018-19,Jan Bednarek,Southampton,Defender,2150,0,1,7,0,3,91.0,108.8,616.0
2018-19,Wesley Hoedt,Southampton,Defender,1170,0,0,2,0,4,41.0,20.0,283.6
2018-19,Steven Davis,Southampton,Midfielder,97,0,1,0,0,0,2.0,41.6,38.8
2018-19,James Ward-Prowse,Southampton,Midfielder,1940,7,0,4,0,3,387.0,695.8,592.0
2018-19,Oriol Romeu Vidal,Southampton,Midfielder,2131,1,0,11,0,6,124.0,158.4,455.2
2018-19,Pierre-Emile Højbjerg,Southampton,Midfielder,2760,4,3,7,2,4,421.0,445.6,616.0
2018-19,Sofiane Boufal,Southampton,Midfielder,0,0,0,0,0,0,0.0,0.0,0.0
2018-19,Joshua Sims,Southampton,Midfielder,208,0,1,0,0,0,56.0,18.5,21.8
2018-19,Nathan Redmond,Southampton,Midfielder,3272,6,5,3,0,9,950.0,802.3,665.4
2018-19,Mario Lemina,Southampton,Midfielder,1612,1,2,5,0,4,188.0,214.7,313.0
2018-19,Stuart Armstrong,Southampton,Midfielder,1421,3,4,2,0,5,379.0,392.4,305.6
2018-19,Mohamed Elyounoussi,Southampton,Midfielder,785,0,0,0,0,4,220.0,228.3,94.2
2018-19,Shane Long,Southampton,Forward,1260,5,2,3,0,2,417.0,179.2,248.6
2018-19,Charlie Austin,Southampton,Forward,970,2,2,1,0,5,405.0,115.3,158.4
2018-19,Manolo Gabbiadini,Southampton,Forward,468,1,0,0,0,0,167.0,72.7,74.4
2018-19,Guido Carrillo,Southampton,Forward,0,0,0,0,0,0,0.0,0.0,0.0
2018-19,Angus Gunn,Southampton,Goalkeeper,1080,0,0,0,0,3,0.0,0.0,239.2
2018-19,Jannik Vestergaard,Southampton,Defender,2027,0,0,2,0,4,104.0,76.6,576.6
2018-19,Matt Targett,Southampton,Defender,1185,1,3,2,0,0,181.0,366.8,314.2
2018-19,Michael Obafemi,Southampton,Forward,134,1,1,1,0,0,127.0,27.4,62.6
2018-19,Yan Valery,Southampton,Defender,1709,2,1,3,1,3,157.0,124.7,329.4
2018-19,Tyreke Johnson,Southampton,Midfielder,1,0,0,0,0,0,0.0,0.0,0.0
2018-19,Kayne Ramsay,Southampton,Defender,90,0,0,0,0,0,0.0,0.0,11.2
2018-19,Callum Slattery,Southampton,Midfielder,110,0,0,0,0,0,24.0,2.6,15.8
2018-19,Sam Gallagher,Southampton,Forward,32,0,0,0,0,0,0.0,0.3,0.0
2018-19,Alfie Jones,Southampton,Defender,0,0,0,0,0,0,0.0,0.0,0.0
2018-19,Hugo Lloris,Tottenham,Goalkeeper,2970,0,0,0,0,12,0.0,0.0,858.2
2018-19,Michel Vorm,Tottenham,Goalkeeper,180,0,0,0,0,0,0.0,0.0,66.8
2018-19,Toby Alderweireld,Tottenham,Defender,2921,0,0,3,0,12,229.0,139.1,690.2
2018-19,Danny Rose,Tottenham,Defender,1792,0,4,5,0,8,216.0,416.6,343.6
2018-19,Jan Vertonghen,Tottenham,Defender,1911,1,0,3,1,6,165.0,116.7,445.4
2018-19,Ben Davies,Tottenham,Defender,1837,0,0,2,0,6,176.0,256.6,388.2
2018-19,Kieran Trippier,Tottenham,Defender,2275,1,5,2,0,10,121.0,827.0,601.6
2018-19,Kyle Walker-Peters,Tottenham,Defender,374,0,3,1,0,2,20.0,104.9,107.4
2018-19,Davinson Sánchez,Tottenham,Defender,1941,1,2,2,0,6,183.0,60.3,454.2
2018-19,Serge Aurier,Tottenham,Defender,562,0,2,1,0,2,45.0,108.4,151.6
2018-19,Eric Dier,Tottenham,Midfielder,1504,3,0,4,0,5,121.0,150.1,363.4
2018-19,Mousa Dembélé,Tottenham,Midfielder,512,0,0,1,0,1,1.0,17.5,51.0
2018-19,Erik Lamela,Tottenham,Midfielder,965,4,4,2,0,4,441.0,339.9,263.8
2018-19,Christian Eriksen,Tottenham,Midfielder,2770,8,12,3,0,8,801.0,1148.7,876.0
2018-19,Bamidele Alli,Tottenham,Midfielder,1822,5,4,4,0,8,681.0,436.6,467.2
2018-19,Victor Wanyama,Tottenham,Midfielder,511,1,0,2,0,3,80.0,45.0,113.2
2018-19,Heung-Min Son,Tottenham,Midfielder,2033,12,8,2,1,10,1002.0,508.0,690.6
2018-19,Harry Winks,Tottenham,Midfielder,1589,1,0,4,0,6,71.0,168.6,268.2
2018-19,Moussa Sissoko,Tottenham,Midfielder,2329,0,3,2,0,11,193.0,380.7,329.0
2018-19,Lucas Rodrigues Moura da Silva,Tottenham,Midfielder,2115,10,2,3,0,14,650.0,415.6,556.4
2018-19,Fernando Llorente,Tottenham,Forward,681,1,4,2,0,2,307.0,189.5,138.0
2018-19,Harry Kane,Tottenham,Forward,2423,17,6,5,0,9,1359.0,430.0,824.6
2018-19,Georges-Kévin Nkoudou,Tottenham,Midfielder,4,0,1,0,0,0,0.0,14.3,19.0
2018-19,Luke Amos,Tottenham,Midfielder,2,0,0,0,0,0,0.0,0.1,2.2
2018-19,Paulo Gazzaniga,Tottenham,Goalkeeper,270,0,0,0,0,1,0.0,0.0,82.8
2018-19,Alfie Whiteman,Tottenham,Goalkeeper,0,0,0,0,0,0,0.0,0.0,0.0
2018-19,Oliver Skipp,Tottenham,Midfielder,214,0,0,0,0,2,12.0,20.5,35.2
2018-19,Juan Foyth,Tottenham,Defender,888,1,0,3,1,3,53.0,59.8,248.6
2018-19,Timothy Eyoma,Tottenham,Defender,0,0,0,0,0,0,0.0,0.0,0.0
2018-19,Kazaiah Sterling,Tottenham,Forward,0,0,0,0,0,0,0.0,0.0,0.0
2018-19,George Marsh,Tottenham,Midfielder,0,0,0,0,0,0,0.0,0.0,0.0
2018-19,Vincent Janssen,Tottenham,Forward,36,0,0,0,0,0,57.0,1.6,6.2
2018-19,Heurelho Gomes,Watford,Goalkeeper,0,0,0,0,0,0,0.0,0.0,0.0
2018-19,Pontus Dahlberg,Watford,Goalkeeper,0,0,0,0,0,0,0.0,0.0,0.0
2018-19,Younes Kaboul,Watford,Defender,0,0,0,0,0,0,0.0,0.0,0.0
2018-19,Craig Cathcart,Watford,Defender,3095,3,0,2,0,6,262.0,25.5,719.6
2018-19,Sebastian Prödl,Watford,Defender,13,0,0,0,0,0,0.0,0.0,0.0
2018-19,José Holebas,Watford,Defender,2392,3,7,12,1,5,164.0,598.2,642.4
2018-19,Miguel Britos,Watford,Defender,184,0,0,0,0,0,0.0,0.3,28.4
2018-19,Christian Kabasele,Watford,Defender,1584,0,0,2,1,3,189.0,24.0,355.2
2018-19,Daryl Janmaat,Watford,Defender,1520,0,2,3,0,3,118.0,212.2,346.2
2018-19,Adrian Mariappa,Watford,Defender,1924,0,0,3,0,5,79.0,61.9,404.6
2018-19,Francisco Femenía Far,Watford,Defender,2043,1,1,1,0,4,87.0,252.9,420.2
2018-19,Marvin Zeegelaar,Watford,Defender,0,0,0,0,0,0,0.0,0.0,0.0
2018-19,Marc Navarro,Watford,Defender,84,0,0,0,0,0,2.0,5.3,16.0
2018-19,Adam Masina,Watford,Defender,1002,0,1,5,0,2,27.0,70.8,201.0
2018-19,Nathaniel Chalobah,Watford,Midfielder,265,0,0,2,0,0,31.0,20.2,35.6
2018-19,Tom Cleverley,Watford,Midfielder,470,1,0,2,0,3,40.0,33.4,97.4
2018-19,Etienne Capoue,Watford,Midfielder,2944,1,3,14,1,8,152.0,219.2,656.6
2018-19,Abdoulaye Doucouré,Watford,Midfielder,3061,5,7,7,0,5,709.0,544.1,735.6
2018-19,Roberto Pereyra,Watford,Midfielder,2817,6,4,3,0,6,744.0,512.7,458.4
2018-19,Will Hughes,Watford,Midfielder,2419,2,4,5,0,7,451.0,416.0,429.2
2018-19,Gerard Deulofeu,Watford,Midfielder,2064,10,5,3,0,9,856.0,455.6,549.2
2018-19,Andre Gray,Watford,Forward,1352,7,2,2,0,4,620.0,183.9,331.8
2018-19,Troy Deeney,Watford,Forward,2542,9,5,4,1,5,1019.0,549.5,607.4
2018-19,Stefano Okaka,Watford,Forward,22,0,0,1,0,0,26.0,24.7,3.2
2018-19,Jerome Sinclair,Watford,Forward,0,0,0,0,0,0,0.0,0.0,0.0
2018-19,Ben Foster,Watford,Goalkeeper,3420,0,0,1,0,7,1.0,50.0,988.0
2018-19,Ken Sema,Watford,Midfielder,747,1,2,1,0,3,169.0,112.7,128.6
2018-19,Domingos Quina,Watford,Midfielder,334,1,0,0,0,0,22.0,40.2,69.0
2018-19,Isaac Success Ajayi,Watford,Forward,1033,1,1,4,0,2,394.0,274.5,148.6
2018-19,Ben Wilmot,Watford,Defender,26,0,0,0,0,0,0.0,0.3,7.2
2018-19,Adalberto Peñaranda,Watford,Forward,0,0,0,0,0,0,0.0,0.0,0.0
2018-19,Adrián San Miguel del Castillo,West Ham,Goalkeeper,0,0,0,0,0,0,0.0,0.0,0.0
2018-19,Lukasz Fabianski,West Ham,Goalkeeper,3420,0,0,0,0,7,0.0,20.0,1136.0
2018-19,Winston Reid,West Ham,Defender,0,0,0,0,0,0,0.0,0.0,0.0
2018-19,Aaron Cresswell,West Ham,Defender,1588,0,1,1,0,1,113.0,290.9,318.2
2018-19,Angelo Ogbonna,West Ham,Defender,1871,1,1,2,0,2,168.0,54.2,462.4
2018-19,Sam Byram,West Ham,Defender,0,0,0,0,0,0,0.0,0.0,0.0
2018-19,Pablo Zabaleta,West Ham,Defender,2089,0,1,4,0,4,106.0,163.2,447.4
2018-19,Declan Rice,West Ham,Defender,3003,2,0,4,0,6,213.0,174.2,584.4
2018-19,Reece Oxford,West Ham,Defender,0,0,0,0,0,0,0.0,0.0,0.0
2018-19,Ryan Fredericks,West Ham,Defender,1084,1,0,5,0,3,85.0,77.2,254.8
2018-19,Issa Diop,West Ham,Defender,2970,1,0,4,0,7,162.0,52.3,733.0
2018-19,Arthur Masuaku,West Ham,Midfielder,1757,0,2,2,0,4,55.0,212.0,434.4
2018-19,Mark Noble,West Ham,Midfielder,2289,5,5,6,1,7,196.0,359.8,521.4
2018-19,Pedro Obiang,West Ham,Midfielder,1116,0,2,0,0,2,112.0,105.9,219.2
2018-19,Manuel Lanzini,West Ham,Midfielder,685,1,2,2,0,2,165.0,118.2,141.0
2018-19,Michail Antonio,West Ham,Midfielder,2093,6,8,3,0,7,852.0,346.2,482.0
2018-19,Edimilson Fernandes,West Ham,Midfielder,0,0,0,0,0,0,0.0,0.0,0.0
2018-19,Marko Arnautovic,West Ham,Forward,1988,10,5,3,0,4,946.0,500.6,551.6
2018-19,Andy Carroll,West Ham,Forward,454,0,0,2,0,0,169.0,51.4,41.8
2018-19,Javier Hernández Balcázar,West Ham,Forward,1326,7,4,2,0,6,528.0,112.0,301.0
2018-19,Jordan Hugill,West Ham,Forward,0,0,0,0,0,0,0.0,0.0,0.0
2018-19,Jack Wilshere,West Ham,Midfielder,388,0,2,2,0,1,17.0,74.0,72.0
2018-19,Andriy Yarmolenko,West Ham,Midfielder,456,2,1,2,0,1,122.0,84.6,86.0
2018-19,Fabián Balbuena,West Ham,Defender,2013,1,0,2,0,5,201.0,40.9,534.6
2018-19,Felipe Anderson Pereira Gomes,West Ham,Midfielder,3045,9,6,3,0,7,799.0,1042.4,882.2
2018-19,Robert Snodgrass,West Ham,Midfielder,2215,2,5,10,0,5,380.0,976.0,460.8
2018-19,Lucas Pérez,West Ham,Forward,465,3,0,0,0,0,131.0,110.5,136.8
2018-19,Carlos Sánchez,West Ham,Midfielder,240,0,0,0,0,0,24.0,28.8,24.6
2018-19,Grady Diangana,West Ham,Midfielder,600,0,1,0,0,2,175.0,174.5,115.0
2018-19,Joe Powell,West Ham,Midfielder,0,0,0,0,0,0,0.0,0.0,0.0
2018-19,Conor Coventry,West Ham,Midfielder,0,0,0,0,0,0,0.0,0.0,0.0
2018-19,Alexandre Nascimento Costa Silva,West Ham,Forward,17,0,0,0,0,0,36.0,10.3,2.0
2018-19,Samir Nasri,West Ham,Midfielder,243,0,2,0,0,1,28.0,86.6,49.8
2018-19,Ben Johnson,West Ham,Defender,62,0,0,0,0,0,0.0,0.4,7.8
2018-19,Nathan Holland,West Ham,Midfielder,0,0,0,0,0,0,0.0,0.0,0.0
2018-19,John Ruddy,Wolves,Goalkeeper,90,0,0,0,0,1,0.0,0.0,26.6
2018-19,Will Norris,Wolves,Goalkeeper,1,0,0,0,0,0,0.0,0.0,0.0
2018-19,Willy Boly,Wolves,Defender,3168,4,0,2,1,8,279.0,146.9,954.2
2018-19,Barry Douglas,Wolves,Defender,0,0,0,0,0,0,0.0,0.0,0.0
2018-19,Matt Doherty,Wolves,Defender,3141,4,7,5,0,8,711.0,547.4,758.8
2018-19,Romain Saïss,Wolves,Defender,1142,2,0,7,0,3,129.0,70.9,363.6
2018-19,Ryan Bennett,Wolves,Defender,3060,1,0,12,0,9,172.0,129.7,566.4
2018-19,Danny Batth,Wolves,Defender,0,0,0,0,0,0,0.0,0.0,0.0
2018-19,Roderick Jefferson Gonçalves Miranda,Wolves,Defender,0,0,0,0,0,0,0.0,0.0,0.0
2018-19,Conor Coady,Wolves,Defender,3420,0,0,5,0,9,0.0,26.2,593.2
2018-19,Rúben Gonçalo Silva Nascimento Vinagre,Wolves,Defender,703,0,0,1,0,1,69.0,113.7,117.0
2018-19,Diogo Jota,Wolves,Midfielder,2352,9,8,11,0,10,888.0,402.5,559.6
2018-19,Rúben Diogo da Silva Neves,Wolves,Midfielder,3006,4,3,8,0,8,402.0,365.9,698.2
2018-19,Ivan Cavaleiro,Wolves,Midfielder,677,3,1,1,0,1,156.0,313.6,198.0
2018-19,Hélder Costa,Wolves,Midfielder,1333,1,2,3,0,5,280.0,264.0,162.8
2018-19,Bright Enobakhare,Wolves,Midfielder,0,0,0,0,0,0,0.0,0.0,0.0
2018-19,Raúl Jiménez,Wolves,Forward,3112,13,10,4,0,12,1428.0,648.5,788.8
2018-19,Bonatini Lohner Maia Bonatini,Wolves,Forward,130,0,1,0,0,0,90.0,30.9,24.6
2018-19,Morgan Gibbs-White,Wolves,Midfielder,645,0,1,1,0,4,72.0,181.1,73.2
2018-19,Rafa Mir,Wolves,Forward,0,0,0,0,0,0,0.0,0.0,0.0
2018-19,Rui Pedro dos Santos Patrício,Wolves,Goalkeeper,3330,0,0,0,0,8,0.0,0.0,695.0
2018-19,João Filipe Iria Santos Moutinho,Wolves,Midfielder,3030,1,8,4,0,9,102.0,1245.8,812.6
2018-19,Jonathan Castro Otto,Wolves,Defender,2772,1,3,6,0,8,361.0,447.3,523.4
2018-19,Adama Traoré,Wolves,Midfielder,884,1,1,1,0,1,265.0,271.3,223.4
2018-19,Leander Dendoncker,Wolves,Midfielder,1465,2,0,1,0,3,288.0,126.6,334.8
2018-19,Kortney Hause,Wolves,Defender,0,0,0,0,0,0,0.0,0.0,0.0
2018-19,Ryan John Giles,Wolves,Midfielder,0,0,0,0,0,0,0.0,0.0,0.0
2018-19,Max Kilman,Wolves,Defender,1,0,0,0,0,0,0.0,0.0,0.0
2018-19,Cameron John,Wolves,Defender,0,0,0,0,0,0,0.0,0.0,0.0
2019-20,Shkodran Mustafi,Arsenal,Defender,1205,0,2,2,0,4,155.0,45.5,277.2
2019-20,Héctor Bellerín,Arsenal,Defender,1156,1,0,2,0,4,103.0,76.9,187.8
2019-20,Sead Kolasinac,Arsenal,Defender,1694,0,2,4,0,4,81.0,182.5,269.6
2019-20,Ainsley Maitland-Niles,Arsenal,Defender,1382,0,2,4,1,3,58.0,182.0,301.8
2019-20,Sokratis Papastathopoulos,Arsenal,Defender,1696,2,0,6,0,4,110.0,36.8,436.2
2019-20,Nacho Monreal,Arsenal,Defender,270,0,0,0,0,1,12.0,40.8,47.2
2019-20,Laurent Koscielny,Arsenal,Defender,0,0,0,0,0,0,0.0,0.0,0.0
2019-20,Konstantinos Mavropanos,Arsenal,Defender,0,0,0,0,0,0,0.0,0.0,0.0
2019-20,Carl Jenkinson,Arsenal,Defender,0,0,0,0,0,0,0.0,0.0,0.0
2019-20,Rob Holding,Arsenal,Defender,580,0,0,1,0,1,19.0,4.8,133.6
2019-20,Pierre-Emerick Aubameyang,Arsenal,Forward,3136,22,5,3,1,10,1369.0,479.6,1006.0
2019-20,Alexandre Lacazette,Arsenal,Forward,1867,10,7,8,0,5,861.0,337.7,536.4
2019-20,Edward Nketiah,Arsenal,Forward,628,2,0,0,1,3,210.0,67.0,90.4
2019-20,Bernd Leno,Arsenal,Goalkeeper,2649,0,0,2,0,7,0.0,0.0,843.2
2019-20,Mesut Özil,Arsenal,Midfielder,1439,1,3,1,0,5,190.0,582.9,223.6
2019-20,Henrikh Mkhitaryan,Arsenal,Midfielder,110,0,0,1,0,1,46.0,33.9,5.4
2019-20,Granit Xhaka,Arsenal,Midfielder,2586,1,2,10,0,10,110.0,298.5,486.2
2019-20,Lucas Torreira,Arsenal,Midfielder,1501,1,1,7,0,3,207.0,207.1,281.8
2019-20,Mohamed Elneny,Arsenal,Midfielder,0,0,0,0,0,0,0.0,0.0,0.0
2019-20,Matteo Guendouzi,Arsenal,Midfielder,1744,0,2,6,0,3,146.0,235.1,333.6
2019-20,David Luiz Moreira Marinho,Arsenal,Defender,2809,2,1,5,2,8,211.0,106.7,701.6
2019-20,Emiliano Martínez,Arsenal,Goalkeeper,770,0,0,2,0,3,0.0,0.0,256.8
2019-20,Calum Chambers,Arsenal,Defender,1102,1,1,5,0,3,203.0,113.5,272.0
2019-20,Daniel Ceballos Fernández,Arsenal,Midfielder,1687,0,2,1,0,7,130.0,439.9,346.4
2019-20,Cédric Soares,Arsenal,Defender,1553,1,1,1,0,4,118.0,218.9,349.0
2019-20,Nicolas Pépé,Arsenal,Midfielder,2004,5,6,4,0,5,624.0,639.4,500.2
2019-20,Reiss Nelson,Arsenal,Midfielder,622,1,1,1,0,2,185.0,148.3,110.4
2019-20,Joseph Willock,Arsenal,Midfielder,838,1,1,2,0,1,212.0,165.9,176.8
2019-20,Gabriel Teodoro Martinelli Silva,Arsenal,Forward,656,3,1,1,0,2,226.0,36.6,162.8
2019-20,Kieran Tierney,Arsenal,Defender,986,1,2,2,0,2,73.0,121.1,201.8
2019-20,Bukayo Saka,Arsenal,Midfielder,1746,1,6,6,0,7,248.0,322.5,327.2
2019-20,Emile Smith Rowe,Arsenal,Midfielder,96,0,0,0,0,1,0.0,6.3,9.8
2019-20,Tyreece John-Jules,Arsenal,Forward,0,0,0,0,0,0,0.0,0.0,0.0
2019-20,Pablo Marí,Arsenal,Defender,113,0,0,0,0,1,0.0,1.7,27.8
2019-20,Zech Medley,Arsenal,Defender,0,0,0,0,0,0,0.0,0.0,0.0
2019-20,Matt Macey,Arsenal,Goalkeeper,0,0,0,0,0,0,0.0,0.0,0.0
2019-20,Matthew Smith,Arsenal,Defender,0,0,0,0,0,0,0.0,0.0,0.0
2019-20,Ahmed El Mohamady,Aston Villa,Defender,1024,1,1,1,0,2,67.0,324.1,254.6
2019-20,James Chester,Aston Villa,Defender,0,0,0,0,0,0,0.0,0.0,0.0
2019-20,Neil Taylor,Aston Villa,Defender,1088,0,0,2,0,2,29.0,79.7,157.6
2019-20,Kortney Hause,Aston Villa,Defender,1544,1,0,3,0,2,248.0,33.0,352.8
2019-20,Jonathan Kodjia,Aston Villa,Forward,111,0,0,1,0,0,24.0,12.2,3.4
2019-20,Ørjan Nyland,Aston Villa,Goalkeeper,537,0,0,0,0,1,0.0,0.0,101.2
2019-20,Conor Hourihane,Aston Villa,Midfielder,1526,3,5,4,0,6,317.0,551.8,384.8
2019-20,Jack Grealish,Aston Villa,Midfielder,3233,8,7,8,0,7,837.0,1209.2,826.6
2019-20,Anwar El Ghazi,Aston Villa,Midfielder,2046,4,5,3,0,5,655.0,482.2,383.2
2019-20,John McGinn,Aston Villa,Midfielder,2312,3,3,3,0,6,499.0,503.3,458.6
2019-20,Andre Green,Aston Villa,Midfielder,0,0,0,0,0,0,0.0,0.0,0.0
2019-20,Birkir Bjarnason,Aston Villa,Midfielder,0,0,0,0,0,0,0.0,0.0,0.0
2019-20,Keinan Davis,Aston Villa,Midfielder,534,0,1,0,0,1,212.0,71.7,27.8
2019-20,Henri Lansbury,Aston Villa,Midfielder,190,0,0,0,0,0,13.0,27.2,13.4
2019-20,José Ignacio Peleteiro Romallo,Aston Villa,Midfielder,329,0,1,0,0,2,73.0,56.9,47.0
2019-20,Tom Heaton,Aston Villa,Goalkeeper,1794,0,0,0,0,4,0.0,0.3,507.4
2019-20,Daniel Drinkwater,Aston Villa,Midfielder,317,0,0,1,0,0,8.0,21.2,18.6
2019-20,Matt Targett,Aston Villa,Defender,2291,1,3,4,0,5,130.0,432.9,503.8
2019-20,Wesley Moraes,Aston Villa,Forward,1782,5,1,3,0,6,632.0,169.8,296.2
2019-20,Jed Steer,Aston Villa,Goalkeeper,7,0,0,0,0,0,0.0,0.0,0.0
2019-20,Tyrone Mings,Aston Villa,Defender,2902,2,2,7,0,6,119.0,87.3,758.0
2019-20,Ezri Konsa Ngoyo,Aston Villa,Defender,2038,1,2,3,0,5,173.0,151.8,400.6
2019-20,Bjorn Engels,Aston Villa,Defender,1446,1,0,1,0,3,81.0,31.9,329.6
2019-20,Frédéric Guilbert,Aston Villa,Defender,2038,0,2,7,0,6,77.0,241.5,451.2
2019-20,Mahmoud Ahmed Ibrahim Hassan,Aston Villa,Midfielder,1936,6,2,2,1,6,741.0,303.7,422.4
2019-20,Douglas Luiz Soares de Paulo,Aston Villa,Midfielder,2604,3,2,8,0,8,377.0,293.2,508.6
2019-20,Lovre Kalinic,Aston Villa,Goalkeeper,0,0,0,0,0,0,0.0,0.0,0.0
2019-20,Marvelous Nakamba,Aston Villa,Midfielder,1826,0,0,5,0,1,24.0,162.9,292.2
2019-20,Indiana Vassilev,Aston Villa,Midfielder,47,0,0,0,0,0,7.0,1.6,1.2
2019-20,José Reina,Aston Villa,Goalkeeper,1080,0,0,1,0,2,0.0,10.0,289.4
2019-20,Mbwana Samatta,Aston Villa,Forward,940,1,0,1,0,4,245.0,131.5,67.6
2019-20,Borja González Tomás,Aston Villa,Forward,16,0,0,0,0,0,2.0,1.7,0.2
2019-20,Kaine Hayden,Aston Villa,Midfielder,0,0,0,0,0,0,0.0,0.0,0.0
2019-20,Steve Cook,Bournemouth,Defender,2427,1,0,6,1,3,159.0,51.5,557.2
2019-20,Nathan Aké,Bournemouth,Defender,2503,2,2,2,0,4,326.0,92.7,691.2
2019-20,Charlie Daniels,Bournemouth,Defender,126,0,0,0,0,0,0.0,29.6,22.4
2019-20,Chris Mepham,Bournemouth,Defender,911,1,0,1,0,1,138.0,20.8,276.8
2019-20,Simon Francis,Bournemouth,Defender,964,0,0,3,1,1,72.0,64.4,263.8
2019-20,Adam Smith,Bournemouth,Defender,2055,0,1,7,0,4,97.0,183.0,309.6
2019-20,Lloyd Kelly,Bournemouth,Defender,638,0,0,2,0,1,20.0,28.4,73.4
2019-20,Diego Rico,Bournemouth,Defender,2333,0,5,6,0,6,96.0,558.9,596.6
2019-20,Jack Simpson,Bournemouth,Defender,238,0,0,0,0,0,18.0,12.7,33.6
2019-20,Callum Wilson,Bournemouth,Forward,2906,8,6,9,0,4,848.0,391.1,397.4
2019-20,Joshua King,Bournemouth,Forward,2010,6,5,0,0,4,506.0,412.7,435.8
2019-20,Dominic Solanke,Bournemouth,Forward,1637,3,2,1,0,1,569.0,202.5,223.2
2019-20,Sam Surridge,Bournemouth,Forward,25,0,0,0,0,0,24.0,10.6,3.4
2019-20,Asmir Begovic,Bournemouth,Goalkeeper,0,0,0,0,0,0,0.0,0.0,0.0
2019-20,Artur Boruc,Bournemouth,Goalkeeper,0,0,0,0,0,0,0.0,0.0,0.0
2019-20,Mark Travers,Bournemouth,Goalkeeper,90,0,0,0,0,0,0.0,0.0,15.2
2019-20,Ryan Fraser,Bournemouth,Midfielder,2061,1,5,2,0,4,440.0,627.1,355.6
2019-20,David Brooks,Bournemouth,Midfielder,505,1,0,1,0,1,71.0,100.8,82.2
2019-20,Junior Stanislas,Bournemouth,Midfielder,706,3,1,1,0,1,241.0,185.4,179.0
2019-20,Jordon Ibe,Bournemouth,Midfielder,48,0,0,0,0,0,0.0,5.4,6.8
2019-20,Lewis Cook,Bournemouth,Midfielder,1340,0,1,5,0,2,68.0,183.1,187.8
2019-20,Andrew Surman,Bournemouth,Midfielder,234,0,0,1,0,0,8.0,25.5,23.6
2019-20,Dan Gosling,Bournemouth,Midfielder,1254,3,1,3,0,2,259.0,151.9,316.4
2019-20,Jefferson Lerma,Bournemouth,Midfielder,2702,1,2,11,1,4,169.0,189.4,439.0
2019-20,Jack Stacey,Bournemouth,Defender,1547,0,2,2,0,1,86.0,147.2,308.8
2019-20,Philip Billing,Bournemouth,Midfielder,2526,1,1,8,0,5,342.0,239.8,545.4
2019-20,Arnaut Danjuma Groeneveld,Bournemouth,Midfielder,625,0,1,0,0,2,139.0,82.6,60.6
2019-20,Aaron Ramsdale,Bournemouth,Goalkeeper,3330,0,1,0,0,5,0.0,24.0,973.8
2019-20,Harry Wilson,Bournemouth,Midfielder,1637,7,1,2,0,2,667.0,242.1,377.4
2019-20,Christian Saydee,Bournemouth,Midfielder,0,0,0,0,0,0,0.0,0.0,0.0
2019-20,Gavin Kilkenny,Bournemouth,Midfielder,0,0,0,0,0,0,0.0,0.0,0.0
2019-20,Mihai-Alexandru Dobre,Bournemouth,Midfielder,0,0,0,0,0,0,0.0,0.0,0.0
2019-20,Shane Duffy,Brighton,Defender,1232,1,0,2,0,3,100.0,29.8,288.0
2019-20,Martín Montoya,Brighton,Defender,1892,0,1,5,0,6,177.0,338.0,337.4
2019-20,Bernardo Fernandes da Silva Junior,Brighton,Defender,675,0,0,1,0,1,92.0,72.6,154.0
2019-20,Leon Balogun,Brighton,Defender,0,0,0,0,0,0,0.0,0.0,0.0
2019-20,Gaëtan Bong,Brighton,Defender,57,0,0,0,0,0,6.0,27.9,16.0
2019-20,Lewis Dunk,Brighton,Defender,3230,3,3,9,0,9,469.0,171.8,825.6
2019-20,Matthew Clarke,Brighton,Defender,0,0,0,0,0,0,0.0,0.0,0.0
2019-20,Glenn Murray,Brighton,Forward,785,1,1,0,0,2,249.0,57.1,74.0
2019-20,Jürgen Locadia,Brighton,Forward,85,0,0,0,0,1,30.0,1.3,3.2
2019-20,Florin Andone,Brighton,Forward,71,1,0,0,1,0,21.0,11.3,45.0
2019-20,Mathew Ryan,Brighton,Goalkeeper,3420,0,0,0,0,9,0.0,0.0,1000.0
2019-20,David Button,Brighton,Goalkeeper,0,0,0,0,0,0,0.0,0.0,0.0
2019-20,Pascal Groß,Brighton,Midfielder,1791,2,5,4,0,3,323.0,908.5,388.2
2019-20,Alireza Jahanbakhsh,Brighton,Midfielder,305,2,1,0,0,1,106.0,62.5,90.6
2019-20,José Heriberto Izquierdo Mena,Brighton,Midfielder,0,0,0,0,0,0,0.0,0.0,0.0
2019-20,Anthony Knockaert,Brighton,Midfielder,0,0,0,0,0,0,0.0,0.0,0.0
2019-20,Yves Bissouma,Brighton,Midfielder,1253,1,0,4,0,4,101.0,110.6,238.8
2019-20,Davy Pröpper,Brighton,Midfielder,2826,1,2,4,0,6,271.0,434.1,522.2
2019-20,Solomon March,Brighton,Midfielder,1139,0,1,2,0,4,274.0,239.6,189.4
2019-20,Beram Kayal,Brighton,Midfielder,0,0,0,0,0,0,0.0,0.0,0.0
2019-20,Dale Stephens,Brighton,Midfielder,2525,0,1,8,0,6,90.0,292.8,438.6
2019-20,Leandro Trossard,Brighton,Midfielder,2004,5,5,0,0,4,540.0,585.4,411.4
2019-20,Dan Burn,Brighton,Defender,2879,0,0,5,0,9,128.0,311.9,602.8
2019-20,Adam Webster,Brighton,Defender,2668,3,1,4,0,5,221.0,153.2,696.6
2019-20,Neal Maupay,Brighton,Forward,2763,10,3,3,0,8,1519.0,369.2,518.6
2019-20,Aaron Mooy,Brighton,Midfielder,2079,2,2,1,1,6,291.0,614.9,436.6
2019-20,Aaron Connolly,Brighton,Forward,1250,3,3,0,0,5,530.0,91.4,150.6
2019-20,Tudor Baluta,Brighton,Defender,0,0,0,0,0,0,0.0,0.0,0.0
2019-20,Steven Alzate,Brighton,Midfielder,1181,0,0,1,0,3,205.0,214.1,202.0
2019-20,Ezequiel Schelotto,Brighton,Defender,357,0,0,2,0,0,65.0,12.7,38.4
2019-20,Tariq Lamptey,Brighton,Defender,619,0,1,2,0,3,27.0,82.1,91.8
2019-20,Alexis Mac Allister,Brighton,Midfielder,348,0,0,0,0,0,66.0,73.8,28.4
2019-20,Alex Cochrane,Brighton,Defender,0,0,0,0,0,0,0.0,0.0,0.0
2019-20,Ben Mee,Burnley,Defender,2880,1,2,7,0,13,362.0,105.8,658.8
2019-20,James Tarkowski,Burnley,Defender,3420,2,3,10,0,15,410.0,167.1,919.8
2019-20,Matthew Lowton,Burnley,Defender,1530,0,1,2,0,6,15.0,181.7,294.2
2019-20,Phil Bardsley,Burnley,Defender,1890,0,2,6,0,9,109.0,164.0,350.6
2019-20,Charlie Taylor,Burnley,Defender,1944,0,1,3,0,10,19.0,243.0,382.6
2019-20,Kevin Long,Burnley,Defender,562,0,0,0,0,2,24.0,1.3,104.8
2019-20,Ben Gibson,Burnley,Defender,0,0,0,0,0,0,0.0,0.0,0.0
2019-20,Ashley Barnes,Burnley,Forward,1350,6,0,4,0,8,474.0,85.1,226.2
2019-20,Chris Wood,Burnley,Forward,2436,14,1,1,0,11,1070.0,299.6,552.2
2019-20,Matej Vydra,Burnley,Forward,807,2,1,0,0,5,273.0,113.3,144.2
2019-20,Nick Pope,Burnley,Goalkeeper,3420,0,0,1,0,15,2.0,30.3,900.0
2019-20,Joe Hart,Burnley,Goalkeeper,0,0,0,0,0,0,0.0,0.0,0.0
2019-20,Johann Berg Gudmundsson,Burnley,Midfielder,617,1,1,0,0,3,108.0,215.4,118.6
2019-20,Dwight McNeil,Burnley,Midfielder,3339,2,7,5,0,16,430.0,931.4,644.2
2019-20,Robbie Brady,Burnley,Midfielder,445,1,2,1,0,1,128.0,102.1,118.6
2019-20,Steven Defour,Burnley,Midfielder,0,0,0,0,0,0,0.0,0.0,0.0
2019-20,Jeff Hendrick,Burnley,Midfielder,1930,2,2,8,0,10,282.0,213.7,269.8
2019-20,Ashley Westwood,Burnley,Midfielder,3150,2,7,9,0,15,135.0,814.2,596.8
2019-20,Jack Cork,Burnley,Midfielder,2614,0,0,1,0,12,311.0,198.2,313.2
2019-20,Aaron Lennon,Burnley,Midfielder,485,0,0,4,0,0,12.0,37.8,45.0
2019-20,Erik Pieters,Burnley,Defender,1876,0,5,2,0,6,90.0,273.8,355.4
2019-20,Jay Rodriguez,Burnley,Forward,2002,8,2,1,0,7,827.0,135.0,431.4
2019-20,Bailey Peacock-Farrell,Burnley,Goalkeeper,0,0,0,0,0,0,0.0,0.0,0.0
2019-20,Mace Goodridge,Burnley,Midfielder,0,0,0,0,0,0,0.0,0.0,0.0
2019-20,Anthony Driscoll-Glennon,Burnley,Defender,0,0,0,0,0,0,0.0,0.0,0.0
2019-20,Abd-Al-Ali Morakinyo Olaposi Koiki,Burnley,Defender,0,0,0,0,0,0,0.0,0.0,0.0
2019-20,Josh Brownhill,Burnley,Midfielder,805,0,0,2,0,4,49.0,58.5,101.2
2019-20,Jimmy Dunne,Burnley,Defender,0,0,0,0,0,0,0.0,0.0,0.0
2019-20,Bobby Thomas,Burnley,Defender,0,0,0,0,0,0,0.0,0.0,0.0
2019-20,Max Thompson,Burnley,Forward,2,0,0,0,0,0,0.0,0.0,0.0
2019-20,Lukas Jensen,Burnley,Goalkeeper,0,0,0,0,0,0,0.0,0.0,0.0
2019-20,Josh Benson,Burnley,Midfielder,0,0,0,0,0,0,0.0,0.0,0.0
2019-20,Joel Mumbongo,Burnley,Forward,0,0,0,0,0,0,0.0,0.0,0.0
2019-20,Marcos Alonso,Chelsea,Defender,1429,4,4,4,0,7,420.0,413.4,411.8
2019-20,Antonio Rüdiger,Chelsea,Defender,1710,2,0,3,0,5,194.0,93.3,389.4
2019-20,César Azpilicueta,Chelsea,Defender,3229,2,6,1,0,8,438.0,708.7,905.2
2019-20,Emerson Palmieri dos Santos,Chelsea,Defender,1022,0,0,3,0,1,225.0,298.7,207.8
2019-20,Andreas Christensen,Chelsea,Defender,1751,0,0,5,0,3,96.0,70.9,353.6
2019-20,Davide Zappacosta,Chelsea,Defender,0,0,0,0,0,0,0.0,0.0,0.0
2019-20,Olivier Giroud,Chelsea,Forward,988,8,1,1,0,6,598.0,144.8,316.2
2019-20,Kepa Arrizabalaga,Chelsea,Goalkeeper,2970,0,0,0,0,8,0.0,0.0,503.6
2019-20,Willy Caballero,Chelsea,Goalkeeper,450,0,0,0,0,1,0.0,0.0,90.2
2019-20,Willian Borges Da Silva,Chelsea,Midfielder,2595,9,9,4,0,10,930.0,1177.7,834.8
2019-20,Pedro Rodríguez Ledesma,Chelsea,Midfielder,659,1,2,1,0,2,349.0,227.1,161.4
2019-20,Ruben Loftus-Cheek,Chelsea,Midfielder,203,0,1,0,0,1,33.0,30.2,30.8
2019-20,Callum Hudson-Odoi,Chelsea,Midfielder,849,1,5,1,0,2,325.0,341.4,235.2
2019-20,Ross Barkley,Chelsea,Midfielder,1095,1,5,0,0,5,373.0,344.3,266.0
2019-20,Jorge Luiz Frello Filho,Chelsea,Midfielder,2376,4,3,10,0,6,158.0,422.4,600.0
2019-20,N'Golo Kanté,Chelsea,Midfielder,1730,3,0,4,0,3,214.0,424.5,422.8
2019-20,Ethan Ampadu,Chelsea,Midfielder,0,0,0,0,0,0,0.0,0.0,0.0
2019-20,Christian Pulisic,Chelsea,Midfielder,1717,9,8,0,0,6,1059.0,426.0,556.2
2019-20,Mateo Kovacic,Chelsea,Midfielder,2065,1,3,8,0,4,186.0,458.5,497.0
2019-20,Kurt Zouma,Chelsea,Defender,2343,0,0,6,0,7,162.0,40.1,518.0
2019-20,Tammy Abraham,Chelsea,Forward,2206,15,6,2,0,7,1301.0,283.2,659.6
2019-20,Michy Batshuayi,Chelsea,Forward,224,1,2,0,0,0,185.0,42.9,61.8
2019-20,Robert Kenedy Nunes do Nascimento,Chelsea,Midfielder,0,0,0,0,0,0,0.0,0.0,0.0
2019-20,Mason Mount,Chelsea,Midfielder,2865,7,6,3,0,9,974.0,814.0,641.2
2019-20,Reece James,Chelsea,Defender,1510,0,2,1,0,5,143.0,428.8,343.6
2019-20,Fikayo Tomori,Chelsea,Defender,1291,1,0,3,0,4,79.0,68.6,335.4
2019-20,Billy Gilmour,Chelsea,Midfielder,191,0,0,0,0,1,5.0,55.3,31.4
2019-20,Addji Keaninkin Marc-Israel Guehi,Chelsea,Defender,0,0,0,0,0,0,0.0,0.0,0.0
2019-20,Faustino Anjorin,Chelsea,Midfielder,19,0,0,0,0,0,9.0,1.2,0.0
2019-20,Armando Broja,Chelsea,Forward,4,0,0,0,0,0,0.0,0.3,0.0
2019-20,Lewis Bate,Chelsea,Midfielder,0,0,0,0,0,0,0.0,0.0,0.0
2019-20,Patrick van Aanholt,Crystal Palace,Defender,2507,3,2,0,0,8,285.0,516.0,531.2
2019-20,James Tomkins,Crystal Palace,Defender,1582,1,1,5,0,3,121.0,27.7,384.0
2019-20,Mamadou Sakho,Crystal Palace,Defender,929,0,0,1,1,0,6.0,15.9,179.2
2019-20,Joel Ward,Crystal Palace,Defender,2380,0,1,4,0,7,49.0,117.0,427.0
2019-20,Scott Dann,Crystal Palace,Defender,1264,0,1,0,0,5,177.0,58.3,250.2
2019-20,Martin Kelly,Crystal Palace,Defender,1547,0,1,0,0,6,15.0,96.5,305.4
2019-20,Christian Benteke,Crystal Palace,Forward,1252,2,1,4,1,5,632.0,248.3,231.8
2019-20,Connor Wickham,Crystal Palace,Forward,90,1,1,0,0,0,64.0,34.5,59.8
2019-20,Vicente Guaita,Crystal Palace,Goalkeeper,3150,0,0,1,0,10,0.0,0.0,827.2
2019-20,Wayne Hennessey,Crystal Palace,Goalkeeper,270,0,0,0,0,0,0.0,0.0,110.4
2019-20,Wilfried Zaha,Crystal Palace,Midfielder,3279,4,6,5,0,9,1103.0,588.0,572.0
2019-20,Luka Milivojevic,Crystal Palace,Midfielder,2510,3,1,12,0,7,190.0,499.1,460.0
2019-20,Andros Townsend,Crystal Palace,Midfielder,1284,1,1,0,0,3,122.0,247.1,246.4
2019-20,Max Meyer,Crystal Palace,Midfielder,645,0,0,1,0,1,103.0,68.9,68.0
2019-20,Jeffrey Schlupp,Crystal Palace,Midfielder,1030,3,1,2,0,4,266.0,101.9,240.0
2019-20,James McArthur,Crystal Palace,Midfielder,3091,0,4,6,0,11,421.0,486.6,586.6
2019-20,Cheikhou Kouyaté,Crystal Palace,Midfielder,2524,1,2,4,0,10,279.0,162.3,394.6
2019-20,Luke Dreher,Crystal Palace,Midfielder,0,0,0,0,0,0,0.0,0.0,0.0
2019-20,James McCarthy,Crystal Palace,Midfielder,1668,0,0,9,0,2,80.0,268.3,268.8
2019-20,Jordan Ayew,Crystal Palace,Forward,3148,9,3,6,0,12,885.0,445.6,597.4
2019-20,Gary Cahill,Crystal Palace,Defender,2167,0,1,1,0,7,342.0,40.0,448.4
2019-20,Víctor Camarasa,Crystal Palace,Midfielder,5,0,0,0,0,0,0.0,0.1,0.2
2019-20,Jairo Riedewald,Crystal Palace,Midfielder,761,0,0,0,0,0,27.0,47.1,117.0
2019-20,Stephen Henderson,Crystal Palace,Goalkeeper,0,0,0,0,0,0,0.0,0.0,0.0
2019-20,Sam Woods,Crystal Palace,Defender,0,0,0,0,0,0,0.0,0.0,0.0
2019-20,Tyrick Mitchell,Crystal Palace,Defender,193,0,0,1,0,0,2.0,58.7,36.4
2019-20,Brandon Pierrick,Crystal Palace,Midfielder,13,0,0,0,0,0,2.0,21.0,6.4
2019-20,James Daly,Crystal Palace,Forward,0,0,0,0,0,0,0.0,0.0,0.0
2019-20,Nya Kirby,Crystal Palace,Midfielder,0,0,0,0,0,0,0.0,0.0,0.0
2019-20,Giovanni McGregor,Crystal Palace,Midfielder,0,0,0,0,0,0,0.0,0.0,0.0
2019-20,Nikola Tavares,Crystal Palace,Defender,0,0,0,0,0,0,0.0,0.0,0.0
2019-20,John-Kymani Gordon,Crystal Palace,Midfielder,0,0,0,0,0,0,0.0,0.0,0.0
2019-20,Alex Iwobi,Everton,Midfielder,1591,1,0,0,0,4,329.0,383.7,246.4
2019-20,Lucas Digne,Everton,Defender,3031,0,8,6,0,9,293.0,1112.0,743.0
2019-20,Yerry Mina,Everton,Defender,2281,2,1,3,0,5,422.0,87.2,535.4
2019-20,Michael Keane,Everton,Defender,2556,2,0,3,0,7,204.0,80.0,666.4
2019-20,Seamus Coleman,Everton,Defender,1833,0,1,3,1,5,175.0,149.0,321.2
2019-20,Leighton Baines,Everton,Defender,400,0,1,0,0,0,5.0,123.8,81.8
2019-20,Cenk Tosun,Everton,Forward,462,2,0,0,0,2,229.0,63.4,89.0
2019-20,Dominic Calvert-Lewin,Everton,Forward,2621,13,1,9,0,8,1272.0,241.4,562.8
2019-20,Jordan Pickford,Everton,Goalkeeper,3420,0,0,2,0,9,0.0,13.0,755.6
2019-20,Maarten Stekelenburg,Everton,Goalkeeper,0,0,0,0,0,0,0.0,0.0,0.0
2019-20,Richarlison de Andrade,Everton,Midfielder,3070,13,5,8,0,9,1233.0,478.1,814.6
2019-20,Gylfi Sigurdsson,Everton,Midfielder,2555,2,4,3,0,6,484.0,765.1,454.6
2019-20,Bernard Anício Caldeira Duarte,Everton,Midfielder,1269,3,2,2,0,9,236.0,349.1,315.0
2019-20,Theo Walcott,Everton,Midfielder,1281,2,4,1,0,4,521.0,289.1,225.0
2019-20,Tom Davies,Everton,Midfielder,2020,1,1,8,0,5,262.0,122.6,270.4
2019-20,Ademola Lookman,Everton,Midfielder,0,0,0,0,0,0,0.0,0.0,0.0
2019-20,Idrissa Gueye,Everton,Midfielder,0,0,0,0,0,0,0.0,0.0,0.0
2019-20,Morgan Schneiderlin,Everton,Midfielder,998,0,0,4,1,1,32.0,78.5,143.2
2019-20,Fabian Delph,Everton,Defender,1187,0,0,3,1,2,24.0,146.7,183.0
2019-20,André Filipe Tavares Gomes,Everton,Midfielder,1457,0,1,6,0,5,33.0,179.4,156.6
2019-20,Lewis Gibson,Everton,Defender,0,0,0,0,0,0,0.0,0.0,0.0
2019-20,Mason Holgate,Everton,Defender,2052,0,4,5,0,5,152.0,63.9,465.4
2019-20,Jonas Lössl,Everton,Goalkeeper,0,0,0,0,0,0,0.0,0.0,0.0
2019-20,Moise Kean,Everton,Forward,830,2,2,1,0,1,429.0,136.5,153.6
2019-20,Jean-Philippe Gbamin,Everton,Midfielder,135,0,0,0,0,1,0.0,6.3,20.0
2019-20,Djibril Sidibé,Everton,Defender,1818,0,4,3,0,5,121.0,341.5,463.0
2019-20,Beni Baningime,Everton,Midfielder,0,0,0,0,0,0,0.0,0.0,0.0
2019-20,Anthony Gordon,Everton,Forward,436,0,1,0,0,0,44.0,98.4,76.0
2019-20,Oumar Niasse,Everton,Forward,19,0,0,0,0,0,0.0,1.8,7.0
2019-20,Rhu-endly Martina,Everton,Defender,0,0,0,0,0,0,0.0,0.0,0.0
2019-20,João Manuel Neves Virgínia,Everton,Goalkeeper,0,0,0,0,0,0,0.0,0.0,0.0
2019-20,Jarrad Branthwaite,Everton,Defender,299,0,0,0,0,1,0.0,2.2,66.0
2019-20,Ellis Simms,Everton,Forward,0,0,0,0,0,0,0.0,0.0,0.0
2019-20,Ricardo Domingos Barbosa Pereira,Leicester,Defender,2520,3,2,1,0,10,235.0,446.5,738.0
2019-20,Benjamin Chilwell,Leicester,Defender,2374,3,3,3,0,9,208.0,545.4,546.0
2019-20,Jonny Evans,Leicester,Defender,3384,1,2,7,1,13,325.0,131.9,755.2
2019-20,Christian Fuchs,Leicester,Defender,770,0,0,0,0,2,20.0,53.5,144.4
2019-20,Çaglar Söyüncü,Leicester,Defender,3036,1,1,4,1,12,238.0,79.0,755.6
2019-20,Wes Morgan,Leicester,Defender,430,0,0,0,0,1,58.0,2.1,85.8
2019-20,Jamie Vardy,Leicester,Forward,3032,23,7,3,0,11,1455.0,418.4,1026.0
2019-20,Kelechi Iheanacho,Leicester,Forward,953,5,4,1,0,3,603.0,204.2,288.2
2019-20,Kasper Schmeichel,Leicester,Goalkeeper,3420,0,0,2,0,13,2.0,30.0,863.4
2019-20,Eldin Jakupovic,Leicester,Goalkeeper,0,0,0,0,0,0,0.0,0.0,0.0
2019-20,Danny Ward,Leicester,Goalkeeper,0,0,0,0,0,0,0.0,0.0,0.0
2019-20,James Maddison,Leicester,Midfielder,2624,6,5,4,0,10,702.0,1246.4,642.4
2019-20,Harvey Barnes,Leicester,Midfielder,2075,6,10,0,0,9,893.0,517.4,525.0
2019-20,Rachid Ghezzal,Leicester,Midfielder,0,0,0,0,0,0,0.0,0.0,0.0
2019-20,Marc Albrighton,Leicester,Midfielder,857,0,3,2,0,3,102.0,287.9,190.6
2019-20,Demarai Gray,Leicester,Midfielder,605,2,4,1,0,1,263.0,242.3,205.4
2019-20,Wilfred Ndidi,Leicester,Midfielder,2671,2,1,6,0,12,205.0,254.4,611.6
2019-20,Matty James,Leicester,Midfielder,5,0,0,0,0,0,0.0,0.1,0.4
2019-20,Daniel Amartey,Leicester,Midfielder,0,0,0,0,0,0,0.0,0.0,0.0
2019-20,Nampalys Mendy,Leicester,Midfielder,288,0,0,0,0,1,9.0,51.8,57.4
2019-20,Hamza Choudhury,Leicester,Midfielder,883,1,1,2,1,3,83.0,70.0,177.6
2019-20,Ayoze Pérez,Leicester,Midfielder,1998,8,5,0,0,9,779.0,443.9,547.4
2019-20,Ryan Bennett,Leicester,Defender,932,0,0,2,0,3,16.0,41.0,161.4
2019-20,James Justin,Leicester,Defender,1010,0,1,1,0,4,61.0,195.0,240.6
2019-20,Youri Tielemans,Leicester,Midfielder,2823,3,6,2,0,12,502.0,805.4,566.6
2019-20,Andy King,Leicester,Midfielder,0,0,0,0,0,0,0.0,0.0,0.0
2019-20,Dennis Praet,Leicester,Midfielder,1122,1,3,2,0,2,210.0,161.6,196.2
2019-20,Filip Benkovic,Leicester,Defender,0,0,0,0,0,0,0.0,0.0,0.0
2019-20,Luke Thomas,Leicester,Defender,267,0,1,0,0,1,10.0,149.8,78.4
2019-20,George Hirst,Leicester,Forward,9,0,0,0,0,0,25.0,0.6,3.2
2019-20,Darnell Johnson,Leicester,Defender,0,0,0,0,0,0,0.0,0.0,0.0
2019-20,Andrew Robertson,Liverpool,Defender,3111,2,12,2,0,13,389.0,980.2,845.8
2019-20,Trent Alexander-Arnold,Liverpool,Defender,3173,4,15,5,0,14,420.0,1380.3,1026.8
2019-20,Virgil van Dijk,Liverpool,Defender,3420,5,2,1,0,15,467.0,152.4,930.2
2019-20,Joseph Gomez,Liverpool,Defender,1999,0,0,7,0,12,12.0,105.7,390.6
2019-20,Joel Matip,Liverpool,Defender,703,1,0,0,0,3,39.0,23.0,198.2
2019-20,Dejan Lovren,Liverpool,Defender,776,0,1,1,0,0,72.0,28.1,196.6
2019-20,Roberto Firmino,Liverpool,Forward,2985,9,9,0,0,16,1638.0,703.0,733.6
2019-20,Divock Origi,Liverpool,Forward,699,4,3,1,0,2,222.0,128.8,201.8
2019-20,Alisson Ramses Becker,Liverpool,Goalkeeper,2543,0,1,0,1,13,0.0,10.0,503.0
2019-20,Simon Mignolet,Liverpool,Goalkeeper,0,0,0,0,0,0,0.0,0.0,0.0
2019-20,Mohamed Salah,Liverpool,Midfielder,2879,19,10,1,0,16,2156.0,834.8,1061.2
2019-20,Sadio Mané,Liverpool,Midfielder,2745,18,10,3,0,12,1239.0,826.6,1010.2
2019-20,Alex Oxlade-Chamberlain,Liverpool,Midfielder,1475,4,1,1,0,8,406.0,298.2,300.0
2019-20,Xherdan Shaqiri,Liverpool,Midfielder,181,1,0,0,0,1,37.0,51.6,47.8
2019-20,Adam Lallana,Liverpool,Midfielder,371,1,1,1,0,1,74.0,68.8,107.2
2019-20,Naby Keita,Liverpool,Midfielder,806,2,3,1,0,5,169.0,234.7,281.8
2019-20,Fabio Henrique Tavares,Liverpool,Midfielder,2073,2,3,6,0,6,85.0,322.4,431.6
2019-20,Jordan Henderson,Liverpool,Midfielder,2234,4,5,2,0,16,275.0,425.9,582.6
2019-20,Georginio Wijnaldum,Liverpool,Midfielder,2933,4,0,0,0,12,423.0,344.1,452.8
2019-20,James Milner,Liverpool,Midfielder,924,2,2,4,0,4,100.0,177.1,237.2
2019-20,Rafael Camacho,Liverpool,Midfielder,0,0,0,0,0,0,0.0,0.0,0.0
2019-20,Rhian Brewster,Liverpool,Forward,0,0,0,0,0,0,0.0,0.0,0.0
2019-20,Adrián San Miguel del Castillo,Liverpool,Goalkeeper,873,0,0,1,0,2,0.0,0.0,131.4
2019-20,Andy Lonergan,Liverpool,Goalkeeper,0,0,0,0,0,0,0.0,0.0,0.0
2019-20,Caoimhin Kelleher,Liverpool,Goalkeeper,0,0,0,0,0,0,0.0,0.0,0.0
2019-20,Harvey Elliott,Liverpool,Midfielder,7,0,0,0,0,0,0.0,1.7,1.8
2019-20,Curtis Jones,Liverpool,Midfielder,121,1,0,0,0,1,65.0,15.6,49.4
2019-20,Neco Williams,Liverpool,Defender,228,0,0,1,0,1,98.0,53.3,49.4
2019-20,Nathaniel Phillips,Liverpool,Defender,0,0,0,0,0,0,0.0,0.0,0.0
2019-20,Takumi Minamino,Liverpool,Midfielder,241,0,0,0,0,0,85.0,29.9,17.4
2019-20,Ki-Jana Hoever,Liverpool,Defender,0,0,0,0,0,0,0.0,0.0,0.0
2019-20,Aymeric Laporte,Man City,Defender,1096,1,0,1,0,8,79.0,62.2,246.8
2019-20,Kyle Walker,Man City,Defender,2392,1,4,5,0,12,169.0,394.4,435.6
2019-20,Benjamin Mendy,Man City,Defender,1491,0,2,3,0,9,106.0,403.2,243.0
2019-20,Oleksandr Zinchenko,Man City,Defender,1271,0,0,0,1,6,102.0,375.8,232.0
2019-20,John Stones,Man City,Defender,1118,0,0,0,0,3,66.0,53.0,216.4
2019-20,Nicolás Otamendi,Man City,Defender,1710,2,1,3,0,7,319.0,65.5,443.6
2019-20,Danilo Luiz da Silva,Man City,Defender,0,0,0,0,0,0,0.0,0.0,0.0
2019-20,Sergio Agüero,Man City,Forward,1449,16,6,1,0,5,1188.0,256.4,641.2
2019-20,Gabriel Fernando de Jesus,Man City,Forward,2018,14,8,3,0,12,1620.0,447.7,757.6
2019-20,Ederson Santana de Moraes,Man City,Goalkeeper,3071,0,0,3,1,16,0.0,16.0,608.6
2019-20,Claudio Bravo,Man City,Goalkeeper,346,0,0,0,0,1,0.0,0.0,57.8
2019-20,Raheem Sterling,Man City,Midfielder,2651,20,6,5,0,13,1829.0,751.3,921.6
2019-20,Kevin De Bruyne,Man City,Midfielder,2790,13,23,3,0,18,1005.0,1990.8,1322.2
2019-20,Leroy Sané,Man City,Midfielder,11,0,0,0,0,0,11.0,1.1,0.0
2019-20,Riyad Mahrez,Man City,Midfielder,1934,11,14,0,0,10,1094.0,885.8,814.2
2019-20,Bernardo Mota Veiga de Carvalho e Silva,Man City,Midfielder,2021,6,7,5,0,9,927.0,773.2,626.2
2019-20,David Silva,Man City,Midfielder,1821,6,12,0,0,11,937.0,735.8,639.6
2019-20,Phil Foden,Man City,Midfielder,888,5,2,0,0,4,466.0,301.6,312.2
2019-20,Fernando Luiz Rosa,Man City,Midfielder,2394,0,1,7,2,10,175.0,146.2,557.6
2019-20,Ilkay Gündogan,Man City,Midfielder,2012,2,1,7,0,7,374.0,592.3,408.4
2019-20,José Ángel Esmorís Tasende,Man City,Defender,422,0,1,1,0,0,58.0,164.0,92.6
2019-20,Rodrigo Hernandez,Man City,Midfielder,2480,3,2,8,0,14,193.0,532.6,599.2
2019-20,João Pedro Cavaco Cancelo,Man City,Defender,1205,0,0,4,0,5,141.0,287.6,265.0
2019-20,Eric Garcia,Man City,Defender,790,0,0,1,0,5,26.0,42.2,153.0
2019-20,Scott Carson,Man City,Goalkeeper,0,0,0,0,0,0,0.0,0.0,0.0
2019-20,Taylor Harwood-Bellis,Man City,Defender,0,0,0,0,0,0,0.0,0.0,0.0
2019-20,Cole Palmer,Man City,Midfielder,0,0,0,0,0,0,0.0,0.0,0.0
2019-20,Tommy Doyle,Man City,Midfielder,15,0,0,0,0,0,7.0,2.0,3.8
2019-20,Aaron Wan-Bissaka,Man Utd,Defender,3070,0,4,8,0,12,133.0,443.3,749.2
2019-20,Harry Maguire,Man Utd,Defender,3420,1,0,6,0,13,371.0,214.6,772.0
2019-20,Chris Smalling,Man Utd,Defender,0,0,0,0,0,0,0.0,0.0,0.0
2019-20,Ashley Young,Man Utd,Defender,953,0,0,5,0,2,18.0,316.6,155.6
2019-20,Victor Lindelöf,Man Utd,Defender,3092,1,0,6,0,12,79.0,73.6,554.0
2019-20,Luke Shaw,Man Utd,Defender,1730,0,0,7,0,8,187.0,321.2,344.2
2019-20,Marcos Rojo,Man Utd,Defender,121,0,0,1,0,0,6.0,1.9,20.2
2019-20,Eric Bailly,Man Utd,Defender,148,0,0,0,0,1,0.0,1.0,32.0
2019-20,José Diogo Dalot Teixeira,Man Utd,Defender,65,0,0,0,0,0,6.0,4.3,10.4
2019-20,Matteo Darmian,Man Utd,Defender,0,0,0,0,0,0,0.0,0.0,0.0
2019-20,Phil Jones,Man Utd,Defender,135,0,0,0,0,0,23.0,3.0,21.4
2019-20,Romelu Lukaku,Man Utd,Forward,0,0,0,0,0,0,0.0,0.0,0.0
2019-20,Marcus Rashford,Man Utd,Forward,2645,17,8,3,0,9,1265.0,563.7,887.0
2019-20,Mason Greenwood,Man Utd,Forward,1303,10,1,0,0,6,502.0,222.7,449.6
2019-20,David de Gea,Man Utd,Goalkeeper,3420,0,0,2,0,13,0.0,0.0,695.0
2019-20,Sergio Romero,Man Utd,Goalkeeper,0,0,0,0,0,0,0.0,0.0,0.0
2019-20,Lee Grant,Man Utd,Goalkeeper,0,0,0,0,0,0,0.0,0.0,0.0
2019-20,Paul Pogba,Man Utd,Midfielder,1202,1,4,1,0,6,193.0,420.0,295.8
2019-20,Anthony Martial,Man Utd,Midfielder,2625,17,9,1,0,14,1297.0,439.3,855.6
2019-20,Alexis Sánchez,Man Utd,Midfielder,0,0,0,0,0,0,0.0,0.0,0.0
2019-20,Jesse Lingard,Man Utd,Midfielder,923,1,0,3,0,1,297.0,278.2,109.0
2019-20,Juan Mata,Man Utd,Midfielder,747,0,2,1,0,4,130.0,293.9,109.2
2019-20,Daniel James,Man Utd,Midfielder,2281,3,6,4,0,7,622.0,428.1,415.2
2019-20,Frederico Rodrigues de Paula Santos,Man Utd,Midfielder,2157,0,0,8,0,6,260.0,542.7,430.6
2019-20,Angel Gomes,Man Utd,Midfielder,19,0,0,0,0,0,2.0,24.8,4.2
2019-20,Andreas Pereira,Man Utd,Midfielder,1478,1,3,3,0,6,343.0,432.1,245.6
2019-20,Nemanja Matic,Man Utd,Midfielder,1578,0,2,2,0,10,53.0,250.3,357.4
2019-20,Scott McTominay,Man Utd,Midfielder,1765,3,2,2,0,3,310.0,238.4,415.6
2019-20,Tahith Chong,Man Utd,Midfielder,34,0,0,0,0,0,6.0,1.1,1.4
2019-20,James Garner,Man Utd,Midfielder,8,0,0,0,0,0,0.0,2.8,2.2
2019-20,Axel Tuanzebe,Man Utd,Defender,187,0,0,0,0,0,0.0,6.2,17.6
2019-20,Brandon Williams,Man Utd,Defender,1003,1,1,6,0,5,100.0,191.2,200.0
2019-20,Bruno Miguel Borges Fernandes,Man Utd,Midfielder,1187,8,8,2,0,9,361.0,479.3,551.8
2019-20,Odion Ighalo,Man Utd,Forward,92,0,0,0,0,0,135.0,23.8,23.0
2019-20,Timothy Fosu-Mensah,Man Utd,Defender,136,0,0,1,0,1,6.0,28.6,12.0
2019-20,Matt Ritchie,Newcastle,Defender,1312,2,1,4,0,8,218.0,482.7,285.4
2019-20,Fabian Schär,Newcastle,Defender,1669,2,1,5,0,4,179.0,58.3,440.6
2019-20,DeAndre Yedlin,Newcastle,Defender,934,1,0,3,0,1,43.0,118.1,165.6
2019-20,Federico Fernández,Newcastle,Defender,2617,2,3,8,0,8,223.0,74.5,741.0
2019-20,Paul Dummett,Newcastle,Defender,1227,0,0,2,0,5,50.0,63.1,265.2
2019-20,Javier Manquillo,Newcastle,Defender,1597,0,1,5,0,8,40.0,100.8,232.0
2019-20,Florian Lejeune,Newcastle,Defender,440,2,0,0,0,1,81.0,12.6,132.0
2019-20,Jamaal Lascelles,Newcastle,Defender,2076,1,0,5,0,8,125.0,28.1,403.0
2019-20,Ciaran Clark,Newcastle,Defender,1186,2,0,3,0,4,128.0,14.9,331.4
2019-20,Yoshinori Muto,Newcastle,Forward,207,0,0,0,0,0,12.0,15.4,12.6
2019-20,Jose Luis Mato Sanmartín,Newcastle,Forward,0,0,0,0,0,0,0.0,0.0,0.0
2019-20,Martin Dubravka,Newcastle,Goalkeeper,3420,0,0,0,0,11,0.0,0.0,1019.0
2019-20,Karl Darlow,Newcastle,Goalkeeper,0,0,0,0,0,0,0.0,0.0,0.0
2019-20,Frederick Woodman,Newcastle,Goalkeeper,0,0,0,0,0,0,0.0,0.0,0.0
2019-20,Miguel Almirón,Newcastle,Midfielder,3020,4,2,5,0,12,750.0,450.2,481.6
2019-20,Christian Atsu,Newcastle,Midfielder,738,0,3,2,0,3,55.0,186.7,121.4
2019-20,Sung-yueng Ki,Newcastle,Midfielder,135,0,0,0,0,0,0.0,39.8,17.8
2019-20,Jonjo Shelvey,Newcastle,Midfielder,2118,6,2,3,0,8,344.0,597.4,559.4
2019-20,Sean Longstaff,Newcastle,Midfielder,1370,1,2,2,1,2,155.0,217.1,235.8
2019-20,Isaac Hayden,Newcastle,Midfielder,2220,1,4,4,1,8,189.0,227.6,368.6
2019-20,Danny Rose,Newcastle,Defender,1753,0,0,7,0,5,44.0,230.8,288.4
2019-20,Joelinton Cássio Apolinário de Lira,Newcastle,Forward,2678,2,2,7,0,9,641.0,433.4,330.8
2019-20,Jack Colback,Newcastle,Midfielder,0,0,0,0,0,0,0.0,0.0,0.0
2019-20,Jacob Murphy,Newcastle,Midfielder,0,0,0,0,0,0,0.0,0.0,0.0
2019-20,Jetro Willems,Newcastle,Defender,1492,2,2,0,0,3,198.0,196.0,345.4
2019-20,Rolando Aarons,Newcastle,Midfielder,0,0,0,0,0,0,0.0,0.0,0.0
2019-20,Allan Saint-Maximin,Newcastle,Midfielder,1860,3,5,0,0,8,542.0,423.4,434.0
2019-20,Emil Krafth,Newcastle,Defender,1015,0,1,0,0,3,39.0,28.8,184.4
2019-20,Andy Carroll,Newcastle,Forward,617,0,4,1,0,2,211.0,162.0,136.6
2019-20,Matthew Longstaff,Newcastle,Midfielder,572,2,0,1,0,1,49.0,51.6,102.8
2019-20,Dwight Gayle,Newcastle,Forward,842,4,2,2,0,4,348.0,86.2,217.0
2019-20,Robert Elliot,Newcastle,Goalkeeper,0,0,0,0,0,0,0.0,0.0,0.0
2019-20,Thomas Allan,Newcastle,Midfielder,0,0,0,0,0,0,0.0,0.0,0.0
2019-20,Kelland Watts,Newcastle,Defender,16,0,0,0,0,0,0.0,0.0,2.0
2019-20,Liam Gibson,Newcastle,Defender,0,0,0,0,0,0,0.0,0.0,0.0
2019-20,Nabil Bentaleb,Newcastle,Midfielder,747,0,0,2,0,2,20.0,101.0,104.6
2019-20,Valentino Lazaro,Newcastle,Midfielder,472,1,0,0,1,0,38.0,88.1,84.2
2019-20,Jack Young,Newcastle,Midfielder,0,0,0,0,0,0,0.0,0.0,0.0
2019-20,Timm Klose,Norwich,Defender,585,0,0,0,0,0,42.0,2.6,121.2
2019-20,Ben Godfrey,Norwich,Defender,2644,0,0,3,1,3,119.0,57.0,602.8
2019-20,Maximillian Aarons,Norwich,Defender,3240,0,2,7,0,5,237.0,385.2,566.6
2019-20,Christoph Zimmermann,Norwich,Defender,1430,0,1,3,0,3,62.0,25.5,366.4
2019-20,Jamal Lewis,Norwich,Defender,2301,1,0,4,0,3,130.0,262.2,439.0
2019-20,Grant Hanley,Norwich,Defender,1261,0,0,4,0,2,76.0,3.6,318.8
2019-20,Teemu Pukki,Norwich,Forward,2884,11,3,3,0,6,1202.0,379.5,545.0
2019-20,Dennis Srbeny,Norwich,Forward,41,1,0,0,0,0,25.0,3.4,44.2
2019-20,Tim Krul,Norwich,Goalkeeper,3240,0,0,4,0,5,0.0,0.0,1063.0
2019-20,Michael McGovern,Norwich,Goalkeeper,158,0,0,0,0,0,0.0,0.0,65.0
2019-20,Mario Vrancic,Norwich,Midfielder,624,1,0,3,0,0,123.0,107.9,123.0
2019-20,Emiliano Buendía,Norwich,Midfielder,2458,1,7,6,1,3,401.0,1196.7,711.6
2019-20,Onel Hernández,Norwich,Midfielder,1374,1,2,0,0,1,445.0,235.5,227.2
2019-20,Marco Stiepermann,Norwich,Midfielder,1173,0,0,6,0,1,277.0,188.1,120.2
2019-20,Kenny McLean,Norwich,Midfielder,2965,1,1,5,0,5,274.0,423.9,505.8
2019-20,Todd Cantwell,Norwich,Midfielder,2484,6,2,6,0,6,656.0,493.1,516.4
2019-20,Moritz Leitner,Norwich,Midfielder,683,0,0,1,0,1,53.0,127.7,106.8
2019-20,Alexander Tettey,Norwich,Midfielder,2339,1,1,5,0,5,173.0,116.5,358.0
2019-20,Tom Trybull,Norwich,Midfielder,1128,0,0,2,0,2,92.0,55.4,198.2
2019-20,Josip Drmic,Norwich,Forward,636,1,0,0,1,0,231.0,67.3,59.6
2019-20,Patrick Roberts,Norwich,Midfielder,24,0,0,0,0,0,0.0,0.6,4.4
2019-20,Ralf Fahrmann,Norwich,Goalkeeper,21,0,0,0,0,0,0.0,0.0,4.0
2019-20,Sam Byram,Norwich,Defender,1292,0,0,4,0,3,218.0,109.2,273.2
2019-20,Philip Heise,Norwich,Defender,0,0,0,0,0,0,0.0,0.0,0.0
2019-20,Ibrahim Amadou,Norwich,Midfielder,756,0,0,1,0,1,31.0,18.3,177.2
2019-20,Adam Idah,Norwich,Forward,219,0,0,0,0,0,47.0,18.2,13.8
2019-20,Archie Mair,Norwich,Goalkeeper,0,0,0,0,0,0,0.0,0.0,0.0
2019-20,Akin Famewo,Norwich,Defender,1,0,0,0,0,0,0.0,0.0,0.0
2019-20,Ondrej Duda,Norwich,Midfielder,723,0,1,0,0,3,105.0,261.6,115.8
2019-20,Lukas Rupp,Norwich,Midfielder,692,0,0,1,0,1,88.0,109.1,70.2
2019-20,Josh Martin,Norwich,Midfielder,32,0,0,0,0,0,17.0,0.8,6.6
2019-20,Jordan Thomas,Norwich,Defender,1,0,0,0,0,0,0.0,0.0,0.0
2019-20,Daniel Adshead,Norwich,Midfielder,0,0,0,0,0,0,0.0,0.0,0.0
2019-20,Lys Mousset,Sheffield Utd,Forward,1223,6,4,1,0,3,530.0,163.1,303.0
2019-20,Enda Stevens,Sheffield Utd,Defender,3345,2,4,7,0,13,338.0,554.5,641.0
2019-20,Kieron Freeman,Sheffield Utd,Defender,6,0,0,0,0,0,0.0,0.3,0.0
2019-20,Jack O'Connell,Sheffield Utd,Defender,2915,0,1,4,0,12,246.0,262.3,576.6
2019-20,George Baldock,Sheffield Utd,Defender,3420,2,4,7,0,13,241.0,485.7,559.8
2019-20,John Egan,Sheffield Utd,Defender,3187,2,1,3,1,13,587.0,25.4,641.4
2019-20,Richard Stearman,Sheffield Utd,Defender,0,0,0,0,0,0,0.0,0.0,0.0
2019-20,John Lundstram,Sheffield Utd,Defender,2452,5,4,5,0,10,449.0,382.9,502.8
2019-20,Billy Sharp,Sheffield Utd,Forward,1037,3,2,1,1,4,348.0,186.2,175.4
2019-20,Jake Eastwood,Sheffield Utd,Goalkeeper,0,0,0,0,0,0,0.0,0.0,0.0
2019-20,Mark Duffy,Sheffield Utd,Midfielder,0,0,0,0,0,0,0.0,0.0,0.0
2019-20,John Fleck,Sheffield Utd,Midfielder,2515,5,2,8,0,8,419.0,648.8,527.4
2019-20,Oliver Norwood,Sheffield Utd,Midfielder,3089,1,3,8,0,13,100.0,808.8,608.4
2019-20,David McGoldrick,Sheffield Utd,Forward,1810,2,2,2,0,7,584.0,268.4,303.4
2019-20,Chris Basham,Sheffield Utd,Defender,3242,0,1,4,0,13,103.0,212.1,707.6
2019-20,Simon Moore,Sheffield Utd,Goalkeeper,180,0,0,0,0,0,0.0,0.0,28.0
2019-20,Luke Freeman,Sheffield Utd,Midfielder,360,0,0,2,0,1,25.0,77.4,46.2
2019-20,Phil Jagielka,Sheffield Utd,Defender,240,0,0,0,0,0,2.0,4.8,75.4
2019-20,Callum Robinson,Sheffield Utd,Midfielder,669,1,2,1,0,2,156.0,72.8,79.8
2019-20,Ravel Morrison,Sheffield Utd,Midfielder,12,0,0,0,0,0,4.0,0.6,0.0
2019-20,Dean Henderson,Sheffield Utd,Goalkeeper,3240,0,1,2,0,13,18.0,10.0,718.8
2019-20,Ben Osborn,Sheffield Utd,Midfielder,590,0,0,0,0,2,65.0,108.5,78.4
2019-20,Oliver McBurnie,Sheffield Utd,Forward,2105,6,1,4,0,9,830.0,186.9,424.4
2019-20,Michael Verrips,Sheffield Utd,Goalkeeper,0,0,0,0,0,0,0.0,0.0,0.0
2019-20,Muhamed Bešić,Sheffield Utd,Midfielder,243,0,0,2,0,0,29.0,21.5,34.2
2019-20,Leon Clarke,Sheffield Utd,Forward,33,0,0,0,0,0,6.0,1.6,4.0
2019-20,Jack Rodwell,Sheffield Utd,Midfielder,15,0,0,0,0,0,0.0,0.0,1.2
2019-20,Jack Robinson,Sheffield Utd,Defender,504,0,0,0,0,1,2.0,30.4,106.8
2019-20,Sander Berge,Sheffield Utd,Midfielder,943,1,1,0,0,4,82.0,66.0,152.4
2019-20,Richairo Zivkovic,Sheffield Utd,Forward,107,0,0,0,0,0,22.0,28.6,9.4
2019-20,Panagiotis Retsos,Sheffield Utd,Defender,0,0,0,0,0,0,0.0,0.0,0.0
2019-20,Jannik Vestergaard,Southampton,Defender,1496,1,0,3,0,4,183.0,81.3,363.8
2019-20,Ryan Bertrand,Southampton,Defender,2742,1,1,3,1,7,234.0,538.5,436.8
2019-20,Yan Valery,Southampton,Defender,778,0,1,1,0,1,77.0,44.2,112.0
2019-20,Jan Bednarek,Southampton,Defender,3057,1,1,4,0,7,95.0,45.5,729.8
2019-20,Jack Stephens,Southampton,Defender,2451,1,3,4,1,7,97.0,101.5,566.2
2019-20,Maya Yoshida,Southampton,Defender,558,0,0,1,0,1,77.0,3.7,96.8
2019-20,Kayne Ramsay,Southampton,Defender,0,0,0,0,0,0,0.0,0.0,0.0
2019-20,Charlie Austin,Southampton,Forward,0,0,0,0,0,0,0.0,0.0,0.0
2019-20,Danny Ings,Southampton,Forward,2800,22,2,3,0,6,1558.0,458.3,1010.0
2019-20,Michael Obafemi,Southampton,Forward,655,3,2,1,0,3,235.0,130.7,170.8
2019-20,Shane Long,Southampton,Forward,1386,2,3,0,0,5,536.0,264.8,190.8
2019-20,Sam Gallagher,Southampton,Forward,0,0,0,0,0,0,0.0,0.0,0.0
2019-20,Fraser Forster,Southampton,Goalkeeper,0,0,0,0,0,0,0.0,0.0,0.0
2019-20,Alex McCarthy,Southampton,Goalkeeper,2520,0,0,0,0,7,0.0,10.0,652.0
2019-20,Angus Gunn,Southampton,Goalkeeper,900,0,0,0,0,2,0.0,0.0,219.4
2019-20,Nathan Redmond,Southampton,Midfielder,2763,4,4,2,0,7,752.0,539.1,517.2
2019-20,James Ward-Prowse,Southampton,Midfielder,3420,5,4,9,0,9,548.0,989.9,864.6
2019-20,Mohamed Elyounoussi,Southampton,Midfielder,0,0,0,0,0,0,0.0,0.0,0.0
2019-20,Stuart Armstrong,Southampton,Midfielder,1706,5,4,4,0,7,431.0,274.9,418.2
2019-20,Mario Lemina,Southampton,Midfielder,0,0,0,0,0,0,0.0,0.0,0.0
2019-20,Pierre-Emile Højbjerg,Southampton,Midfielder,2750,0,3,5,0,7,368.0,469.0,493.0
2019-20,Tyreke Johnson,Southampton,Midfielder,0,0,0,0,0,0,0.0,0.0,0.0
2019-20,Callum Slattery,Southampton,Midfielder,0,0,0,0,0,0,0.0,0.0,0.0
2019-20,Oriol Romeu Vidal,Southampton,Midfielder,1855,0,0,5,0,5,69.0,272.9,333.2
2019-20,Kyle Walker-Peters,Southampton,Defender,944,0,1,1,0,2,48.0,108.6,168.2
2019-20,Che Adams,Southampton,Forward,1095,4,4,0,0,4,524.0,184.9,226.2
2019-20,Moussa Djenepo,Southampton,Midfielder,920,2,2,4,1,2,252.0,153.4,224.4
2019-20,Wesley Hoedt,Southampton,Defender,0,0,0,0,0,0,0.0,0.0,0.0
2019-20,Sofiane Boufal,Southampton,Midfielder,753,0,3,2,0,1,267.0,203.7,149.4
2019-20,Kevin Danso,Southampton,Defender,275,0,1,0,1,1,6.0,26.0,58.4
2019-20,Daniel N'Lundulu,Southampton,Forward,0,0,0,0,0,0,0.0,0.0,0.0
2019-20,Harry Lewis,Southampton,Goalkeeper,0,0,0,0,0,0,0.0,0.0,0.0
2019-20,William Smallbone,Southampton,Midfielder,389,0,2,0,0,3,43.0,53.2,70.2
2019-20,Nathan Tella,Southampton,Midfielder,2,0,0,0,0,0,17.0,0.0,3.0
2019-20,Jake Vokins,Southampton,Defender,90,0,0,0,0,0,3.0,16.7,8.4
2019-20,Alexandre Jankewitz,Southampton,Midfielder,0,0,0,0,0,0,0.0,0.0,0.0
2019-20,Will Ferry,Southampton,Midfielder,0,0,0,0,0,0,0.0,0.0,0.0
2019-20,Jacob Maddox,Southampton,Midfielder,0,0,0,0,0,0,0.0,0.0,0.0
2019-20,Ben Davies,Spurs,Defender,1430,0,0,6,0,4,94.0,172.4,279.8
2019-20,Jan Vertonghen,Spurs,Defender,1644,1,1,2,0,4,63.0,56.1,398.4
2019-20,Toby Alderweireld,Spurs,Defender,2957,2,2,7,0,7,182.0,196.0,773.6
2019-20,Davinson Sánchez,Spurs,Defender,2431,0,2,6,0,4,82.0,31.0,550.0
2019-20,Kieran Trippier,Spurs,Defender,0,0,0,0,0,0,0.0,0.0,0.0
2019-20,Juan Foyth,Spurs,Defender,66,0,0,1,0,0,0.0,12.5,18.6
2019-20,Serge Aurier,Spurs,Defender,2699,1,7,2,1,9,252.0,508.1,655.2
2019-20,Harry Kane,Spurs,Forward,2588,18,2,4,0,6,1071.0,391.0,843.8
2019-20,Vincent Janssen,Spurs,Forward,0,0,0,0,0,0,0.0,0.0,0.0
2019-20,Hugo Lloris,Spurs,Goalkeeper,1808,0,0,0,0,6,0.0,0.0,564.6
2019-20,Paulo Gazzaniga,Spurs,Goalkeeper,1612,0,0,1,0,2,0.0,10.0,449.8
2019-20,Heung-Min Son,Spurs,Midfielder,2478,11,13,0,2,7,1144.0,606.1,800.6
2019-20,Christian Eriksen,Spurs,Midfielder,1090,2,2,5,0,1,225.0,348.9,262.4
2019-20,Bamidele Alli,Spurs,Midfielder,1845,8,6,2,0,4,627.0,328.6,531.2
2019-20,Lucas Rodrigues Moura da Silva,Spurs,Midfielder,2235,4,5,3,0,6,751.0,477.1,494.6
2019-20,Erik Lamela,Spurs,Midfielder,1203,2,5,3,0,5,337.0,284.2,226.2
2019-20,Harry Winks,Spurs,Midfielder,2223,0,0,9,0,6,74.0,323.4,361.8
2019-20,Victor Wanyama,Spurs,Midfielder,24,0,0,1,0,0,0.0,0.9,1.2
2019-20,Moussa Sissoko,Spurs,Midfielder,2451,2,1,8,0,7,189.0,275.7,346.0
2019-20,Eric Dier,Spurs,Midfielder,1340,0,2,5,0,3,56.0,100.2,297.2
2019-20,Luke Amos,Spurs,Midfielder,0,0,0,0,0,0,0.0,0.0,0.0
2019-20,Oliver Skipp,Spurs,Midfielder,74,0,0,0,0,0,0.0,1.6,15.2
2019-20,Tanguy Ndombele,Spurs,Midfielder,1002,2,2,3,0,1,122.0,194.8,274.2
2019-20,Troy Parrott,Spurs,Forward,6,0,0,0,0,0,0.0,0.1,0.2
2019-20,Giovani Lo Celso,Spurs,Midfielder,1482,0,3,6,0,6,176.0,459.4,303.2
2019-20,Ryan Sessegnon,Spurs,Midfielder,341,0,0,0,0,0,34.0,39.9,45.4
2019-20,Georges-Kévin Nkoudou,Spurs,Midfielder,2,0,0,0,0,0,18.0,0.0,0.0
2019-20,Alfie Whiteman,Spurs,Goalkeeper,0,0,0,0,0,0,0.0,0.0,0.0
2019-20,Michel Vorm,Spurs,Goalkeeper,0,0,0,0,0,0,0.0,0.0,0.0
2019-20,Brandon Austin,Spurs,Goalkeeper,0,0,0,0,0,0,0.0,0.0,0.0
2019-20,Japhet Tanganga,Spurs,Defender,525,0,0,1,0,2,20.0,17.2,134.4
2019-20,Gedson Carvalho Fernandes,Spurs,Midfielder,62,0,0,0,0,0,20.0,34.3,17.2
2019-20,Steven Bergwijn,Spurs,Midfielder,699,3,1,2,0,2,147.0,187.3,174.2
2019-20,Harvey White,Spurs,Midfielder,0,0,0,0,0,0,0.0,0.0,0.0
2019-20,Dennis Cirkin,Spurs,Defender,0,0,0,0,0,0,0.0,0.0,0.0
2019-20,José Holebas,Watford,Defender,1022,0,1,5,0,2,62.0,208.4,171.4
2019-20,Christian Kabasele,Watford,Defender,2250,0,2,1,2,7,164.0,55.3,477.0
2019-20,Adam Masina,Watford,Defender,1815,1,0,3,0,6,109.0,201.3,351.2
2019-20,Adrian Mariappa,Watford,Defender,1509,0,0,4,1,3,32.0,75.2,216.6
2019-20,Francisco Femenía Far,Watford,Defender,2236,0,1,5,0,5,58.0,320.9,363.2
2019-20,Craig Cathcart,Watford,Defender,2488,0,0,7,0,9,57.0,34.8,458.0
2019-20,Daryl Janmaat,Watford,Defender,606,0,1,1,0,4,46.0,108.4,116.0
2019-20,Marc Navarro,Watford,Defender,0,0,0,0,0,0,0.0,0.0,0.0
2019-20,Sebastian Prödl,Watford,Defender,56,0,0,0,0,0,8.0,0.1,1.8
2019-20,Troy Deeney,Watford,Forward,2224,10,2,3,0,6,801.0,378.5,536.0
2019-20,Gerard Deulofeu,Watford,Forward,2097,4,5,3,0,8,896.0,602.3,458.4
2019-20,Andre Gray,Watford,Forward,741,2,1,1,0,0,287.0,129.5,106.2
2019-20,Isaac Success Ajayi,Watford,Forward,65,0,0,1,0,0,17.0,13.6,6.2
2019-20,Ben Foster,Watford,Goalkeeper,3420,0,0,1,0,9,17.0,10.1,904.6
2019-20,Pontus Dahlberg,Watford,Goalkeeper,0,0,0,0,0,0,0.0,0.0,0.0
2019-20,Abdoulaye Doucouré,Watford,Midfielder,3156,4,4,9,0,10,667.0,539.0,529.6
2019-20,Roberto Pereyra,Watford,Midfielder,1641,3,0,4,0,5,350.0,293.4,237.8
2019-20,Will Hughes,Watford,Midfielder,2249,1,1,9,0,5,270.0,413.1,352.2
2019-20,Tom Cleverley,Watford,Midfielder,964,1,0,2,0,1,221.0,219.2,174.8
2019-20,Ken Sema,Watford,Midfielder,0,0,0,0,0,0,0.0,0.0,0.0
2019-20,Etienne Capoue,Watford,Midfielder,2627,0,4,8,0,8,102.0,313.6,482.8
2019-20,Nathaniel Chalobah,Watford,Midfielder,919,0,1,1,0,2,55.0,130.3,162.2
2019-20,Domingos Quina,Watford,Midfielder,18,0,0,0,0,0,7.0,0.8,7.4
2019-20,Craig Dawson,Watford,Defender,2359,2,0,6,0,4,403.0,67.5,550.6
2019-20,Danny Welbeck,Watford,Forward,813,2,1,0,0,1,350.0,51.5,128.2
2019-20,Heurelho da Silva Gomes,Watford,Goalkeeper,0,0,0,0,0,0,0.0,0.0,0.0
2019-20,Ismaïla Sarr,Watford,Midfielder,2023,5,7,1,0,6,637.0,391.9,392.0
2019-20,Dimitri Foulquier,Watford,Defender,57,0,0,0,0,0,0.0,1.0,8.0
2019-20,Ayotomiwa Dele-Bashiru,Watford,Midfielder,0,0,0,0,0,0,0.0,0.0,0.0
2019-20,João Pedro Junqueira de Jesus,Watford,Forward,22,0,0,0,0,0,8.0,6.4,4.2
2019-20,Ignacio Pussetto,Watford,Midfielder,67,0,0,1,0,0,2.0,5.0,29.4
2019-20,Adalberto Peñaranda,Watford,Forward,0,0,0,0,0,0,0.0,0.0,0.0
2019-20,Aaron Cresswell,West Ham,Defender,2727,3,0,7,0,5,180.0,441.0,535.4
2019-20,Angelo Ogbonna,West Ham,Defender,2786,2,0,4,0,7,168.0,37.8,579.0
2019-20,Arthur Masuaku,West Ham,Defender,930,0,1,4,1,2,53.0,128.6,240.8
2019-20,Pablo Zabaleta,West Ham,Defender,588,0,0,2,0,0,12.0,50.5,110.4
2019-20,Ryan Fredericks,West Ham,Defender,2235,0,3,7,0,7,76.0,333.7,491.2
2019-20,Issa Diop,West Ham,Defender,2765,3,1,8,0,4,210.0,64.3,610.0
2019-20,Fabián Balbuena,West Ham,Defender,1176,1,0,2,0,3,149.0,18.5,268.0
2019-20,Winston Reid,West Ham,Defender,0,0,0,0,0,0,0.0,0.0,0.0
2019-20,Ben Johnson,West Ham,Defender,270,0,0,0,0,0,1.0,25.2,48.0
2019-20,Marko Arnautovic,West Ham,Forward,0,0,0,0,0,0,0.0,0.0,0.0
2019-20,Javier Hernández Balcázar,West Ham,Forward,106,1,0,0,0,0,39.0,2.2,35.6
2019-20,Alexandre Nascimento Costa Silva,West Ham,Forward,0,0,0,0,0,0,0.0,0.0,0.0
2019-20,Lukasz Fabianski,West Ham,Goalkeeper,2117,0,0,1,0,5,0.0,0.0,531.2
2019-20,Michail Antonio,West Ham,Midfielder,1767,10,4,3,0,3,1094.0,377.4,552.8
2019-20,Felipe Anderson Pereira Gomes,West Ham,Midfielder,1493,1,4,1,0,7,355.0,414.7,377.2
2019-20,Manuel Lanzini,West Ham,Midfielder,1370,0,3,1,0,2,281.0,464.8,219.0
2019-20,Andriy Yarmolenko,West Ham,Midfielder,981,5,1,2,0,3,329.0,265.7,284.4
2019-20,Robert Snodgrass,West Ham,Midfielder,1504,5,5,4,0,3,320.0,552.1,422.2
2019-20,Jack Wilshere,West Ham,Midfielder,209,0,0,0,0,0,4.0,7.0,6.4
2019-20,Declan Rice,West Ham,Midfielder,3420,1,5,6,0,7,259.0,350.8,715.8
2019-20,Mark Noble,West Ham,Midfielder,2675,4,4,5,0,7,164.0,602.2,542.2
2019-20,Carlos Sánchez,West Ham,Midfielder,112,0,0,0,0,0,0.0,3.7,8.4
2019-20,Grady Diangana,West Ham,Midfielder,0,0,0,0,0,0,0.0,0.0,0.0
2019-20,Pablo Fornals,West Ham,Midfielder,2167,2,6,3,0,6,381.0,359.7,350.4
2019-20,Pedro Obiang,West Ham,Midfielder,0,0,0,0,0,0,0.0,0.0,0.0
2019-20,Roberto Jimenez Gago,West Ham,Goalkeeper,686,0,0,0,0,0,0.0,0.0,239.0
2019-20,Sébastien Haller,West Ham,Forward,2259,7,3,1,0,5,1012.0,354.5,450.4
2019-20,Albian Ajeti,West Ham,Forward,132,0,0,0,0,0,47.0,22.9,5.2
2019-20,David Martin,West Ham,Goalkeeper,435,0,0,1,0,2,0.0,0.0,112.0
2019-20,Nathan Holland,West Ham,Midfielder,31,0,0,0,0,0,9.0,3.8,12.6
2019-20,Joseph Anang,West Ham,Goalkeeper,0,0,0,0,0,0,0.0,0.0,0.0
2019-20,Jeremy Ngakia,West Ham,Defender,440,0,0,0,0,0,9.0,10.7,78.0
2019-20,Gonçalo Bento Soares Cardoso,West Ham,Defender,0,0,0,0,0,0,0.0,0.0,0.0
2019-20,Bernardo Costa Da Rosa,West Ham,Midfielder,0,0,0,0,0,0,0.0,0.0,0.0
2019-20,Darren Randolph,West Ham,Goalkeeper,180,0,0,0,0,0,0.0,0.0,49.6
2019-20,Tomas Soucek,West Ham,Midfielder,1039,3,0,0,0,1,293.0,73.1,254.2
2019-20,Jarrod Bowen,West Ham,Midfielder,916,1,4,0,0,1,342.0,235.0,221.4
2019-20,Alfie Lewis,West Ham,Midfielder,0,0,0,0,0,0,0.0,0.0,0.0
2019-20,Conor Coventry,West Ham,Midfielder,0,0,0,0,0,0,0.0,0.0,0.0
2019-20,Matt Doherty,Wolves,Defender,2836,4,8,1,0,12,681.0,340.5,576.2
2019-20,Jonathan Castro Otto,Wolves,Defender,2885,2,3,4,0,11,299.0,379.2,543.6
2019-20,Conor Coady,Wolves,Defender,3420,0,0,5,0,13,0.0,68.8,556.4
2019-20,Willy Boly,Wolves,Defender,1980,0,1,1,1,12,119.0,85.8,477.0
2019-20,Rúben Gonçalo Silva Nascimento Vinagre,Wolves,Defender,644,0,0,1,0,3,56.0,96.2,130.4
2019-20,Romain Saïss,Wolves,Defender,2703,2,2,10,1,10,298.0,160.7,621.2
2019-20,Max Kilman,Wolves,Defender,184,0,0,0,0,0,0.0,1.2,35.2
2019-20,Raúl Jiménez,Wolves,Forward,3241,17,7,3,0,15,1680.0,668.2,911.6
2019-20,Diogo Jota,Wolves,Forward,2278,7,3,4,0,10,1139.0,453.3,457.8
2019-20,Rui Pedro dos Santos Patrício,Wolves,Goalkeeper,3420,0,0,0,0,13,0.0,0.0,741.0
2019-20,John Ruddy,Wolves,Goalkeeper,0,0,0,0,0,0,0.0,0.0,0.0
2019-20,Will Norris,Wolves,Goalkeeper,0,0,0,0,0,0,0.0,0.0,0.0
2019-20,Rúben Diogo da Silva Neves,Wolves,Midfielder,3053,2,2,9,0,13,307.0,445.4,538.6
2019-20,João Filipe Iria Santos Moutinho,Wolves,Midfielder,3105,1,7,7,0,11,122.0,1200.1,712.0
2019-20,Morgan Gibbs-White,Wolves,Midfielder,125,0,1,0,0,0,12.0,44.1,6.6
2019-20,Adama Traoré,Wolves,Midfielder,2599,4,9,1,0,7,583.0,786.4,727.2
2019-20,Hélder Costa,Wolves,Midfielder,0,0,0,0,0,0,0.0,0.0,0.0
2019-20,Ivan Cavaleiro,Wolves,Midfielder,0,0,0,0,0,0,0.0,0.0,0.0
2019-20,Leander Dendoncker,Wolves,Midfielder,2790,4,0,5,0,11,282.0,160.6,529.2
2019-20,Jesús Vallejo Lázaro,Wolves,Defender,162,0,0,1,0,0,0.0,7.0,35.6
2019-20,Patrick Cutrone,Wolves,Forward,292,2,0,0,0,1,155.0,35.6,85.2
2019-20,Pedro Lomba Neto,Wolves,Midfielder,920,3,3,3,0,1,260.0,232.0,227.8
2019-20,Bernard Ashley-Seal,Wolves,Forward,0,0,0,0,0,0,0.0,0.0,0.0
2019-20,Taylor Perry,Wolves,Midfielder,0,0,0,0,0,0,0.0,0.0,0.0
2019-20,Owen Otasowie,Wolves,Midfielder,0,0,0,0,0,0,0.0,0.0,0.0
2019-20,Luke Cundle,Wolves,Midfielder,0,0,0,0,0,0,0.0,0.0,0.0
2019-20,Oskar Buur,Wolves,Defender,0,0,0,0,0,0,0.0,0.0,0.0
2019-20,Ryan Giles,Wolves,Defender,0,0,0,0,0,0,0.0,0.0,0.0
2019-20,Bruno André Cavaco Jordao,Wolves,Midfielder,6,0,0,0,0,0,0.0,10.4,2.6
2019-20,Daniel Castelo Podence,Wolves,Midfielder,285,1,1,0,0,3,148.0,73.3,62.4
2019-20,Leonardo Campana,Wolves,Forward,0,0,0,0,0,0,0.0,0.0,0.0
2020-21,Mesut Özil,Arsenal,Midfielder,0,0,0,0,0,0,0.0,0.0,0.0
2020-21,Sokratis Papastathopoulos,Arsenal,Defender,0,0,0,0,0,0,0.0,0.0,0.0
2020-21,David Luiz Moreira Marinho,Arsenal,Defender,1396,1,0,1,1,3,144.0,46.7,250.6
2020-21,Pierre-Emerick Aubameyang,Arsenal,Midfielder,2330,10,3,2,0,10,823.0,361.5,493.8
2020-21,Cédric Soares,Arsenal,Defender,744,0,1,1,0,2,66.0,114.8,110.8
2020-21,Alexandre Lacazette,Arsenal,Forward,1916,13,3,3,0,7,797.0,307.4,602.4
2020-21,Shkodran Mustafi,Arsenal,Defender,45,0,0,0,0,0,0.0,1.0,11.6
2020-21,Bernd Leno,Arsenal,Goalkeeper,3131,0,0,0,1,11,2.0,0.0,702.2
2020-21,Granit Xhaka,Arsenal,Midfielder,2519,1,2,7,1,10,154.0,327.6,456.0
2020-21,Pablo Marí,Arsenal,Defender,900,0,0,2,0,4,16.0,26.4,163.2
2020-21,Héctor Bellerín,Arsenal,Defender,2089,1,3,8,0,7,232.0,351.8,362.8
2020-21,Calum Chambers,Arsenal,Defender,751,0,3,0,0,2,77.0,169.4,171.8
2020-21,Sead Kolasinac,Arsenal,Defender,90,0,0,0,0,0,4.0,5.4,3.6
2020-21,Rob Holding,Arsenal,Defender,2557,0,1,2,0,11,97.0,76.1,602.6
2020-21,Kieran Tierney,Arsenal,Defender,2299,1,4,4,0,8,201.0,490.1,446.4
2020-21,Nicolas Pépé,Arsenal,Midfielder,1606,10,3,1,1,4,774.0,235.9,476.2
2020-21,Lucas Torreira,Arsenal,Midfielder,0,0,0,0,0,0,0.0,0.0,0.0
2020-21,Reiss Nelson,Arsenal,Midfielder,70,0,0,0,0,0,10.0,9.7,4.2
2020-21,Edward Nketiah,Arsenal,Forward,411,2,1,0,0,1,211.0,97.3,116.6
2020-21,Emile Smith Rowe,Arsenal,Midfielder,1438,2,5,0,0,9,222.0,385.1,273.2
2020-21,Bukayo Saka,Arsenal,Midfielder,2554,5,5,1,0,8,984.0,650.6,493.0
2020-21,Matteo Guendouzi,Arsenal,Midfielder,0,0,0,0,0,0,0.0,0.0,0.0
2020-21,Gabriel Teodoro Martinelli Silva,Arsenal,Midfielder,582,2,1,0,0,4,300.0,133.8,142.6
2020-21,William Saliba,Arsenal,Defender,0,0,0,0,0,0,0.0,0.0,0.0
2020-21,Mathew Ryan,Arsenal,Goalkeeper,1260,0,0,1,0,3,2.0,10.7,193.6
2020-21,Willian Borges Da Silva,Arsenal,Midfielder,1398,1,7,0,0,3,228.0,534.8,256.2
2020-21,Gabriel Magalhães,Arsenal,Defender,1996,2,0,2,1,6,233.0,51.0,464.8
2020-21,Daniel Ceballos Fernández,Arsenal,Midfielder,1609,0,4,4,0,6,141.0,422.3,359.8
2020-21,Mohamed Naser El Sayed Elneny,Arsenal,Midfielder,1538,1,0,3,0,5,79.0,99.9,200.2
2020-21,Matt Macey,Arsenal,Goalkeeper,0,0,0,0,0,0,0.0,0.0,0.0
2020-21,Rúnar Alex Rúnarsson,Arsenal,Goalkeeper,15,0,0,0,0,0,0.0,0.0,16.6
2020-21,Thomas Partey,Arsenal,Midfielder,1529,0,2,5,0,6,129.0,195.7,289.4
2020-21,Martin Ødegaard,Arsenal,Midfielder,861,1,2,0,0,3,167.0,322.8,169.8
2020-21,Miguel Azeez,Arsenal,Midfielder,0,0,0,0,0,0,0.0,0.0,0.0
2020-21,Emiliano Martínez,Aston Villa,Goalkeeper,3420,0,0,1,0,15,0.0,20.0,1067.2
2020-21,Tom Heaton,Aston Villa,Goalkeeper,0,0,0,0,0,0,0.0,0.0,0.0
2020-21,Ahmed El Mohamady,Aston Villa,Defender,833,0,0,2,0,3,65.0,201.8,170.4
2020-21,Henri Lansbury,Aston Villa,Midfielder,0,0,0,0,0,0,0.0,0.0,0.0
2020-21,Neil Taylor,Aston Villa,Defender,15,0,0,1,0,0,0.0,0.7,0.8
2020-21,Jed Steer,Aston Villa,Goalkeeper,0,0,0,0,0,0,0.0,0.0,0.0
2020-21,Conor Hourihane,Aston Villa,Midfielder,225,1,1,0,0,2,33.0,82.9,65.4
2020-21,José Ignacio Peleteiro Romallo,Aston Villa,Midfielder,0,0,0,0,0,0,0.0,0.0,0.0
2020-21,Ørjan Nyland,Aston Villa,Goalkeeper,0,0,0,0,0,0,0.0,0.0,0.0
2020-21,Bjorn Engels,Aston Villa,Defender,0,0,0,0,0,0,0.0,0.0,0.0
2020-21,Jack Grealish,Aston Villa,Midfielder,2183,6,12,6,0,12,917.0,1029.6,707.4
2020-21,John McGinn,Aston Villa,Midfielder,3330,3,7,12,0,14,361.0,600.5,579.0
2020-21,Kortney Hause,Aston Villa,Defender,630,1,0,2,0,3,57.0,2.2,147.0
2020-21,Mahmoud Ahmed Ibrahim Hassan,Aston Villa,Midfielder,1157,2,1,0,0,6,478.0,180.1,213.6
2020-21,Tyrone Mings,Aston Villa,Defender,3194,2,2,4,1,14,293.0,97.3,798.4
2020-21,Matt Targett,Aston Villa,Defender,3404,0,4,7,0,16,122.0,607.0,690.4
2020-21,James Bree,Aston Villa,Defender,0,0,0,0,0,0,0.0,0.0,0.0
2020-21,Marvelous Nakamba,Aston Villa,Midfielder,747,0,1,3,0,4,10.0,32.5,110.8
2020-21,Anwar El Ghazi,Aston Villa,Midfielder,1604,10,0,2,0,5,726.0,426.1,500.4
2020-21,Ezri Konsa Ngoyo,Aston Villa,Defender,3195,2,0,3,0,12,276.0,34.2,695.6
2020-21,Frédéric Guilbert,Aston Villa,Defender,0,0,0,0,0,0,0.0,0.0,0.0
2020-21,Wesley Moraes,Aston Villa,Forward,15,0,0,0,0,0,17.0,1.1,5.0
2020-21,Mbwana Samatta,Aston Villa,Forward,0,0,0,0,0,0,0.0,0.0,0.0
2020-21,Keinan Davis,Aston Villa,Forward,265,1,1,0,0,1,169.0,76.7,77.2
2020-21,Indiana Vassilev,Aston Villa,Forward,0,0,0,0,0,0,0.0,0.0,0.0
2020-21,Douglas Luiz Soares de Paulo,Aston Villa,Midfielder,2781,0,2,8,1,12,189.0,304.5,403.4
2020-21,Ross Barkley,Aston Villa,Midfielder,1566,3,2,0,0,8,431.0,579.3,274.2
2020-21,Matthew Cash,Aston Villa,Defender,2373,0,2,6,1,11,110.0,352.9,520.8
2020-21,Ollie Watkins,Aston Villa,Forward,3328,14,9,2,1,14,1721.0,610.4,815.4
2020-21,Bertrand Traoré,Aston Villa,Midfielder,2315,7,7,1,0,11,917.0,530.6,528.4
2020-21,Jacob Ramsey,Aston Villa,Midfielder,611,0,0,0,0,2,126.0,91.7,72.8
2020-21,Morgan Sanson,Aston Villa,Midfielder,288,0,0,3,0,1,10.0,28.8,25.8
2020-21,Kaine Hayden,Aston Villa,Midfielder,0,0,0,0,0,0,0.0,0.0,0.0
2020-21,Carney Chukwuemeka,Aston Villa,Midfielder,18,0,0,0,0,0,5.0,1.1,1.0
2020-21,Jaden Philogene-Bidace,Aston Villa,Midfielder,1,0,0,0,0,0,0.0,0.5,0.0
2020-21,Glenn Murray,Brighton,Forward,0,0,0,0,0,0,0.0,0.0,0.0
2020-21,Adam Lallana,Brighton,Midfielder,1584,1,1,0,0,5,302.0,355.7,255.2
2020-21,Pascal Groß,Brighton,Midfielder,2479,3,8,3,0,10,415.0,1087.8,620.4
2020-21,Shane Duffy,Brighton,Defender,0,0,0,0,0,0,0.0,0.0,0.0
2020-21,Davy Pröpper,Brighton,Midfielder,209,0,0,0,0,0,52.0,5.1,24.0
2020-21,Aaron Mooy,Brighton,Midfielder,0,0,0,0,0,0,0.0,0.0,0.0
2020-21,Dan Burn,Brighton,Defender,2057,1,0,5,0,6,214.0,183.1,389.0
2020-21,Lewis Dunk,Brighton,Defender,2932,5,0,5,2,11,443.0,136.7,720.4
2020-21,Martín Montoya,Brighton,Defender,0,0,0,0,0,0,0.0,0.0,0.0
2020-21,Florin Andone,Brighton,Forward,0,0,0,0,0,0,0.0,0.0,0.0
2020-21,Solomon March,Brighton,Midfielder,1670,2,2,0,0,7,322.0,414.3,368.6
2020-21,Adam Webster,Brighton,Defender,2594,1,0,4,0,9,244.0,96.6,505.4
2020-21,Joël Veltman,Brighton,Defender,2280,1,1,3,0,9,169.0,366.0,484.4
2020-21,Neal Maupay,Brighton,Forward,2508,8,2,1,1,10,1103.0,443.2,442.2
2020-21,Leandro Trossard,Brighton,Midfielder,2602,5,6,2,0,12,759.0,725.1,543.4
2020-21,Alireza Jahanbakhsh,Brighton,Midfielder,520,0,1,3,0,1,221.0,162.8,73.2
2020-21,José Izquierdo,Brighton,Midfielder,8,0,0,0,0,0,7.0,1.3,3.2
2020-21,Matthew Clarke,Brighton,Defender,0,0,0,0,0,0,0.0,0.0,0.0
2020-21,Ben White,Brighton,Defender,3192,0,0,3,1,12,153.0,152.5,488.6
2020-21,Bernardo Fernandes da Silva Junior,Brighton,Defender,205,0,0,0,0,0,69.0,32.4,27.2
2020-21,Yves Bissouma,Brighton,Midfielder,3112,1,0,8,1,11,196.0,295.5,523.6
2020-21,Tariq Lamptey,Brighton,Defender,887,1,3,2,1,2,156.0,162.9,147.8
2020-21,Aaron Connolly,Brighton,Forward,783,2,1,0,0,1,307.0,74.1,104.2
2020-21,Steven Alzate,Brighton,Midfielder,892,1,0,2,0,5,88.0,154.9,132.2
2020-21,Alexis Mac Allister,Brighton,Midfielder,1108,1,1,1,0,5,235.0,210.6,170.6
2020-21,Christian Walton,Brighton,Goalkeeper,0,0,0,0,0,0,0.0,0.0,0.0
2020-21,Jason Steele,Brighton,Goalkeeper,0,0,0,0,0,0,0.0,0.0,0.0
2020-21,Jayson Molumby,Brighton,Midfielder,1,0,0,0,0,0,0.0,0.0,0.0
2020-21,Andi Zeqiri,Brighton,Forward,164,0,0,0,0,0,107.0,18.8,16.0
2020-21,Danny Welbeck,Brighton,Forward,1541,6,4,0,0,6,595.0,269.7,319.8
2020-21,Robert Sánchez,Brighton,Goalkeeper,2430,0,0,2,0,10,4.0,10.0,542.2
2020-21,Percy Tau,Brighton,Midfielder,101,0,1,0,0,0,6.0,35.8,26.8
2020-21,Jakub Moder,Brighton,Midfielder,643,0,0,0,0,2,162.0,62.2,63.8
2020-21,Reda Khadra,Brighton,Midfielder,4,0,0,0,0,0,2.0,0.0,0.0
2020-21,Teddy Jenks,Brighton,Midfielder,0,0,0,0,0,0,0.0,0.0,0.0
2020-21,Max Sanders,Brighton,Midfielder,0,0,0,0,0,0,0.0,0.0,0.0
2020-21,Jensen Weir,Brighton,Midfielder,0,0,0,0,0,0,0.0,0.0,0.0
2020-21,Thomas McGill,Brighton,Goalkeeper,0,0,0,0,0,0,0.0,0.0,0.0
2020-21,Michal Karbownik,Brighton,Defender,0,0,0,0,0,0,0.0,0.0,0.0
2020-21,Moisés Caicedo,Brighton,Midfielder,0,0,0,0,0,0,0.0,0.0,0.0
2020-21,Dale Stephens,Burnley,Midfielder,257,0,0,1,0,0,41.0,8.3,31.0
2020-21,James Tarkowski,Burnley,Defender,3240,1,0,6,0,11,350.0,148.0,773.4
2020-21,Phil Bardsley,Burnley,Defender,273,0,0,2,0,0,6.0,12.9,39.4
2020-21,Erik Pieters,Burnley,Defender,1260,0,3,1,0,3,63.0,77.0,199.4
2020-21,Jack Cork,Burnley,Midfielder,1350,0,0,2,0,4,82.0,126.2,140.0
2020-21,Kevin Long,Burnley,Defender,636,0,0,2,0,1,25.0,12.0,102.6
2020-21,Jay Rodriguez,Burnley,Forward,1248,1,3,3,0,4,449.0,97.4,149.8
2020-21,Ashley Barnes,Burnley,Forward,1324,3,0,4,0,6,548.0,243.6,153.8
2020-21,Ben Mee,Burnley,Defender,2693,2,0,3,0,10,312.0,71.6,691.0
2020-21,Ashley Westwood,Burnley,Midfielder,3410,3,4,7,0,11,156.0,843.2,559.2
2020-21,Johann Berg Gudmundsson,Burnley,Midfielder,1358,2,0,2,0,3,170.0,160.8,193.6
2020-21,Chris Wood,Burnley,Forward,2741,12,3,0,0,9,1129.0,323.2,595.8
2020-21,Matthew Lowton,Burnley,Defender,3060,1,1,5,0,10,125.0,380.8,551.2
2020-21,Matej Vydra,Burnley,Forward,1359,3,2,0,0,3,491.0,194.0,197.4
2020-21,Ben Gibson,Burnley,Defender,0,0,0,0,0,0,0.0,0.0,0.0
2020-21,Robbie Brady,Burnley,Midfielder,1047,1,1,3,0,7,168.0,133.9,174.2
2020-21,Nick Pope,Burnley,Goalkeeper,2880,0,0,1,0,11,2.0,20.0,846.6
2020-21,Charlie Taylor,Burnley,Defender,2425,0,2,1,0,8,52.0,248.5,494.4
2020-21,Josh Brownhill,Burnley,Midfielder,2812,0,1,2,0,10,384.0,309.1,350.4
2020-21,Bailey Peacock-Farrell,Burnley,Goalkeeper,360,0,0,0,0,0,0.0,0.0,82.6
2020-21,Dwight McNeil,Burnley,Midfielder,3068,2,5,1,0,11,277.0,790.3,591.8
2020-21,Jimmy Dunne,Burnley,Defender,270,1,0,1,0,0,81.0,22.1,79.6
2020-21,Bobby Thomas,Burnley,Defender,0,0,0,0,0,0,0.0,0.0,0.0
2020-21,Josh Benson,Burnley,Midfielder,260,0,0,0,0,1,13.0,7.9,16.0
2020-21,Anthony Driscoll-Glennon,Burnley,Defender,0,0,0,0,0,0,0.0,0.0,0.0
2020-21,Mace Goodridge,Burnley,Midfielder,0,0,0,0,0,0,0.0,0.0,0.0
2020-21,Will Norris,Burnley,Goalkeeper,180,0,0,0,0,0,0.0,10.0,15.2
2020-21,Max Thompson,Burnley,Forward,0,0,0,0,0,0,0.0,0.0,0.0
2020-21,Lewis Richardson,Burnley,Forward,3,0,0,0,0,0,0.0,0.0,0.0
2020-21,Anthony Mancini,Burnley,Midfielder,0,0,0,0,0,0,0.0,0.0,0.0
2020-21,Joel Mumbongo,Burnley,Forward,37,0,0,1,0,0,0.0,1.8,0.0
2020-21,Richard Nartey,Burnley,Defender,0,0,0,0,0,0,0.0,0.0,0.0
2020-21,Willy Caballero,Chelsea,Goalkeeper,90,0,0,0,0,0,0.0,0.0,4.2
2020-21,César Azpilicueta,Chelsea,Defender,2187,1,2,5,1,13,164.0,413.3,502.2
2020-21,Olivier Giroud,Chelsea,Forward,740,4,0,1,0,4,403.0,112.0,161.4
2020-21,Marcos Alonso,Chelsea,Defender,958,2,1,2,0,5,328.0,204.1,224.2
2020-21,Jorge Luiz Frello Filho,Chelsea,Midfielder,2006,7,2,2,0,14,175.0,383.5,588.8
2020-21,Mateo Kovacic,Chelsea,Midfielder,1809,0,1,4,0,9,153.0,384.8,332.4
2020-21,Antonio Rüdiger,Chelsea,Defender,1710,1,0,0,0,11,201.0,83.8,368.6
2020-21,Kurt Zouma,Chelsea,Defender,2027,5,0,3,0,9,339.0,72.6,577.8
2020-21,Emerson Palmieri dos Santos,Chelsea,Defender,88,0,0,0,0,1,2.0,7.7,17.4
2020-21,Kepa Arrizabalaga,Chelsea,Goalkeeper,585,0,0,1,0,2,0.0,0.0,113.6
2020-21,N'Golo Kanté,Chelsea,Midfielder,2140,0,2,7,0,10,96.0,347.3,449.0
2020-21,Hakim Ziyech,Chelsea,Midfielder,1164,2,3,3,0,10,369.0,485.6,274.8
2020-21,Andreas Christensen,Chelsea,Defender,1371,0,0,2,1,8,34.0,80.9,293.4
2020-21,Timo Werner,Chelsea,Forward,2598,6,12,2,0,13,1276.0,532.4,514.8
2020-21,Tammy Abraham,Chelsea,Forward,1031,6,2,0,0,5,483.0,121.6,277.2
2020-21,Christian Pulisic,Chelsea,Midfielder,1731,4,3,2,0,7,724.0,378.8,361.4
2020-21,Mason Mount,Chelsea,Midfielder,2887,6,7,2,0,14,954.0,1336.9,770.4
2020-21,Fikayo Tomori,Chelsea,Defender,45,0,0,0,0,0,0.0,0.1,26.6
2020-21,Callum Hudson-Odoi,Chelsea,Midfielder,1050,2,3,0,0,6,336.0,471.5,291.8
2020-21,Reece James,Chelsea,Defender,2367,1,3,3,0,9,399.0,697.3,527.4
2020-21,Billy Gilmour,Chelsea,Midfielder,259,0,0,0,0,1,8.0,50.9,36.0
2020-21,Benjamin Chilwell,Chelsea,Defender,2286,3,6,3,0,12,408.0,535.8,545.0
2020-21,Thiago Thiago,Chelsea,Defender,1935,2,0,3,1,10,223.0,84.9,537.8
2020-21,Kai Havertz,Chelsea,Midfielder,1512,4,6,2,0,8,514.0,307.7,325.0
2020-21,Edouard Mendy,Chelsea,Goalkeeper,2745,0,0,2,0,16,0.0,0.0,470.2
2020-21,Karlo Ziger,Chelsea,Goalkeeper,0,0,0,0,0,0,0.0,0.0,0.0
2020-21,Faustino Anjorin,Chelsea,Midfielder,0,0,0,0,0,0,0.0,0.0,0.0
2020-21,Valentino Livramento,Chelsea,Defender,0,0,0,0,0,0,0.0,0.0,0.0
2020-21,Michy Batshuayi,Crystal Palace,Forward,717,2,2,0,0,2,210.0,113.5,132.8
2020-21,Gary Cahill,Crystal Palace,Defender,1800,1,1,3,0,4,157.0,90.1,406.2
2020-21,Wayne Hennessey,Crystal Palace,Goalkeeper,0,0,0,0,0,0,0.0,0.0,0.0
2020-21,Mamadou Sakho,Crystal Palace,Defender,275,0,0,0,0,0,6.0,1.6,36.6
2020-21,Vicente Guaita,Crystal Palace,Goalkeeper,3330,0,0,2,0,8,0.0,0.0,819.4
2020-21,James Tomkins,Crystal Palace,Defender,551,0,0,1,0,2,29.0,11.4,101.2
2020-21,James McArthur,Crystal Palace,Midfielder,1465,0,2,3,0,4,65.0,202.2,285.2
2020-21,James McCarthy,Crystal Palace,Midfielder,816,0,0,1,0,2,10.0,87.2,112.2
2020-21,Christian Benteke,Crystal Palace,Forward,1808,10,2,1,1,5,1030.0,236.5,512.6
2020-21,Cheikhou Kouyaté,Crystal Palace,Midfielder,3121,1,0,4,0,8,134.0,103.0,574.8
2020-21,Joel Ward,Crystal Palace,Defender,2255,0,1,5,0,7,28.0,118.2,366.8
2020-21,Martin Kelly,Crystal Palace,Defender,1,0,0,0,0,0,0.0,0.0,2.2
2020-21,Connor Wickham,Crystal Palace,Forward,0,0,0,0,0,0,0.0,0.0,0.0
2020-21,Andros Townsend,Crystal Palace,Midfielder,2250,1,5,0,0,7,311.0,694.6,511.4
2020-21,Luka Milivojevic,Crystal Palace,Midfielder,2357,1,1,8,1,7,143.0,329.6,410.8
2020-21,Patrick van Aanholt,Crystal Palace,Defender,1775,0,2,2,0,4,198.0,195.3,298.6
2020-21,Jordan Ayew,Crystal Palace,Forward,2086,1,4,4,0,6,451.0,238.6,278.6
2020-21,Wilfried Zaha,Crystal Palace,Midfielder,2612,11,4,6,0,6,1003.0,428.5,572.6
2020-21,Jeffrey Schlupp,Crystal Palace,Midfielder,1415,2,3,3,0,5,304.0,242.1,336.6
2020-21,Max Meyer,Crystal Palace,Midfielder,0,0,0,0,0,0,0.0,0.0,0.0
2020-21,Jairo Riedewald,Crystal Palace,Midfielder,1810,2,0,4,0,4,88.0,160.4,274.0
2020-21,Nathan Ferguson,Crystal Palace,Defender,0,0,0,0,0,0,0.0,0.0,0.0
2020-21,Tyrick Mitchell,Crystal Palace,Defender,1710,1,2,1,0,4,60.0,76.8,387.6
2020-21,Brandon Pierrick,Crystal Palace,Midfielder,0,0,0,0,0,0,0.0,0.0,0.0
2020-21,Scott Dann,Crystal Palace,Defender,1350,1,1,1,0,2,99.0,17.0,284.6
2020-21,Eberechi Eze,Crystal Palace,Midfielder,2555,4,8,3,0,6,383.0,653.1,516.2
2020-21,Sam Woods,Crystal Palace,Defender,0,0,0,0,0,0,0.0,0.0,0.0
2020-21,Ryan Inniss,Crystal Palace,Defender,0,0,0,0,0,0,0.0,0.0,0.0
2020-21,Nathaniel Clyne,Crystal Palace,Defender,1145,0,1,2,0,2,34.0,84.3,150.8
2020-21,Stephen Henderson,Crystal Palace,Goalkeeper,0,0,0,0,0,0,0.0,0.0,0.0
2020-21,Jack Butland,Crystal Palace,Goalkeeper,90,0,0,0,0,0,0.0,0.0,16.6
2020-21,Jean-Philippe Mateta,Crystal Palace,Forward,215,1,0,0,0,0,80.0,16.2,46.6
2020-21,Reece Hannam,Crystal Palace,Defender,0,0,0,0,0,0,0.0,0.0,0.0
2020-21,Jesurun Rak-Sakyi,Crystal Palace,Midfielder,0,0,0,0,0,0,0.0,0.0,0.0
2020-21,Fabian Delph,Everton,Midfielder,260,0,0,1,0,0,1.0,29.8,37.0
2020-21,Gylfi Sigurdsson,Everton,Midfielder,2244,6,5,2,0,10,510.0,644.2,530.6
2020-21,Jonas Lössl,Everton,Goalkeeper,0,0,0,0,0,0,0.0,0.0,0.0
2020-21,Seamus Coleman,Everton,Defender,1607,0,3,0,0,8,189.0,268.2,322.6
2020-21,Cenk Tosun,Everton,Forward,44,0,0,1,0,0,4.0,11.6,2.2
2020-21,Bernard Anício Caldeira Duarte,Everton,Midfielder,447,1,0,2,0,2,80.0,142.7,104.8
2020-21,Lucas Digne,Everton,Defender,2681,0,9,2,1,9,136.0,704.2,592.6
2020-21,Michael Keane,Everton,Defender,2989,3,1,4,0,11,243.0,87.8,814.0
2020-21,Jordan Pickford,Everton,Goalkeeper,2742,0,0,1,0,10,0.0,10.1,698.4
2020-21,André Filipe Tavares Gomes,Everton,Midfielder,1559,0,1,3,0,5,103.0,244.5,189.0
2020-21,Alex Iwobi,Everton,Midfielder,1530,1,3,0,0,5,233.0,263.1,262.6
2020-21,Jonjoe Kenny,Everton,Defender,78,0,0,0,0,0,8.0,8.1,11.0
2020-21,Jean-Philippe Gbamin,Everton,Midfielder,11,0,0,0,0,0,0.0,0.9,3.8
2020-21,Yerry Mina,Everton,Defender,1936,2,0,2,0,6,200.0,23.5,496.2
2020-21,Tom Davies,Everton,Midfielder,1417,0,1,3,0,5,30.0,112.0,205.6
2020-21,Dominic Calvert-Lewin,Everton,Forward,2871,16,6,3,0,11,1439.0,308.0,745.8
2020-21,Mason Holgate,Everton,Defender,2286,1,0,9,0,9,80.0,126.0,432.2
2020-21,Richarlison de Andrade,Everton,Forward,2862,7,6,4,1,11,1147.0,359.7,576.4
2020-21,João Virgínia,Everton,Goalkeeper,47,0,0,0,0,0,0.0,0.0,25.0
2020-21,Anthony Gordon,Everton,Midfielder,87,0,0,0,0,0,4.0,12.7,14.4
2020-21,Moise Kean,Everton,Forward,13,0,0,0,0,0,11.0,1.3,0.0
2020-21,Jarrad Branthwaite,Everton,Defender,0,0,0,0,0,0,0.0,0.0,0.0
2020-21,Allan Marques Loureiro,Everton,Midfielder,2050,0,0,6,0,7,42.0,233.3,366.6
2020-21,James Rodríguez,Everton,Midfielder,1763,6,5,4,0,5,399.0,585.6,499.2
2020-21,Abdoulaye Doucouré,Everton,Midfielder,2443,2,3,6,0,9,267.0,319.4,433.8
2020-21,Niels Nkounkou,Everton,Defender,80,0,0,1,0,0,1.0,5.7,15.0
2020-21,Ben Godfrey,Everton,Defender,2683,0,2,4,0,11,152.0,84.3,610.4
2020-21,Robin Olsen,Everton,Goalkeeper,630,0,0,1,0,2,0.0,0.0,166.4
2020-21,Ellis Simms,Everton,Forward,0,0,0,0,0,0,0.0,0.0,0.0
2020-21,Tyler Onyango,Everton,Midfielder,0,0,0,0,0,0,0.0,0.0,0.0
2020-21,Joshua King,Everton,Forward,138,0,0,0,0,0,31.0,5.6,13.4
2020-21,Kyle John,Everton,Defender,0,0,0,0,0,0,0.0,0.0,0.0
2020-21,Nathan Broadhead,Everton,Midfielder,2,0,0,0,0,0,0.0,0.0,2.0
2020-21,Ryan Astley,Everton,Defender,0,0,0,0,0,0,0.0,0.0,0.0
2020-21,Harry Tyrer,Everton,Goalkeeper,0,0,0,0,0,0,0.0,0.0,0.0
2020-21,Reece Welch,Everton,Defender,0,0,0,0,0,0,0.0,0.0,0.0
2020-21,Isaac Price,Everton,Midfielder,0,0,0,0,0,0,0.0,0.0,0.0
2020-21,Ruben Loftus-Cheek,Fulham,Midfielder,1962,1,0,3,0,11,439.0,274.2,201.6
2020-21,Fabricio Agosto Ramírez,Fulham,Goalkeeper,0,0,0,0,0,0,0.0,0.0,0.0
2020-21,Kevin McDonald,Fulham,Midfielder,0,0,0,0,0,0,0.0,0.0,0.0
2020-21,Maxime Le Marchand,Fulham,Defender,122,0,0,2,0,0,1.0,1.6,12.6
2020-21,Stefan Johansen,Fulham,Midfielder,0,0,0,0,0,0,0.0,0.0,0.0
2020-21,Tom Cairney,Fulham,Midfielder,758,1,1,2,0,1,124.0,278.3,170.6
2020-21,Tim Ream,Fulham,Defender,630,0,0,0,0,0,2.0,8.1,133.6
2020-21,Anthony Knockaert,Fulham,Midfielder,0,0,0,0,0,0,0.0,0.0,0.0
2020-21,Michael Hector,Fulham,Defender,262,0,0,2,0,0,18.0,11.3,40.8
2020-21,Cyrus Christie,Fulham,Defender,0,0,0,0,0,0,0.0,0.0,0.0
2020-21,Neeskens Kebano,Fulham,Midfielder,116,0,0,0,0,0,47.0,14.6,1.4
2020-21,Bobby Decordova-Reid,Fulham,Forward,2367,5,3,7,0,9,503.0,254.1,384.8
2020-21,Joe Bryan,Fulham,Defender,663,1,1,2,0,0,85.0,100.4,143.2
2020-21,Marcus Bettinelli,Fulham,Goalkeeper,0,0,0,0,0,0,0.0,0.0,0.0
2020-21,Aleksandar Mitrović,Fulham,Forward,1389,3,3,3,0,1,697.0,323.8,245.6
2020-21,Alfie Mawson,Fulham,Defender,0,0,0,0,0,0,0.0,0.0,0.0
2020-21,Marek Rodák,Fulham,Goalkeeper,180,0,0,0,0,0,0.0,0.0,32.6
2020-21,Ivan Ricardo Neves Abreu Cavaleiro,Fulham,Midfielder,2465,3,0,2,0,7,530.0,647.2,347.0
2020-21,Josh Onomah,Fulham,Midfielder,369,0,0,1,0,0,47.0,28.7,33.6
2020-21,Jean Michaël Seri,Fulham,Midfielder,0,0,0,0,0,0,0.0,0.0,0.0
2020-21,Aboubakar Kamara,Fulham,Midfielder,307,0,0,1,1,0,39.0,76.8,22.6
2020-21,André-Frank Zambo Anguissa,Fulham,Midfielder,2581,0,3,6,0,6,312.0,409.4,507.6
2020-21,Zeze Steven Sessegnon,Fulham,Defender,0,0,0,0,0,0,0.0,0.0,0.0
2020-21,Harrison Reed,Fulham,Midfielder,2243,0,3,5,0,9,82.0,330.4,421.2
2020-21,Antonee Robinson,Fulham,Defender,2159,0,0,4,1,5,178.0,475.8,451.4
2020-21,Mario Lemina,Fulham,Midfielder,1696,1,1,5,0,3,134.0,169.5,294.0
2020-21,Alphonse Areola,Fulham,Goalkeeper,3240,0,0,2,0,9,0.0,0.0,876.2
2020-21,Kenny Tete,Fulham,Defender,1477,0,1,3,0,5,98.0,312.4,330.8
2020-21,Denis Odoi,Fulham,Defender,270,0,0,1,0,0,8.0,20.8,35.4
2020-21,Ademola Lookman,Fulham,Midfielder,2746,4,4,5,0,10,928.0,884.6,514.2
2020-21,Ola Aina,Fulham,Defender,2664,2,1,3,0,8,144.0,248.8,483.6
2020-21,Joachim Andersen,Fulham,Defender,2729,1,1,6,1,9,151.0,109.3,582.8
2020-21,Tosin Adarabioyo,Fulham,Defender,2953,0,1,1,0,9,223.0,70.1,673.8
2020-21,Terence Kongolo,Fulham,Defender,90,0,0,0,0,0,2.0,4.7,16.8
2020-21,Josh Maja,Fulham,Forward,804,3,0,0,0,5,314.0,103.2,138.0
2020-21,Fabio Carvalho,Fulham,Midfielder,254,1,0,0,0,0,161.0,30.8,72.4
2020-21,Sylvester Jasper,Fulham,Midfielder,0,0,0,0,0,0,0.0,0.0,0.0
2020-21,Tyrese Francois,Fulham,Midfielder,14,0,0,0,0,0,0.0,1.3,1.2
2020-21,Wes Morgan,Leicester,Defender,16,0,0,0,0,0,0.0,0.1,3.0
2020-21,Kasper Schmeichel,Leicester,Goalkeeper,3420,0,0,0,0,11,0.0,0.0,769.0
2020-21,Christian Fuchs,Leicester,Defender,701,0,0,4,0,3,22.0,33.9,137.0
2020-21,Jonny Evans,Leicester,Defender,2473,2,2,7,0,10,115.0,129.0,532.4
2020-21,Adrien Silva,Leicester,Midfielder,0,0,0,0,0,0,0.0,0.0,0.0
2020-21,Marc Albrighton,Leicester,Midfielder,1735,1,7,2,0,4,282.0,544.2,412.6
2020-21,Matty James,Leicester,Midfielder,0,0,0,0,0,0,0.0,0.0,0.0
2020-21,Danny Ward,Leicester,Goalkeeper,0,0,0,0,0,0,0.0,0.0,0.0
2020-21,Jamie Vardy,Leicester,Forward,2838,15,14,1,0,8,1306.0,356.6,819.2
2020-21,Dennis Praet,Leicester,Midfielder,714,1,2,0,0,3,120.0,132.1,119.2
2020-21,Ricardo Domingos Barbosa Pereira,Leicester,Defender,954,0,1,3,0,2,144.0,162.4,183.4
2020-21,Daniel Amartey,Leicester,Defender,718,1,0,3,0,0,61.0,10.9,155.0
2020-21,Youri Tielemans,Leicester,Midfielder,3356,6,4,6,0,11,462.0,788.2,840.4
2020-21,Ayoze Pérez,Leicester,Midfielder,1322,2,1,2,0,5,482.0,323.6,255.6
2020-21,Demarai Gray,Leicester,Midfielder,18,0,0,0,0,0,3.0,1.3,0.2
2020-21,James Maddison,Leicester,Midfielder,2093,8,7,4,0,10,668.0,770.3,588.4
2020-21,Kelechi Iheanacho,Leicester,Forward,1452,12,2,1,0,5,814.0,413.9,540.2
2020-21,Hamza Choudhury,Leicester,Midfielder,311,0,0,1,0,2,29.0,13.5,34.0
2020-21,Harvey Barnes,Leicester,Midfielder,1944,9,5,0,0,7,810.0,359.0,556.4
2020-21,Wilfred Ndidi,Leicester,Midfielder,2175,1,4,6,0,7,78.0,234.5,549.2
2020-21,Filip Benkovic,Leicester,Defender,0,0,0,0,0,0,0.0,0.0,0.0
2020-21,Çaglar Söyüncü,Leicester,Defender,1816,1,0,2,0,5,157.0,114.4,403.6
2020-21,James Justin,Leicester,Defender,2070,2,2,4,0,9,195.0,290.7,472.2
2020-21,Luke Thomas,Leicester,Defender,968,1,0,2,0,1,101.0,111.7,169.0
2020-21,Timothy Castagne,Leicester,Defender,2345,2,4,1,0,6,181.0,350.2,486.6
2020-21,Nampalys Mendy,Leicester,Midfielder,1452,0,1,5,0,4,23.0,118.7,153.0
2020-21,Cengiz Ünder,Leicester,Midfielder,275,0,2,0,0,0,88.0,87.5,73.4
2020-21,Wesley Fofana,Leicester,Defender,2260,0,1,7,0,7,121.0,107.8,502.0
2020-21,Islam Slimani,Leicester,Forward,19,0,0,0,0,0,6.0,11.7,0.2
2020-21,Vontae Daley-Campbell,Leicester,Defender,0,0,0,0,0,0,0.0,0.0,0.0
2020-21,Thakgalo Leshabela,Leicester,Midfielder,9,0,0,0,0,0,0.0,1.4,0.6
2020-21,Sidnei Tavares,Leicester,Midfielder,84,0,0,0,0,0,9.0,1.2,9.6
2020-21,Shane Flynn,Leicester,Midfielder,0,0,0,0,0,0,0.0,0.0,0.0
2020-21,Thanawat Suengchitthawon,Leicester,Midfielder,0,0,0,0,0,0,0.0,0.0,0.0
2020-21,Tawanda Maswanhise,Leicester,Midfielder,0,0,0,0,0,0,0.0,0.0,0.0
2020-21,Pablo Hernández Domínguez,Leeds,Midfielder,414,0,3,1,0,1,153.0,97.9,84.0
2020-21,Francisco Casilla Cortés,Leeds,Goalkeeper,270,0,0,0,0,1,0.0,0.0,68.0
2020-21,Liam Cooper,Leeds,Defender,2186,1,0,4,1,6,259.0,17.7,620.4
2020-21,Barry Douglas,Leeds,Defender,0,0,0,0,0,0,0.0,0.0,0.0
2020-21,Luke Ayling,Leeds,Defender,3399,0,0,7,0,12,350.0,421.4,843.2
2020-21,Mateusz Klich,Leeds,Midfielder,2386,4,5,6,0,8,333.0,661.4,464.6
2020-21,Adam Forshaw,Leeds,Midfielder,0,0,0,0,0,0,0.0,0.0,0.0
2020-21,Stuart Dallas,Leeds,Defender,3410,8,3,7,0,12,527.0,454.6,756.8
2020-21,Ezgjan Alioski,Leeds,Defender,2456,2,3,7,0,10,281.0,423.0,477.8
2020-21,Patrick Bamford,Leeds,Forward,3052,17,11,3,0,10,1512.0,371.0,867.2
2020-21,Jack Harrison,Leeds,Midfielder,2846,8,10,2,0,11,666.0,821.7,759.2
2020-21,Kalvin Phillips,Leeds,Midfielder,2428,1,2,10,0,9,82.0,539.3,535.4
2020-21,Hélder Wander Sousa de Azevedo e Costa,Leeds,Midfielder,1150,3,4,0,0,3,289.0,134.3,224.2
2020-21,Tyler Roberts,Leeds,Midfielder,1330,1,2,3,0,4,296.0,239.0,189.4
2020-21,Jay-Roy Grot,Leeds,Midfielder,0,0,0,0,0,0,0.0,0.0,0.0
2020-21,Kamil Miazek,Leeds,Goalkeeper,0,0,0,0,0,0,0.0,0.0,0.0
2020-21,Ian Carlo Poveda-Ocampo,Leeds,Midfielder,344,0,0,0,0,0,91.0,71.5,55.0
2020-21,Jamie Shackleton,Leeds,Midfielder,454,0,0,0,0,1,18.0,45.7,52.0
2020-21,Pascal Struijk,Leeds,Defender,2072,1,0,3,0,7,222.0,66.3,513.0
2020-21,Jordan Stevens,Leeds,Midfielder,0,0,0,0,0,0,0.0,0.0,0.0
2020-21,Illan Meslier,Leeds,Goalkeeper,3150,0,0,0,0,11,0.0,10.0,1026.0
2020-21,Leif Davis,Leeds,Defender,31,0,0,0,0,0,0.0,0.6,2.8
2020-21,Oliver Casey,Leeds,Defender,0,0,0,0,0,0,0.0,0.0,0.0
2020-21,Robin Koch,Leeds,Defender,1130,0,0,1,0,4,131.0,52.2,230.2
2020-21,Rodrigo Moreno,Leeds,Forward,1279,7,4,3,0,3,617.0,409.7,398.4
2020-21,Elia Caprile,Leeds,Goalkeeper,0,0,0,0,0,0,0.0,0.0,0.0
2020-21,Mateusz Bogusz,Leeds,Midfielder,0,0,0,0,0,0,0.0,0.0,0.0
2020-21,Diego Llorente,Leeds,Defender,1203,1,0,1,0,4,115.0,51.0,293.0
2020-21,Raphael Dias Belloli,Leeds,Midfielder,2358,6,10,3,0,9,902.0,889.3,719.6
2020-21,Jack Jenkins,Leeds,Midfielder,0,0,0,0,0,0,0.0,0.0,0.0
2020-21,Niall Huggins,Leeds,Forward,37,0,0,0,0,0,2.0,0.9,2.6
2020-21,Charlie Cresswell,Leeds,Defender,0,0,0,0,0,0,0.0,0.0,0.0
2020-21,Joe Gelhardt,Leeds,Forward,0,0,0,0,0,0,0.0,0.0,0.0
2020-21,Gaetano Berardi,Leeds,Defender,113,0,0,0,0,1,18.0,0.9,17.2
2020-21,Sam Greenwood,Leeds,Forward,0,0,0,0,0,0,0.0,0.0,0.0
2020-21,Crysencio Summerville,Leeds,Midfielder,0,0,0,0,0,0,0.0,0.0,0.0
2020-21,Cody Drameh,Leeds,Defender,0,0,0,0,0,0,0.0,0.0,0.0
2020-21,James Milner,Liverpool,Midfielder,1056,0,2,3,0,4,108.0,242.0,200.0
2020-21,Konstantinos Tsimikas,Liverpool,Defender,6,0,0,0,0,0,0.0,0.1,0.0
2020-21,Georginio Wijnaldum,Liverpool,Midfielder,2938,2,1,1,0,10,307.0,387.0,358.2
2020-21,Jordan Henderson,Liverpool,Midfielder,1704,1,2,0,0,4,108.0,262.3,358.0
2020-21,Adrián San Miguel del Castillo,Liverpool,Goalkeeper,270,0,0,0,0,1,0.0,0.0,59.6
2020-21,Joel Matip,Liverpool,Defender,690,1,2,2,0,3,84.0,42.4,179.0
2020-21,Xherdan Shaqiri,Liverpool,Midfielder,548,0,2,2,0,2,86.0,294.2,95.2
2020-21,Alex Oxlade-Chamberlain,Liverpool,Midfielder,243,1,1,0,0,0,68.0,32.9,70.8
2020-21,Roberto Firmino,Liverpool,Forward,2837,9,8,2,0,10,1415.0,643.2,729.4
2020-21,Virgil van Dijk,Liverpool,Defender,370,1,0,1,0,1,66.0,4.8,82.4
2020-21,Sadio Mané,Liverpool,Midfielder,2808,11,11,3,0,12,1535.0,809.7,808.8
2020-21,Alisson Ramses Becker,Liverpool,Goalkeeper,2970,1,0,1,0,10,17.0,0.1,776.4
2020-21,Fabio Henrique Tavares,Liverpool,Midfielder,2566,0,2,6,0,11,75.0,106.8,460.4
2020-21,Mohamed Salah,Liverpool,Midfielder,3077,22,6,0,0,11,1980.0,825.7,1056.0
2020-21,Andrew Robertson,Liverpool,Defender,3384,1,8,2,0,12,359.0,1129.3,754.4
2020-21,Divock Origi,Liverpool,Forward,180,0,0,0,0,1,60.0,33.2,17.8
2020-21,Harry Wilson,Liverpool,Midfielder,0,0,0,0,0,0,0.0,0.0,0.0
2020-21,Trent Alexander-Arnold,Liverpool,Defender,3029,2,8,2,0,10,529.0,1238.8,789.6
2020-21,Joseph Gomez,Liverpool,Defender,589,0,0,0,0,0,0.0,18.1,106.8
2020-21,Naby Keita,Liverpool,Midfielder,517,0,0,1,0,2,119.0,100.5,70.6
2020-21,Curtis Jones,Liverpool,Midfielder,1169,1,2,2,0,5,289.0,233.4,224.6
2020-21,Neco Williams,Liverpool,Defender,247,0,0,1,0,1,34.0,47.8,42.0
2020-21,Harvey Elliott,Liverpool,Midfielder,0,0,0,0,0,0,0.0,0.0,0.0
2020-21,Diogo Jota,Liverpool,Midfielder,1106,9,0,2,0,4,680.0,188.3,387.4
2020-21,Thiago Alcántara do Nascimento,Liverpool,Midfielder,1851,1,0,4,0,8,178.0,460.3,378.8
2020-21,Caoimhin Kelleher,Liverpool,Goalkeeper,180,0,0,0,0,1,0.0,0.0,57.8
2020-21,Nathaniel Phillips,Liverpool,Defender,1455,1,1,2,0,7,132.0,90.6,376.4
2020-21,Rhys Williams,Liverpool,Defender,659,0,0,0,0,3,62.0,29.8,111.6
2020-21,Leighton Clarkson,Liverpool,Midfielder,0,0,0,0,0,0,0.0,0.0,0.0
2020-21,Jake Cain,Liverpool,Midfielder,0,0,0,0,0,0,0.0,0.0,0.0
2020-21,Ozan Kabak,Liverpool,Defender,801,0,0,3,0,3,19.0,17.2,131.0
2020-21,Ben Davies,Liverpool,Defender,0,0,0,0,0,0,0.0,0.0,0.0
2020-21,Liam Hughes,Liverpool,Goalkeeper,0,0,0,0,0,0,0.0,0.0,0.0
2020-21,Jakub Ojrzynski,Liverpool,Goalkeeper,0,0,0,0,0,0,0.0,0.0,0.0
2020-21,Ben Woodburn,Liverpool,Midfielder,0,0,0,0,0,0,0.0,0.0,0.0
2020-21,Billy Koumetio,Liverpool,Defender,0,0,0,0,0,0,0.0,0.0,0.0
2020-21,Fernando Luiz Rosa,Man City,Defender,1182,0,2,6,0,7,106.0,220.8,248.6
2020-21,Claudio Bravo,Man City,Goalkeeper,0,0,0,0,0,0,0.0,0.0,0.0
2020-21,Sergio Agüero,Man City,Forward,554,4,1,0,0,4,326.0,102.2,200.6
2020-21,Nicolás Otamendi,Man City,Defender,0,0,0,0,0,0,0.0,0.0,0.0
2020-21,Kyle Walker,Man City,Defender,1944,1,1,1,0,9,88.0,200.9,332.2
2020-21,Ilkay Gündogan,Man City,Midfielder,2025,13,4,1,0,12,712.0,688.4,754.6
2020-21,Kevin De Bruyne,Man City,Midfielder,1995,6,12,1,0,12,914.0,1170.1,760.8
2020-21,John Stones,Man City,Defender,1933,4,0,0,1,14,192.0,79.8,520.0
2020-21,Benjamin Mendy,Man City,Defender,951,2,1,2,0,5,89.0,117.1,179.8
2020-21,Riyad Mahrez,Man City,Midfielder,1945,9,8,0,0,11,893.0,693.6,606.0
2020-21,Raheem Sterling,Man City,Midfielder,2534,10,9,4,0,14,1366.0,584.1,663.4
2020-21,João Pedro Cavaco Cancelo,Man City,Defender,2298,2,4,5,1,14,394.0,673.0,569.8
2020-21,Ederson Santana de Moraes,Man City,Goalkeeper,3240,0,1,3,0,19,0.0,10.0,586.0
2020-21,Nathan Aké,Man City,Defender,797,1,0,4,0,3,44.0,46.9,156.0
2020-21,Aymeric Laporte,Man City,Defender,1343,0,0,1,0,7,85.0,78.0,233.4
2020-21,Bernardo Mota Veiga de Carvalho e Silva,Man City,Midfielder,2063,2,7,5,0,11,463.0,476.2,399.6
2020-21,Gabriel Fernando de Jesus,Man City,Forward,2056,9,5,2,0,11,931.0,467.5,501.0
2020-21,Oleksandr Zinchenko,Man City,Defender,1473,0,0,0,0,8,134.0,295.7,272.0
2020-21,Phil Foden,Man City,Midfielder,1607,9,8,0,0,6,734.0,545.8,580.8
2020-21,Tommy Doyle,Man City,Midfielder,0,0,0,0,0,0,0.0,0.0,0.0
2020-21,Rodrigo Hernandez,Man City,Midfielder,2747,2,2,6,0,13,335.0,546.3,640.6
2020-21,Ferran Torres,Man City,Midfielder,1297,7,4,1,0,7,543.0,276.4,352.2
2020-21,Eric Garcia,Man City,Defender,380,0,0,0,0,0,5.0,26.4,67.6
2020-21,Adrián Bernabé,Man City,Midfielder,0,0,0,0,0,0,0.0,0.0,0.0
2020-21,Zack Steffen,Man City,Goalkeeper,90,0,0,0,0,0,0.0,0.0,9.6
2020-21,Liam Delap,Man City,Forward,39,0,0,0,0,0,4.0,0.3,0.0
2020-21,Cole Palmer,Man City,Midfielder,0,0,0,0,0,0,0.0,0.0,0.0
2020-21,Rúben Santos Gato Alves Dias,Man City,Defender,2843,1,1,4,0,17,218.0,91.0,651.6
2020-21,James Trafford,Man City,Goalkeeper,0,0,0,0,0,0,0.0,0.0,0.0
2020-21,Scott Carson,Man City,Goalkeeper,90,0,0,0,0,0,0.0,0.0,37.4
2020-21,Felix Nmecha,Man City,Midfielder,0,0,0,0,0,0,0.0,0.0,0.0
2020-21,Luke Mbete,Man City,Defender,0,0,0,0,0,0,0.0,0.0,0.0
2020-21,Taylor Harwood-Bellis,Man City,Defender,0,0,0,0,0,0,0.0,0.0,0.0
2020-21,Claudio Gomes,Man City,Midfielder,0,0,0,0,0,0,0.0,0.0,0.0
2020-21,Sergio Romero,Man Utd,Goalkeeper,0,0,0,0,0,0,0.0,0.0,0.0
2020-21,Juan Mata,Man Utd,Midfielder,507,1,3,0,0,1,86.0,132.8,108.4
2020-21,David de Gea,Man Utd,Goalkeeper,2295,0,0,0,0,9,0.0,0.0,464.2
2020-21,Chris Smalling,Man Utd,Defender,0,0,0,0,0,0,0.0,0.0,0.0
2020-21,Odion Ighalo,Man Utd,Forward,9,0,0,0,0,0,2.0,0.1,0.0
2020-21,Marcos Rojo,Man Utd,Defender,0,0,0,0,0,0,0.0,0.0,0.0
2020-21,Nemanja Matic,Man Utd,Midfielder,1101,0,1,2,0,4,80.0,149.0,218.4
2020-21,Paul Pogba,Man Utd,Midfielder,1892,3,6,3,0,5,401.0,376.0,451.4
2020-21,Phil Jones,Man Utd,Defender,0,0,0,0,0,0,0.0,0.0,0.0
2020-21,Harry Maguire,Man Utd,Defender,3047,2,2,11,0,13,428.0,133.6,701.4
2020-21,Frederico Rodrigues de Paula Santos,Man Utd,Midfielder,2389,1,0,5,0,12,200.0,395.6,482.6
2020-21,Luke Shaw,Man Utd,Defender,2653,1,5,8,0,10,243.0,1085.9,596.0
2020-21,Bruno Miguel Borges Fernandes,Man Utd,Midfielder,3101,18,14,6,0,13,1253.0,1414.9,1292.6
2020-21,Anthony Martial,Man Utd,Forward,1477,4,7,0,1,4,709.0,265.4,297.6
2020-21,Andreas Pereira,Man Utd,Midfielder,0,0,0,0,0,0,0.0,0.0,0.0
2020-21,Dean Henderson,Man Utd,Goalkeeper,1125,0,0,3,0,4,0.0,0.0,275.4
2020-21,Marcus Rashford,Man Utd,Midfielder,2917,11,11,4,0,12,1127.0,682.1,793.2
2020-21,Axel Tuanzebe,Man Utd,Defender,402,0,0,2,0,0,0.0,6.0,95.0
2020-21,Victor Lindelöf,Man Utd,Defender,2585,1,1,0,0,10,56.0,102.6,503.0
2020-21,Scott McTominay,Man Utd,Midfielder,2124,4,2,3,0,9,314.0,270.5,523.2
2020-21,Eric Bailly,Man Utd,Defender,915,0,0,3,0,3,26.0,8.3,175.6
2020-21,Daniel James,Man Utd,Midfielder,907,3,1,3,0,4,285.0,145.7,186.0
2020-21,Timothy Fosu-Mensah,Man Utd,Defender,80,0,0,1,0,0,16.0,30.5,17.8
2020-21,Aaron Wan-Bissaka,Man Utd,Defender,3060,2,5,3,0,13,159.0,498.2,785.4
2020-21,José Diogo Dalot Teixeira,Man Utd,Defender,0,0,0,0,0,0,0.0,0.0,0.0
2020-21,Mason Greenwood,Man Utd,Midfielder,1813,7,2,2,0,7,881.0,278.7,370.8
2020-21,Tahith Chong,Man Utd,Midfielder,0,0,0,0,0,0,0.0,0.0,0.0
2020-21,James Garner,Man Utd,Midfielder,0,0,0,0,0,0,0.0,0.0,0.0
2020-21,Brandon Williams,Man Utd,Defender,187,0,0,0,0,0,19.0,19.4,26.6
2020-21,Teden Mengi,Man Utd,Defender,0,0,0,0,0,0,0.0,0.0,0.0
2020-21,Donny van de Beek,Man Utd,Midfielder,511,1,2,1,0,0,70.0,58.4,117.0
2020-21,Alex Nicolao Telles,Man Utd,Defender,689,0,2,0,0,1,33.0,200.7,168.6
2020-21,Edinson Cavani,Man Utd,Forward,1364,10,4,4,0,4,513.0,203.3,443.4
2020-21,Facundo Pellistri,Man Utd,Midfielder,0,0,0,0,0,0,0.0,0.0,0.0
2020-21,Lee Grant,Man Utd,Goalkeeper,0,0,0,0,0,0,0.0,0.0,0.0
2020-21,Amad Diallo,Man Utd,Midfielder,165,0,1,0,0,0,9.0,31.2,38.0
2020-21,Shola Shoretire,Man Utd,Midfielder,9,0,0,0,0,0,0.0,1.1,0.2
2020-21,Nathan Bishop,Man Utd,Goalkeeper,0,0,0,0,0,0,0.0,0.0,0.0
2020-21,Anthony Elanga,Man Utd,Midfielder,155,1,0,0,0,0,29.0,19.7,51.6
2020-21,Hannibal Mejbri,Man Utd,Midfielder,8,0,0,0,0,0,0.0,0.0,1.2
2020-21,William Fish,Man Utd,Defender,1,0,0,0,0,0,0.0,0.0,0.0
2020-21,Joseph Willock,Newcastle,Midfielder,1210,8,0,1,0,4,401.0,137.2,436.6
2020-21,Andy Carroll,Newcastle,Forward,380,1,1,1,0,1,187.0,37.1,64.0
2020-21,Jonjo Shelvey,Newcastle,Midfielder,2616,1,3,7,0,6,299.0,522.1,474.2
2020-21,Matt Ritchie,Newcastle,Midfielder,1347,0,5,2,0,3,101.0,411.9,225.8
2020-21,Federico Fernández,Newcastle,Defender,2080,0,0,4,0,5,64.0,91.3,522.0
2020-21,Ciaran Clark,Newcastle,Defender,1890,1,0,3,0,3,105.0,29.8,402.6
2020-21,Karl Darlow,Newcastle,Goalkeeper,2250,0,0,3,0,4,0.0,0.0,682.4
2020-21,Martin Dubravka,Newcastle,Goalkeeper,1170,0,0,0,0,3,0.0,0.0,346.8
2020-21,Florian Lejeune,Newcastle,Defender,0,0,0,0,0,0,0.0,0.0,0.0
2020-21,Jamaal Lascelles,Newcastle,Defender,1625,2,0,4,0,2,161.0,38.1,345.2
2020-21,Dwight Gayle,Newcastle,Forward,501,1,1,0,0,0,263.0,89.4,79.6
2020-21,Christian Atsu,Newcastle,Midfielder,0,0,0,0,0,0,0.0,0.0,0.0
2020-21,Paul Dummett,Newcastle,Defender,1254,1,0,2,0,3,45.0,68.1,274.4
2020-21,Javier Manquillo,Newcastle,Defender,822,0,0,1,0,3,18.0,93.5,109.8
2020-21,Emil Krafth,Newcastle,Defender,1286,1,1,4,0,5,88.0,87.7,240.4
2020-21,Fabian Schär,Newcastle,Defender,1255,1,0,4,1,2,116.0,9.0,251.0
2020-21,DeAndre Yedlin,Newcastle,Defender,435,0,0,0,0,1,20.0,41.8,58.6
2020-21,Isaac Hayden,Newcastle,Midfielder,1942,0,0,8,0,4,155.0,117.7,278.0
2020-21,Rolando Aarons,Newcastle,Midfielder,0,0,0,0,0,0,0.0,0.0,0.0
2020-21,Allan Saint-Maximin,Newcastle,Midfielder,1554,3,5,0,0,7,418.0,394.2,376.0
2020-21,Miguel Almirón,Newcastle,Midfielder,2426,4,2,3,0,5,425.0,447.3,452.6
2020-21,Joelinton Cássio Apolinário de Lira,Newcastle,Forward,1979,4,2,3,0,3,612.0,250.1,357.0
2020-21,Yoshinori Muto,Newcastle,Forward,0,0,0,0,0,0,0.0,0.0,0.0
2020-21,Kelland Watts,Newcastle,Defender,0,0,0,0,0,0,0.0,0.0,0.0
2020-21,Sean Longstaff,Newcastle,Midfielder,1405,0,1,2,0,2,148.0,182.8,179.2
2020-21,Jeff Hendrick,Newcastle,Midfielder,1418,2,1,1,1,3,95.0,99.0,211.4
2020-21,Matthew Longstaff,Newcastle,Midfielder,376,0,0,0,0,1,2.0,35.6,32.6
2020-21,Mark Gillespie,Newcastle,Goalkeeper,0,0,0,0,0,0,0.0,0.0,0.0
2020-21,Jacob Murphy,Newcastle,Midfielder,1617,2,3,3,0,3,289.0,280.8,363.4
2020-21,Callum Wilson,Newcastle,Forward,2081,12,6,2,0,5,761.0,230.4,557.4
2020-21,Ryan Fraser,Newcastle,Midfielder,922,0,4,0,1,4,165.0,395.0,142.8
2020-21,Jamal Lewis,Newcastle,Defender,1833,0,1,4,0,3,47.0,224.8,272.6
2020-21,Elliot Anderson,Newcastle,Midfielder,3,0,0,0,0,0,2.0,0.3,0.0
2020-21,Daniel Langley,Newcastle,Goalkeeper,0,0,0,0,0,0,0.0,0.0,0.0
2020-21,Rhian Brewster,Sheffield Utd,Forward,1113,0,0,1,0,2,255.0,157.2,66.8
2020-21,Billy Sharp,Sheffield Utd,Forward,725,3,0,1,0,0,162.0,68.1,121.2
2020-21,David McGoldrick,Sheffield Utd,Forward,2391,8,1,7,0,9,860.0,320.2,464.4
2020-21,Chris Basham,Sheffield Utd,Defender,2576,0,1,5,0,2,160.0,202.3,513.6
2020-21,John Fleck,Sheffield Utd,Midfielder,2573,0,3,4,0,5,154.0,530.8,351.0
2020-21,Enda Stevens,Sheffield Utd,Defender,2700,0,1,6,0,4,198.0,294.5,443.4
2020-21,Simon Moore,Sheffield Utd,Goalkeeper,0,0,0,0,0,0,0.0,0.0,0.0
2020-21,Oliver Norwood,Sheffield Utd,Midfielder,2214,0,0,6,0,5,57.0,516.0,415.8
2020-21,Wes Foderingham,Sheffield Utd,Goalkeeper,0,0,0,0,0,0,0.0,0.0,0.0
2020-21,George Baldock,Sheffield Utd,Defender,2787,0,2,7,0,4,234.0,310.7,351.4
2020-21,Jack Robinson,Sheffield Utd,Defender,875,0,2,3,0,2,46.0,27.7,148.2
2020-21,John Egan,Sheffield Utd,Defender,2628,0,1,7,1,4,150.0,50.9,544.6
2020-21,Jack O'Connell,Sheffield Utd,Defender,180,0,0,0,0,0,0.0,2.5,40.2
2020-21,John Lundstram,Sheffield Utd,Midfielder,2027,0,2,8,1,3,206.0,346.9,245.4
2020-21,Ben Osborn,Sheffield Utd,Midfielder,1599,1,0,1,0,4,171.0,325.6,263.4
2020-21,Oliver McBurnie,Sheffield Utd,Forward,1316,1,2,2,0,0,444.0,207.8,182.6
2020-21,Lys Mousset,Sheffield Utd,Forward,287,0,0,0,0,0,53.0,35.0,14.2
2020-21,Sander Berge,Sheffield Utd,Midfielder,1119,1,1,4,0,0,138.0,181.7,178.0
2020-21,Oliver Burke,Sheffield Utd,Midfielder,1260,1,2,2,0,1,364.0,191.8,113.8
2020-21,Luke Freeman,Sheffield Utd,Midfielder,0,0,0,0,0,0,0.0,0.0,0.0
2020-21,Aaron Ramsdale,Sheffield Utd,Goalkeeper,3420,0,0,1,0,5,4.0,20.0,1023.0
2020-21,Ethan Ampadu,Sheffield Utd,Defender,2087,0,0,3,0,2,51.0,189.6,458.0
2020-21,Jayden Bogle,Sheffield Utd,Defender,1107,2,0,2,0,2,278.0,72.7,217.6
2020-21,Max Lowe,Sheffield Utd,Defender,549,0,0,1,0,0,45.0,39.8,99.2
2020-21,Phil Jagielka,Sheffield Utd,Defender,524,0,0,1,1,0,2.0,1.9,70.6
2020-21,Michael Verrips,Sheffield Utd,Goalkeeper,0,0,0,0,0,0,0.0,0.0,0.0
2020-21,Kean Bryan,Sheffield Utd,Defender,1003,1,0,1,0,2,49.0,57.5,220.4
2020-21,Antwoine Hackford,Sheffield Utd,Forward,10,0,0,0,0,0,18.0,0.1,0.0
2020-21,Kyron Gordon,Sheffield Utd,Defender,0,0,0,0,0,0,0.0,0.0,0.0
2020-21,Iliman Ndiaye,Sheffield Utd,Midfielder,11,0,0,0,0,0,0.0,0.3,2.2
2020-21,Zak Brunt,Sheffield Utd,Midfielder,0,0,0,0,0,0,0.0,0.0,0.0
2020-21,Frankie Maguire,Sheffield Utd,Midfielder,0,0,0,0,0,0,0.0,0.0,0.0
2020-21,Daniel Jebbison,Sheffield Utd,Forward,283,1,0,0,0,2,66.0,15.1,52.4
2020-21,Harry Boyes,Sheffield Utd,Defender,0,0,0,0,0,0,0.0,0.0,0.0
2020-21,Femi Seriki,Sheffield Utd,Midfielder,1,0,0,0,0,0,0.0,0.0,0.0
2020-21,William Osula,Sheffield Utd,Forward,0,0,0,0,0,0,0.0,0.0,0.0
2020-21,Theo Walcott,Southampton,Midfielder,1629,3,4,0,0,5,366.0,248.0,269.8
2020-21,Takumi Minamino,Southampton,Midfielder,999,3,0,1,0,2,281.0,92.3,168.2
2020-21,Shane Long,Southampton,Forward,201,0,0,0,0,1,19.0,6.4,9.8
2020-21,Ryan Bertrand,Southampton,Defender,2598,0,2,5,0,8,135.0,271.8,306.8
2020-21,Alex McCarthy,Southampton,Goalkeeper,2700,0,0,2,0,7,0.0,0.0,741.2
2020-21,Oriol Romeu Vidal,Southampton,Midfielder,1762,1,1,6,0,6,98.0,229.1,349.2
2020-21,Nathan Redmond,Southampton,Midfielder,1727,2,3,1,0,1,477.0,400.4,297.0
2020-21,Danny Ings,Southampton,Forward,2172,12,4,1,0,6,866.0,300.7,634.6
2020-21,Jack Stephens,Southampton,Defender,1537,0,0,2,0,4,104.0,85.6,351.0
2020-21,Stuart Armstrong,Southampton,Midfielder,2764,4,7,3,0,8,457.0,496.7,541.2
2020-21,Jannik Vestergaard,Southampton,Defender,2574,3,1,3,1,6,294.0,102.1,671.8
2020-21,James Ward-Prowse,Southampton,Midfielder,3420,8,7,5,0,9,355.0,971.2,940.0
2020-21,Angus Gunn,Southampton,Goalkeeper,0,0,0,0,0,0,0.0,0.0,0.0
2020-21,Sofiane Boufal,Southampton,Midfielder,0,0,0,0,0,0,0.0,0.0,0.0
2020-21,Josh Sims,Southampton,Midfielder,0,0,0,0,0,0,0.0,0.0,0.0
2020-21,Kyle Walker-Peters,Southampton,Defender,2646,0,3,4,0,9,316.0,262.2,497.6
2020-21,Jan Bednarek,Southampton,Defender,3100,1,1,5,1,9,164.0,75.0,692.0
2020-21,Che Adams,Southampton,Forward,2662,9,7,1,0,7,964.0,488.6,581.8
2020-21,Yan Valery,Southampton,Defender,101,0,0,0,0,0,12.0,22.1,26.0
2020-21,William Smallbone,Southampton,Midfielder,171,0,0,0,0,0,9.0,7.4,16.8
2020-21,Jake Vokins,Southampton,Defender,66,0,0,0,0,0,0.0,14.8,1.8
2020-21,Michael Obafemi,Southampton,Forward,57,0,0,0,0,0,4.0,10.8,5.6
2020-21,Moussa Djenepo,Southampton,Midfielder,1229,1,2,5,0,3,170.0,97.7,178.0
2020-21,Mohammed Salisu,Southampton,Defender,841,0,0,1,0,0,34.0,29.9,188.2
2020-21,Fraser Forster,Southampton,Goalkeeper,720,0,0,0,0,2,0.0,0.0,191.0
2020-21,Nathan Tella,Southampton,Midfielder,735,1,2,2,0,2,203.0,86.0,94.6
2020-21,Ibrahima Diallo,Southampton,Midfielder,1010,0,0,3,0,3,66.0,143.2,120.4
2020-21,Daniel N'Lundulu,Southampton,Forward,102,0,0,0,0,0,16.0,12.2,3.2
2020-21,Kayne Ramsay,Southampton,Defender,90,0,0,1,0,0,0.0,0.0,13.2
2020-21,Kgaogelo Chauke,Southampton,Midfielder,0,0,0,0,0,0,0.0,0.0,0.0
2020-21,Harry Lewis,Southampton,Goalkeeper,0,0,0,0,0,0,0.0,0.0,0.0
2020-21,Will Ferry,Southampton,Midfielder,0,0,0,0,0,0,0.0,0.0,0.0
2020-21,Allan Tchaptchet,Southampton,Defender,12,0,0,0,0,0,0.0,0.0,0.0
2020-21,Caleb Watts,Southampton,Midfielder,36,0,0,1,0,0,0.0,4.4,5.4
2020-21,Alexandre Jankewitz,Southampton,Midfielder,2,0,0,0,1,0,0.0,0.3,4.4
2020-21,Ryan Finnigan,Southampton,Midfielder,0,0,0,0,0,0,0.0,0.0,0.0
2020-21,Hugo Lloris,Spurs,Goalkeeper,3420,0,0,0,0,12,0.0,0.0,868.0
2020-21,Danny Rose,Spurs,Defender,0,0,0,0,0,0,0.0,0.0,0.0
2020-21,Moussa Sissoko,Spurs,Midfielder,1576,0,0,3,0,5,69.0,94.5,182.2
2020-21,Toby Alderweireld,Spurs,Defender,2240,1,0,2,0,10,178.0,106.5,559.8
2020-21,Erik Lamela,Spurs,Midfielder,700,1,1,4,1,1,236.0,137.1,115.2
2020-21,Harry Kane,Spurs,Forward,3083,23,14,1,0,12,1585.0,659.1,1318.2
2020-21,Serge Aurier,Spurs,Defender,1605,2,3,0,0,6,194.0,267.6,412.2
2020-21,Heung-Min Son,Spurs,Midfielder,3119,17,11,0,0,13,1046.0,1049.9,1052.2
2020-21,Eric Dier,Spurs,Defender,2520,0,0,3,0,8,114.0,82.2,577.0
2020-21,Lucas Rodrigues Moura da Silva,Spurs,Midfielder,1397,3,5,1,0,4,298.0,258.4,322.4
2020-21,Paulo Gazzaniga,Spurs,Goalkeeper,0,0,0,0,0,0,0.0,0.0,0.0
2020-21,Bamidele Alli,Spurs,Midfielder,613,0,2,0,0,3,165.0,132.1,103.4
2020-21,Ben Davies,Spurs,Defender,1340,0,2,1,0,4,65.0,136.8,232.8
2020-21,Pierre-Emile Højbjerg,Spurs,Midfielder,3420,2,4,9,0,12,146.0,308.7,728.8
2020-21,Harry Winks,Spurs,Midfielder,856,0,0,5,0,1,24.0,77.6,128.2
2020-21,Davinson Sánchez,Spurs,Defender,1486,0,0,1,0,4,114.0,20.0,319.2
2020-21,Ryan Sessegnon,Spurs,Defender,0,0,0,0,0,0,0.0,0.0,0.0
2020-21,Steven Bergwijn,Spurs,Midfielder,1202,1,4,3,0,5,180.0,190.9,161.4
2020-21,Gedson Carvalho Fernandes,Spurs,Midfielder,0,0,0,0,0,0,0.0,0.0,0.0
2020-21,Japhet Tanganga,Spurs,Defender,487,0,0,2,0,2,40.0,29.5,68.8
2020-21,Giovani Lo Celso,Spurs,Midfielder,939,1,1,5,0,5,155.0,222.8,169.2
2020-21,Oliver Skipp,Spurs,Midfielder,0,0,0,0,0,0,0.0,0.0,0.0
2020-21,Tanguy Ndombele,Spurs,Midfielder,2086,3,3,3,0,12,281.0,270.8,408.0
2020-21,Juan Foyth,Spurs,Defender,0,0,0,0,0,0,0.0,0.0,0.0
2020-21,Matt Doherty,Spurs,Defender,1238,0,2,2,1,4,79.0,182.4,257.2
2020-21,Joe Hart,Spurs,Goalkeeper,0,0,0,0,0,0,0.0,0.0,0.0
2020-21,Cameron Carter-Vickers,Spurs,Defender,0,0,0,0,0,0,0.0,0.0,0.0
2020-21,Sergio Reguilón,Spurs,Defender,2244,0,6,5,0,8,253.0,309.4,361.2
2020-21,Gareth Bale,Spurs,Midfielder,912,11,3,1,0,5,507.0,306.5,550.8
2020-21,Carlos Vinicius Alves Morais,Spurs,Forward,305,1,0,2,0,1,142.0,26.9,52.6
2020-21,Joe Rodon,Spurs,Defender,732,0,0,0,0,2,6.0,3.6,166.2
2020-21,Alfie Devine,Spurs,Midfielder,0,0,0,0,0,0,0.0,0.0,0.0
2020-21,Dane Scarlett,Spurs,Forward,1,0,0,0,0,0,0.0,0.0,0.0
2020-21,Nile John,Spurs,Midfielder,0,0,0,0,0,0,0.0,0.0,0.0
2020-21,Ainsley Maitland-Niles,West Brom,Defender,1714,0,2,2,0,6,142.0,128.9,218.2
2020-21,David Button,West Brom,Goalkeeper,90,0,0,0,0,0,0.0,0.0,23.4
2020-21,Callum Robinson,West Brom,Forward,1552,5,3,0,0,3,365.0,251.3,259.0
2020-21,Kieran Gibbs,West Brom,Defender,810,0,0,1,1,0,10.0,65.1,132.0
2020-21,Hal Robson-Kanu,West Brom,Forward,544,2,0,2,0,0,149.0,66.7,101.4
2020-21,Jake Livermore,West Brom,Midfielder,1241,0,0,2,1,1,53.0,72.7,136.8
2020-21,Kamil Grosicki,West Brom,Midfielder,147,0,1,0,0,0,15.0,35.2,22.4
2020-21,Matt Phillips,West Brom,Midfielder,1815,2,1,1,0,3,319.0,388.2,290.0
2020-21,Kyle Bartley,West Brom,Defender,2583,3,1,4,0,5,252.0,82.3,675.4
2020-21,Romaine Sawyers,West Brom,Midfielder,1486,0,0,2,0,1,13.0,102.4,152.4
2020-21,Ahmed El-Sayed Hegazy,West Brom,Defender,90,0,0,0,0,1,0.0,0.3,19.6
2020-21,Charlie Austin,West Brom,Forward,135,0,0,0,0,0,26.0,3.9,20.0
2020-21,Kenneth Zohore,West Brom,Forward,0,0,0,0,0,0,0.0,0.0,0.0
2020-21,Sam Johnstone,West Brom,Goalkeeper,3330,0,1,1,0,6,0.0,10.0,1213.6
2020-21,Conor Townsend,West Brom,Defender,2234,0,2,0,0,6,154.0,343.8,440.2
2020-21,Oluwasemilogo Adesewo Ibidapo Ajayi,West Brom,Defender,2779,2,1,3,1,1,202.0,88.3,574.8
2020-21,Jonathan Leko,West Brom,Midfielder,0,0,0,0,0,0,0.0,0.0,0.0
2020-21,Kyle Edwards,West Brom,Midfielder,114,0,0,0,0,0,39.0,12.8,13.0
2020-21,Darnell Furlong,West Brom,Defender,2931,1,3,5,0,6,276.0,275.0,474.4
2020-21,Sam Field,West Brom,Midfielder,61,0,0,0,0,0,0.0,0.5,20.0
2020-21,Dara O'Shea,West Brom,Defender,2099,0,0,3,0,3,44.0,71.2,439.8
2020-21,Rekeem Harper,West Brom,Midfielder,30,0,0,0,0,0,7.0,2.3,6.0
2020-21,Robert Snodgrass,West Brom,Midfielder,528,0,0,2,0,0,75.0,56.0,76.4
2020-21,Grady Diangana,West Brom,Midfielder,1230,1,0,0,0,1,162.0,102.3,169.4
2020-21,Matheus Pereira,West Brom,Midfielder,2574,11,7,2,1,6,661.0,873.6,744.0
2020-21,Cedric Kipre,West Brom,Defender,0,0,0,0,0,0,0.0,0.0,0.0
2020-21,Branislav Ivanovic,West Brom,Defender,764,0,0,2,0,2,61.0,12.7,117.8
2020-21,Conor Gallagher,West Brom,Midfielder,2530,2,2,11,0,5,276.0,320.1,437.2
2020-21,Filip Krovinovic,West Brom,Midfielder,541,0,0,0,0,1,50.0,103.6,74.4
2020-21,Karlan Grant,West Brom,Forward,1120,1,0,1,0,3,259.0,63.8,93.0
2020-21,Lee Peltier,West Brom,Defender,228,0,0,1,0,0,0.0,20.3,45.6
2020-21,Cheikh Diaby,West Brom,Forward,0,0,0,0,0,0,0.0,0.0,0.0
2020-21,Andy Lonergan,West Brom,Goalkeeper,0,0,0,0,0,0,0.0,0.0,0.0
2020-21,Mbaye Diagne,West Brom,Forward,1188,3,5,2,0,4,346.0,130.8,180.0
2020-21,Okay Yokuslu,West Brom,Midfielder,1316,0,1,4,0,4,91.0,88.6,200.0
2020-21,Caleb Taylor,West Brom,Defender,0,0,0,0,0,0,0.0,0.0,0.0
2020-21,Taylor Gardner-Hickman,West Brom,Midfielder,0,0,0,0,0,0,0.0,0.0,0.0
2020-21,Toby King,West Brom,Midfielder,0,0,0,0,0,0,0.0,0.0,0.0
2020-21,Tim Iroegbunam,West Brom,Midfielder,0,0,0,0,0,0,0.0,0.0,0.0
2020-21,Jesse Lingard,West Ham,Midfielder,1423,9,5,3,0,4,530.0,288.2,487.0
2020-21,Mark Noble,West Ham,Midfielder,701,0,0,1,0,0,7.0,88.6,80.4
2020-21,David Martin,West Ham,Goalkeeper,0,0,0,0,0,0,0.0,0.0,0.0
2020-21,Darren Randolph,West Ham,Goalkeeper,270,0,0,0,0,1,0.0,0.0,46.2
2020-21,Lukasz Fabianski,West Ham,Goalkeeper,3150,0,0,2,0,10,0.0,0.0,745.2
2020-21,Angelo Ogbonna,West Ham,Defender,2492,3,0,5,0,9,244.0,56.4,489.8
2020-21,Roberto Jimenez Gago,West Ham,Goalkeeper,0,0,0,0,0,0,0.0,0.0,0.0
2020-21,Jack Wilshere,West Ham,Midfielder,0,0,0,0,0,0,0.0,0.0,0.0
2020-21,Aaron Cresswell,West Ham,Defender,3170,0,11,3,0,11,96.0,898.6,669.4
2020-21,Andriy Yarmolenko,West Ham,Midfielder,362,0,1,3,0,1,106.0,80.3,50.6
2020-21,Michail Antonio,West Ham,Forward,1972,10,5,3,0,6,1038.0,349.1,517.8
2020-21,Ryan Fredericks,West Ham,Defender,564,1,1,2,0,1,96.0,166.8,155.2
2020-21,Manuel Lanzini,West Ham,Midfielder,556,1,1,1,0,1,102.0,153.0,121.4
2020-21,Felipe Anderson Pereira Gomes,West Ham,Midfielder,2,0,0,0,0,0,2.0,0.4,2.4
2020-21,Sébastien Haller,West Ham,Forward,932,3,0,0,0,3,361.0,131.6,169.6
2020-21,Arthur Masuaku,West Ham,Defender,1006,0,2,2,0,4,62.0,200.5,187.4
2020-21,Fabián Balbuena,West Ham,Defender,1197,1,0,1,1,4,79.0,9.0,260.8
2020-21,Jordan Hugill,West Ham,Forward,0,0,0,0,0,0,0.0,0.0,0.0
2020-21,Jarrod Bowen,West Ham,Midfielder,2556,8,6,0,0,9,812.0,493.5,529.8
2020-21,Albian Ajeti,West Ham,Forward,0,0,0,0,0,0,0.0,0.0,0.0
2020-21,Declan Rice,West Ham,Midfielder,2880,2,1,2,0,11,303.0,343.8,561.2
2020-21,Tomas Soucek,West Ham,Midfielder,3420,10,2,7,1,11,925.0,271.1,889.8
2020-21,Pablo Fornals,West Ham,Midfielder,2571,5,7,3,0,9,631.0,441.3,491.8
2020-21,Issa Diop,West Ham,Defender,1379,2,0,3,0,2,48.0,17.4,375.6
2020-21,Ben Johnson,West Ham,Defender,516,1,0,1,0,1,28.0,63.7,98.0
2020-21,Vladimir Coufal,West Ham,Defender,3054,0,9,3,0,9,220.0,670.9,693.8
2020-21,Craig Dawson,West Ham,Defender,1925,3,0,3,1,7,219.0,30.2,433.6
2020-21,Saïd Benrahma,West Ham,Midfielder,1376,1,6,0,0,3,371.0,371.9,301.0
2020-21,Frederik Alves,West Ham,Defender,0,0,0,0,0,0,0.0,0.0,0.0
2020-21,Ademipo Odubeko,West Ham,Forward,0,0,0,0,0,0,0.0,0.0,0.0
2020-21,Conor Coventry,West Ham,Midfielder,0,0,0,0,0,0,0.0,0.0,0.0
2020-21,Jamal Baptiste,West Ham,Defender,0,0,0,0,0,0,0.0,0.0,0.0
2020-21,Nathan Trott,West Ham,Goalkeeper,0,0,0,0,0,0,0.0,0.0,0.0
2020-21,John Ruddy,Wolves,Goalkeeper,91,0,0,0,0,0,0.0,0.0,25.4
2020-21,João Filipe Iria Santos Moutinho,Wolves,Midfielder,2526,1,1,3,1,6,113.0,726.9,478.4
2020-21,Rui Pedro dos Santos Patrício,Wolves,Goalkeeper,3330,0,0,1,0,10,0.0,0.0,763.6
2020-21,Ryan Bennett,Wolves,Defender,0,0,0,0,0,0,0.0,0.0,0.0
2020-21,Willy Boly,Wolves,Defender,1879,1,1,2,0,6,182.0,46.1,414.0
2020-21,Conor Coady,Wolves,Defender,3303,1,0,5,0,10,85.0,40.1,692.2
2020-21,Raúl Jiménez,Wolves,Forward,824,4,1,0,0,4,275.0,96.2,177.4
2020-21,Romain Saïss,Wolves,Defender,2407,3,0,2,0,8,347.0,101.2,584.6
2020-21,Jonathan Castro Otto,Wolves,Defender,496,0,0,0,0,1,14.0,31.8,61.0
2020-21,Léo Bonatini,Wolves,Forward,0,0,0,0,0,0,0.0,0.0,0.0
2020-21,Leander Dendoncker,Wolves,Midfielder,2498,1,2,4,0,11,343.0,261.4,386.4
2020-21,Adama Traoré,Wolves,Midfielder,2640,2,4,4,0,7,645.0,751.0,475.4
2020-21,Rúben Diogo da Silva Neves,Wolves,Midfielder,2670,5,1,8,0,8,445.0,455.0,697.2
2020-21,Oskar Buur,Wolves,Defender,22,0,0,0,0,0,0.0,0.5,0.6
2020-21,Daniel Castelo Podence,Wolves,Midfielder,1661,3,2,3,0,8,456.0,322.0,285.6
2020-21,Max Kilman,Wolves,Defender,1307,0,1,4,0,5,78.0,67.4,249.6
2020-21,Rúben Gonçalo Silva Nascimento Vinagre,Wolves,Defender,172,0,0,0,0,0,0.0,25.3,31.2
2020-21,Matija Sarkic,Wolves,Goalkeeper,0,0,0,0,0,0,0.0,0.0,0.0
2020-21,Morgan Gibbs-White,Wolves,Midfielder,407,1,0,1,0,0,114.0,112.8,85.0
2020-21,Pedro Lomba Neto,Wolves,Midfielder,2549,5,8,4,0,9,722.0,1007.3,594.2
2020-21,Bruno André Cavaco Jordao,Wolves,Midfielder,0,0,0,0,0,0,0.0,0.0,0.0
2020-21,Leonardo Campana,Wolves,Forward,0,0,0,0,0,0,0.0,0.0,0.0
2020-21,Fabio Silva,Wolves,Forward,1352,4,3,2,0,0,758.0,166.1,238.2
2020-21,Fernando Marçal,Wolves,Defender,618,0,0,2,0,1,13.0,61.7,102.6
2020-21,Vitor Ferreira,Wolves,Midfielder,509,0,1,0,0,0,72.0,179.0,80.0
2020-21,Ki-Jana Hoever,Wolves,Defender,573,0,0,1,0,0,26.0,59.7,100.4
2020-21,Nélson Cabral Semedo,Wolves,Defender,2983,1,3,5,0,9,297.0,412.9,595.2
2020-21,Meritan Shabani,Wolves,Midfielder,0,0,0,0,0,0,0.0,0.0,0.0
2020-21,Rayan Ait Nouri,Wolves,Defender,1400,1,1,1,0,3,196.0,234.5,243.2
2020-21,Owen Otasowie,Wolves,Midfielder,185,0,1,1,0,0,34.0,25.9,38.2
2020-21,Theo Corbeanu,Wolves,Midfielder,8,0,0,0,0,0,0.0,15.1,9.0
2020-21,Taylor Perry,Wolves,Midfielder,0,0,0,0,0,0,0.0,0.0,0.0
2020-21,Luke Cundle,Wolves,Midfielder,0,0,0,0,0,0,0.0,0.0,0.0
2020-21,Lewis Richards,Wolves,Defender,0,0,0,0,0,0,0.0,0.0,0.0
2020-21,Christian Marques,Wolves,Defender,0,0,0,0,0,0,0.0,0.0,0.0
2020-21,Andreas Söndergaard,Wolves,Goalkeeper,0,0,0,0,0,0,0.0,0.0,0.0
2020-21,Patrick Cutrone,Wolves,Forward,23,0,0,0,0,0,4.0,0.0,0.0
2020-21,Nigel Lonwijk,Wolves,Defender,0,0,0,0,0,0,0.0,0.0,0.0
2020-21,Willian José Da Silva,Wolves,Forward,1106,1,1,0,0,5,256.0,165.9,89.6
2020-21,Hugo Bueno,Wolves,Defender,0,0,0,0,0,0,0.0,0.0,0.0
2021-22,Bernd Leno,Arsenal,Goalkeeper,360,0,0,0,0,1,0.0,0.0,85.0
2021-22,Rúnar Alex Rúnarsson,Arsenal,Goalkeeper,0,0,0,0,0,0,0.0,0.0,0.0
2021-22,Willian Borges Da Silva,Arsenal,Midfielder,0,0,0,0,0,0,0.0,0.0,0.0
2021-22,Pierre-Emerick Aubameyang,Arsenal,Forward,1036,4,1,3,0,6,582.0,132.4,217.6
2021-22,Cédric Soares,Arsenal,Defender,1481,1,1,3,0,3,76.0,306.5,246.0
2021-22,Alexandre Lacazette,Arsenal,Forward,1773,4,8,0,0,10,724.0,385.7,376.6
2021-22,Granit Xhaka,Arsenal,Midfielder,2327,1,2,10,1,6,253.0,489.6,382.2
2021-22,Pablo Marí,Arsenal,Defender,180,0,0,1,0,0,11.0,12.3,55.4
2021-22,Héctor Bellerín,Arsenal,Defender,0,0,0,0,0,0,0.0,0.0,0.0
2021-22,Sead Kolasinac,Arsenal,Defender,91,0,0,1,0,0,0.0,0.2,4.2
2021-22,Mohamed Naser El Sayed Elneny,Arsenal,Midfielder,801,0,2,1,0,0,40.0,124.5,147.8
2021-22,Ainsley Maitland-Niles,Arsenal,Midfielder,263,0,0,0,0,2,9.0,41.3,42.6
2021-22,Rob Holding,Arsenal,Defender,840,1,0,2,1,2,49.0,6.9,242.4
2021-22,Thomas Partey,Arsenal,Midfielder,2027,2,2,6,0,10,394.0,275.5,359.6
2021-22,Kieran Tierney,Arsenal,Defender,1916,1,3,0,0,11,198.0,335.9,365.2
2021-22,Nicolas Pépé,Arsenal,Midfielder,681,1,4,0,0,2,391.0,204.8,127.4
2021-22,Lucas Torreira,Arsenal,Midfielder,0,0,0,0,0,0,0.0,0.0,0.0
2021-22,Edward Nketiah,Arsenal,Forward,823,5,1,3,0,0,339.0,138.8,216.0
2021-22,Emile Smith Rowe,Arsenal,Midfielder,1909,10,2,1,0,8,576.0,453.3,555.8
2021-22,Bukayo Saka,Arsenal,Midfielder,2978,11,9,6,0,13,1404.0,942.5,774.2
2021-22,Gabriel Magalhães,Arsenal,Defender,3063,5,0,6,1,13,453.0,129.3,703.0
2021-22,Konstantinos Mavropanos,Arsenal,Defender,0,0,0,0,0,0,0.0,0.0,0.0
2021-22,Mattéo Guendouzi,Arsenal,Midfielder,0,0,0,0,0,0,0.0,0.0,0.0
2021-22,Gabriel Teodoro Martinelli Silva,Arsenal,Midfielder,1855,6,7,1,1,7,692.0,445.8,407.8
2021-22,William Saliba,Arsenal,Defender,0,0,0,0,0,0,0.0,0.0,0.0
2021-22,Ben White,Arsenal,Defender,2880,0,0,3,0,13,150.0,182.3,592.8
2021-22,Nuno Varela Tavares,Arsenal,Defender,1169,1,1,2,0,3,203.0,168.4,194.6
2021-22,Albert Sambi Lokonga,Arsenal,Midfielder,1129,0,0,5,0,7,87.0,250.7,181.8
2021-22,Folarin Balogun,Arsenal,Forward,69,0,0,0,0,0,17.0,3.7,4.2
2021-22,Reiss Nelson,Arsenal,Midfielder,19,0,0,0,0,0,20.0,11.6,4.0
2021-22,Karl Hein,Arsenal,Goalkeeper,0,0,0,0,0,0,0.0,0.0,0.0
2021-22,Martin Ødegaard,Arsenal,Midfielder,2782,7,4,4,0,11,572.0,1012.4,625.6
2021-22,Aaron Ramsdale,Arsenal,Goalkeeper,3060,0,0,1,0,12,0.0,1.0,680.0
2021-22,Arthur Okonkwo,Arsenal,Goalkeeper,0,0,0,0,0,0,0.0,0.0,0.0
2021-22,Takehiro Tomiyasu,Arsenal,Defender,1680,0,1,2,0,9,110.0,240.9,312.4
2021-22,Charlie Patino,Arsenal,Midfielder,0,0,0,0,0,0,0.0,0.0,0.0
2021-22,Omari Hutchinson,Arsenal,Midfielder,0,0,0,0,0,0,0.0,0.0,0.0
2021-22,Salah-Eddine Oulad M'hand,Arsenal,Midfielder,0,0,0,0,0,0,0.0,0.0,0.0
2021-22,Mika Biereth,Arsenal,Forward,0,0,0,0,0,0,0.0,0.0,0.0
2021-22,Ryan Alebiosu,Arsenal,Defender,0,0,0,0,0,0,0.0,0.0,0.0
2021-22,Zach Awe,Arsenal,Defender,0,0,0,0,0,0,0.0,0.0,0.0
2021-22,Zak Swanson,Arsenal,Defender,0,0,0,0,0,0,0.0,0.0,0.0
2021-22,Mazeed Ogungbo,Arsenal,Defender,0,0,0,0,0,0,0.0,0.0,0.0
2021-22,Marcelo Flores,Arsenal,Midfielder,0,0,0,0,0,0,0.0,0.0,0.0
2021-22,Miguel Azeez,Arsenal,Midfielder,0,0,0,0,0,0,0.0,0.0,0.0
2021-22,Alex Kirk,Arsenal,Defender,0,0,0,0,0,0,0.0,0.0,0.0
2021-22,Calum Chambers,Aston Villa,Defender,999,1,0,1,0,4,61.0,52.8,211.0
2021-22,Jed Steer,Aston Villa,Goalkeeper,90,0,0,0,0,0,0.0,0.0,8.2
2021-22,Conor Hourihane,Aston Villa,Midfielder,0,0,0,0,0,0,0.0,0.0,0.0
2021-22,Emiliano Martínez,Aston Villa,Goalkeeper,3240,0,0,4,0,11,0.0,0.0,755.8
2021-22,Björn Engels,Aston Villa,Defender,0,0,0,0,0,0,0.0,0.0,0.0
2021-22,Bertrand Traoré,Aston Villa,Midfielder,212,0,1,0,0,0,90.0,10.6,21.0
2021-22,Morgan Sanson,Aston Villa,Midfielder,349,0,0,0,0,0,3.0,36.6,52.8
2021-22,John McGinn,Aston Villa,Midfielder,3090,3,4,8,0,10,307.0,777.4,692.8
2021-22,Kortney Hause,Aston Villa,Defender,397,1,0,0,0,1,64.0,5.9,102.8
2021-22,Mahmoud Ahmed Ibrahim Hassan,Aston Villa,Midfielder,10,0,0,0,0,0,10.0,2.0,1.8
2021-22,Tyrone Mings,Aston Villa,Defender,3188,1,4,11,0,11,309.0,130.9,649.2
2021-22,Ollie Watkins,Aston Villa,Forward,2950,11,3,7,0,10,1319.0,459.1,598.4
2021-22,Marvelous Nakamba,Aston Villa,Midfielder,899,0,0,5,0,2,0.0,42.1,134.0
2021-22,Emiliano Buendía Stati,Aston Villa,Midfielder,1887,4,6,1,0,7,531.0,659.3,479.4
2021-22,Matthew Cash,Aston Villa,Defender,3377,4,3,8,0,13,517.0,432.1,709.0
2021-22,Ezri Konsa Ngoyo,Aston Villa,Defender,2477,2,0,4,2,8,251.0,56.5,428.2
2021-22,Frédéric Guilbert,Aston Villa,Defender,0,0,0,0,0,0,0.0,0.0,0.0
2021-22,Wesley Moraes,Aston Villa,Forward,1,0,0,0,0,0,0.0,0.5,0.0
2021-22,Mbwana Ally Samatta,Aston Villa,Forward,0,0,0,0,0,0,0.0,0.0,0.0
2021-22,Keinan Davis,Aston Villa,Forward,11,0,0,0,0,0,0.0,1.0,0.4
2021-22,Douglas Luiz Soares de Paulo,Aston Villa,Midfielder,2715,2,3,7,0,10,199.0,547.5,495.2
2021-22,Jacob Ramsey,Aston Villa,Midfielder,2465,6,1,6,0,12,432.0,333.1,533.8
2021-22,Ashley Young,Aston Villa,Defender,1234,0,2,2,0,4,113.0,201.9,187.4
2021-22,Lucas Digne,Aston Villa,Defender,2440,0,4,6,0,7,200.0,753.1,489.8
2021-22,Danny Ings,Aston Villa,Forward,1891,7,6,4,0,10,749.0,210.9,448.6
2021-22,Leon Bailey,Aston Villa,Midfielder,750,1,3,3,0,2,271.0,118.5,143.2
2021-22,Aaron Ramsey,Aston Villa,Midfielder,0,0,0,0,0,0,0.0,0.0,0.0
2021-22,Jaden Philogene-Bidace,Aston Villa,Midfielder,4,0,0,0,0,0,0.0,0.0,0.0
2021-22,Carney Chukwuemeka,Aston Villa,Midfielder,291,0,1,0,0,0,69.0,34.6,44.0
2021-22,Cameron Archer,Aston Villa,Forward,24,0,0,0,0,0,18.0,0.8,0.0
2021-22,Viljami Sinisalo,Aston Villa,Goalkeeper,0,0,0,0,0,0,0.0,0.0,0.0
2021-22,Lamare Bogarde,Aston Villa,Defender,0,0,0,0,0,0,0.0,0.0,0.0
2021-22,Tim Iroegbunam,Aston Villa,Midfielder,90,0,0,1,0,1,4.0,2.0,10.6
2021-22,Filip Marschall,Aston Villa,Goalkeeper,0,0,0,0,0,0,0.0,0.0,0.0
2021-22,Josh Feeney,Aston Villa,Defender,0,0,0,0,0,0,0.0,0.0,0.0
2021-22,Philippe Coutinho Correia,Aston Villa,Midfielder,1327,5,3,0,0,7,419.0,338.3,324.2
2021-22,Kaine Hayden,Aston Villa,Defender,0,0,0,0,0,0,0.0,0.0,0.0
2021-22,Robin Olsen,Aston Villa,Goalkeeper,90,0,0,0,0,0,0.0,0.0,0.0
2021-22,Benjamin Chrisene,Aston Villa,Midfielder,0,0,0,0,0,0,0.0,0.0,0.0
2021-22,Tommi O'Reilly,Aston Villa,Midfielder,0,0,0,0,0,0,0.0,0.0,0.0
2021-22,Pontus Jansson,Brentford,Defender,3321,3,4,7,0,8,476.0,67.1,766.4
2021-22,Christian Nørgaard,Brentford,Midfielder,3054,3,4,8,0,8,434.0,409.8,694.8
2021-22,Ivan Toney,Brentford,Forward,2908,12,5,8,0,8,1284.0,572.0,717.8
2021-22,Tariqe Fosu-Henry,Brentford,Midfielder,16,0,0,0,0,0,21.0,4.8,5.2
2021-22,David Raya Martin,Brentford,Goalkeeper,2160,0,0,1,0,8,0.0,10.0,575.6
2021-22,Sergi Canós,Brentford,Midfielder,2077,3,3,6,1,8,422.0,282.9,359.2
2021-22,Pelenda Joshua Dasilva,Brentford,Midfielder,250,0,0,0,1,0,30.0,40.9,28.6
2021-22,Rico Henry,Brentford,Defender,2775,3,0,2,0,9,233.0,324.4,444.8
2021-22,Vitaly Janelt,Brentford,Midfielder,2295,4,0,3,0,9,399.0,330.0,440.2
2021-22,Saman Ghoddos,Brentford,Midfielder,524,1,2,2,0,1,133.0,96.3,128.4
2021-22,Mathias Jensen,Brentford,Midfielder,1590,0,1,0,0,3,181.0,508.0,242.8
2021-22,Charlie Goode,Brentford,Defender,448,0,0,3,0,1,24.0,82.7,54.8
2021-22,Marcus Forss,Brentford,Forward,203,0,1,0,0,0,55.0,12.5,20.8
2021-22,Mads Roerslev Rasmussen,Brentford,Defender,1232,1,1,1,0,1,81.0,125.8,200.2
2021-22,Mads Bech Sørensen,Brentford,Defender,833,0,0,3,0,2,44.0,69.4,112.8
2021-22,Ethan Pinnock,Brentford,Defender,2694,1,1,1,0,7,335.0,151.7,648.8
2021-22,Ellery Balcombe,Brentford,Goalkeeper,0,0,0,0,0,0,0.0,0.0,0.0
2021-22,Jan Zamburek,Brentford,Midfielder,0,0,0,0,0,0,0.0,0.0,0.0
2021-22,Patrik Gunnarsson,Brentford,Goalkeeper,0,0,0,0,0,0,0.0,0.0,0.0
2021-22,Halil Dervişoğlu,Brentford,Forward,0,0,0,0,0,0,0.0,0.0,0.0
2021-22,Bryan Mbeumo,Brentford,Midfielder,2905,4,7,4,0,9,927.0,508.9,441.2
2021-22,Mads Bidstrup,Brentford,Midfielder,36,0,0,0,0,0,0.0,0.7,6.6
2021-22,Frank Onyeka,Brentford,Midfielder,1040,0,2,4,0,3,174.0,73.5,93.0
2021-22,Kristoffer Ajer,Brentford,Defender,1995,1,3,5,0,8,184.0,123.5,381.2
2021-22,Dominic Thompson,Brentford,Defender,146,0,0,0,0,0,6.0,1.2,15.8
2021-22,Shandon Baptiste,Brentford,Midfielder,898,1,0,0,1,2,145.0,120.2,132.8
2021-22,Yoane Wissa,Brentford,Midfielder,1268,7,2,0,0,3,379.0,105.6,318.8
2021-22,Álvaro Fernández,Brentford,Goalkeeper,1080,0,0,0,0,1,0.0,0.0,353.2
2021-22,Finley Stevens,Brentford,Defender,14,0,0,0,0,0,2.0,10.3,8.6
2021-22,Mathias Jorgensen,Brentford,Defender,516,1,0,2,0,1,57.0,44.9,108.6
2021-22,Paris Maghoma,Brentford,Midfielder,0,0,0,0,0,0,0.0,0.0,0.0
2021-22,Matthew Cox,Brentford,Goalkeeper,0,0,0,0,0,0,0.0,0.0,0.0
2021-22,Maxwell Haygarth,Brentford,Midfielder,0,0,0,0,0,0,0.0,0.0,0.0
2021-22,Nathan Young-Coombes,Brentford,Forward,3,0,0,0,0,0,0.0,0.0,0.0
2021-22,Myles Peart-Harris,Brentford,Midfielder,0,0,0,0,0,0,0.0,0.0,0.0
2021-22,Jonas Lössl,Brentford,Goalkeeper,180,0,0,0,0,0,0.0,0.0,15.4
2021-22,Christian Eriksen,Brentford,Midfielder,938,1,4,1,0,4,172.0,428.6,269.4
2021-22,Julian Jeanvier,Brentford,Defender,0,0,0,0,0,0,0.0,0.0,0.0
2021-22,Adam Lallana,Brighton,Midfielder,1559,0,1,4,0,6,173.0,162.9,209.4
2021-22,Jason Steele,Brighton,Goalkeeper,90,0,0,0,0,0,0.0,0.0,28.8
2021-22,Pascal Groß,Brighton,Midfielder,2033,2,5,1,0,8,345.0,902.5,412.6
2021-22,Shane Duffy,Brighton,Defender,1434,1,1,7,0,4,282.0,58.2,380.6
2021-22,Davy Pröpper,Brighton,Midfielder,0,0,0,0,0,0,0.0,0.0,0.0
2021-22,Lewis Dunk,Brighton,Defender,2573,1,0,3,1,10,327.0,63.0,551.8
2021-22,Solomon March,Brighton,Midfielder,1733,0,2,1,0,7,285.0,512.0,259.6
2021-22,Adam Webster,Brighton,Defender,1429,2,0,5,0,4,112.0,50.1,387.8
2021-22,Joël Veltman,Brighton,Defender,2874,1,1,6,0,8,148.0,274.6,532.8
2021-22,Neal Maupay,Brighton,Forward,2269,8,3,7,0,7,672.0,357.3,367.4
2021-22,Leandro Trossard,Brighton,Midfielder,2803,8,4,2,0,11,1020.0,708.3,627.6
2021-22,Mathew Ryan,Brighton,Goalkeeper,0,0,0,0,0,0,0.0,0.0,0.0
2021-22,Alireza Jahanbakhsh,Brighton,Midfielder,0,0,0,0,0,0,0.0,0.0,0.0
2021-22,Bernardo Fernandes Da Silva Junior,Brighton,Defender,0,0,0,0,0,0,0.0,0.0,0.0
2021-22,Robert Sánchez,Brighton,Goalkeeper,3330,0,0,3,1,11,0.0,30.0,804.6
2021-22,Yves Bissouma,Brighton,Midfielder,2110,1,2,10,0,7,126.0,167.1,425.6
2021-22,Tariq Lamptey,Brighton,Defender,1547,0,2,4,0,6,172.0,353.4,246.0
2021-22,Aaron Connolly,Brighton,Forward,154,0,0,0,0,0,18.0,13.1,2.4
2021-22,Steven Alzate,Brighton,Midfielder,401,0,0,0,0,0,21.0,40.8,70.2
2021-22,Alexis Mac Allister,Brighton,Midfielder,2112,5,2,4,0,6,540.0,455.6,494.0
2021-22,Jakub Moder,Brighton,Midfielder,1694,0,3,1,0,5,372.0,286.0,239.6
2021-22,Danny Welbeck,Brighton,Forward,1469,6,4,0,0,5,528.0,195.1,302.4
2021-22,Enock Mwepu,Brighton,Midfielder,990,2,5,2,0,3,199.0,142.9,241.8
2021-22,Kjell Scherpen,Brighton,Goalkeeper,0,0,0,0,0,0,0.0,0.0,0.0
2021-22,Florin Andone,Brighton,Forward,0,0,0,0,0,0,0.0,0.0,0.0
2021-22,Andi Zeqiri,Brighton,Forward,0,0,0,0,0,0,0.0,0.0,0.0
2021-22,Michal Karbownik,Brighton,Defender,0,0,0,0,0,0,0.0,0.0,0.0
2021-22,Taylor Richards,Brighton,Midfielder,23,0,0,0,0,0,8.0,12.8,4.6
2021-22,Moisés Caicedo,Brighton,Midfielder,660,1,1,2,0,4,92.0,49.9,136.8
2021-22,Haydon Roberts,Brighton,Defender,0,0,0,0,0,0,0.0,0.0,0.0
2021-22,Marc Cucurella,Brighton,Defender,3089,1,1,6,0,11,181.0,671.9,659.6
2021-22,Jürgen Locadia,Brighton,Forward,22,0,0,0,0,0,3.0,1.1,0.0
2021-22,Jeremy Sarmiento,Brighton,Midfielder,44,0,0,0,0,0,2.0,2.4,2.8
2021-22,Ed Turns,Brighton,Defender,0,0,0,0,0,0,0.0,0.0,0.0
2021-22,Marc Leonard,Brighton,Midfielder,0,0,0,0,0,0,0.0,0.0,0.0
2021-22,Evan Ferguson,Brighton,Forward,22,0,0,0,0,0,2.0,4.8,2.0
2021-22,Thomas McGill,Brighton,Goalkeeper,0,0,0,0,0,0,0.0,0.0,0.0
2021-22,Odeluga Offiah,Brighton,Defender,0,0,0,0,0,0,0.0,0.0,0.0
2021-22,James Tarkowski,Burnley,Defender,3106,1,2,11,0,7,307.0,106.8,881.4
2021-22,Phil Bardsley,Burnley,Defender,0,0,0,0,0,0,0.0,0.0,0.0
2021-22,Erik Pieters,Burnley,Defender,726,0,1,1,0,4,48.0,43.4,179.0
2021-22,Jack Cork,Burnley,Midfielder,1670,1,0,4,0,6,72.0,103.9,168.0
2021-22,Dale Stephens,Burnley,Midfielder,123,0,0,1,0,1,1.0,12.4,12.8
2021-22,Kevin Long,Burnley,Defender,408,0,0,1,0,0,20.0,0.2,28.4
2021-22,Jay Rodriguez,Burnley,Forward,1365,2,3,3,0,6,455.0,166.0,176.4
2021-22,Ashley Barnes,Burnley,Forward,793,1,0,4,0,1,192.0,90.7,77.0
2021-22,Ben Mee,Burnley,Defender,1839,3,0,3,0,6,238.0,63.4,463.8
2021-22,Ashley Westwood,Burnley,Midfielder,2286,0,4,7,0,4,153.0,517.1,298.2
2021-22,Johann Berg Gudmundsson,Burnley,Midfielder,1097,0,1,2,0,3,193.0,137.5,134.0
2021-22,Matthew Lowton,Burnley,Defender,1771,1,3,3,1,4,95.0,264.9,404.2
2021-22,Matej Vydra,Burnley,Forward,665,2,3,1,0,2,239.0,77.5,172.4
2021-22,Nick Pope,Burnley,Goalkeeper,3240,0,0,1,0,9,0.0,20.0,875.6
2021-22,Charlie Taylor,Burnley,Defender,2730,0,3,3,0,5,50.0,310.5,552.8
2021-22,Will Norris,Burnley,Goalkeeper,0,0,0,0,0,0,0.0,0.0,0.0
2021-22,Josh Brownhill,Burnley,Midfielder,2952,2,3,10,0,7,277.0,560.8,565.8
2021-22,Josh Benson,Burnley,Midfielder,0,0,0,0,0,0,0.0,0.0,0.0
2021-22,Bailey Peacock-Farrell,Burnley,Goalkeeper,0,0,0,0,0,0,0.0,0.0,0.0
2021-22,Dwight McNeil,Burnley,Midfielder,3104,0,1,1,0,9,489.0,729.5,556.8
2021-22,Nathan Collins,Burnley,Defender,1670,2,0,2,1,5,246.0,62.4,426.6
2021-22,Wayne Hennessey,Burnley,Goalkeeper,180,0,0,0,0,0,0.0,30.0,62.8
2021-22,Lewis Richardson,Burnley,Forward,0,0,0,0,0,0,0.0,0.0,0.0
2021-22,Bobby Thomas,Burnley,Defender,0,0,0,0,0,0,0.0,0.0,0.0
2021-22,Owen Dodgson,Burnley,Defender,0,0,0,0,0,0,0.0,0.0,0.0
2021-22,Aaron Lennon,Burnley,Midfielder,1541,2,1,2,0,4,218.0,136.2,190.2
2021-22,Maxwel Cornet,Burnley,Midfielder,1764,9,2,2,0,5,547.0,246.9,390.2
2021-22,Connor Roberts,Burnley,Defender,1689,1,1,2,0,6,98.0,195.6,299.4
2021-22,Wout Weghorst,Burnley,Forward,1448,2,3,3,0,6,360.0,188.0,203.0
2021-22,Sam Waller,Burnley,Goalkeeper,0,0,0,0,0,0,0.0,0.0,0.0
2021-22,Dara Costelloe,Burnley,Midfielder,0,0,0,0,0,0,0.0,0.0,0.0
2021-22,Joseph McGlynn,Burnley,Forward,0,0,0,0,0,0,0.0,0.0,0.0
2021-22,Anthony Mancini,Burnley,Midfielder,0,0,0,0,0,0,0.0,0.0,0.0
2021-22,César Azpilicueta,Chelsea,Defender,2067,1,3,3,0,7,212.0,305.0,450.8
2021-22,Olivier Giroud,Chelsea,Forward,0,0,0,0,0,0,0.0,0.0,0.0
2021-22,Thiago Emiliano da Silva,Chelsea,Defender,2649,3,1,2,0,11,229.0,132.0,801.4
2021-22,Marcos Alonso,Chelsea,Defender,2164,4,5,8,0,9,566.0,677.3,560.2
2021-22,Jorge Luiz Frello Filho,Chelsea,Midfielder,2271,6,2,5,0,12,214.0,429.3,605.8
2021-22,Ross Barkley,Chelsea,Midfielder,174,1,0,0,0,1,38.0,104.8,19.2
2021-22,Mateo Kovacic,Chelsea,Midfielder,1552,2,5,4,0,8,198.0,407.4,409.6
2021-22,Michy Batshuayi,Chelsea,Forward,0,0,0,0,0,0,0.0,0.0,0.0
2021-22,Antonio Rüdiger,Chelsea,Defender,3035,3,3,9,0,15,484.0,257.4,581.6
2021-22,Kepa Arrizabalaga,Chelsea,Goalkeeper,360,0,0,0,0,2,0.0,0.0,95.6
2021-22,N'Golo Kanté,Chelsea,Midfielder,1769,2,5,2,0,9,221.0,380.6,434.0
2021-22,Hakim Ziyech,Chelsea,Midfielder,1311,4,3,3,0,7,482.0,429.5,350.6
2021-22,Ruben Loftus-Cheek,Chelsea,Midfielder,1384,0,3,1,0,5,218.0,291.1,282.8
2021-22,Andreas Christensen,Chelsea,Defender,1494,0,0,2,0,9,20.0,103.4,296.4
2021-22,Timo Werner,Chelsea,Forward,1278,4,2,1,0,5,773.0,153.1,207.6
2021-22,Benjamin Chilwell,Chelsea,Defender,541,3,1,0,0,4,202.0,161.0,175.6
2021-22,Tammy Abraham,Chelsea,Forward,0,0,0,0,0,0,0.0,0.0,0.0
2021-22,Christian Pulisic,Chelsea,Midfielder,1282,6,2,2,0,6,434.0,223.9,317.6
2021-22,Mason Mount,Chelsea,Midfielder,2358,11,11,4,0,11,931.0,914.8,812.8
2021-22,Ethan Ampadu,Chelsea,Defender,0,0,0,0,0,0,0.0,0.0,0.0
2021-22,Callum Hudson-Odoi,Chelsea,Midfielder,958,1,4,1,0,6,326.0,326.9,175.4
2021-22,Kai Havertz,Chelsea,Midfielder,1802,8,4,3,0,10,855.0,301.6,420.4
2021-22,Reece James,Chelsea,Defender,1863,5,9,4,1,7,436.0,696.1,582.0
2021-22,Edouard Mendy,Chelsea,Goalkeeper,3060,0,0,3,0,14,0.0,0.0,564.8
2021-22,Malang Sarr,Chelsea,Defender,544,0,0,2,0,4,1.0,45.1,113.4
2021-22,Trevoh Chalobah,Chelsea,Defender,1447,3,1,2,0,9,151.0,105.8,405.8
2021-22,Romelu Lukaku,Chelsea,Forward,1583,8,1,1,0,7,704.0,303.3,367.0
2021-22,Emerson Palmieri dos Santos,Chelsea,Defender,4,0,0,0,0,0,2.0,0.1,0.0
2021-22,Saúl Ñíguez,Chelsea,Midfielder,478,0,1,1,0,1,41.0,51.8,63.2
2021-22,Marcus Bettinelli,Chelsea,Goalkeeper,0,0,0,0,0,0,0.0,0.0,0.0
2021-22,Lewis Hall,Chelsea,Midfielder,0,0,0,0,0,0,0.0,0.0,0.0
2021-22,Harvey Vale,Chelsea,Midfielder,0,0,0,0,0,0,0.0,0.0,0.0
2021-22,Robert Kenedy Nunes do Nascimento,Chelsea,Defender,58,0,1,0,0,0,0.0,0.0,0.0
2021-22,Conor Gallagher,Crystal Palace,Midfielder,2843,8,6,10,0,11,671.0,611.1,665.2
2021-22,Vicente Guaita,Crystal Palace,Goalkeeper,2655,0,0,2,0,11,0.0,0.0,588.4
2021-22,James Tomkins,Crystal Palace,Defender,545,1,0,2,0,0,88.0,22.0,140.4
2021-22,James McArthur,Crystal Palace,Midfielder,1434,0,4,4,0,5,120.0,256.5,324.0
2021-22,Christian Benteke,Crystal Palace,Forward,1132,4,1,3,0,4,523.0,176.7,250.2
2021-22,Cheikhou Kouyaté,Crystal Palace,Defender,1970,0,1,3,0,8,41.0,85.5,312.4
2021-22,Martin Kelly,Crystal Palace,Defender,0,0,0,0,0,0,0.0,0.0,0.0
2021-22,Luka Milivojevic,Crystal Palace,Midfielder,767,0,0,1,0,1,38.0,196.6,88.6
2021-22,Jordan Ayew,Crystal Palace,Forward,2012,3,4,2,0,9,491.0,361.3,349.2
2021-22,Wilfried Zaha,Crystal Palace,Midfielder,2759,14,2,4,1,11,963.0,630.6,732.2
2021-22,Jeffrey Schlupp,Crystal Palace,Midfielder,1840,4,2,1,0,8,461.0,238.5,403.6
2021-22,Jack Butland,Crystal Palace,Goalkeeper,765,0,0,0,0,1,0.0,0.0,155.0
2021-22,Jairo Riedewald,Crystal Palace,Midfielder,116,0,0,0,0,0,2.0,27.5,11.2
2021-22,Jarosław Jach,Crystal Palace,Defender,0,0,0,0,0,0,0.0,0.0,0.0
2021-22,Jean-Philippe Mateta,Crystal Palace,Forward,1138,5,1,2,0,5,568.0,112.8,253.6
2021-22,Eberechi Eze,Crystal Palace,Midfielder,599,1,1,1,0,3,135.0,175.1,120.0
2021-22,Nathan Ferguson,Crystal Palace,Defender,8,0,0,0,0,0,0.0,0.0,0.2
2021-22,Tyrick Mitchell,Crystal Palace,Defender,3101,0,2,1,0,10,111.0,379.2,610.4
2021-22,Will Hughes,Crystal Palace,Midfielder,1050,0,2,6,0,4,60.0,141.1,155.8
2021-22,Michael Olise,Crystal Palace,Midfielder,1127,2,6,4,0,4,269.0,389.0,308.2
2021-22,Joel Ward,Crystal Palace,Defender,2486,0,0,8,0,9,58.0,132.2,440.4
2021-22,Marc Guéhi,Crystal Palace,Defender,3222,2,1,4,0,11,290.0,98.5,720.6
2021-22,Joachim Andersen,Crystal Palace,Defender,2914,0,4,4,0,12,142.0,233.2,610.8
2021-22,Nathaniel Clyne,Crystal Palace,Defender,1351,0,1,1,0,6,17.0,97.7,170.8
2021-22,Reece Hannam,Crystal Palace,Defender,0,0,0,0,0,0,0.0,0.0,0.0
2021-22,Jesurun Rak-Sakyi,Crystal Palace,Midfielder,79,0,0,0,0,1,0.0,5.0,1.0
2021-22,Robert Street,Crystal Palace,Forward,0,0,0,0,0,0,0.0,0.0,0.0
2021-22,Scott Banks,Crystal Palace,Midfielder,0,0,0,0,0,0,0.0,0.0,0.0
2021-22,Remi Matthews,Crystal Palace,Goalkeeper,0,0,0,0,0,0,0.0,0.0,0.0
2021-22,Odsonne Edouard,Crystal Palace,Forward,1554,6,4,4,0,9,610.0,252.4,385.2
2021-22,Tayo Adaramola,Crystal Palace,Defender,0,0,0,0,0,0,0.0,0.0,0.0
2021-22,Anwar El Ghazi,Everton,Midfielder,392,1,1,2,0,1,85.0,85.2,74.6
2021-22,Fabian Delph,Everton,Midfielder,660,0,0,2,0,3,16.0,58.4,115.6
2021-22,Gylfi Sigurdsson,Everton,Midfielder,0,0,0,0,0,0,0.0,0.0,0.0
2021-22,Seamus Coleman,Everton,Defender,2656,1,1,4,0,7,170.0,232.1,469.4
2021-22,James Rodríguez,Everton,Midfielder,0,0,0,0,0,0,0.0,0.0,0.0
2021-22,Bernard Anício Caldeira Duarte,Everton,Midfielder,0,0,0,0,0,0,0.0,0.0,0.0
2021-22,Michael Keane,Everton,Defender,2791,3,2,2,1,8,229.0,96.9,676.4
2021-22,Jordan Pickford,Everton,Goalkeeper,3150,0,0,2,0,7,0.0,43.0,863.2
2021-22,Allan Marques Loureiro,Everton,Midfielder,2181,0,3,7,1,6,82.0,228.4,391.4
2021-22,André Filipe Tavares Gomes,Everton,Midfielder,614,0,1,3,0,0,136.0,85.2,84.0
2021-22,Abdoulaye Doucouré,Everton,Midfielder,2536,2,5,6,0,5,441.0,285.7,476.8
2021-22,Alex Iwobi,Everton,Midfielder,2029,2,2,1,0,6,351.0,489.7,361.8
2021-22,Yerry Mina,Everton,Defender,844,0,0,3,0,2,66.0,18.2,164.8
2021-22,Tom Davies,Everton,Midfielder,230,1,0,1,0,0,90.0,8.0,51.4
2021-22,Dominic Calvert-Lewin,Everton,Forward,1281,5,2,2,0,3,441.0,123.2,236.4
2021-22,Mason Holgate,Everton,Defender,2133,2,2,7,1,5,120.0,41.8,414.6
2021-22,Ben Godfrey,Everton,Defender,2029,0,0,6,0,4,222.0,164.6,416.0
2021-22,Richarlison de Andrade,Everton,Forward,2522,10,6,9,0,7,1010.0,383.7,651.4
2021-22,João Virgínia,Everton,Goalkeeper,0,0,0,0,0,0,0.0,0.0,0.0
2021-22,Donny van de Beek,Everton,Midfielder,550,2,0,1,0,2,85.0,76.5,116.4
2021-22,Bamidele Alli,Everton,Midfielder,985,1,0,4,0,3,125.0,132.0,178.6
2021-22,Asmir Begović,Everton,Goalkeeper,270,0,0,0,0,1,0.0,0.0,53.0
2021-22,Andros Townsend,Everton,Midfielder,1452,3,2,3,0,3,221.0,468.9,351.6
2021-22,Demarai Gray,Everton,Midfielder,2336,5,5,3,0,6,731.0,641.6,479.2
2021-22,Jonjoe Kenny,Everton,Defender,1015,0,1,1,1,1,42.0,157.1,147.4
2021-22,Anthony Gordon,Everton,Midfielder,2277,4,3,4,0,7,632.0,512.2,456.8
2021-22,Jean-Philippe Gbamin,Everton,Midfielder,65,0,0,0,0,0,0.0,0.6,7.0
2021-22,Jarrad Branthwaite,Everton,Defender,387,1,0,0,1,0,44.0,2.3,69.8
2021-22,Nathan Broadhead,Everton,Forward,0,0,0,0,0,0,0.0,0.0,0.0
2021-22,Moise Kean,Everton,Forward,1,0,0,0,0,0,0.0,0.0,0.0
2021-22,Niels Nkounkou,Everton,Defender,0,0,0,0,0,0,0.0,0.0,0.0
2021-22,Andy Lonergan,Everton,Goalkeeper,0,0,0,0,0,0,0.0,0.0,0.0
2021-22,Salomón Rondón,Everton,Forward,779,1,1,2,1,2,339.0,108.9,94.2
2021-22,Ellis Simms,Everton,Forward,61,0,0,0,0,1,0.0,0.4,6.4
2021-22,Lewis Dobbin,Everton,Forward,30,0,0,1,0,0,4.0,0.9,2.4
2021-22,Charlie Whitaker,Everton,Midfielder,0,0,0,0,0,0,0.0,0.0,0.0
2021-22,Harry Tyrer,Everton,Goalkeeper,0,0,0,0,0,0,0.0,0.0,0.0
2021-22,Cenk Tosun,Everton,Forward,5,0,0,0,0,0,0.0,0.1,0.0
2021-22,Reece Welch,Everton,Defender,0,0,0,0,0,0,0.0,0.0,0.0
2021-22,Tyler Onyango,Everton,Midfielder,27,0,0,0,0,0,18.0,0.0,1.2
2021-22,Nathan Patterson,Everton,Defender,0,0,0,0,0,0,0.0,0.0,0.0
2021-22,Vitalii Mykolenko,Everton,Defender,1054,1,1,0,0,3,66.0,138.8,187.4
2021-22,Isaac Price,Everton,Midfielder,13,0,0,0,0,0,0.0,0.0,0.0
2021-22,Kasper Schmeichel,Leicester,Goalkeeper,3330,0,0,1,0,7,0.0,11.2,1064.0
2021-22,Jonny Evans,Leicester,Defender,1346,1,1,3,0,2,73.0,46.7,339.2
2021-22,Marc Albrighton,Leicester,Midfielder,1127,1,2,3,0,2,51.0,208.6,236.2
2021-22,Nampalys Mendy,Leicester,Midfielder,1032,0,0,3,0,2,7.0,42.7,85.4
2021-22,Danny Ward,Leicester,Goalkeeper,90,0,0,0,0,0,0.0,0.0,32.4
2021-22,Jamie Vardy,Leicester,Forward,1801,15,3,2,0,4,722.0,227.9,560.4
2021-22,Dennis Praet,Leicester,Midfielder,0,0,0,0,0,0,0.0,0.0,0.0
2021-22,Ricardo Domingos Barbosa Pereira,Leicester,Defender,990,1,3,3,0,1,120.0,128.1,252.0
2021-22,Daniel Amartey,Leicester,Defender,2118,0,0,4,0,5,20.0,69.1,458.6
2021-22,Timothy Castagne,Leicester,Defender,2124,1,0,1,0,6,92.0,224.7,426.0
2021-22,Youri Tielemans,Leicester,Midfielder,2629,6,4,3,0,6,442.0,577.1,714.6
2021-22,Ayoze Pérez,Leicester,Midfielder,438,2,3,0,1,1,146.0,128.1,100.8
2021-22,James Maddison,Leicester,Midfielder,2454,12,11,3,0,5,753.0,664.1,767.4
2021-22,Kelechi Iheanacho,Leicester,Forward,1253,4,6,1,0,1,390.0,242.7,292.0
2021-22,Hamza Choudhury,Leicester,Midfielder,284,0,0,1,0,1,6.0,2.8,43.0
2021-22,Harvey Barnes,Leicester,Midfielder,2095,6,12,2,0,8,975.0,413.0,525.2
2021-22,Wilfred Ndidi,Leicester,Midfielder,1617,0,1,4,0,5,179.0,66.0,322.0
2021-22,Çaglar Söyüncü,Leicester,Defender,2497,1,0,5,0,5,90.0,64.7,606.4
2021-22,James Justin,Leicester,Defender,996,0,0,0,0,2,97.0,129.4,178.4
2021-22,Luke Thomas,Leicester,Defender,1911,0,1,2,0,5,59.0,198.5,406.2
2021-22,Wesley Fofana,Leicester,Defender,630,0,0,2,0,1,23.0,29.8,109.6
2021-22,Jannik Vestergaard,Leicester,Defender,563,0,0,2,0,1,15.0,15.2,159.2
2021-22,Patson Daka,Leicester,Forward,1152,5,3,2,0,3,460.0,166.2,287.8
2021-22,Boubakary Soumaré,Leicester,Midfielder,1095,0,1,0,0,2,40.0,98.6,142.6
2021-22,Ryan Bertrand,Leicester,Defender,337,0,0,1,0,0,8.0,14.8,48.0
2021-22,Kiernan Dewsbury-Hall,Leicester,Midfielder,2101,1,2,4,0,8,219.0,494.2,373.8
2021-22,Eldin Jakupovic,Leicester,Goalkeeper,0,0,0,0,0,0,0.0,0.0,0.0
2021-22,Ademola Lookman,Leicester,Midfielder,1446,6,0,2,0,2,516.0,301.9,363.0
2021-22,Vontae Daley-Campbell,Leicester,Defender,0,0,0,0,0,0,0.0,0.0,0.0
2021-22,Ben Nelson,Leicester,Defender,0,0,0,0,0,0,0.0,0.0,0.0
2021-22,Lewis Brunt,Leicester,Midfielder,23,0,0,0,0,0,2.0,1.5,2.0
2021-22,Kasey McAteer,Leicester,Midfielder,2,0,0,0,0,0,0.0,0.0,0.0
2021-22,Pablo Hernández Domínguez,Leeds,Midfielder,0,0,0,0,0,0,0.0,0.0,0.0
2021-22,Francisco Casilla Cortés,Leeds,Goalkeeper,0,0,0,0,0,0,0.0,0.0,0.0
2021-22,Liam Cooper,Leeds,Defender,1814,0,2,5,0,5,65.0,53.3,406.4
2021-22,Luke Ayling,Leeds,Defender,2272,2,3,4,1,2,238.0,186.5,603.2
2021-22,Mateusz Klich,Leeds,Midfielder,2071,1,2,5,0,1,476.0,432.9,337.2
2021-22,Rodrigo Moreno,Leeds,Forward,2263,6,2,9,0,5,581.0,533.1,422.8
2021-22,Stuart Dallas,Leeds,Midfielder,2920,1,1,5,0,5,288.0,509.6,615.8
2021-22,Patrick Bamford,Leeds,Forward,557,2,2,2,0,0,289.0,69.0,125.8
2021-22,Diego Llorente,Leeds,Defender,2341,3,0,7,0,5,142.0,39.8,515.4
2021-22,Kalvin Phillips,Leeds,Midfielder,1594,0,1,4,0,3,99.0,137.0,249.0
2021-22,Hélder Wander Sousa de Azevedo e Costa,Leeds,Midfielder,21,0,0,0,0,0,1.0,0.4,0.0
2021-22,Tyler Roberts,Leeds,Midfielder,976,1,1,5,0,1,296.0,189.8,160.4
2021-22,Robin Koch,Leeds,Defender,1572,0,0,3,0,1,113.0,67.4,196.2
2021-22,Ian Carlo Poveda-Ocampo,Leeds,Midfielder,0,0,0,0,0,0,0.0,0.0,0.0
2021-22,Raphael Dias Belloli,Leeds,Midfielder,2916,11,4,7,0,5,872.0,898.8,728.2
2021-22,Jamie Shackleton,Leeds,Midfielder,704,0,1,4,0,1,62.0,29.0,126.6
2021-22,Pascal Struijk,Leeds,Defender,2050,1,1,6,1,1,191.0,124.6,479.2
2021-22,Illan Meslier,Leeds,Goalkeeper,3384,0,0,2,0,5,0.0,0.0,1059.6
2021-22,Jack Harrison,Leeds,Midfielder,2638,8,1,3,0,3,647.0,582.1,569.0
2021-22,Daniel James,Leeds,Midfielder,2489,4,5,7,1,5,810.0,348.1,336.4
2021-22,Héctor Junior Firpo Adames,Leeds,Defender,1709,0,2,11,0,1,139.0,287.0,310.0
2021-22,Kristoffer Klaesson,Leeds,Goalkeeper,35,0,0,0,0,0,0.0,0.0,25.4
2021-22,Sam Greenwood,Leeds,Forward,231,0,2,0,0,0,34.0,45.0,51.6
2021-22,Crysencio Summerville,Leeds,Midfielder,126,0,0,0,0,0,36.0,32.0,18.6
2021-22,Adam Forshaw,Leeds,Midfielder,1526,0,1,5,0,2,119.0,195.3,217.2
2021-22,Cody Drameh,Leeds,Defender,126,0,0,1,0,0,4.0,16.5,20.0
2021-22,Charlie Cresswell,Leeds,Defender,140,0,0,1,0,0,4.0,0.6,29.2
2021-22,Liam McCarron,Leeds,Midfielder,9,0,0,0,0,0,0.0,0.0,0.0
2021-22,Joe Gelhardt,Leeds,Forward,733,2,4,4,0,1,410.0,115.2,148.0
2021-22,Nohan Kenneh,Leeds,Midfielder,0,0,0,1,0,0,0.0,0.0,0.0
2021-22,Stuart McKinstry,Leeds,Midfielder,3,0,0,0,0,0,0.0,0.1,0.0
2021-22,Leo Fuhr Hjelde,Leeds,Defender,148,0,0,0,0,0,2.0,12.8,45.6
2021-22,Lewis Bate,Leeds,Midfielder,145,0,0,0,0,0,1.0,2.8,5.4
2021-22,Jack Jenkins,Leeds,Midfielder,0,0,0,0,0,0,0.0,0.0,0.0
2021-22,Kris Moore,Leeds,Defender,0,0,0,0,0,0,0.0,0.0,0.0
2021-22,Archie Gray,Leeds,Midfielder,0,0,0,0,0,0,0.0,0.0,0.0
2021-22,James Milner,Liverpool,Midfielder,844,0,1,2,0,4,74.0,327.8,229.2
2021-22,Jordan Henderson,Liverpool,Midfielder,2592,2,5,3,0,15,247.0,644.7,478.6
2021-22,Adrián San Miguel del Castillo,Liverpool,Goalkeeper,0,0,0,0,0,0,0.0,0.0,0.0
2021-22,Joel Matip,Liverpool,Defender,2790,3,3,2,0,17,478.0,170.6,678.6
2021-22,Thiago Alcántara do Nascimento,Liverpool,Midfielder,1527,1,4,2,0,11,274.0,410.1,394.6
2021-22,Xherdan Shaqiri,Liverpool,Midfielder,0,0,0,0,0,0,0.0,0.0,0.0
2021-22,Alex Oxlade-Chamberlain,Liverpool,Midfielder,777,2,1,0,0,3,208.0,170.0,162.8
2021-22,Roberto Firmino,Liverpool,Forward,980,5,4,3,0,5,471.0,226.1,312.6
2021-22,Virgil van Dijk,Liverpool,Defender,3060,3,3,3,0,21,455.0,150.3,726.4
2021-22,Sadio Mané,Liverpool,Midfielder,2818,16,5,5,0,17,1533.0,592.5,763.2
2021-22,Alisson Ramses Becker,Liverpool,Goalkeeper,3240,0,1,0,0,20,0.0,10.0,688.0
2021-22,Fabio Henrique Tavares,Liverpool,Midfielder,2311,5,1,7,0,15,310.0,282.2,501.8
2021-22,Mohamed Salah,Liverpool,Midfielder,2758,23,14,1,0,17,2091.0,874.1,1203.8
2021-22,Andrew Robertson,Liverpool,Defender,2537,3,11,5,1,17,329.0,882.7,660.2
2021-22,Divock Origi,Liverpool,Forward,126,3,0,0,0,0,165.0,6.6,104.6
2021-22,Takumi Minamino,Liverpool,Midfielder,178,3,0,1,0,0,104.0,33.8,117.4
2021-22,Trent Alexander-Arnold,Liverpool,Defender,2853,2,12,2,0,18,478.0,1362.8,837.2
2021-22,Joseph Gomez,Liverpool,Defender,330,0,1,2,0,2,13.0,64.0,76.6
2021-22,Naby Keita,Liverpool,Midfielder,1169,3,2,3,0,8,232.0,229.6,295.8
2021-22,Diogo Jota,Liverpool,Midfielder,2357,15,7,3,0,14,1327.0,535.5,734.8
2021-22,Nathaniel Phillips,Liverpool,Defender,0,0,0,0,0,0,0.0,0.0,0.0
2021-22,Caoimhin Kelleher,Liverpool,Goalkeeper,180,0,0,0,0,1,0.0,0.0,46.2
2021-22,Ibrahima Konaté,Liverpool,Defender,990,0,0,2,0,4,20.0,19.7,197.4
2021-22,Curtis Jones,Liverpool,Midfielder,849,1,1,0,0,4,171.0,179.7,156.4
2021-22,Konstantinos Tsimikas,Liverpool,Defender,874,0,2,3,0,4,141.0,401.1,214.4
2021-22,Neco Williams,Liverpool,Defender,7,0,1,0,0,0,2.0,11.1,18.2
2021-22,Rhys Williams,Liverpool,Defender,0,0,0,0,0,0,0.0,0.0,0.0
2021-22,Ben Davies,Liverpool,Defender,0,0,0,0,0,0,0.0,0.0,0.0
2021-22,Harvey Elliott,Liverpool,Midfielder,344,0,0,0,0,2,102.0,133.5,43.2
2021-22,Ben Woodburn,Liverpool,Midfielder,0,0,0,0,0,0,0.0,0.0,0.0
2021-22,Tyler Morton,Liverpool,Midfielder,65,0,0,1,0,0,0.0,2.4,2.8
2021-22,Kaide Gordon,Liverpool,Midfielder,8,0,0,0,0,0,9.0,0.6,4.0
2021-22,Conor Bradley,Liverpool,Defender,0,0,0,0,0,0,0.0,0.0,0.0
2021-22,Owen Beck,Liverpool,Defender,0,0,0,0,0,0,0.0,0.0,0.0
2021-22,Marcelo de Araújo Pitaluga Filho,Liverpool,Goalkeeper,0,0,0,0,0,0,0.0,0.0,0.0
2021-22,Jarell Quansah,Liverpool,Defender,0,0,0,0,0,0,0.0,0.0,0.0
2021-22,Luis Díaz,Liverpool,Midfielder,957,4,3,0,0,6,530.0,245.6,273.8
2021-22,Jack Grealish,Man City,Midfielder,1910,3,3,3,0,15,923.0,730.6,394.4
2021-22,Kyle Walker,Man City,Defender,1755,0,2,1,0,10,110.0,247.8,274.2
2021-22,Ilkay Gündogan,Man City,Midfielder,1851,8,5,1,0,14,728.0,612.0,484.0
2021-22,Kevin De Bruyne,Man City,Midfielder,2196,15,8,2,0,13,845.0,1147.6,973.4
2021-22,John Stones,Man City,Defender,1117,1,0,0,0,9,110.0,65.9,204.6
2021-22,Benjamin Mendy,Man City,Defender,78,0,0,0,0,0,2.0,29.1,15.2
2021-22,Riyad Mahrez,Man City,Midfielder,1485,11,7,0,0,7,814.0,603.3,609.6
2021-22,Raheem Sterling,Man City,Midfielder,2121,13,7,1,0,13,1184.0,588.2,709.8
2021-22,João Pedro Cavaco Cancelo,Man City,Defender,3227,1,11,7,0,19,797.0,750.1,778.6
2021-22,Ederson Santana de Moraes,Man City,Goalkeeper,3330,0,0,3,0,20,0.0,0.0,556.0
2021-22,Nathan Aké,Man City,Defender,919,2,0,0,0,5,75.0,58.9,245.0
2021-22,Aymeric Laporte,Man City,Defender,2830,4,2,5,1,18,331.0,197.4,641.0
2021-22,Zack Steffen,Man City,Goalkeeper,90,0,0,0,0,1,0.0,0.0,23.0
2021-22,Bernardo Mota Veiga de Carvalho e Silva,Man City,Midfielder,2856,8,8,6,0,16,950.0,849.7,729.6
2021-22,Rúben Santos Gato Alves Dias,Man City,Defender,2401,2,5,5,0,14,268.0,225.2,581.2
2021-22,Gabriel Fernando de Jesus,Man City,Forward,1871,8,8,1,0,11,1075.0,508.4,563.6
2021-22,Oleksandr Zinchenko,Man City,Defender,1044,0,4,0,0,5,103.0,256.6,234.2
2021-22,Phil Foden,Man City,Midfielder,2125,9,6,1,0,13,920.0,670.4,563.2
2021-22,Rodrigo Hernandez,Man City,Midfielder,2884,7,2,5,0,17,435.0,525.5,716.6
2021-22,Ferran Torres,Man City,Midfielder,303,2,1,0,0,3,204.0,30.0,88.6
2021-22,Fernando Luiz Rosa,Man City,Midfielder,956,2,1,1,0,3,147.0,172.9,220.8
2021-22,Cole Palmer,Man City,Midfielder,121,0,1,0,0,1,60.0,30.8,11.0
2021-22,Samuel Edozie,Man City,Midfielder,0,0,0,0,0,0,0.0,0.0,0.0
2021-22,Tommy Doyle,Man City,Midfielder,0,0,0,0,0,0,0.0,0.0,0.0
2021-22,Scott Carson,Man City,Goalkeeper,0,0,0,0,0,0,0.0,0.0,0.0
2021-22,Luke Mbete,Man City,Defender,0,0,0,0,0,0,0.0,0.0,0.0
2021-22,Joshua Wilson-Esbrand,Man City,Defender,0,0,0,0,0,0,0.0,0.0,0.0
2021-22,Romeo Lavia,Man City,Midfielder,0,0,0,0,0,0,0.0,0.0,0.0
2021-22,Cieran Slicker,Man City,Goalkeeper,0,0,0,0,0,0,0.0,0.0,0.0
2021-22,James McAtee,Man City,Midfielder,18,0,0,0,0,0,0.0,0.2,0.0
2021-22,Conrad Egan-Riley,Man City,Defender,3,0,0,0,0,0,0.0,0.0,2.2
2021-22,Kayky da Silva Chagas,Man City,Forward,6,0,0,0,0,0,0.0,0.3,0.0
2021-22,Liam Delap,Man City,Forward,8,0,0,0,0,0,2.0,0.0,0.0
2021-22,Edinson Cavani,Man Utd,Forward,760,2,1,0,0,1,283.0,73.7,109.0
2021-22,David de Gea,Man Utd,Goalkeeper,3420,0,0,0,0,8,0.0,0.3,947.2
2021-22,Nemanja Matic,Man Utd,Midfielder,1375,0,4,3,0,2,45.0,216.9,302.6
2021-22,Paul Pogba,Man Utd,Midfielder,1347,1,9,7,1,2,328.0,355.1,332.6
2021-22,Harry Maguire,Man Utd,Defender,2513,1,0,7,1,7,314.0,75.9,560.8
2021-22,Frederico Rodrigues de Paula Santos,Man Utd,Midfielder,2026,4,5,5,0,7,201.0,390.2,583.4
2021-22,Luke Shaw,Man Utd,Defender,1600,0,3,8,0,3,54.0,586.1,292.0
2021-22,Jesse Lingard,Man Utd,Midfielder,354,2,0,1,0,0,102.0,109.5,115.8
2021-22,Bruno Miguel Borges Fernandes,Man Utd,Midfielder,3110,10,7,10,0,8,853.0,1275.5,901.0
2021-22,Anthony Martial,Man Utd,Forward,207,1,0,0,0,0,91.0,17.5,40.4
2021-22,Alex Nicolao Telles,Man Utd,Defender,1658,0,4,1,0,5,95.0,437.3,382.4
2021-22,Dean Henderson,Man Utd,Goalkeeper,0,0,0,0,0,0,0.0,0.0,0.0
2021-22,Marcus Rashford,Man Utd,Midfielder,1224,4,2,2,0,2,406.0,155.4,233.8
2021-22,Axel Tuanzebe,Man Utd,Defender,505,0,0,1,0,1,43.0,1.1,71.2
2021-22,Victor Lindelöf,Man Utd,Defender,2353,0,2,4,0,6,66.0,75.4,433.2
2021-22,Scott McTominay,Man Utd,Midfielder,2386,1,2,9,0,8,258.0,311.8,463.4
2021-22,Eric Bailly,Man Utd,Defender,216,0,0,1,0,0,0.0,1.0,36.0
2021-22,Aaron Wan-Bissaka,Man Utd,Defender,1793,0,0,2,0,3,123.0,237.0,371.8
2021-22,Mason Greenwood,Man Utd,Midfielder,1269,5,2,1,0,3,516.0,266.1,292.2
2021-22,Juan Mata,Man Utd,Midfielder,230,0,0,0,0,1,57.0,52.1,31.0
2021-22,Jadon Sancho,Man Utd,Midfielder,1894,3,4,0,0,6,549.0,596.7,363.2
2021-22,Tom Heaton,Man Utd,Goalkeeper,0,0,0,0,0,0,0.0,0.0,0.0
2021-22,José Diogo Dalot Teixeira,Man Utd,Defender,1797,0,0,4,0,5,124.0,282.2,404.0
2021-22,Andreas Pereira,Man Utd,Midfielder,0,0,0,0,0,0,0.0,0.0,0.0
2021-22,Anthony Elanga,Man Utd,Midfielder,1208,2,3,0,0,4,297.0,168.2,199.8
2021-22,Raphaël Varane,Man Utd,Defender,1829,1,1,0,0,5,119.0,60.0,402.4
2021-22,Cristiano Ronaldo dos Santos Aveiro,Man Utd,Forward,2454,18,3,8,0,8,1535.0,421.9,800.4
2021-22,Phil Jones,Man Utd,Defender,161,0,0,0,0,0,0.0,1.6,53.0
2021-22,Amad Diallo,Man Utd,Midfielder,0,0,0,0,0,0,0.0,0.0,0.0
2021-22,Hannibal Mejbri,Man Utd,Midfielder,67,0,0,2,0,0,0.0,0.6,0.0
2021-22,Alejandro Garnacho Ferreyra,Man Utd,Midfielder,12,0,0,0,0,0,0.0,0.0,0.0
2021-22,Shola Shoretire,Man Utd,Midfielder,15,0,0,0,0,0,0.0,0.0,0.0
2021-22,Álvaro Fernández,Man Utd,Defender,0,0,0,0,0,0,0.0,0.0,0.0
2021-22,Charlie Savage,Man Utd,Midfielder,0,0,0,0,0,0,0.0,0.0,0.0
2021-22,Joseph Willock,Newcastle,Midfielder,2037,2,3,0,0,6,449.0,243.2,320.4
2021-22,Matt Targett,Newcastle,Defender,2871,1,2,3,0,9,184.0,623.8,567.4
2021-22,Dan Burn,Newcastle,Defender,2461,1,1,8,0,9,264.0,83.7,569.8
2021-22,Chris Wood,Newcastle,Forward,2694,5,0,1,0,6,784.0,265.3,270.6
2021-22,Jonjo Shelvey,Newcastle,Midfielder,1981,2,1,5,1,6,156.0,246.7,320.8
2021-22,Matt Ritchie,Newcastle,Defender,1333,0,2,5,0,0,92.0,420.1,225.0
2021-22,Ciaran Clark,Newcastle,Defender,1012,0,1,2,1,0,95.0,49.9,189.2
2021-22,Karl Darlow,Newcastle,Goalkeeper,720,0,0,1,0,0,0.0,0.0,157.0
2021-22,Martin Dubravka,Newcastle,Goalkeeper,2340,0,0,1,0,8,0.0,10.0,566.4
2021-22,Callum Wilson,Newcastle,Forward,1386,8,0,4,0,3,434.0,116.0,248.8
2021-22,Jeff Hendrick,Newcastle,Midfielder,69,1,0,0,0,0,9.0,12.1,38.8
2021-22,Ryan Fraser,Newcastle,Midfielder,1459,2,5,3,0,5,324.0,428.1,250.2
2021-22,Jamaal Lascelles,Newcastle,Defender,2055,1,1,5,0,3,276.0,46.4,399.8
2021-22,Dwight Gayle,Newcastle,Forward,34,0,0,1,0,0,13.0,24.2,4.2
2021-22,Paul Dummett,Newcastle,Defender,197,0,0,2,0,1,0.0,1.9,24.2
2021-22,Javier Manquillo,Newcastle,Defender,1258,1,3,5,0,1,64.0,65.4,244.2
2021-22,Emil Krafth,Newcastle,Defender,1636,0,1,5,0,6,54.0,102.7,270.4
2021-22,Jacob Murphy,Newcastle,Midfielder,1457,1,4,4,0,2,275.0,280.2,261.6
2021-22,Fabian Schär,Newcastle,Defender,2158,2,2,4,0,6,234.0,115.9,465.2
2021-22,Isaac Hayden,Newcastle,Midfielder,1000,1,0,5,0,0,66.0,33.6,187.6
2021-22,Allan Saint-Maximin,Newcastle,Forward,2804,5,7,6,0,9,841.0,649.7,554.8
2021-22,Miguel Almirón,Newcastle,Midfielder,1706,1,0,2,0,6,343.0,234.7,224.6
2021-22,Sean Longstaff,Newcastle,Midfielder,1458,1,1,1,0,2,93.0,114.8,230.4
2021-22,Joelinton Cássio Apolinário de Lira,Newcastle,Forward,2554,4,2,8,0,7,583.0,386.4,529.6
2021-22,Jamal Lewis,Newcastle,Defender,261,0,0,1,0,1,2.0,13.8,39.4
2021-22,Matthew Longstaff,Newcastle,Midfielder,0,0,0,0,0,0,0.0,0.0,0.0
2021-22,Federico Fernández,Newcastle,Defender,521,0,1,0,0,0,69.0,13.8,129.4
2021-22,Freddie Woodman,Newcastle,Goalkeeper,360,0,0,0,0,0,0.0,0.0,89.4
2021-22,Mark Gillespie,Newcastle,Goalkeeper,0,0,0,0,0,0,0.0,0.0,0.0
2021-22,Joe White,Newcastle,Midfielder,0,0,0,0,0,0,0.0,0.0,0.0
2021-22,Elliot Anderson,Newcastle,Midfielder,0,0,0,0,0,0,0.0,0.0,0.0
2021-22,Kieran Trippier,Newcastle,Defender,429,2,0,0,0,1,14.0,121.7,146.2
2021-22,Bruno Guimarães Rodriguez Moura,Newcastle,Midfielder,1031,5,1,4,0,4,301.0,188.8,385.4
2021-22,Lucas De Bolle,Newcastle,Midfielder,0,0,0,0,0,0,0.0,0.0,0.0
2021-22,Billy Gilmour,Norwich,Midfielder,1852,0,1,2,0,2,134.0,458.7,280.2
2021-22,Brandon Williams,Norwich,Defender,2119,0,1,8,0,2,80.0,289.3,371.0
2021-22,Michael McGovern,Norwich,Goalkeeper,0,0,0,0,0,0,0.0,0.0,0.0
2021-22,Tim Krul,Norwich,Goalkeeper,2610,0,0,1,0,5,0.0,13.4,749.8
2021-22,Teemu Pukki,Norwich,Forward,3253,11,3,4,0,6,1049.0,355.7,527.4
2021-22,Marco Stiepermann,Norwich,Midfielder,0,0,0,0,0,0,0.0,0.0,0.0
2021-22,Lukas Rupp,Norwich,Midfielder,759,0,0,0,0,0,115.0,129.6,89.4
2021-22,Kenny McLean,Norwich,Midfielder,2707,1,0,3,0,6,355.0,184.9,346.6
2021-22,Grant Hanley,Norwich,Defender,2897,1,0,2,0,6,220.0,73.4,746.6
2021-22,Onel Hernández,Norwich,Midfielder,0,0,0,0,0,0,0.0,0.0,0.0
2021-22,Sam Byram,Norwich,Defender,1023,0,0,3,0,2,121.0,57.9,213.0
2021-22,Jordan Hugill,Norwich,Forward,0,0,0,0,0,0,0.0,0.0,0.0
2021-22,Kieran Dowell,Norwich,Midfielder,905,1,1,0,0,2,80.0,243.3,133.8
2021-22,Christoph Zimmermann,Norwich,Defender,156,0,0,0,0,0,7.0,0.5,19.8
2021-22,Todd Cantwell,Norwich,Midfielder,438,0,0,2,0,0,20.0,48.5,34.4
2021-22,Max Aarons,Norwich,Defender,2879,0,2,8,0,4,166.0,315.2,497.0
2021-22,Jacob Sørensen,Norwich,Defender,600,0,0,0,0,0,86.0,12.2,104.6
2021-22,Przemyslaw Placheta,Norwich,Midfielder,499,0,0,1,0,1,139.0,77.2,61.0
2021-22,Adam Idah,Norwich,Forward,617,1,2,0,0,1,187.0,84.0,120.2
2021-22,Josh Martin,Norwich,Midfielder,0,0,0,0,0,0,0.0,0.0,0.0
2021-22,Andrew Omobamidele,Norwich,Defender,381,1,0,1,0,0,35.0,5.7,126.4
2021-22,Angus Gunn,Norwich,Goalkeeper,810,0,0,0,0,1,0.0,0.0,305.4
2021-22,Milot Rashica,Norwich,Midfielder,2228,1,2,0,0,4,437.0,488.5,286.8
2021-22,Ben Gibson,Norwich,Defender,2494,0,0,3,1,6,139.0,46.7,549.8
2021-22,Dimitris Giannoulis,Norwich,Defender,1165,0,1,2,0,4,51.0,131.1,255.2
2021-22,Pierre Lees-Melou,Norwich,Midfielder,2261,1,2,5,0,5,239.0,377.2,357.0
2021-22,Bali Mumba,Norwich,Defender,45,0,0,0,0,0,0.0,3.3,9.6
2021-22,Joshua Sargent,Norwich,Forward,1566,2,2,1,0,4,323.0,166.7,189.0
2021-22,Christos Tzolis,Norwich,Midfielder,326,0,0,0,0,0,107.0,97.0,38.6
2021-22,Ozan Kabak,Norwich,Defender,923,0,0,2,0,2,65.0,23.9,166.2
2021-22,Mathias Normann,Norwich,Midfielder,1643,1,2,6,0,4,111.0,208.2,273.0
2021-22,Jonathan Tomkinson,Norwich,Defender,0,0,0,0,0,0,0.0,0.0,0.0
2021-22,Jonathan Rowe,Norwich,Midfielder,208,0,1,0,0,0,48.0,62.1,42.0
2021-22,Thomas Dickson-Peters,Norwich,Forward,0,0,0,0,0,0,0.0,0.0,0.0
2021-22,Jon McCracken,Norwich,Goalkeeper,0,0,0,0,0,0,0.0,0.0,0.0
2021-22,Liam Gibbs,Norwich,Midfielder,0,0,0,0,0,0,0.0,0.0,0.0
2021-22,Abu Kamara,Norwich,Forward,0,0,0,0,0,0,0.0,0.0,0.0
2021-22,Tony Springett,Norwich,Midfielder,140,0,0,1,0,0,27.0,21.7,14.4
2021-22,Theo Walcott,Southampton,Midfielder,376,0,0,0,0,0,70.0,19.2,13.6
2021-22,Fraser Forster,Southampton,Goalkeeper,1710,0,0,1,0,3,0.0,0.0,559.8
2021-22,Alex McCarthy,Southampton,Goalkeeper,1530,0,0,1,0,5,0.0,10.0,320.2
2021-22,Oriol Romeu Vidal,Southampton,Midfielder,2890,2,2,9,0,7,247.0,521.5,527.4
2021-22,Nathan Redmond,Southampton,Midfielder,1827,1,6,0,0,4,289.0,506.7,330.4
2021-22,Jack Stephens,Southampton,Defender,810,0,0,3,0,1,6.0,47.7,176.0
2021-22,Stuart Armstrong,Southampton,Midfielder,1465,2,1,1,0,3,369.0,363.7,249.4
2021-22,James Ward-Prowse,Southampton,Midfielder,3215,10,5,3,1,7,394.0,1159.6,933.6
2021-22,Kyle Walker-Peters,Southampton,Defender,2630,1,3,5,0,6,423.0,364.1,465.2
2021-22,Jan Bednarek,Southampton,Defender,2629,4,0,10,0,7,321.0,88.1,699.6
2021-22,Daniel N'Lundulu,Southampton,Forward,0,0,0,0,0,0,0.0,0.0,0.0
2021-22,Che Adams,Southampton,Forward,2034,7,4,0,0,5,800.0,337.0,425.8
2021-22,Nathan Tella,Southampton,Midfielder,802,0,2,2,0,1,138.0,102.2,79.4
2021-22,William Smallbone,Southampton,Midfielder,132,0,0,0,0,0,8.0,15.7,7.2
2021-22,Michael Obafemi,Southampton,Forward,0,0,0,0,0,0,0.0,0.0,0.0
2021-22,Ibrahima Diallo,Southampton,Midfielder,1016,0,3,1,0,1,79.0,209.6,177.6
2021-22,Moussa Djenepo,Southampton,Midfielder,452,0,0,3,0,1,126.0,87.0,45.2
2021-22,Mohammed Salisu,Southampton,Defender,2971,0,0,8,1,6,330.0,132.3,720.0
2021-22,Romain Perraud,Southampton,Defender,1621,0,1,3,0,3,178.0,152.7,195.2
2021-22,Tino Livramento,Southampton,Defender,2200,1,2,2,0,7,221.0,327.4,437.2
2021-22,Mohamed Elyounoussi,Southampton,Midfielder,2039,4,3,4,0,8,719.0,331.1,379.8
2021-22,Armando Broja,Southampton,Forward,1969,6,2,2,0,5,720.0,159.2,280.2
2021-22,Shane Long,Southampton,Forward,300,1,0,1,0,0,169.0,29.2,57.8
2021-22,Adam Armstrong,Southampton,Forward,1409,2,3,1,0,4,567.0,173.9,179.2
2021-22,Yan Valery,Southampton,Defender,369,0,0,0,0,1,2.0,20.4,70.8
2021-22,Lyanco Evangelista Silveira Neves Vojnovic,Southampton,Defender,906,0,0,2,0,1,58.0,35.3,194.2
2021-22,Harry Lewis,Southampton,Goalkeeper,0,0,0,0,0,0,0.0,0.0,0.0
2021-22,Willy Caballero,Southampton,Goalkeeper,180,0,0,1,0,0,0.0,0.0,53.2
2021-22,Dynel Simeu,Southampton,Defender,0,0,0,0,0,0,0.0,0.0,0.0
2021-22,Thierry Small,Southampton,Defender,0,0,0,0,0,0,0.0,0.0,0.0
2021-22,Kgaogelo Chauke,Southampton,Midfielder,0,0,0,0,0,0,0.0,0.0,0.0
2021-22,Tyler Dibling,Southampton,Midfielder,0,0,0,0,0,0,0.0,0.0,0.0
2021-22,Joe Hart,Spurs,Goalkeeper,0,0,0,0,0,0,0.0,0.0,0.0
2021-22,Hugo Lloris,Spurs,Goalkeeper,3420,0,0,2,0,16,0.0,23.0,743.6
2021-22,Toby Alderweireld,Spurs,Defender,0,0,0,0,0,0,0.0,0.0,0.0
2021-22,Erik Lamela,Spurs,Midfielder,0,0,0,0,0,0,0.0,0.0,0.0
2021-22,Harry Kane,Spurs,Forward,3231,17,11,5,0,14,1701.0,637.9,969.4
2021-22,Serge Aurier,Spurs,Defender,0,0,0,0,0,0,0.0,0.0,0.0
2021-22,Heung-Min Son,Spurs,Midfielder,3009,23,10,2,0,18,1211.0,1037.8,1128.6
2021-22,Matt Doherty,Spurs,Defender,871,2,5,0,0,3,291.0,224.4,279.6
2021-22,Eric Dier,Spurs,Defender,3071,0,1,1,0,16,195.0,116.3,710.6
2021-22,Lucas Rodrigues Moura da Silva,Spurs,Midfielder,1763,2,6,4,0,8,431.0,466.2,370.6
2021-22,Ben Davies,Spurs,Defender,2537,1,2,6,0,12,243.0,199.6,482.2
2021-22,Pierre-Emile Højbjerg,Spurs,Midfielder,3196,2,3,3,0,16,315.0,413.6,690.0
2021-22,Harry Winks,Spurs,Midfielder,904,0,2,2,0,1,20.0,198.4,167.8
2021-22,Davinson Sánchez,Spurs,Defender,1626,2,1,4,0,10,186.0,93.1,408.2
2021-22,Ryan Sessegnon,Spurs,Defender,1046,0,3,2,0,6,129.0,178.1,159.2
2021-22,Steven Bergwijn,Spurs,Midfielder,548,3,2,1,0,3,273.0,101.2,163.6
2021-22,Sergio Reguilón,Spurs,Defender,1914,2,4,4,0,9,362.0,459.9,468.8
2021-22,Japhet Tanganga,Spurs,Defender,735,0,0,2,1,5,108.0,48.1,118.0
2021-22,Giovani Lo Celso,Spurs,Midfielder,231,0,0,0,0,0,59.0,77.6,33.4
2021-22,Oliver Skipp,Spurs,Midfielder,1346,0,0,6,0,8,39.0,151.5,183.8
2021-22,Joe Rodon,Spurs,Defender,87,0,0,0,0,0,0.0,0.7,19.6
2021-22,Tanguy Ndombele,Spurs,Midfielder,481,1,1,1,0,0,122.0,83.1,99.8
2021-22,Pierluigi Gollini,Spurs,Goalkeeper,0,0,0,0,0,0,0.0,0.0,0.0
2021-22,Bryan Gil Salvatierra,Spurs,Midfielder,86,0,0,0,0,0,25.0,37.3,22.8
2021-22,Cristian Romero,Spurs,Defender,1844,1,0,8,0,5,102.0,98.9,498.8
2021-22,Dane Scarlett,Spurs,Forward,3,0,0,0,0,0,0.0,0.0,1.0
2021-22,Emerson Aparecido Leite de Souza Junior,Spurs,Defender,2282,1,1,5,0,10,298.0,446.1,454.6
2021-22,Dilan Markanday,Spurs,Midfielder,0,0,0,0,0,0,0.0,0.0,0.0
2021-22,Tobi Omole,Spurs,Defender,0,0,0,0,0,0,0.0,0.0,0.0
2021-22,Brandon Austin,Spurs,Goalkeeper,0,0,0,0,0,0,0.0,0.0,0.0
2021-22,Harvey White,Spurs,Midfielder,0,0,0,0,0,0,0.0,0.0,0.0
2021-22,Dejan Kulusevski,Spurs,Midfielder,1259,5,9,3,0,9,382.0,343.6,346.6
2021-22,Rodrigo Bentancur,Spurs,Midfielder,1360,0,4,5,0,9,118.0,205.0,274.2
2021-22,Alfie Devine,Spurs,Midfielder,0,0,0,0,0,0,0.0,0.0,0.0
2021-22,Jamie Bowden,Spurs,Midfielder,0,0,0,0,0,0,0.0,0.0,0.0
2021-22,Marcel Lavinier,Spurs,Defender,0,0,0,0,0,0,0.0,0.0,0.0
2021-22,Matthew Craig,Spurs,Midfielder,0,0,0,0,0,0,0.0,0.0,0.0
2021-22,Moussa Sissoko,Watford,Midfielder,3220,2,1,5,0,4,308.0,513.2,558.4
2021-22,Ben Foster,Watford,Goalkeeper,2340,0,1,0,0,4,0.0,10.0,559.2
2021-22,Danny Rose,Watford,Defender,688,0,0,4,0,0,39.0,80.5,104.8
2021-22,Dan Gosling,Watford,Midfielder,164,1,0,0,0,1,7.0,17.3,13.4
2021-22,Craig Cathcart,Watford,Defender,2394,0,1,3,0,3,42.0,46.4,504.6
2021-22,Troy Deeney,Watford,Forward,23,0,0,0,0,0,14.0,10.6,2.2
2021-22,Tom Cleverley,Watford,Midfielder,1611,0,2,2,0,2,133.0,301.6,211.8
2021-22,Francisco Femenía Far,Watford,Defender,2143,0,5,2,0,2,36.0,393.9,404.0
2021-22,Andre Gray,Watford,Forward,0,0,0,0,0,0,0.0,0.0,0.0
2021-22,Christian Kabasele,Watford,Defender,1190,0,0,0,0,1,42.0,27.1,217.0
2021-22,Nathaniel Chalobah,Watford,Midfielder,0,0,0,0,0,0,0.0,0.0,0.0
2021-22,William Troost-Ekong,Watford,Defender,1388,0,0,3,0,0,17.0,14.1,252.6
2021-22,Stipe Perica,Watford,Forward,0,0,0,0,0,0,0.0,0.0,0.0
2021-22,Daniel Bachmann,Watford,Goalkeeper,1080,0,0,0,0,0,0.0,0.0,300.6
2021-22,Adam Masina,Watford,Defender,1075,0,1,0,0,1,31.0,106.6,198.6
2021-22,Ken Sema,Watford,Midfielder,844,0,0,1,0,2,51.0,159.9,84.8
2021-22,Philip Zinckernagel,Watford,Midfielder,0,0,0,0,0,0,0.0,0.0,0.0
2021-22,Isaac Success Ajayi,Watford,Forward,0,0,0,0,0,0,0.0,0.0,0.0
2021-22,Ayotomiwa Dele-Bashiru,Watford,Midfielder,0,0,0,0,0,0,0.0,0.0,0.0
2021-22,Ashley Fletcher,Watford,Forward,28,0,0,0,0,0,20.0,0.5,9.0
2021-22,Francisco Sierralta,Watford,Defender,427,0,0,0,0,0,19.0,0.5,95.0
2021-22,Domingos Quina,Watford,Midfielder,0,0,0,0,0,0,0.0,0.0,0.0
2021-22,Marc Navarro,Watford,Defender,0,0,0,0,0,0,0.0,0.0,0.0
2021-22,Ismaila Sarr,Watford,Midfielder,1862,5,2,2,0,2,540.0,298.1,342.4
2021-22,Jeremy Ngakia,Watford,Defender,896,0,0,0,0,2,16.0,74.0,171.8
2021-22,Ben Wilmot,Watford,Defender,0,0,0,0,0,0,0.0,0.0,0.0
2021-22,Joseph Hungbo,Watford,Midfielder,0,0,0,0,0,0,0.0,0.0,0.0
2021-22,Imrân Louza,Watford,Midfielder,1415,0,0,6,0,3,122.0,228.2,232.6
2021-22,João Pedro Junqueira de Jesus,Watford,Forward,1634,3,1,1,0,2,587.0,279.6,318.2
2021-22,Kwadwo Baah,Watford,Midfielder,0,0,0,0,0,0,0.0,0.0,0.0
2021-22,Emmanuel Dennis,Watford,Forward,2579,10,7,7,1,3,932.0,453.4,667.6
2021-22,Matthew Pollock,Watford,Defender,0,0,0,0,0,0,0.0,0.0,0.0
2021-22,Oghenekaro Peter Etebo,Watford,Midfielder,396,0,0,3,0,0,10.0,33.2,47.0
2021-22,Joshua King,Watford,Forward,2244,5,4,5,0,3,692.0,444.1,391.8
2021-22,Adedapo Awokoya-Mebude,Watford,Forward,0,0,0,0,0,0,0.0,0.0,0.0
2021-22,Juan Camilo Hernández Suárez,Watford,Forward,1138,5,2,3,0,1,397.0,289.4,303.6
2021-22,Juraj Kucka,Watford,Midfielder,1917,1,2,3,1,2,353.0,164.2,304.8
2021-22,Ozan Tufan,Watford,Midfielder,334,0,0,0,0,0,23.0,53.1,18.2
2021-22,Robert Elliot,Watford,Goalkeeper,0,0,0,0,0,0,0.0,0.0,0.0
2021-22,Nicolas Nkoulou,Watford,Defender,167,0,0,0,0,0,0.0,10.7,23.4
2021-22,James Morris,Watford,Defender,0,0,0,0,0,0,0.0,0.0,0.0
2021-22,Vincent Angelini,Watford,Goalkeeper,0,0,0,0,0,0,0.0,0.0,0.0
2021-22,Kamil Conteh,Watford,Midfielder,0,0,0,0,0,0,0.0,0.0,0.0
2021-22,Hassane Kamara,Watford,Defender,1622,1,0,3,1,3,45.0,152.5,352.0
2021-22,Samir Caetano de Souza Santos,Watford,Defender,1674,0,0,4,0,4,121.0,24.7,292.2
2021-22,Edo Kayembe,Watford,Midfielder,795,0,0,0,0,2,27.0,90.4,117.2
2021-22,Samuel Kalu,Watford,Midfielder,221,0,0,0,0,1,24.0,31.9,21.8
2021-22,Shaqai Forde,Watford,Forward,0,0,0,0,0,0,0.0,0.0,0.0
2021-22,Tiago Çukur,Watford,Forward,0,0,0,0,0,0,0.0,0.0,0.0
2021-22,Adrian Blake,Watford,Midfielder,0,0,0,0,0,0,0.0,0.0,0.0
2021-22,Jack Grieves,Watford,Forward,0,0,0,0,0,0,0.0,0.0,0.0
2021-22,Kurt Zouma,West Ham,Defender,2078,1,0,1,0,5,131.0,32.8,496.2
2021-22,Mark Noble,West Ham,Midfielder,325,1,0,0,0,1,34.0,14.2,82.4
2021-22,Darren Randolph,West Ham,Goalkeeper,0,0,0,0,0,0,0.0,0.0,0.0
2021-22,Lukasz Fabianski,West Ham,Goalkeeper,3330,0,0,2,0,8,0.0,0.0,887.0
2021-22,Angelo Ogbonna,West Ham,Defender,921,1,0,1,0,3,67.0,5.3,167.0
2021-22,Winston Reid,West Ham,Defender,0,0,0,0,0,0,0.0,0.0,0.0
2021-22,Aaron Cresswell,West Ham,Defender,2726,2,4,3,0,7,151.0,542.4,575.0
2021-22,Andriy Yarmolenko,West Ham,Midfielder,303,1,0,1,0,1,150.0,62.9,75.2
2021-22,Michail Antonio,West Ham,Forward,2975,10,10,6,1,7,1263.0,613.5,611.6
2021-22,Craig Dawson,West Ham,Defender,2752,2,3,4,1,6,387.0,61.6,684.2
2021-22,Ryan Fredericks,West Ham,Defender,303,0,0,1,0,0,4.0,31.6,29.6
2021-22,Manuel Lanzini,West Ham,Midfielder,1777,5,3,2,0,4,201.0,367.2,420.2
2021-22,Arthur Masuaku,West Ham,Defender,645,1,1,1,0,1,39.0,57.2,178.2
2021-22,Vladimir Coufal,West Ham,Defender,2207,0,4,3,1,6,161.0,331.5,415.8
2021-22,Saïd Benrahma,West Ham,Midfielder,2162,8,6,0,0,9,737.0,476.4,561.0
2021-22,Jarrod Bowen,West Ham,Midfielder,2987,12,17,6,0,8,1201.0,624.6,819.4
2021-22,Declan Rice,West Ham,Midfielder,3178,1,4,8,0,8,277.0,391.0,740.2
2021-22,Tomas Soucek,West Ham,Midfielder,3061,5,1,3,0,6,686.0,299.8,653.4
2021-22,Pablo Fornals,West Ham,Midfielder,2795,6,4,4,0,8,528.0,704.4,569.0
2021-22,Issa Diop,West Ham,Defender,961,0,1,0,0,2,44.0,21.3,225.6
2021-22,Ben Johnson,West Ham,Defender,1397,1,0,1,0,3,39.0,176.1,307.2
2021-22,Alphonse Areola,West Ham,Goalkeeper,90,0,0,0,0,0,0.0,0.0,20.4
2021-22,Frederik Alves,West Ham,Defender,0,0,0,0,0,0,0.0,0.0,0.0
2021-22,Conor Coventry,West Ham,Midfielder,0,0,0,0,0,0,0.0,0.0,0.0
2021-22,Jamal Baptiste,West Ham,Defender,0,0,0,0,0,0,0.0,0.0,0.0
2021-22,Nikola Vlasic,West Ham,Midfielder,549,1,0,0,0,1,115.0,122.8,85.4
2021-22,Alex Kral,West Ham,Midfielder,1,0,0,0,0,0,0.0,0.0,0.0
2021-22,Harrison Ashby,West Ham,Defender,6,0,0,0,0,0,0.0,1.0,2.0
2021-22,Sonny Perkins,West Ham,Midfielder,3,0,0,0,0,0,0.0,0.0,0.0
2021-22,Ajibola Alese,West Ham,Defender,0,0,0,0,0,0,0.0,0.0,0.0
2021-22,Armstrong Oko-Flex,West Ham,Midfielder,0,0,0,0,0,0,0.0,0.0,0.0
2021-22,Pierre Ekwah,West Ham,Defender,0,0,0,0,0,0,0.0,0.0,0.0
2021-22,Daniel Chesters,West Ham,Midfielder,1,0,0,0,0,0,0.0,0.0,0.0
2021-22,João Filipe Iria Santos Moutinho,Wolves,Midfielder,2970,2,1,4,0,11,144.0,645.2,512.6
2021-22,Rui Pedro dos Santos Patrício,Wolves,Goalkeeper,0,0,0,0,0,0,0.0,0.0,0.0
2021-22,Willy Boly,Wolves,Defender,900,0,0,1,0,1,27.0,18.0,157.2
2021-22,Conor Coady,Wolves,Defender,3361,4,0,4,0,11,202.0,45.4,737.2
2021-22,Raúl Jiménez,Wolves,Forward,2630,6,5,5,2,11,742.0,481.4,441.4
2021-22,Romain Saïss,Wolves,Defender,2706,2,0,6,0,11,214.0,112.2,694.6
2021-22,Fernando Marçal,Wolves,Defender,1448,0,3,3,0,6,135.0,187.3,247.2
2021-22,Jonathan Castro Otto,Wolves,Defender,1022,2,0,1,0,2,144.0,159.5,203.0
2021-22,Leander Dendoncker,Wolves,Midfielder,1945,2,3,4,0,5,258.0,175.5,339.0
2021-22,Adama Traoré,Wolves,Midfielder,1069,1,1,0,0,5,300.0,271.1,192.0
2021-22,Rúben Diogo da Silva Neves,Wolves,Midfielder,2659,4,2,9,0,9,237.0,408.2,617.4
2021-22,Nélson Cabral Semedo,Wolves,Defender,2131,0,1,1,0,9,266.0,289.3,346.2
2021-22,Daniel Castelo Podence,Wolves,Midfielder,1475,2,3,2,0,9,459.0,493.0,328.6
2021-22,Max Kilman,Wolves,Defender,2688,1,1,3,0,10,207.0,68.8,587.8
2021-22,Morgan Gibbs-White,Wolves,Midfielder,7,0,0,1,0,0,24.0,0.7,0.0
2021-22,Pedro Lomba Neto,Wolves,Midfielder,459,1,1,3,0,0,200.0,193.9,68.4
2021-22,Owen Otasowie,Wolves,Midfielder,0,0,0,0,0,0,0.0,0.0,0.0
2021-22,Ki-Jana Hoever,Wolves,Defender,306,0,0,1,0,1,8.0,22.1,42.6
2021-22,Andreas Söndergaard,Wolves,Goalkeeper,0,0,0,0,0,0,0.0,0.0,0.0
2021-22,Fabio Silva,Wolves,Forward,562,0,1,0,0,0,262.0,48.3,21.0
2021-22,Yerson Mosquera Valdelamar,Wolves,Defender,0,0,0,0,0,0,0.0,0.0,0.0
2021-22,John Ruddy,Wolves,Goalkeeper,135,0,0,0,0,0,0.0,0.0,11.4
2021-22,Francisco Machado Mota de Castro Trincão,Wolves,Midfielder,1328,2,1,0,0,7,390.0,247.1,240.0
2021-22,Rayan Ait Nouri,Wolves,Defender,1826,1,4,4,0,7,167.0,320.8,371.0
2021-22,José Malheiro de Sá,Wolves,Goalkeeper,3285,0,1,3,0,11,0.0,30.0,938.8
2021-22,Patrick Cutrone,Wolves,Forward,0,0,0,0,0,0,0.0,0.0,0.0
2021-22,Luke Cundle,Wolves,Midfielder,179,0,0,0,0,1,2.0,32.0,17.0
2021-22,Chem Campbell,Wolves,Midfielder,12,0,0,0,0,0,2.0,1.7,2.0
2021-22,Christian Marques,Wolves,Defender,0,0,0,0,0,0,0.0,0.0,0.0
2021-22,Hee-Chan Hwang,Wolves,Forward,1811,5,1,2,0,7,433.0,258.6,318.0
2021-22,Louie Moulden,Wolves,Goalkeeper,0,0,0,0,0,0,0.0,0.0,0.0
2021-22,James Storer,Wolves,Goalkeeper,0,0,0,0,0,0,0.0,0.0,0.0
2021-22,Hugo Bueno,Wolves,Defender,0,0,0,0,0,0,0.0,0.0,0.0
2021-22,Bruno André Cavaco Jordão,Wolves,Midfielder,0,0,0,0,0,0,0.0,0.0,0.0
2021-22,Toti António Gomes,Wolves,Defender,360,0,0,1,0,0,28.0,4.3,59.6
2021-22,Dion Sanderson,Wolves,Defender,0,0,0,0,0,0,0.0,0.0,0.0
2021-22,Ryan Giles,Wolves,Midfielder,0,0,0,0,0,0,0.0,0.0,0.0
2021-22,Francisco Jorge Tomás Oliveira,Wolves,Midfielder,203,0,3,0,0,0,118.0,83.4,99.4
2022-23,Granit Xhaka,Arsenal,Midfielder,2992,7,8,4,0,13,498.0,673.3,647.0
2022-23,Mohamed Elneny,Arsenal,Midfielder,111,0,0,0,0,0,0.0,5.4,4.6
2022-23,Rob Holding,Arsenal,Defender,562,1,0,0,0,0,54.0,10.3,152.0
2022-23,Thomas Partey,Arsenal,Midfielder,2480,3,0,5,0,11,240.0,439.6,513.2
2022-23,Martin Ødegaard,Arsenal,Midfielder,3132,15,8,4,0,13,920.0,1100.4,960.0
2022-23,Kieran Tierney,Arsenal,Defender,774,0,1,0,0,1,67.0,85.5,144.0
2022-23,Nicolas Pépé,Arsenal,Midfielder,0,0,0,0,0,0,0.0,0.0,0.0
2022-23,Benjamin White,Arsenal,Defender,3054,2,5,5,0,15,159.0,491.2,649.0
2022-23,Eddie Nketiah,Arsenal,Forward,1071,4,2,3,0,2,598.0,128.2,213.4
2022-23,Emile Smith Rowe,Arsenal,Midfielder,161,0,2,0,0,0,39.0,64.3,36.6
2022-23,Bukayo Saka,Arsenal,Midfielder,3183,14,12,6,0,12,1164.0,1091.8,972.2
2022-23,Takehiro Tomiyasu,Arsenal,Defender,651,0,1,2,0,2,55.0,86.6,137.0
2022-23,Aaron Ramsdale,Arsenal,Goalkeeper,3420,0,0,1,0,14,0.0,0.0,761.4
2022-23,Gabriel dos Santos Magalhães,Arsenal,Defender,3409,3,0,5,0,14,401.0,129.7,733.8
2022-23,Nuno Varela Tavares,Arsenal,Defender,0,0,0,0,0,0,0.0,0.0,0.0
2022-23,Gabriel Martinelli Silva,Arsenal,Midfielder,2789,15,9,3,0,14,1300.0,838.1,844.2
2022-23,Pablo Marí Villar,Arsenal,Defender,0,0,0,0,0,0,0.0,0.0,0.0
2022-23,Lucas Torreira di Pascua,Arsenal,Midfielder,0,0,0,0,0,0,0.0,0.0,0.0
2022-23,Reiss Nelson,Arsenal,Midfielder,202,3,3,0,0,1,155.0,99.2,169.8
2022-23,Matt Turner,Arsenal,Goalkeeper,0,0,0,0,0,0,0.0,0.0,0.0
2022-23,Fábio Ferreira Vieira,Arsenal,Midfielder,500,1,2,0,0,2,123.0,180.1,115.2
2022-23,William Saliba,Arsenal,Defender,2415,2,1,4,0,12,114.0,100.8,529.0
2022-23,Marcus Oliveira Alencar,Arsenal,Midfielder,1,0,0,0,0,0,0.0,0.2,0.0
2022-23,Gabriel Fernando de Jesus,Arsenal,Forward,2064,11,7,6,0,9,1282.0,407.3,594.2
2022-23,Leandro Trossard,Arsenal,Midfielder,2237,8,13,1,0,8,859.0,687.1,620.0
2022-23,Jorge Luiz Frello Filho,Arsenal,Midfielder,2127,2,2,4,0,9,97.0,254.1,386.4
2022-23,Oleksandr Zinchenko,Arsenal,Defender,2122,1,2,3,0,10,190.0,387.7,405.0
2022-23,Matthew Smith,Arsenal,Midfielder,0,0,0,0,0,0,0.0,0.0,0.0
2022-23,Ethan Nwaneri,Arsenal,Midfielder,1,0,0,0,0,0,0.0,0.0,0.0
2022-23,Lino Sousa,Arsenal,Defender,0,0,0,0,0,0,0.0,0.0,0.0
2022-23,Karl Hein,Arsenal,Goalkeeper,0,0,0,0,0,0,0.0,0.0,0.0
2022-23,Amario Cozier-Duberry,Arsenal,Midfielder,0,0,0,0,0,0,0.0,0.0,0.0
2022-23,Nathan Butler-Oyedeji,Arsenal,Forward,0,0,0,0,0,0,0.0,0.0,0.0
2022-23,Jakub Kiwior,Arsenal,Defender,425,1,0,0,0,2,4.0,4.1,53.6
2022-23,Reuell Walters,Arsenal,Defender,0,0,0,0,0,0,0.0,0.0,0.0
2022-23,Mauro Bandeira,Arsenal,Midfielder,0,0,0,0,0,0,0.0,0.0,0.0
2022-23,Philippe Coutinho Correia,Aston Villa,Midfielder,777,1,0,3,0,3,218.0,152.5,119.2
2022-23,Emiliano Martínez Romero,Aston Villa,Goalkeeper,3139,0,0,7,0,11,0.0,23.0,813.0
2022-23,Calum Chambers,Aston Villa,Defender,345,0,0,2,0,0,8.0,29.8,74.4
2022-23,Lucas Digne,Aston Villa,Defender,1492,1,0,5,0,3,92.0,293.3,271.4
2022-23,Bertrand Traoré,Aston Villa,Midfielder,226,2,0,1,0,1,79.0,30.7,82.0
2022-23,Robin Olsen,Aston Villa,Goalkeeper,280,0,0,0,0,1,0.0,0.0,83.2
2022-23,Morgan Sanson,Aston Villa,Midfielder,10,0,0,0,0,0,0.0,0.5,4.2
2022-23,John McGinn,Aston Villa,Midfielder,2692,1,5,7,0,10,326.0,349.2,375.0
2022-23,Kortney Hause,Aston Villa,Defender,0,0,0,0,0,0,0.0,0.0,0.0
2022-23,Tyrone Mings,Aston Villa,Defender,3150,1,3,7,0,12,121.0,87.7,657.2
2022-23,Ollie Watkins,Aston Villa,Forward,3129,15,8,4,0,13,1268.0,408.5,792.0
2022-23,Marvelous Nakamba,Aston Villa,Midfielder,0,0,0,0,0,0,0.0,0.0,0.0
2022-23,Emiliano Buendía Stati,Aston Villa,Midfielder,2404,5,3,0,0,11,580.0,546.3,438.2
2022-23,Matty Cash,Aston Villa,Defender,1817,0,2,4,0,4,67.0,178.0,298.4
2022-23,Ezri Konsa Ngoyo,Aston Villa,Defender,3322,0,0,6,0,12,72.0,116.1,560.4
2022-23,Leon Bailey,Aston Villa,Midfielder,1964,4,5,4,0,8,532.0,439.1,334.2
2022-23,Douglas Luiz Soares de Paulo,Aston Villa,Midfielder,2922,6,7,6,1,13,242.0,655.4,661.6
2022-23,Jacob Ramsey,Aston Villa,Midfielder,2634,6,8,5,0,11,424.0,496.7,607.2
2022-23,Tim Iroegbunam,Aston Villa,Midfielder,0,0,0,0,0,0,0.0,0.0,0.0
2022-23,Diego Carlos Santos Silva,Aston Villa,Defender,205,0,0,0,0,0,32.0,13.2,24.8
2022-23,Anwar El Ghazi,Aston Villa,Midfielder,0,0,0,0,0,0,0.0,0.0,0.0
2022-23,Keinan Davis,Aston Villa,Forward,0,0,0,0,0,0,0.0,0.0,0.0
2022-23,Boubacar Kamara,Aston Villa,Midfielder,1773,0,1,4,0,3,39.0,123.4,275.8
2022-23,Cameron Archer,Aston Villa,Forward,43,0,0,0,0,0,6.0,2.4,1.8
2022-23,Jaden Philogene-Bidace,Aston Villa,Midfielder,0,0,0,0,0,0,0.0,0.0,0.0
2022-23,Frédéric Guilbert,Aston Villa,Defender,0,0,0,0,0,0,0.0,0.0,0.0
2022-23,Leander Dendoncker,Aston Villa,Midfielder,897,0,0,0,0,4,64.0,96.1,143.4
2022-23,Ludwig Augustinsson,Aston Villa,Defender,76,0,0,1,0,0,35.0,1.9,5.6
2022-23,Kaine Kesler Hayden,Aston Villa,Defender,0,0,0,0,0,0,0.0,0.0,0.0
2022-23,Ashley Young,Aston Villa,Defender,2031,1,0,7,0,9,81.0,223.4,380.2
2022-23,Lamare Bogarde,Aston Villa,Defender,0,0,0,0,0,0,0.0,0.0,0.0
2022-23,Filip Marschall,Aston Villa,Goalkeeper,0,0,0,0,0,0,0.0,0.0,0.0
2022-23,Kadan Young,Aston Villa,Midfielder,0,0,0,0,0,0,0.0,0.0,0.0
2022-23,Alexandre Moreno Lopera,Aston Villa,Defender,1325,0,3,3,0,7,151.0,321.1,254.4
2022-23,Viljami Sinisalo,Aston Villa,Goalkeeper,0,0,0,0,0,0,0.0,0.0,0.0
2022-23,Jhon Durán,Aston Villa,Forward,126,0,0,1,0,0,51.0,13.4,12.8
2022-23,Sil Swinkels,Aston Villa,Defender,0,0,0,0,0,0,0.0,0.0,0.0
2022-23,Oliwier Zych,Aston Villa,Goalkeeper,0,0,0,0,0,0,0.0,0.0,0.0
2022-23,James Wright,Aston Villa,Goalkeeper,0,0,0,0,0,0,0.0,0.0,0.0
2022-23,Sebastian Revan,Aston Villa,Defender,0,0,0,0,0,0,0.0,0.0,0.0
2022-23,Travis Patterson,Aston Villa,Midfielder,0,0,0,0,0,0,0.0,0.0,0.0
2022-23,Tommi O'Reilly,Aston Villa,Midfielder,0,0,0,0,0,0,0.0,0.0,0.0
2022-23,Adam Smith,Bournemouth,Defender,2940,0,1,11,0,7,88.0,261.6,406.2
2022-23,Junior Stanislas,Bournemouth,Midfielder,58,0,0,0,0,0,7.0,22.9,10.0
2022-23,Ryan Fredericks,Bournemouth,Defender,527,0,0,1,0,0,12.0,26.7,66.0
2022-23,David Brooks,Bournemouth,Midfielder,170,0,0,1,0,0,31.0,16.4,13.6
2022-23,Jamal Lowe,Bournemouth,Midfielder,11,0,0,0,0,0,0.0,0.3,0.2
2022-23,Kieffer Moore,Bournemouth,Forward,1269,4,0,1,0,3,272.0,89.6,216.2
2022-23,Emiliano Marcondes,Bournemouth,Midfielder,8,0,0,0,0,0,0.0,0.0,1.2
2022-23,Jefferson Lerma Solís,Bournemouth,Midfielder,3252,5,0,7,0,7,311.0,293.6,616.6
2022-23,Jack Stacey,Bournemouth,Defender,293,0,0,2,0,0,8.0,8.6,44.2
2022-23,Dominic Solanke,Bournemouth,Forward,2865,6,10,2,0,8,1046.0,279.9,524.8
2022-23,Lewis Cook,Bournemouth,Midfielder,1712,0,2,4,0,3,45.0,352.5,313.0
2022-23,Ben Pearson,Bournemouth,Midfielder,282,0,0,1,0,1,9.0,6.4,21.0
2022-23,Ryan Christie,Bournemouth,Midfielder,1825,1,2,2,0,3,400.0,421.7,282.0
2022-23,Philip Billing,Bournemouth,Midfielder,2766,7,2,5,0,9,441.0,388.8,622.0
2022-23,Chris Mepham,Bournemouth,Defender,2197,0,0,7,0,5,134.0,54.4,556.4
2022-23,Mark Travers,Bournemouth,Goalkeeper,1035,0,0,0,0,2,0.0,0.0,253.0
2022-23,Lloyd Kelly,Bournemouth,Defender,2040,0,2,3,0,5,26.0,97.7,394.0
2022-23,Siriki Dembélé,Bournemouth,Midfielder,104,0,0,0,0,0,28.0,52.3,31.8
2022-23,Jaidon Anthony,Bournemouth,Midfielder,1241,3,1,2,0,2,263.0,209.1,299.4
2022-23,Jordan Zemura,Bournemouth,Defender,1452,0,1,1,0,5,71.0,232.8,269.4
2022-23,Will Dennis,Bournemouth,Goalkeeper,0,0,0,0,0,0,0.0,0.0,0.0
2022-23,Jack Stephens,Bournemouth,Defender,1218,0,0,3,0,4,51.0,57.3,270.0
2022-23,Joe Rothwell,Bournemouth,Midfielder,1010,0,1,1,0,3,27.0,153.3,127.4
2022-23,Marcus Tavernier,Bournemouth,Midfielder,1740,5,4,1,0,5,436.0,348.4,459.8
2022-23,James Hill,Bournemouth,Defender,0,0,0,0,0,0,0.0,0.0,0.0
2022-23,Darren Randolph,Bournemouth,Goalkeeper,0,0,0,0,0,0,0.0,0.0,0.0
2022-23,Norberto Murara Neto,Bournemouth,Goalkeeper,2385,0,0,4,0,6,0.0,0.0,727.6
2022-23,Marcos Senesi,Bournemouth,Defender,2489,2,0,7,0,5,109.0,78.7,586.0
2022-23,Christian Saydee,Bournemouth,Forward,0,0,0,0,0,0,0.0,0.0,0.0
2022-23,Owen Bevan,Bournemouth,Defender,8,0,0,0,0,0,0.0,0.0,0.2
2022-23,Cameron Plain,Bournemouth,Goalkeeper,0,0,0,0,0,0,0.0,0.0,0.0
2022-23,Daniel Adu-Adjei,Bournemouth,Forward,0,0,0,0,0,0,0.0,0.0,0.0
2022-23,Michael Dacosta Gonzalez,Bournemouth,Midfielder,0,0,0,0,0,0,0.0,0.0,0.0
2022-23,Dominic Sadi,Bournemouth,Forward,0,0,0,0,0,0,0.0,0.0,0.0
2022-23,Dango Ouattara,Bournemouth,Midfielder,1239,1,3,1,0,1,274.0,261.0,276.8
2022-23,Euan Pollock,Bournemouth,Forward,0,0,0,0,0,0,0.0,0.0,0.0
2022-23,Antoine Semenyo,Bournemouth,Forward,250,1,0,0,0,0,32.0,26.5,50.0
2022-23,Matías Viña,Bournemouth,Defender,452,2,0,1,0,1,92.0,28.1,156.4
2022-23,Illia Zabarnyi,Bournemouth,Defender,297,0,0,0,0,0,0.0,0.9,41.2
2022-23,Hamed Traorè,Bournemouth,Midfielder,425,0,0,0,0,2,36.0,218.5,84.0
2022-23,Ben Greenwood,Bournemouth,Defender,0,0,0,0,0,0,0.0,0.0,0.0
2022-23,Max Kinsey-Wellings,Bournemouth,Defender,0,0,0,0,0,0,0.0,0.0,0.0
2022-23,Pontus Jansson,Brentford,Defender,722,1,0,0,0,2,53.0,2.5,176.2
2022-23,Christian Nørgaard,Brentford,Midfielder,1763,1,6,6,0,6,269.0,173.7,379.2
2022-23,Ivan Toney,Brentford,Forward,2953,20,4,9,0,10,1240.0,424.3,926.8
2022-23,David Raya Martin,Brentford,Goalkeeper,3420,0,0,1,0,12,4.0,20.1,1125.4
2022-23,Sergi Canós Tenés,Brentford,Defender,73,0,0,0,0,0,6.0,13.5,7.0
2022-23,Josh Dasilva,Brentford,Midfielder,1371,4,2,1,0,5,182.0,206.1,304.2
2022-23,Kristoffer Ajer,Brentford,Defender,763,0,0,0,0,4,27.0,24.7,96.8
2022-23,Rico Henry,Brentford,Defender,3240,0,3,4,0,11,197.0,401.9,444.4
2022-23,Vitaly Janelt,Brentford,Midfielder,2201,3,1,3,0,8,223.0,246.1,411.2
2022-23,Saman Ghoddos,Brentford,Midfielder,124,0,0,0,0,0,21.0,62.8,27.2
2022-23,Mathias Jensen,Brentford,Midfielder,2805,5,7,5,0,10,208.0,787.9,644.0
2022-23,Yoane Wissa,Brentford,Midfielder,1587,7,4,3,0,7,414.0,184.5,363.8
2022-23,Mads Roerslev Rasmussen,Brentford,Defender,1101,0,0,0,0,5,46.0,120.6,167.6
2022-23,Mads Bech Sørensen,Brentford,Defender,18,0,0,0,0,0,0.0,0.2,2.6
2022-23,Ethan Pinnock,Brentford,Defender,2700,3,0,0,0,10,279.0,104.9,751.6
2022-23,Frank Onyeka,Brentford,Midfielder,837,0,3,0,0,3,106.0,89.9,125.8
2022-23,Shandon Baptiste,Brentford,Midfielder,600,0,2,1,1,1,54.0,144.5,107.8
2022-23,Bryan Mbeumo,Brentford,Forward,2905,9,9,5,0,10,866.0,766.3,662.4
2022-23,Charlie Goode,Brentford,Defender,0,0,0,0,0,0,0.0,0.0,0.0
2022-23,Marcus Forss,Brentford,Forward,0,0,0,0,0,0,0.0,0.0,0.0
2022-23,Dominic Thompson,Brentford,Defender,0,0,0,0,0,0,0.0,0.0,0.0
2022-23,Mads Bidstrup,Brentford,Midfielder,0,0,0,0,0,0,0.0,0.0,0.0
2022-23,Ellery Balcombe,Brentford,Goalkeeper,0,0,0,0,0,0,0.0,0.0,0.0
2022-23,Aaron Hickey,Brentford,Defender,1918,0,3,7,0,5,98.0,119.8,223.6
2022-23,Keane Lewis-Potter,Brentford,Midfielder,313,0,1,0,0,0,114.0,64.0,42.0
2022-23,Thomas Strakosha,Brentford,Goalkeeper,0,0,0,0,0,0,0.0,0.0,0.0
2022-23,Ben Mee,Brentford,Defender,3269,3,2,2,0,12,307.0,92.0,761.4
2022-23,Fin Stevens,Brentford,Defender,0,0,0,0,0,0,0.0,0.0,0.0
2022-23,Halil Dervişoğlu,Brentford,Forward,6,0,1,0,0,0,10.0,0.0,0.0
2022-23,Mikkel Damsgaard,Brentford,Midfielder,970,0,0,4,0,3,146.0,161.0,137.4
2022-23,Mathias Jorgensen,Brentford,Defender,1097,0,1,2,0,4,45.0,18.2,189.8
2022-23,Ryan Trevitt,Brentford,Midfielder,0,0,0,0,0,0,0.0,0.0,0.0
2022-23,Matthew Cox,Brentford,Goalkeeper,0,0,0,0,0,0,0.0,0.0,0.0
2022-23,Tristan Crama,Brentford,Defender,0,0,0,0,0,0,0.0,0.0,0.0
2022-23,Yegor Yarmolyuk,Brentford,Midfielder,0,0,0,0,0,0,0.0,0.0,0.0
2022-23,Kevin Schade,Brentford,Midfielder,723,0,1,2,0,3,205.0,110.4,72.2
2022-23,Michael Olakigbe,Brentford,Midfielder,0,0,0,0,0,0,0.0,0.0,0.0
2022-23,Adam Lallana,Brighton,Midfielder,717,2,1,0,0,5,152.0,186.7,144.2
2022-23,Jason Steele,Brighton,Goalkeeper,1350,0,1,1,0,6,0.0,13.0,347.6
2022-23,Danny Welbeck,Brighton,Forward,1844,6,5,0,0,6,782.0,390.6,378.2
2022-23,Pascal Groß,Brighton,Midfielder,3240,9,8,7,0,11,578.0,1215.4,888.4
2022-23,Lewis Dunk,Brighton,Defender,3240,1,1,4,0,12,198.0,163.6,661.4
2022-23,Solly March,Brighton,Midfielder,2719,6,10,2,0,10,955.0,965.8,791.8
2022-23,Adam Webster,Brighton,Defender,1983,0,0,2,0,9,126.0,104.0,354.0
2022-23,Joël Veltman,Brighton,Defender,2183,1,1,6,0,10,162.0,200.8,406.2
2022-23,Robert Sánchez,Brighton,Goalkeeper,2070,0,0,2,0,6,0.0,0.1,439.0
2022-23,Tariq Lamptey,Brighton,Defender,439,0,0,1,0,1,48.0,87.2,70.6
2022-23,Steven Alzate,Brighton,Midfielder,0,0,0,0,0,0,0.0,0.0,0.0
2022-23,Alexis Mac Allister,Brighton,Midfielder,2882,10,2,8,0,10,706.0,729.6,741.0
2022-23,Jakub Moder,Brighton,Midfielder,0,0,0,0,0,0,0.0,0.0,0.0
2022-23,Enock Mwepu,Brighton,Midfielder,209,0,1,0,0,0,34.0,39.0,48.8
2022-23,Jeremy Sarmiento Morante,Brighton,Midfielder,168,0,2,1,0,1,50.0,38.2,46.6
2022-23,Moisés Caicedo Corozo,Brighton,Midfielder,3138,1,1,10,0,10,210.0,668.6,582.2
2022-23,Taylor Richards,Brighton,Midfielder,0,0,0,0,0,0,0.0,0.0,0.0
2022-23,Haydon Roberts,Brighton,Defender,0,0,0,0,0,0,0.0,0.0,0.0
2022-23,Deniz Undav,Brighton,Forward,614,5,2,2,0,2,333.0,105.7,157.6
2022-23,Kaoru Mitoma,Brighton,Midfielder,2311,7,9,0,0,8,857.0,567.6,566.8
2022-23,Julio Enciso,Brighton,Forward,794,4,3,1,0,4,370.0,161.0,255.8
2022-23,Kacper Kozłowski,Brighton,Midfielder,0,0,0,0,0,0,0.0,0.0,0.0
2022-23,Billy Gilmour,Brighton,Midfielder,502,0,1,1,0,2,33.0,56.5,67.6
2022-23,Kjell Scherpen,Brighton,Goalkeeper,0,0,0,0,0,0,0.0,0.0,0.0
2022-23,Matt Clarke,Brighton,Defender,0,0,0,0,0,0,0.0,0.0,0.0
2022-23,Jan Paul van Hecke,Brighton,Defender,291,0,0,2,0,0,10.0,5.5,62.8
2022-23,Levi Colwill,Brighton,Defender,1218,0,2,1,0,3,50.0,100.7,222.0
2022-23,Pervis Estupiñán,Brighton,Defender,2674,1,7,4,0,10,295.0,752.9,570.2
2022-23,Evan Ferguson,Brighton,Forward,942,6,2,1,0,6,350.0,129.1,284.2
2022-23,Ed Turns,Brighton,Defender,0,0,0,0,0,0,0.0,0.0,0.0
2022-23,Andrew Moran,Brighton,Midfielder,11,0,0,0,0,0,0.0,0.0,0.0
2022-23,James Furlong,Brighton,Defender,0,0,0,0,0,0,0.0,0.0,0.0
2022-23,Jack Hinshelwood,Brighton,Midfielder,1,0,0,0,0,0,0.0,0.0,0.0
2022-23,Facundo Buonanotte,Brighton,Midfielder,558,1,1,2,0,1,102.0,96.1,87.8
2022-23,Yasin Ayari,Brighton,Midfielder,65,0,0,0,0,0,3.0,25.3,5.4
2022-23,Odeluga Offiah,Brighton,Defender,23,0,0,0,0,0,0.0,1.5,6.2
2022-23,Tom McGill,Brighton,Goalkeeper,0,0,0,0,0,0,0.0,0.0,0.0
2022-23,Cameron Peupion,Brighton,Midfielder,5,0,0,0,0,0,5.0,0.3,0.0
2022-23,Imari Samuels,Brighton,Defender,0,0,0,0,0,0,0.0,0.0,0.0
2022-23,Carney Chukwuemeka,Chelsea,Midfielder,342,0,0,0,0,1,72.0,69.7,57.6
2022-23,Marc Cucurella Saseta,Chelsea,Defender,1669,0,2,4,0,6,72.0,232.5,354.4
2022-23,César Azpilicueta,Chelsea,Defender,1521,0,0,3,0,3,93.0,206.7,259.2
2022-23,Thiago Emiliano da Silva,Chelsea,Defender,2351,0,2,2,0,6,137.0,86.1,657.2
2022-23,Marcos Alonso,Chelsea,Defender,0,0,0,0,0,0,0.0,0.0,0.0
2022-23,Ross Barkley,Chelsea,Midfielder,0,0,0,0,0,0,0.0,0.0,0.0
2022-23,Mateo Kovacic,Chelsea,Midfielder,1699,1,2,8,0,4,114.0,363.8,294.2
2022-23,Kepa Arrizabalaga,Chelsea,Goalkeeper,2565,0,0,1,0,9,0.0,0.1,706.2
2022-23,N'Golo Kanté,Chelsea,Midfielder,517,0,1,1,0,2,58.0,186.9,107.0
2022-23,Hakim Ziyech,Chelsea,Midfielder,649,0,3,1,0,2,113.0,230.9,155.4
2022-23,Ruben Loftus-Cheek,Chelsea,Midfielder,1530,0,1,1,0,5,173.0,234.8,206.6
2022-23,Timo Werner,Chelsea,Forward,0,0,0,0,0,0,0.0,0.0,0.0
2022-23,Robert Kenedy Nunes do Nascimento,Chelsea,Defender,0,0,0,0,0,0,0.0,0.0,0.0
2022-23,Ben Chilwell,Chelsea,Defender,1402,2,3,3,0,4,178.0,382.6,283.4
2022-23,Christian Pulisic,Chelsea,Midfielder,805,1,1,1,0,3,210.0,166.7,117.2
2022-23,Trevoh Chalobah,Chelsea,Defender,1601,0,0,4,0,5,108.0,93.5,283.6
2022-23,Mason Mount,Chelsea,Midfielder,1644,3,4,4,0,8,376.0,463.1,331.4
2022-23,Malang Sarr,Chelsea,Defender,0,0,0,0,0,0,0.0,0.0,0.0
2022-23,Callum Hudson-Odoi,Chelsea,Midfielder,0,0,0,0,0,0,0.0,0.0,0.0
2022-23,Kai Havertz,Chelsea,Forward,2565,7,1,5,0,9,1012.0,513.3,470.2
2022-23,Reece James,Chelsea,Defender,1242,1,2,4,0,2,153.0,358.2,292.2
2022-23,Edouard Mendy,Chelsea,Goalkeeper,855,0,0,1,0,1,0.0,0.0,200.4
2022-23,Conor Gallagher,Chelsea,Midfielder,1608,3,1,9,1,4,321.0,343.5,379.8
2022-23,Armando Broja,Chelsea,Forward,285,1,1,0,0,1,113.0,18.2,64.6
2022-23,Ethan Ampadu,Chelsea,Defender,0,0,0,0,0,0,0.0,0.0,0.0
2022-23,Wesley Fofana,Chelsea,Defender,1362,1,0,4,0,2,86.0,59.0,289.2
2022-23,Raheem Sterling,Chelsea,Midfielder,1886,6,4,4,0,5,603.0,479.8,388.2
2022-23,Kalidou Koulibaly,Chelsea,Defender,1798,2,1,5,1,6,141.0,104.1,497.4
2022-23,Harvey Vale,Chelsea,Midfielder,0,0,0,0,0,0,0.0,0.0,0.0
2022-23,Denis Zakaria,Chelsea,Midfielder,409,0,0,0,0,2,24.0,22.6,44.6
2022-23,Pierre-Emerick Aubameyang,Chelsea,Forward,546,1,0,1,0,1,177.0,59.4,55.0
2022-23,Marcus Bettinelli,Chelsea,Goalkeeper,0,0,0,0,0,0,0.0,0.0,0.0
2022-23,Omari Hutchinson,Chelsea,Midfielder,22,0,0,0,0,0,4.0,1.8,1.0
2022-23,Lewis Hall,Chelsea,Midfielder,653,0,0,1,0,1,119.0,174.3,113.2
2022-23,Bashir Humphreys,Chelsea,Defender,0,0,0,0,0,0,0.0,0.0,0.0
2022-23,David Datro Fofana,Chelsea,Forward,68,0,0,0,0,0,30.0,34.6,15.2
2022-23,Benoît Badiashile,Chelsea,Defender,904,1,0,2,0,4,81.0,49.1,219.8
2022-23,João Félix Sequeira,Chelsea,Forward,936,4,0,1,1,2,287.0,135.2,203.6
2022-23,Mykhailo Mudryk,Chelsea,Midfielder,650,0,2,1,0,0,140.0,146.4,100.8
2022-23,Andrey Nascimento dos Santos,Chelsea,Midfielder,0,0,0,0,0,0,0.0,0.0,0.0
2022-23,Noni Madueke,Chelsea,Midfielder,639,1,0,0,0,0,182.0,131.9,130.8
2022-23,Enzo Fernández,Chelsea,Midfielder,1547,0,2,3,0,3,64.0,307.3,298.2
2022-23,Ethan Wady,Chelsea,Goalkeeper,0,0,0,0,0,0,0.0,0.0,0.0
2022-23,Alfie Gilchrist,Chelsea,Defender,0,0,0,0,0,0,0.0,0.0,0.0
2022-23,Albert Sambi Lokonga,Crystal Palace,Midfielder,728,0,0,2,0,2,20.0,57.2,98.4
2022-23,Vicente Guaita,Crystal Palace,Goalkeeper,2430,0,0,1,0,6,0.0,0.0,668.4
2022-23,James Tomkins,Crystal Palace,Defender,335,1,0,1,1,0,54.0,1.1,90.0
2022-23,James McArthur,Crystal Palace,Midfielder,50,0,0,0,0,0,0.0,1.7,6.8
2022-23,Christian Benteke,Crystal Palace,Forward,0,0,0,0,0,0,0.0,0.0,0.0
2022-23,Joel Ward,Crystal Palace,Defender,2253,1,0,6,0,8,114.0,164.3,436.2
2022-23,Nathaniel Clyne,Crystal Palace,Defender,1638,0,0,3,0,3,8.0,124.9,203.6
2022-23,Luka Milivojevic,Crystal Palace,Midfielder,500,0,0,2,0,2,17.0,43.6,69.2
2022-23,Jordan Ayew,Crystal Palace,Midfielder,2708,4,3,5,0,8,429.0,465.5,490.8
2022-23,Wilfried Zaha,Crystal Palace,Midfielder,2289,7,2,5,0,5,848.0,384.8,465.4
2022-23,Jeffrey Schlupp,Crystal Palace,Midfielder,2528,3,2,7,0,9,314.0,257.6,404.6
2022-23,Will Hughes,Crystal Palace,Midfielder,822,1,1,4,0,1,57.0,102.1,153.2
2022-23,Jairo Riedewald,Crystal Palace,Midfielder,60,0,0,0,0,0,4.0,2.6,9.8
2022-23,Joachim Andersen,Crystal Palace,Defender,2782,1,0,8,0,8,273.0,146.3,641.8
2022-23,Odsonne Edouard,Crystal Palace,Forward,1788,5,2,3,0,5,544.0,227.7,351.6
2022-23,Marc Guéhi,Crystal Palace,Defender,3330,1,0,8,0,9,205.0,142.7,688.2
2022-23,Jean-Philippe Mateta,Crystal Palace,Forward,748,2,0,3,0,3,240.0,67.1,115.8
2022-23,Eberechi Eze,Crystal Palace,Midfielder,2631,10,5,3,0,9,597.0,800.4,692.8
2022-23,Tyrick Mitchell,Crystal Palace,Defender,2889,0,2,5,1,8,135.0,234.0,470.4
2022-23,Michael Olise,Crystal Palace,Midfielder,2743,2,11,2,0,8,462.0,1014.6,606.6
2022-23,Jesurun Rak-Sakyi,Crystal Palace,Midfielder,0,0,0,0,0,0,0.0,0.0,0.0
2022-23,Malcolm Ebiowei,Crystal Palace,Midfielder,31,0,0,0,0,0,4.0,0.9,3.4
2022-23,Nathan Ferguson,Crystal Palace,Defender,0,0,0,0,0,0,0.0,0.0,0.0
2022-23,Sam Johnstone,Crystal Palace,Goalkeeper,810,0,0,1,0,3,0.0,0.0,155.0
2022-23,Remi Matthews,Crystal Palace,Goalkeeper,0,0,0,0,0,0,0.0,0.0,0.0
2022-23,Luke Plange,Crystal Palace,Forward,0,0,0,0,0,0,0.0,0.0,0.0
2022-23,Cheick Doucouré,Crystal Palace,Midfielder,2770,0,3,8,1,7,157.0,345.8,471.4
2022-23,Chris Richards,Crystal Palace,Defender,443,0,0,0,0,1,26.0,15.3,92.4
2022-23,Joseph Whitworth,Crystal Palace,Goalkeeper,180,0,0,0,0,0,0.0,0.0,41.8
2022-23,Kaden Rodney,Crystal Palace,Midfielder,0,0,0,0,0,0,0.0,0.0,0.0
2022-23,Killian Phillips,Crystal Palace,Midfielder,0,0,0,0,0,0,0.0,0.0,0.0
2022-23,John-Kymani Gordon,Crystal Palace,Forward,0,0,0,0,0,0,0.0,0.0,0.0
2022-23,Kofi Balmer,Crystal Palace,Defender,0,0,0,0,0,0,0.0,0.0,0.0
2022-23,Owen Goodman,Crystal Palace,Goalkeeper,0,0,0,0,0,0,0.0,0.0,0.0
2022-23,Jack Wells-Morrison,Crystal Palace,Midfielder,0,0,0,0,0,0,0.0,0.0,0.0
2022-23,David Ozoh,Crystal Palace,Midfielder,1,0,0,0,0,0,0.0,0.8,0.0
2022-23,Naouirou Ahamada,Crystal Palace,Midfielder,87,0,0,1,0,0,14.0,13.2,7.4
2022-23,Tayo Adaramola,Crystal Palace,Defender,0,0,0,0,0,0,0.0,0.0,0.0
2022-23,Neal Maupay,Everton,Forward,1104,1,0,4,0,3,429.0,109.9,85.8
2022-23,Asmir Begović,Everton,Goalkeeper,90,0,0,0,0,1,0.0,0.0,36.0
2022-23,Salomón Rondón,Everton,Forward,103,0,0,0,0,0,41.0,26.1,7.4
2022-23,Seamus Coleman,Everton,Defender,1654,1,0,1,0,5,95.0,108.7,297.8
2022-23,Andros Townsend,Everton,Midfielder,0,0,0,0,0,0,0.0,0.0,0.0
2022-23,Michael Keane,Everton,Defender,983,1,2,0,0,2,131.0,42.6,242.6
2022-23,Dele Alli,Everton,Midfielder,38,0,0,0,0,0,6.0,2.2,0.6
2022-23,Jordan Pickford,Everton,Goalkeeper,3330,0,1,6,0,8,0.0,23.0,991.2
2022-23,Allan Marques Loureiro,Everton,Midfielder,0,0,0,0,0,0,0.0,0.0,0.0
2022-23,André Tavares Gomes,Everton,Midfielder,0,0,0,0,0,0,0.0,0.0,0.0
2022-23,Abdoulaye Doucouré,Everton,Midfielder,1527,5,2,6,1,4,229.0,261.2,315.8
2022-23,Alex Iwobi,Everton,Midfielder,3379,2,8,2,0,9,366.0,917.7,682.4
2022-23,Jean-Philippe Gbamin,Everton,Midfielder,0,0,0,0,0,0,0.0,0.0,0.0
2022-23,Yerry Mina,Everton,Defender,594,2,0,2,0,1,134.0,17.7,176.8
2022-23,Demarai Gray,Everton,Midfielder,2501,4,1,3,0,7,670.0,605.2,410.4
2022-23,Tom Davies,Everton,Midfielder,524,0,0,3,0,1,98.0,46.2,50.4
2022-23,Dominic Calvert-Lewin,Everton,Forward,1166,2,1,3,0,4,409.0,122.4,138.4
2022-23,Mason Holgate,Everton,Defender,506,0,0,1,1,2,55.0,71.9,90.4
2022-23,Ben Godfrey,Everton,Defender,801,0,1,2,0,1,46.0,42.3,146.8
2022-23,Vitalii Mykolenko,Everton,Defender,2653,0,1,4,0,7,120.0,307.0,504.8
2022-23,Jarrad Branthwaite,Everton,Defender,0,0,0,0,0,0,0.0,0.0,0.0
2022-23,Nathan Patterson,Everton,Defender,1274,0,0,3,0,2,108.0,111.9,231.4
2022-23,Niels Nkounkou,Everton,Defender,0,0,0,0,0,0,0.0,0.0,0.0
2022-23,James Tarkowski,Everton,Defender,3420,1,1,6,0,9,435.0,184.7,1019.6
2022-23,Conor Coady,Everton,Defender,2094,1,1,2,0,7,88.0,59.5,392.6
2022-23,Rúben Nascimento Vinagre,Everton,Defender,24,0,0,0,0,0,0.0,1.4,7.6
2022-23,Dwight McNeil,Everton,Midfielder,2490,7,5,5,0,5,462.0,726.6,699.4
2022-23,Stanley Mills,Everton,Midfielder,0,0,0,0,0,0,0.0,0.0,0.0
2022-23,Lewis Warrington,Everton,Midfielder,0,0,0,0,0,0,0.0,0.0,0.0
2022-23,James Garner,Everton,Midfielder,796,0,1,3,0,2,57.0,114.6,90.4
2022-23,Amadou Onana,Everton,Midfielder,2486,1,3,9,0,9,280.0,295.1,347.2
2022-23,Reece Welch,Everton,Defender,0,0,0,0,0,0,0.0,0.0,0.0
2022-23,Idrissa Gueye,Everton,Midfielder,2577,0,1,7,0,8,61.0,193.7,399.2
2022-23,Eldin Jakupovic,Everton,Goalkeeper,0,0,0,0,0,0,0.0,0.0,0.0
2022-23,Kyle John,Everton,Defender,0,0,0,0,0,0,0.0,0.0,0.0
2022-23,Thomas Cannon,Everton,Forward,23,0,0,0,0,0,21.0,11.6,5.0
2022-23,Isaac Price,Everton,Midfielder,32,0,0,1,0,0,0.0,15.6,9.6
2022-23,Ellis Simms,Everton,Forward,219,1,0,0,0,0,54.0,39.3,40.8
2022-23,Ishé Samuels-Smith,Everton,Defender,0,0,0,0,0,0,0.0,0.0,0.0
2022-23,Andy Lonergan,Everton,Goalkeeper,0,0,0,0,0,0,0.0,0.0,0.0
2022-23,Sean McAllister,Everton,Midfielder,0,0,0,0,0,0,0.0,0.0,0.0
2022-23,Cédric Alves Soares,Fulham,Defender,223,0,0,0,0,0,10.0,51.4,56.4
2022-23,Bernd Leno,Fulham,Goalkeeper,3240,0,0,3,0,8,0.0,10.0,1115.8
2022-23,Shane Duffy,Fulham,Defender,17,0,0,0,0,0,7.0,0.2,0.2
2022-23,Tom Cairney,Fulham,Midfielder,968,2,1,2,0,1,204.0,228.2,189.2
2022-23,Tim Ream,Fulham,Defender,2898,1,0,2,0,8,76.0,65.2,604.2
2022-23,Anthony Knockaert,Fulham,Midfielder,0,0,0,0,0,0,0.0,0.0,0.0
2022-23,Nathaniel Chalobah,Fulham,Midfielder,11,0,0,0,1,0,17.0,0.6,4.6
2022-23,Neeskens Kebano,Fulham,Midfielder,758,0,4,0,0,3,112.0,179.7,119.6
2022-23,Bobby De Cordova-Reid,Fulham,Midfielder,2473,4,1,8,0,8,508.0,326.6,365.2
2022-23,Joe Bryan,Fulham,Defender,0,0,0,0,0,0,0.0,0.0,0.0
2022-23,Paulo Gazzaniga Farias,Fulham,Goalkeeper,0,0,0,0,0,0,0.0,0.0,0.0
2022-23,Terence Kongolo,Fulham,Defender,0,0,0,0,0,0,0.0,0.0,0.0
2022-23,Tosin Adarabioyo,Fulham,Defender,2084,1,0,4,0,3,128.0,89.8,495.0
2022-23,Aleksandar Mitrović,Fulham,Forward,2010,14,2,7,0,7,1141.0,216.5,584.8
2022-23,Harrison Reed,Fulham,Midfielder,2868,3,4,5,0,9,266.0,495.6,480.4
2022-23,Harry Wilson,Fulham,Midfielder,1085,2,5,1,0,2,173.0,182.1,209.2
2022-23,Marek Rodák,Fulham,Goalkeeper,180,0,0,0,0,1,0.0,0.0,19.0
2022-23,Ivan Neves Abreu Cavaleiro,Fulham,Midfielder,0,0,0,0,0,0,0.0,0.0,0.0
2022-23,Kenny Tete,Fulham,Defender,2569,1,5,8,0,7,110.0,385.6,617.8
2022-23,Josh Onomah,Fulham,Midfielder,14,0,0,0,0,0,0.0,0.6,2.0
2022-23,Antonee Robinson,Fulham,Defender,3088,0,2,8,0,9,57.0,417.6,553.0
2022-23,Rodrigo Muniz Carvalho,Fulham,Forward,0,0,0,0,0,0,0.0,0.0,0.0
2022-23,Jay Stansfield,Fulham,Forward,85,0,1,0,0,0,46.0,12.8,8.4
2022-23,João Palhinha Gonçalves,Fulham,Midfielder,3108,3,0,14,0,9,336.0,141.8,560.4
2022-23,Daniel James,Fulham,Midfielder,802,2,1,0,0,1,218.0,121.4,144.6
2022-23,Andreas Hoelgebaum Pereira,Fulham,Midfielder,2696,4,10,8,0,8,495.0,965.0,440.6
2022-23,Issa Diop,Fulham,Defender,2008,1,0,2,0,7,78.0,27.7,432.6
2022-23,Tyrese Francois,Fulham,Midfielder,1,0,0,0,0,0,0.0,0.3,1.0
2022-23,Kevin Mbabu,Fulham,Defender,141,0,1,1,0,0,0.0,37.7,39.8
2022-23,Luke Harris,Fulham,Midfielder,10,0,0,0,0,0,0.0,1.6,0.6
2022-23,Manor Solomon,Fulham,Midfielder,560,4,0,0,0,0,107.0,86.0,214.8
2022-23,Terry Ablade,Fulham,Forward,0,0,0,0,0,0,0.0,0.0,0.0
2022-23,Layvin Kurzawa,Fulham,Defender,136,0,0,1,0,0,0.0,4.5,20.2
2022-23,Willian Borges da Silva,Fulham,Midfielder,2127,5,7,2,0,9,447.0,658.8,430.2
2022-23,Carlos Vinícius Alves Morais,Fulham,Forward,1098,5,2,3,0,1,370.0,118.3,244.0
2022-23,Stefan Parkes,Fulham,Defender,0,0,0,0,0,0,0.0,0.0,0.0
2022-23,Martial Godo,Fulham,Midfielder,0,0,0,0,0,0,0.0,0.0,0.0
2022-23,Kristian Sekularac,Fulham,Midfielder,0,0,0,0,0,0,0.0,0.0,0.0
2022-23,Sasa Lukic,Fulham,Midfielder,406,0,0,1,0,0,18.0,16.0,34.2
2022-23,George Wickens,Fulham,Goalkeeper,0,0,0,0,0,0,0.0,0.0,0.0
2022-23,Charlie Robinson,Fulham,Defender,0,0,0,0,0,0,0.0,0.0,0.0
2022-23,Matthew Dibley-Dias,Fulham,Midfielder,0,0,0,0,0,0,0.0,0.0,0.0
2022-23,Kasper Schmeichel,Leicester,Goalkeeper,0,0,0,0,0,0,0.0,0.0,0.0
2022-23,Jonny Evans,Leicester,Defender,1051,0,0,1,0,2,35.0,20.6,223.8
2022-23,Ryan Bertrand,Leicester,Defender,0,0,0,0,0,0,0.0,0.0,0.0
2022-23,Marc Albrighton,Leicester,Midfielder,232,1,0,0,0,0,43.0,95.2,76.8
2022-23,Nampalys Mendy,Leicester,Midfielder,746,1,0,1,0,0,20.0,42.0,115.2
2022-23,Jannik Vestergaard,Leicester,Defender,0,0,0,0,0,0,0.0,0.0,0.0
2022-23,Danny Ward,Leicester,Goalkeeper,2340,0,0,0,0,6,0.0,0.0,631.4
2022-23,Jamie Vardy,Leicester,Forward,1841,3,5,1,0,4,451.0,173.5,287.0
2022-23,Ricardo Barbosa Pereira,Leicester,Defender,451,1,1,2,0,0,25.0,100.2,148.0
2022-23,Daniel Amartey,Leicester,Defender,1608,0,0,1,0,5,50.0,79.8,358.4
2022-23,Timothy Castagne,Leicester,Defender,3255,2,4,3,0,8,289.0,377.3,679.8
2022-23,Youri Tielemans,Leicester,Midfielder,2341,3,3,4,0,6,190.0,458.3,512.2
2022-23,Ayoze Pérez,Leicester,Midfielder,378,0,2,0,0,1,92.0,151.0,65.2
2022-23,James Maddison,Leicester,Midfielder,2479,10,9,10,0,4,769.0,970.0,785.4
2022-23,Kelechi Iheanacho,Leicester,Forward,1112,5,5,0,0,1,437.0,228.9,306.6
2022-23,Hamza Choudhury,Leicester,Midfielder,0,0,0,0,0,0,0.0,0.0,0.0
2022-23,Harvey Barnes,Leicester,Midfielder,2709,13,2,3,0,6,883.0,305.1,567.4
2022-23,Wilfred Ndidi,Leicester,Midfielder,1672,0,0,4,0,1,45.0,73.0,317.6
2022-23,Kiernan Dewsbury-Hall,Leicester,Midfielder,2305,2,3,3,1,7,233.0,527.7,446.6
2022-23,Çaglar Söyüncü,Leicester,Defender,528,1,0,2,0,0,53.0,13.3,174.6
2022-23,James Justin,Leicester,Defender,1252,0,2,0,0,5,40.0,138.8,208.4
2022-23,Boubakary Soumaré,Leicester,Midfielder,1624,0,0,9,0,6,5.0,148.7,236.6
2022-23,Luke Thomas,Leicester,Defender,1068,0,1,3,0,2,12.0,89.4,166.8
2022-23,Patson Daka,Leicester,Forward,1169,4,4,2,0,5,440.0,223.6,295.2
2022-23,Lewis Brunt,Leicester,Defender,22,0,0,0,0,0,0.0,1.0,2.2
2022-23,Daniel Iversen,Leicester,Goalkeeper,1080,0,0,0,0,1,0.0,0.0,255.8
2022-23,Dennis Praet,Leicester,Midfielder,635,1,1,1,0,2,64.0,66.9,96.4
2022-23,Alex Smithies,Leicester,Goalkeeper,0,0,0,0,0,0,0.0,0.0,0.0
2022-23,Wout Faes,Leicester,Defender,2786,1,2,4,1,7,93.0,115.6,662.4
2022-23,Sammy Braybrooke,Leicester,Midfielder,0,0,0,0,0,0,0.0,0.0,0.0
2022-23,Joe Wormleighton,Leicester,Defender,0,0,0,0,0,0,0.0,0.0,0.0
2022-23,Kasey McAteer,Leicester,Midfielder,0,0,0,0,0,0,0.0,0.0,0.0
2022-23,Victor Kristiansen,Leicester,Defender,891,0,1,2,0,0,14.0,119.3,173.2
2022-23,Mateus Cardoso Lemos Martins,Leicester,Midfielder,732,1,0,0,0,0,109.0,98.7,84.0
2022-23,Harry Souttar,Leicester,Defender,991,0,1,2,0,1,65.0,38.9,242.6
2022-23,Wanya Marçal-Madivadua,Leicester,Midfielder,0,0,0,0,0,0,0.0,0.0,0.0
2022-23,Liam Cooper,Leeds,Defender,1425,1,0,5,0,2,145.0,65.2,309.8
2022-23,Luke Ayling,Leeds,Defender,2048,2,1,3,0,3,264.0,209.3,451.8
2022-23,Mateusz Klich,Leeds,Midfielder,266,0,0,2,0,0,50.0,69.3,39.6
2022-23,Adam Forshaw,Leeds,Midfielder,473,0,0,0,0,0,0.0,62.0,49.6
2022-23,Rodrigo Moreno,Leeds,Midfielder,1928,13,2,6,0,5,853.0,241.1,577.6
2022-23,Stuart Dallas,Leeds,Defender,0,0,0,0,0,0,0.0,0.0,0.0
2022-23,Patrick Bamford,Leeds,Forward,1510,4,5,3,0,1,588.0,171.6,252.2
2022-23,Diego Llorente,Leeds,Defender,648,0,0,1,0,1,40.0,5.8,99.0
2022-23,Tyler Roberts,Leeds,Midfielder,0,0,0,0,0,0,0.0,0.0,0.0
2022-23,Robin Koch,Leeds,Defender,3175,0,0,7,0,5,201.0,72.9,589.2
2022-23,Raphael Dias Belloli,Leeds,Midfielder,0,0,0,0,0,0,0.0,0.0,0.0
2022-23,Jack Harrison,Leeds,Midfielder,2707,5,8,2,0,6,466.0,791.5,556.2
2022-23,Jamie Shackleton,Leeds,Midfielder,0,0,0,0,0,0,0.0,0.0,0.0
2022-23,Pascal Struijk,Leeds,Defender,2198,2,2,5,0,4,253.0,216.2,544.4
2022-23,Kristoffer Klaesson,Leeds,Goalkeeper,0,0,0,0,0,0,0.0,0.0,0.0
2022-23,Sam Greenwood,Leeds,Forward,410,1,2,1,0,0,85.0,210.5,121.8
2022-23,Illan Meslier,Leeds,Goalkeeper,3060,0,0,3,0,5,17.0,0.0,738.6
2022-23,Junior Firpo Adames,Leeds,Defender,1364,1,2,5,1,1,41.0,123.4,286.0
2022-23,Crysencio Summerville,Leeds,Midfielder,1411,4,4,4,0,1,357.0,222.6,311.8
2022-23,Lewis Bate,Leeds,Midfielder,0,0,0,0,0,0,0.0,0.0,0.0
2022-23,Joe Gelhardt,Leeds,Forward,201,0,2,1,0,0,114.0,32.1,49.4
2022-23,Leo Fuhr Hjelde,Leeds,Defender,0,0,0,0,0,0,0.0,0.0,0.0
2022-23,Rasmus Kristensen,Leeds,Defender,1957,3,1,4,0,2,160.0,143.6,474.4
2022-23,Marc Roca Junqué,Leeds,Midfielder,2316,1,3,7,0,2,323.0,475.8,433.6
2022-23,Brenden Aaronson,Leeds,Midfielder,2365,1,4,2,0,5,439.0,662.6,306.0
2022-23,Darko Gyabi,Leeds,Midfielder,7,0,0,0,0,0,20.0,0.5,4.4
2022-23,Tyler Adams,Leeds,Midfielder,2156,0,0,4,1,5,24.0,328.9,393.6
2022-23,Luis Sinisterra Lucumí,Leeds,Midfielder,863,5,0,1,1,0,305.0,157.7,242.8
2022-23,Cody Drameh,Leeds,Defender,70,0,0,0,0,0,0.0,2.7,12.8
2022-23,Archie Gray,Leeds,Midfielder,0,0,0,0,0,0,0.0,0.0,0.0
2022-23,Joel Robles,Leeds,Goalkeeper,360,0,0,1,0,0,0.0,0.0,93.2
2022-23,Wilfried Gnonto,Leeds,Forward,1346,2,4,7,0,4,253.0,323.5,264.8
2022-23,Mateo Joseph Fernández,Leeds,Forward,24,0,0,0,0,0,19.0,0.2,3.0
2022-23,Sonny Perkins,Leeds,Forward,0,0,0,0,0,0,0.0,0.0,0.0
2022-23,Maximilian Wöber,Leeds,Defender,1264,0,0,3,0,2,54.0,65.8,273.4
2022-23,Georginio Rutter,Leeds,Forward,263,0,1,0,0,0,41.0,38.3,36.2
2022-23,Weston McKennie,Leeds,Midfielder,1434,0,1,7,0,1,81.0,201.7,198.8
2022-23,Jeremiah Chilokoa-Mullen,Leeds,Defender,0,0,0,0,0,0,0.0,0.0,0.0
2022-23,Diogo Pinheiro Monteiro,Leeds,Defender,0,0,0,0,0,0,0.0,0.0,0.0
2022-23,James Milner,Liverpool,Midfielder,889,0,1,2,0,3,92.0,207.2,172.8
2022-23,Jordan Henderson,Liverpool,Midfielder,2060,0,3,2,0,8,174.0,506.1,307.4
2022-23,Joel Matip,Liverpool,Defender,1091,1,0,3,0,3,90.0,49.5,223.4
2022-23,Thiago Alcántara do Nascimento,Liverpool,Midfielder,1252,0,0,2,0,2,86.0,265.8,244.4
2022-23,Alex Oxlade-Chamberlain,Liverpool,Midfielder,332,1,0,0,0,0,84.0,66.3,72.4
2022-23,Roberto Firmino,Liverpool,Forward,1202,11,4,0,0,4,792.0,293.2,542.0
2022-23,Virgil van Dijk,Liverpool,Defender,2835,3,1,3,0,11,389.0,121.0,743.2
2022-23,Alisson Ramses Becker,Liverpool,Goalkeeper,3330,0,1,1,0,14,0.0,10.1,966.4
2022-23,Fabio Henrique Tavares,Liverpool,Midfielder,2666,0,2,11,0,11,109.0,302.0,379.2
2022-23,Mohamed Salah,Liverpool,Midfielder,3290,19,13,2,0,13,1620.0,869.9,1046.2
2022-23,Andrew Robertson,Liverpool,Defender,2579,0,8,3,0,9,211.0,862.1,549.2
2022-23,Trent Alexander-Arnold,Liverpool,Defender,2922,2,11,5,0,10,241.0,1168.2,779.0
2022-23,Joseph Gomez,Liverpool,Defender,1461,0,0,3,0,8,27.0,43.7,297.8
2022-23,Naby Keita,Liverpool,Midfielder,290,0,0,1,0,1,54.0,92.6,23.8
2022-23,Diogo Teixeira da Silva,Liverpool,Forward,1125,7,4,2,0,5,337.0,237.9,304.2
2022-23,Caoimhin Kelleher,Liverpool,Goalkeeper,90,0,0,0,0,0,0.0,0.0,0.0
2022-23,Ibrahima Konaté,Liverpool,Defender,1551,0,0,5,0,7,144.0,39.6,285.6
2022-23,Curtis Jones,Liverpool,Midfielder,1029,3,1,2,0,4,236.0,214.4,266.2
2022-23,Konstantinos Tsimikas,Liverpool,Defender,762,0,4,3,0,4,124.0,281.7,177.6
2022-23,Luis Díaz,Liverpool,Midfielder,991,4,2,2,0,4,388.0,176.7,236.2
2022-23,Harvey Elliott,Liverpool,Midfielder,1600,1,2,2,0,5,363.0,372.3,257.0
2022-23,Fábio Freitas Gouveia Carvalho,Liverpool,Midfielder,339,2,1,0,0,0,173.0,36.7,89.4
2022-23,Darwin Núñez Ribeiro,Liverpool,Forward,1684,9,5,1,1,7,1078.0,336.9,458.2
2022-23,Calvin Ramsay,Liverpool,Defender,0,0,0,0,0,0,0.0,0.0,0.0
2022-23,Adrián San Miguel del Castillo,Liverpool,Goalkeeper,0,0,0,0,0,0,0.0,0.0,0.0
2022-23,Rhys Williams,Liverpool,Defender,0,0,0,0,0,0,0.0,0.0,0.0
2022-23,Ben Davies,Liverpool,Defender,0,0,0,0,0,0,0.0,0.0,0.0
2022-23,Sepp van den Berg,Liverpool,Defender,0,0,0,0,0,0,0.0,0.0,0.0
2022-23,Nathaniel Phillips,Liverpool,Defender,65,0,0,0,0,0,18.0,1.4,15.4
2022-23,Luke Chambers,Liverpool,Defender,0,0,0,0,0,0,0.0,0.0,0.0
2022-23,Stefan Bajcetic,Liverpool,Midfielder,522,1,0,2,0,3,77.0,61.7,90.2
2022-23,Bobby Clark,Liverpool,Midfielder,7,0,0,0,0,0,2.0,0.3,0.0
2022-23,Harvey Davies,Liverpool,Goalkeeper,0,0,0,0,0,0,0.0,0.0,0.0
2022-23,Arthur Henrique Ramos de Oliveira Melo,Liverpool,Midfielder,0,0,0,0,0,0,0.0,0.0,0.0
2022-23,Ben Doak,Liverpool,Midfielder,23,0,0,0,0,0,4.0,1.4,5.6
2022-23,Cody Gakpo,Liverpool,Midfielder,1455,7,3,0,0,6,415.0,271.1,331.8
2022-23,Kyle Walker,Man City,Defender,1953,0,0,3,0,7,39.0,176.2,223.8
2022-23,Ilkay Gündogan,Man City,Midfielder,2351,8,6,0,0,10,597.0,636.9,596.2
2022-23,Kevin De Bruyne,Man City,Midfielder,2413,7,18,1,0,10,598.0,1476.7,897.8
2022-23,John Stones,Man City,Defender,1844,2,2,2,0,7,135.0,164.1,396.0
2022-23,Riyad Mahrez,Man City,Midfielder,1913,5,12,2,0,6,520.0,773.4,533.6
2022-23,Jack Grealish,Man City,Midfielder,2051,5,10,4,0,10,683.0,721.3,515.8
2022-23,João Cancelo,Man City,Defender,1273,2,2,3,1,6,276.0,266.4,277.0
2022-23,Ederson Santana de Moraes,Man City,Goalkeeper,3150,0,1,3,0,11,0.0,13.1,479.0
2022-23,Nathan Aké,Man City,Defender,1871,1,0,2,0,9,150.0,161.6,383.4
2022-23,Aymeric Laporte,Man City,Defender,992,0,0,0,0,4,68.0,107.8,166.2
2022-23,Zack Steffen,Man City,Goalkeeper,0,0,0,0,0,0,0.0,0.0,0.0
2022-23,Bernardo Veiga de Carvalho e Silva,Man City,Midfielder,2196,4,6,5,0,7,424.0,515.0,492.0
2022-23,Rúben Gato Alves Dias,Man City,Defender,1997,0,0,3,0,9,124.0,83.7,416.8
2022-23,Phil Foden,Man City,Midfielder,1832,11,7,1,0,5,712.0,670.8,671.2
2022-23,Rodrigo Hernandez,Man City,Midfielder,2911,2,6,5,0,11,493.0,555.9,716.0
2022-23,Cole Palmer,Man City,Midfielder,358,0,1,1,0,1,97.0,72.4,59.2
2022-23,James McAtee,Man City,Midfielder,0,0,0,0,0,0,0.0,0.0,0.0
2022-23,Erling Haaland,Man City,Forward,2767,36,9,5,0,13,1825.0,371.0,1390.0
2022-23,Julián Álvarez,Man City,Forward,1448,9,3,0,0,5,545.0,271.1,430.8
2022-23,Luke Mbete-Tabu,Man City,Defender,0,0,0,0,0,0,0.0,0.0,0.0
2022-23,Josh Wilson-Esbrand,Man City,Defender,0,0,0,0,0,0,0.0,0.0,0.0
2022-23,Liam Delap,Man City,Forward,0,0,0,0,0,0,0.0,0.0,0.0
2022-23,Stefan Ortega Moreno,Man City,Goalkeeper,270,0,0,0,0,2,0.0,0.0,116.8
2022-23,Kalvin Phillips,Man City,Midfielder,291,0,0,1,0,1,19.0,46.5,39.0
2022-23,Scott Carson,Man City,Goalkeeper,0,0,0,0,0,0,0.0,0.0,0.0
2022-23,Rico Lewis,Man City,Defender,900,0,0,1,0,2,40.0,152.4,114.6
2022-23,Sergio Gómez,Man City,Defender,340,0,1,0,0,1,24.0,52.8,66.2
2022-23,Claudio Gomes,Man City,Midfielder,0,0,0,0,0,0,0.0,0.0,0.0
2022-23,Ben Knight,Man City,Midfielder,0,0,0,0,0,0,0.0,0.0,0.0
2022-23,Manuel Akanji,Man City,Defender,2284,0,1,2,0,7,180.0,146.5,385.6
2022-23,Máximo Perrone,Man City,Midfielder,18,0,0,0,0,0,4.0,2.6,1.0
2022-23,Alex Robertson,Man City,Midfielder,0,0,0,0,0,0,0.0,0.0,0.0
2022-23,Shea Charles,Man City,Midfielder,27,0,0,0,0,0,0.0,0.0,0.0
2022-23,Nico O'Reilly,Man City,Midfielder,0,0,0,0,0,0,0.0,0.0,0.0
2022-23,Jack Butland,Man Utd,Goalkeeper,0,0,0,0,0,0,0.0,0.0,0.0
2022-23,Cristiano Ronaldo dos Santos Aveiro,Man Utd,Forward,519,1,0,2,0,3,218.0,83.2,63.8
2022-23,David De Gea Quintana,Man Utd,Goalkeeper,3420,0,0,0,0,17,0.0,13.0,792.2
2022-23,Phil Jones,Man Utd,Defender,0,0,0,0,0,0,0.0,0.0,0.0
2022-23,Raphaël Varane,Man Utd,Defender,1912,0,0,1,0,10,124.0,74.0,387.0
2022-23,Harry Maguire,Man Utd,Defender,762,0,0,4,0,5,51.0,20.3,180.6
2022-23,Frederico Rodrigues de Paula Santos,Man Utd,Midfielder,1228,2,3,6,0,4,213.0,335.9,282.2
2022-23,Luke Shaw,Man Utd,Defender,2552,1,4,8,0,12,118.0,547.7,572.8
2022-23,Bruno Borges Fernandes,Man Utd,Midfielder,3317,8,9,6,0,18,948.0,1532.3,948.0
2022-23,Alex Telles,Man Utd,Defender,0,0,0,0,0,0,0.0,0.0,0.0
2022-23,Marcus Rashford,Man Utd,Midfielder,2880,17,7,2,0,13,1427.0,459.7,887.8
2022-23,Donny van de Beek,Man Utd,Midfielder,162,0,0,0,0,0,54.0,40.2,11.2
2022-23,Victor Lindelöf,Man Utd,Defender,1359,0,0,1,0,6,19.0,53.5,265.0
2022-23,Scott McTominay,Man Utd,Midfielder,1149,1,0,8,0,4,156.0,122.8,242.2
2022-23,Eric Bailly,Man Utd,Defender,0,0,0,0,0,0,0.0,0.0,0.0
2022-23,Jadon Sancho,Man Utd,Midfielder,1683,6,3,0,0,13,382.0,543.9,390.6
2022-23,Aaron Wan-Bissaka,Man Utd,Defender,1432,0,0,2,0,8,143.0,221.9,290.4
2022-23,Diogo Dalot Teixeira,Man Utd,Defender,2152,1,2,6,0,10,272.0,418.6,469.4
2022-23,Brandon Williams,Man Utd,Defender,0,0,0,0,0,0,0.0,0.0,0.0
2022-23,Anthony Elanga,Man Utd,Midfielder,417,0,1,0,0,2,162.0,78.8,52.4
2022-23,Anthony Martial,Man Utd,Forward,970,6,3,0,0,7,376.0,179.0,305.2
2022-23,Facundo Pellistri Rebollo,Man Utd,Midfielder,60,0,0,0,0,0,2.0,1.7,3.2
2022-23,Tom Heaton,Man Utd,Goalkeeper,0,0,0,0,0,0,0.0,0.0,0.0
2022-23,Tyrell Malacia,Man Utd,Defender,1391,0,0,6,0,7,77.0,125.8,206.4
2022-23,Christian Eriksen,Man Utd,Midfielder,2046,1,9,3,0,13,344.0,564.3,420.8
2022-23,Lisandro Martínez,Man Utd,Defender,2113,1,0,6,0,9,82.0,110.4,571.8
2022-23,Amad Diallo,Man Utd,Midfielder,0,0,0,0,0,0,0.0,0.0,0.0
2022-23,Zidane Iqbal,Man Utd,Midfielder,0,0,0,0,0,0,0.0,0.0,0.0
2022-23,Alejandro Garnacho,Man Utd,Midfielder,557,3,2,3,0,0,266.0,58.5,153.8
2022-23,Carlos Henrique Casimiro,Man Utd,Midfielder,2122,4,3,7,2,10,278.0,393.0,638.6
2022-23,Antony Matheus dos Santos,Man Utd,Midfielder,1803,4,2,5,0,12,633.0,421.0,322.0
2022-23,Matej Kovár,Man Utd,Goalkeeper,0,0,0,0,0,0,0.0,0.0,0.0
2022-23,Kobbie Mainoo,Man Utd,Midfielder,10,0,0,0,0,0,6.0,0.8,5.8
2022-23,Nathan Bishop,Man Utd,Goalkeeper,0,0,0,0,0,0,0.0,0.0,0.0
2022-23,Shola Shoretire,Man Utd,Forward,0,0,0,0,0,0,0.0,0.0,0.0
2022-23,Rhys Bennett,Man Utd,Defender,0,0,0,0,0,0,0.0,0.0,0.0
2022-23,Wout Weghorst,Man Utd,Forward,790,0,1,1,0,4,140.0,183.7,97.6
2022-23,Marcel Sabitzer,Man Utd,Midfielder,622,0,1,1,0,5,84.0,138.9,100.4
2022-23,Marc Jurado Gomez,Man Utd,Defender,0,0,0,0,0,0,0.0,0.0,0.0
2022-23,Anthony Gordon,Newcastle,Midfielder,1574,4,0,7,0,4,517.0,215.3,265.6
2022-23,Matt Ritchie,Newcastle,Defender,35,0,0,0,0,0,2.0,17.2,8.8
2022-23,Federico Fernández,Newcastle,Defender,0,0,0,0,0,0,0.0,0.0,0.0
2022-23,Ciaran Clark,Newcastle,Defender,0,0,0,0,0,0,0.0,0.0,0.0
2022-23,Karl Darlow,Newcastle,Goalkeeper,0,0,0,0,0,0,0.0,0.0,0.0
2022-23,Martin Dubravka,Newcastle,Goalkeeper,156,0,0,0,0,1,0.0,0.0,29.4
2022-23,Callum Wilson,Newcastle,Forward,1870,18,6,4,0,10,1020.0,271.0,720.0
2022-23,Kieran Trippier,Newcastle,Defender,3342,1,9,5,0,16,117.0,1818.5,904.8
2022-23,Dan Burn,Newcastle,Defender,3109,1,0,5,0,14,265.0,230.4,550.2
2022-23,Ryan Fraser,Newcastle,Midfielder,308,0,0,1,0,1,70.0,74.0,26.8
2022-23,Jamaal Lascelles,Newcastle,Defender,214,0,0,4,0,0,13.0,0.9,42.6
2022-23,Dwight Gayle,Newcastle,Forward,0,0,0,0,0,0,0.0,0.0,0.0
2022-23,Paul Dummett,Newcastle,Defender,0,0,0,0,0,0,0.0,0.0,0.0
2022-23,Javier Manquillo Gaitán,Newcastle,Defender,34,0,0,0,0,0,2.0,5.5,12.0
2022-23,Emil Krafth,Newcastle,Defender,1,0,0,0,0,0,0.0,0.0,0.0
2022-23,Jacob Murphy,Newcastle,Midfielder,1230,4,2,0,0,3,410.0,302.5,275.0
2022-23,Fabian Schär,Newcastle,Defender,3207,1,3,7,0,15,521.0,263.9,653.4
2022-23,Matt Targett,Newcastle,Defender,600,0,0,1,0,3,8.0,141.9,97.6
2022-23,Allan Saint-Maximin,Newcastle,Midfielder,1109,1,6,1,0,4,370.0,344.1,266.4
2022-23,Miguel Almirón Rejala,Newcastle,Midfielder,2487,11,4,2,0,15,849.0,424.0,599.2
2022-23,Sean Longstaff,Newcastle,Midfielder,2514,1,5,2,0,13,408.0,372.0,385.2
2022-23,Joelinton Cássio Apolinário de Lira,Newcastle,Midfielder,2660,6,5,12,0,11,655.0,413.1,603.4
2022-23,Jamal Lewis,Newcastle,Defender,9,0,0,0,0,0,4.0,0.8,1.0
2022-23,Joe Willock,Newcastle,Midfielder,2556,3,7,1,0,12,680.0,547.0,520.8
2022-23,Bruno Guimarães Rodriguez Moura,Newcastle,Midfielder,2727,4,5,7,0,12,284.0,631.8,617.6
2022-23,Jeff Hendrick,Newcastle,Midfielder,0,0,0,0,0,0,0.0,0.0,0.0
2022-23,Nick Pope,Newcastle,Goalkeeper,3261,0,0,3,1,14,0.0,20.0,709.6
2022-23,Sven Botman,Newcastle,Defender,3127,0,2,2,0,13,303.0,120.1,554.4
2022-23,Elliot Anderson,Newcastle,Midfielder,395,0,1,0,0,1,180.0,114.7,70.2
2022-23,Harrison Ashby,Newcastle,Defender,0,0,0,0,0,0,0.0,0.0,0.0
2022-23,Alexander Isak,Newcastle,Forward,1520,10,2,3,0,4,693.0,244.1,475.0
2022-23,Loris Karius,Newcastle,Goalkeeper,0,0,0,0,0,0,0.0,0.0,0.0
2022-23,Garang Kuol,Newcastle,Midfielder,0,0,0,0,0,0,0.0,0.0,0.0
2022-23,Lewis Miley,Newcastle,Midfielder,14,0,0,0,0,0,0.0,0.0,0.0
2022-23,Mark Gillespie,Newcastle,Goalkeeper,0,0,0,0,0,0,0.0,0.0,0.0
2022-23,Neco Williams,Nott'm Forest,Defender,1872,1,1,7,0,4,209.0,257.3,372.2
2022-23,Jonjo Shelvey,Nott'm Forest,Midfielder,573,0,0,2,0,1,11.0,102.1,55.6
2022-23,Chris Wood,Nott'm Forest,Forward,807,3,0,0,0,4,169.0,82.1,145.2
2022-23,Harry Arter,Nott'm Forest,Midfielder,0,0,0,0,0,0,0.0,0.0,0.0
2022-23,Steve Cook,Nott'm Forest,Defender,956,0,0,4,0,2,28.0,39.3,177.4
2022-23,Lyle Taylor,Nott'm Forest,Forward,0,0,0,0,0,0,0.0,0.0,0.0
2022-23,Jack Colback,Nott'm Forest,Midfielder,492,0,0,0,0,0,2.0,33.7,62.0
2022-23,Brice Samba,Nott'm Forest,Goalkeeper,0,0,0,0,0,0,0.0,0.0,0.0
2022-23,Carlos Ribeiro Dias,Nott'm Forest,Midfielder,6,0,0,0,0,0,0.0,0.1,2.4
2022-23,Joe Lolley,Nott'm Forest,Midfielder,0,0,0,0,0,0,0.0,0.0,0.0
2022-23,Scott McKenna,Nott'm Forest,Defender,1570,0,0,4,0,5,46.0,93.9,278.8
2022-23,Mohamed Dräger,Nott'm Forest,Defender,0,0,0,0,0,0,0.0,0.0,0.0
2022-23,Ryan Yates,Nott'm Forest,Midfielder,1833,0,3,5,0,5,233.0,97.3,206.8
2022-23,Joe Worrall,Nott'm Forest,Defender,2215,1,0,6,0,5,92.0,66.4,471.0
2022-23,Jonathan Panzo,Nott'm Forest,Defender,0,0,0,0,0,0,0.0,0.0,0.0
2022-23,Xande Nascimento da Costa Silva,Nott'm Forest,Midfielder,0,0,0,0,0,0,0.0,0.0,0.0
2022-23,Sam Surridge,Nott'm Forest,Forward,306,1,0,2,0,0,92.0,15.9,59.4
2022-23,Richie Laryea,Nott'm Forest,Defender,0,0,0,0,0,0,0.0,0.0,0.0
2022-23,Loïc Mbe Soh,Nott'm Forest,Defender,0,0,0,0,0,0,0.0,0.0,0.0
2022-23,Brennan Johnson,Nott'm Forest,Forward,2930,8,5,6,0,7,729.0,373.6,478.2
2022-23,Alex Mighten,Nott'm Forest,Midfielder,7,0,0,0,0,0,0.0,0.3,0.0
2022-23,Braian Ojeda Rodríguez,Nott'm Forest,Midfielder,0,0,0,0,0,0,0.0,0.0,0.0
2022-23,Taiwo Awoniyi,Nott'm Forest,Forward,1395,10,1,2,0,5,378.0,129.6,375.8
2022-23,Dean Henderson,Nott'm Forest,Goalkeeper,1620,0,0,2,0,6,0.0,0.0,474.4
2022-23,Giulian Biancone,Nott'm Forest,Defender,15,0,0,0,0,0,0.0,0.0,6.8
2022-23,Willy Boly,Nott'm Forest,Defender,684,0,1,2,0,3,24.0,11.8,145.0
2022-23,Morgan Gibbs-White,Nott'm Forest,Midfielder,3151,5,12,6,0,8,624.0,941.1,593.4
2022-23,Moussa Niakhaté,Nott'm Forest,Defender,1163,0,0,1,0,2,61.0,14.8,173.4
2022-23,Omar Richards,Nott'm Forest,Defender,0,0,0,0,0,0,0.0,0.0,0.0
2022-23,Wayne Hennessey,Nott'm Forest,Goalkeeper,271,0,0,0,0,0,0.0,0.0,62.2
2022-23,Harry Toffolo,Nott'm Forest,Defender,933,0,0,2,0,2,67.0,93.5,147.0
2022-23,Lewis O'Brien,Nott'm Forest,Midfielder,578,1,0,2,0,1,47.0,56.4,107.8
2022-23,Jesse Lingard,Nott'm Forest,Midfielder,918,0,1,1,0,5,127.0,151.9,50.6
2022-23,Orel Mangala,Nott'm Forest,Midfielder,1543,1,1,3,0,5,75.0,61.6,191.4
2022-23,Oliver Hammond,Nott'm Forest,Midfielder,0,0,0,0,0,0,0.0,0.0,0.0
2022-23,Remo Freuler,Nott'm Forest,Midfielder,2157,0,0,4,0,6,54.0,174.7,272.2
2022-23,Cheikhou Kouyaté,Nott'm Forest,Midfielder,871,1,0,3,0,2,81.0,82.8,158.8
2022-23,Emmanuel Dennis,Nott'm Forest,Forward,709,2,2,3,0,1,286.0,96.8,166.4
2022-23,Renan Augusto Lodi dos Santos,Nott'm Forest,Defender,2211,0,2,7,0,5,97.0,208.2,319.0
2022-23,Loïc Badé,Nott'm Forest,Defender,0,0,0,0,0,0,0.0,0.0,0.0
2022-23,Serge Aurier,Nott'm Forest,Defender,1943,1,0,2,0,6,112.0,164.1,431.0
2022-23,Dale Taylor,Nott'm Forest,Forward,0,0,0,0,0,0,0.0,0.0,0.0
2022-23,Jordan Smith,Nott'm Forest,Goalkeeper,0,0,0,0,0,0,0.0,0.0,0.0
2022-23,Gustavo Henrique Furtado Scarpa,Nott'm Forest,Midfielder,177,0,0,1,0,0,25.0,17.3,15.0
2022-23,Danilo dos Santos de Oliveira,Nott'm Forest,Midfielder,976,3,2,1,0,1,113.0,108.1,253.8
2022-23,Keylor Navas,Nott'm Forest,Goalkeeper,1530,0,0,2,0,2,0.0,0.0,387.6
2022-23,Felipe Augusto de Almeida Monteiro,Nott'm Forest,Defender,1417,0,1,4,0,1,130.0,79.5,379.0
2022-23,André Ayew,Nott'm Forest,Midfielder,306,0,0,1,0,0,53.0,17.1,34.0
2022-23,George Shelvey,Nott'm Forest,Goalkeeper,0,0,0,0,0,0,0.0,0.0,0.0
2022-23,Ainsley Maitland-Niles,Southampton,Midfielder,1400,0,1,3,0,3,23.0,159.2,280.2
2022-23,Roméo Lavia,Southampton,Midfielder,2219,1,1,9,0,4,46.0,247.1,344.8
2022-23,Theo Walcott,Southampton,Midfielder,1123,2,2,1,0,2,199.0,159.1,164.6
2022-23,Alex McCarthy,Southampton,Goalkeeper,540,0,0,0,0,0,0.0,0.0,84.2
2022-23,Oriol Romeu Vidal,Southampton,Midfielder,74,0,0,0,0,0,2.0,3.8,6.2
2022-23,Nathan Redmond,Southampton,Midfielder,1,0,0,0,0,0,0.0,0.0,0.0
2022-23,Stuart Armstrong,Southampton,Midfielder,1391,2,2,6,0,1,267.0,282.8,234.2
2022-23,Mohamed Elyounoussi,Southampton,Midfielder,2162,1,1,4,0,2,388.0,297.2,285.0
2022-23,James Ward-Prowse,Southampton,Midfielder,3371,9,4,6,0,4,319.0,1162.9,880.4
2022-23,Adam Armstrong,Southampton,Forward,1321,2,1,2,0,1,275.0,148.8,142.0
2022-23,Kyle Walker-Peters,Southampton,Defender,2650,1,0,4,0,3,198.0,277.9,403.4
2022-23,Jan Bednarek,Southampton,Defender,1770,0,0,5,0,3,43.0,38.4,415.0
2022-23,Che Adams,Southampton,Forward,1987,5,5,1,0,4,583.0,336.4,340.4
2022-23,Nathan Tella,Southampton,Midfielder,0,0,0,0,0,0,0.0,0.0,0.0
2022-23,Lyanco Silveira Neves Vojnovic,Southampton,Defender,1173,1,1,4,0,0,114.0,52.8,281.6
2022-23,Yan Valery,Southampton,Defender,45,0,0,0,0,0,0.0,0.9,4.0
2022-23,Will Smallbone,Southampton,Midfielder,0,0,0,0,0,0,0.0,0.0,0.0
2022-23,Ibrahima Diallo,Southampton,Midfielder,813,0,0,4,0,0,28.0,66.0,85.4
2022-23,Romain Perraud,Southampton,Defender,1828,2,2,4,0,4,298.0,251.8,360.6
2022-23,Moussa Djenepo,Southampton,Midfielder,702,0,2,1,0,0,70.0,123.2,141.8
2022-23,Tino Livramento,Southampton,Defender,26,0,0,0,0,0,0.0,0.0,5.8
2022-23,Mohammed Salisu,Southampton,Defender,1971,0,1,5,0,1,167.0,109.7,537.4
2022-23,Mateusz Lis,Southampton,Goalkeeper,0,0,0,0,0,0,0.0,0.0,0.0
2022-23,Gavin Bazunu,Southampton,Goalkeeper,2880,0,0,0,0,4,0.0,10.0,633.0
2022-23,Armel Bella-Kotchap,Southampton,Defender,1881,0,2,4,0,3,105.0,76.4,422.4
2022-23,Willy Caballero,Southampton,Goalkeeper,0,0,0,0,0,0,0.0,0.0,0.0
2022-23,Joe Ayodele-Aribo,Southampton,Midfielder,1219,2,0,2,0,1,366.0,137.1,209.6
2022-23,Sékou Mara,Southampton,Forward,538,1,2,1,0,0,169.0,77.5,104.8
2022-23,Juan Larios López,Southampton,Defender,150,0,0,0,0,0,4.0,7.8,27.6
2022-23,Duje Caleta-Car,Southampton,Defender,942,1,0,2,0,1,69.0,16.2,262.4
2022-23,Samuel Edozie,Southampton,Midfielder,554,0,0,0,0,1,133.0,110.3,89.2
2022-23,Lewis Payne,Southampton,Midfielder,0,0,0,0,0,0,0.0,0.0,0.0
2022-23,Ryan Finnigan,Southampton,Midfielder,0,0,0,0,0,0,0.0,0.0,0.0
2022-23,Jimmy Morgan,Southampton,Forward,0,0,0,0,0,0,0.0,0.0,0.0
2022-23,Mislav Orsic,Southampton,Midfielder,6,0,0,0,0,0,0.0,0.3,2.0
2022-23,Carlos Alcaraz,Southampton,Midfielder,1024,4,2,3,0,0,190.0,64.4,199.0
2022-23,James Bree,Southampton,Defender,366,0,0,1,0,0,4.0,65.3,49.2
2022-23,Kamaldeen Sulemana,Southampton,Midfielder,959,2,1,1,0,3,164.0,175.5,105.2
2022-23,Paul Onuachu,Southampton,Forward,401,0,0,0,0,1,126.0,52.8,30.2
2022-23,Kamari Doyle,Southampton,Midfielder,6,0,0,0,0,0,0.0,0.3,0.0
2022-23,Dominic Ballard,Southampton,Forward,24,0,0,0,0,0,0.0,0.3,1.0
2022-23,Samuel Amo-Ameyaw,Southampton,Midfielder,3,0,0,0,0,0,0.0,0.0,0.0
2022-23,Hugo Lloris,Spurs,Goalkeeper,2205,0,0,0,0,7,0.0,0.0,540.0
2022-23,Fraser Forster,Spurs,Goalkeeper,1215,0,0,1,0,3,0.0,0.0,256.8
2022-23,Harry Kane,Spurs,Forward,3406,30,9,6,0,11,1707.0,744.8,1256.6
2022-23,Son Heung-min,Spurs,Midfielder,2886,10,6,2,0,9,910.0,829.3,709.2
2022-23,Matt Doherty,Spurs,Defender,663,1,0,0,0,3,146.0,110.5,147.0
2022-23,Eric Dier,Spurs,Defender,2816,2,1,3,0,9,235.0,112.3,653.2
2022-23,Lucas Rodrigues Moura da Silva,Spurs,Midfielder,145,1,0,0,1,0,43.0,55.8,29.0
2022-23,Ben Davies,Spurs,Defender,2284,2,3,4,0,9,172.0,276.9,407.8
2022-23,Pierre-Emile Højbjerg,Spurs,Midfielder,3131,4,5,5,0,10,237.0,501.7,758.0
2022-23,Harry Winks,Spurs,Midfielder,0,0,0,0,0,0,0.0,0.0,0.0
2022-23,Davinson Sánchez,Spurs,Defender,848,0,0,1,0,2,52.0,29.9,180.6
2022-23,Ryan Sessegnon,Spurs,Defender,805,2,1,4,0,1,290.0,103.0,148.6
2022-23,Steven Bergwijn,Spurs,Midfielder,0,0,0,0,0,0,0.0,0.0,0.0
2022-23,Sergio Reguilón,Spurs,Defender,0,0,0,0,0,0,0.0,0.0,0.0
2022-23,Japhet Tanganga,Spurs,Defender,145,0,0,0,0,0,0.0,6.2,27.6
2022-23,Rodrigo Bentancur,Spurs,Midfielder,1501,5,2,8,0,6,236.0,180.2,489.6
2022-23,Oliver Skipp,Spurs,Midfielder,1489,1,0,7,0,4,52.0,146.1,198.2
2022-23,Joe Rodon,Spurs,Defender,0,0,0,0,0,0,0.0,0.0,0.0
2022-23,Cristian Romero,Spurs,Defender,2363,0,2,9,1,8,91.0,136.2,546.2
2022-23,Yves Bissouma,Spurs,Midfielder,998,0,0,6,0,1,23.0,135.0,111.0
2022-23,Emerson Leite de Souza Junior,Spurs,Defender,1729,2,2,2,1,7,230.0,178.9,376.2
2022-23,Dejan Kulusevski,Spurs,Midfielder,2062,2,7,2,0,8,514.0,627.6,409.2
2022-23,Dane Scarlett,Spurs,Forward,0,0,0,0,0,0,0.0,0.0,0.0
2022-23,Ivan Perišić,Spurs,Defender,2099,1,8,6,0,6,394.0,732.8,517.8
2022-23,Harvey White,Spurs,Midfielder,4,0,0,0,0,0,0.0,7.3,2.0
2022-23,Pape Matar Sarr,Spurs,Midfielder,211,0,1,1,0,0,4.0,16.0,30.4
2022-23,Brandon Austin,Spurs,Goalkeeper,0,0,0,0,0,0,0.0,0.0,0.0
2022-23,Alfie Devine,Spurs,Midfielder,0,0,0,0,0,0,0.0,0.0,0.0
2022-23,Troy Parrott,Spurs,Forward,0,0,0,0,0,0,0.0,0.0,0.0
2022-23,Richarlison de Andrade,Spurs,Forward,995,1,5,3,0,3,401.0,221.0,201.6
2022-23,Clément Lenglet,Spurs,Defender,2018,0,2,4,0,5,130.0,136.1,380.8
2022-23,Djed Spence,Spurs,Defender,5,0,0,0,0,0,20.0,1.3,0.2
2022-23,Bryan Gil Salvatierra,Spurs,Midfielder,146,0,1,1,0,1,27.0,27.5,30.4
2022-23,Arnaut Danjuma,Spurs,Midfielder,162,1,0,0,0,0,71.0,25.1,53.2
2022-23,Pedro Porro,Spurs,Defender,1132,3,3,0,0,2,150.0,377.9,268.6
2022-23,Romaine Mundle,Spurs,Midfielder,0,0,0,0,0,0,0.0,0.0,0.0
2022-23,George Abbott,Spurs,Midfielder,1,0,0,0,0,0,0.0,0.0,0.0
2022-23,Matthew Craig,Spurs,Midfielder,13,0,0,0,0,0,0.0,0.0,0.0
2022-23,Yago de Santiago Alonso,Spurs,Midfielder,0,0,0,0,0,0,0.0,0.0,0.0
2022-23,Danny Ings,West Ham,Forward,1579,8,2,4,0,5,604.0,186.0,398.4
2022-23,Lukasz Fabianski,West Ham,Goalkeeper,3111,0,0,1,0,9,0.0,0.0,755.6
2022-23,Angelo Ogbonna,West Ham,Defender,1234,0,0,0,0,4,24.0,35.2,212.8
2022-23,Aaron Cresswell,West Ham,Defender,2235,0,1,3,0,6,81.0,632.9,411.6
2022-23,Michail Antonio,West Ham,Forward,1822,5,3,2,0,5,559.0,207.7,305.8
2022-23,Manuel Lanzini,West Ham,Midfielder,243,1,0,0,0,0,37.0,21.9,50.6
2022-23,Kurt Zouma,West Ham,Defender,1988,2,1,0,0,7,239.0,18.7,415.0
2022-23,Arthur Masuaku,West Ham,Defender,0,0,0,0,0,0,0.0,0.0,0.0
2022-23,Vladimir Coufal,West Ham,Defender,2135,0,2,5,0,4,54.0,330.5,361.6
2022-23,Saïd Benrahma,West Ham,Midfielder,2059,6,3,0,0,6,653.0,613.9,510.0
2022-23,Jarrod Bowen,West Ham,Midfielder,3232,6,9,2,0,9,1076.0,674.8,625.8
2022-23,Nikola Vlasic,West Ham,Midfielder,0,0,0,0,0,0,0.0,0.0,0.0
2022-23,Declan Rice,West Ham,Midfielder,3272,4,3,5,0,9,226.0,522.4,777.6
2022-23,Tomas Soucek,West Ham,Midfielder,2811,2,4,3,0,8,472.0,230.1,565.6
2022-23,Pablo Fornals Malla,West Ham,Midfielder,1493,3,1,0,0,1,182.0,281.0,226.6
2022-23,Ben Johnson,West Ham,Defender,860,0,0,0,0,2,20.0,76.8,161.6
2022-23,Nayef Aguerd,West Ham,Defender,1594,2,0,4,0,5,113.0,67.5,404.4
2022-23,Alphonse Areola,West Ham,Goalkeeper,307,0,0,0,0,0,0.0,0.0,69.4
2022-23,Flynn Downes,West Ham,Midfielder,752,0,0,2,0,1,51.0,28.9,55.8
2022-23,Gianluca Scamacca,West Ham,Forward,921,3,0,3,0,3,312.0,160.7,151.8
2022-23,Emerson Palmieri dos Santos,West Ham,Defender,1317,1,0,2,0,2,178.0,188.8,224.8
2022-23,Conor Coventry,West Ham,Midfielder,1,0,0,0,0,0,0.0,0.0,0.0
2022-23,Armstrong Oko-Flex,West Ham,Midfielder,0,0,0,0,0,0,0.0,0.0,0.0
2022-23,Maxwel Cornet,West Ham,Midfielder,232,0,0,0,0,0,62.0,28.7,27.2
2022-23,Thilo Kehrer,West Ham,Defender,2229,0,3,4,0,5,83.0,126.2,347.6
2022-23,Lucas Tolentino Coelho de Lima,West Ham,Midfielder,2154,4,5,5,0,6,473.0,446.5,496.8
2022-23,Divin Mubama,West Ham,Forward,36,0,0,0,0,0,0.0,11.4,2.4
2022-23,Joseph Anang,West Ham,Goalkeeper,0,0,0,0,0,0,0.0,0.0,0.0
2022-23,Krisztián Hegyi,West Ham,Goalkeeper,0,0,0,0,0,0,0.0,0.0,0.0
2022-23,Kaelan Casey,West Ham,Defender,0,0,0,0,0,0,0.0,0.0,0.0
2022-23,Craig Dawson,Wolves,Defender,2134,1,1,6,0,7,145.0,37.2,455.6
2022-23,Raúl Jiménez,Wolves,Forward,839,0,2,0,0,2,273.0,116.0,74.6
2022-23,Jonathan Castro Otto,Wolves,Defender,1257,1,0,3,1,5,83.0,118.2,233.2
2022-23,José Malheiro de Sá,Wolves,Goalkeeper,3240,0,0,2,0,11,0.0,0.0,845.6
2022-23,Rúben da Silva Neves,Wolves,Midfielder,3020,6,2,12,0,10,347.0,474.7,788.8
2022-23,Hwang Hee-chan,Wolves,Midfielder,1117,3,2,1,0,3,242.0,138.8,194.0
2022-23,Nélson Cabral Semedo,Wolves,Defender,2633,0,1,11,1,8,79.0,226.5,443.4
2022-23,Daniel Castelo Podence,Wolves,Midfielder,1760,6,1,5,0,6,580.0,512.8,376.0
2022-23,Max Kilman,Wolves,Defender,3307,0,1,3,0,11,106.0,66.9,739.8
2022-23,Luke Cundle,Wolves,Midfielder,0,0,0,0,0,0,0.0,0.0,0.0
2022-23,Pedro Lomba Neto,Wolves,Midfielder,962,0,2,1,0,5,203.0,309.5,96.8
2022-23,Rayan Aït-Nouri,Wolves,Defender,1067,1,0,4,0,4,156.0,130.5,195.0
2022-23,Fabio Silva,Wolves,Forward,0,0,0,0,0,0,0.0,0.0,0.0
2022-23,Toti António Gomes,Wolves,Defender,978,1,0,6,0,4,65.0,74.3,225.2
2022-23,Francisco Jorge Tomás Oliveira,Wolves,Midfielder,0,0,0,0,0,0,0.0,0.0,0.0
2022-23,Adama Traoré Diarra,Wolves,Midfielder,1477,2,4,2,0,2,258.0,370.0,253.6
2022-23,Matija Šarkić,Wolves,Goalkeeper,0,0,0,0,0,0,0.0,0.0,0.0
2022-23,Yerson Mosquera Valdelamar,Wolves,Defender,0,0,0,0,0,0,0.0,0.0,0.0
2022-23,João Filipe Iria Santos Moutinho,Wolves,Midfielder,1773,0,2,3,0,6,142.0,537.7,309.8
2022-23,Nathan Collins,Wolves,Defender,1811,0,0,2,1,4,29.0,37.9,419.0
2022-23,Jackson Smith,Wolves,Goalkeeper,0,0,0,0,0,0,0.0,0.0,0.0
2022-23,Hugo Bueno López,Wolves,Defender,1307,0,1,1,0,3,74.0,254.8,221.2
2022-23,Joseph Hodge,Wolves,Midfielder,172,0,0,1,0,0,26.0,16.2,14.4
2022-23,Connor Ronan,Wolves,Midfielder,1,0,0,0,0,0,0.0,0.4,0.6
2022-23,Chem Campbell,Wolves,Midfielder,68,0,0,0,0,0,16.0,3.0,5.6
2022-23,Gonçalo Manuel Ganchinho Guedes,Wolves,Midfielder,703,1,1,1,0,2,223.0,139.6,89.4
2022-23,Matheus Luiz Nunes,Wolves,Midfielder,2467,1,1,2,1,11,310.0,405.0,370.2
2022-23,Sasa Kalajdzic,Wolves,Forward,45,0,0,0,0,0,9.0,0.0,0.0
2022-23,Diego Da Silva Costa,Wolves,Forward,1235,1,0,5,1,6,504.0,144.3,96.8
2022-23,Boubacar Traoré,Wolves,Midfielder,405,0,1,2,0,0,7.0,16.6,49.6
2022-23,Nathan Fraser,Wolves,Forward,0,0,0,0,0,0,0.0,0.0,0.0
2022-23,Harvey Griffiths,Wolves,Midfielder,0,0,0,0,0,0,0.0,0.0,0.0
2022-23,Dexter Lembikisa,Wolves,Defender,22,0,0,0,0,0,0.0,0.8,1.4
2022-23,Matheus Santos Carneiro Da Cunha,Wolves,Forward,961,2,0,1,0,5,217.0,95.1,143.0
2022-23,Mario Lemina,Wolves,Midfielder,1297,0,1,2,1,5,36.0,65.0,200.4
2022-23,Pablo Sarabia,Wolves,Midfielder,764,1,0,3,0,3,157.0,184.7,92.0
2022-23,Daniel Bentley,Wolves,Goalkeeper,180,0,0,0,0,0,0.0,0.0,70.2
2022-23,João Victor Gomes da Silva,Wolves,Midfielder,649,1,0,5,0,2,46.0,72.0,133.0
2023-24,Folarin Balogun,Arsenal,Forward,0,0,0,0,0,0,0.0,0.0,0.0
2023-24,Cédric Alves Soares,Arsenal,Defender,59,0,0,0,0,0,0.0,4.3,2.0
2023-24,Mohamed Elneny,Arsenal,Midfielder,25,0,1,0,0,0,10.0,2.1,4.0
2023-24,Fábio Ferreira Vieira,Arsenal,Midfielder,290,1,3,0,1,1,85.0,88.8,82.8
2023-24,Gabriel dos Santos Magalhães,Arsenal,Defender,3042,3,1,4,0,16,379.0,121.9,675.8
2023-24,Kai Havertz,Arsenal,Midfielder,2627,13,10,11,0,16,1027.0,613.4,763.2
2023-24,Gabriel Fernando de Jesus,Arsenal,Forward,1470,4,7,6,0,11,756.0,403.0,364.8
2023-24,Jorge Luiz Frello Filho,Arsenal,Midfielder,913,0,2,1,0,4,16.0,187.8,165.4
2023-24,Jakub Kiwior,Arsenal,Defender,942,1,3,1,0,6,90.0,106.9,228.8
2023-24,Marcus Oliveira Alencar,Arsenal,Midfielder,0,0,0,0,0,0,0.0,0.0,0.0
2023-24,Gabriel Martinelli Silva,Arsenal,Midfielder,2010,6,5,1,0,10,795.0,717.1,500.4
2023-24,Eddie Nketiah,Arsenal,Forward,1065,5,4,3,0,6,417.0,136.3,235.0
2023-24,Martin Ødegaard,Arsenal,Midfielder,3098,8,11,2,0,19,757.0,1499.4,910.4
2023-24,Thomas Partey,Arsenal,Midfielder,785,0,0,3,0,5,37.0,122.9,117.6
2023-24,Nicolas Pépé,Arsenal,Midfielder,0,0,0,0,0,0,0.0,0.0,0.0
2023-24,Aaron Ramsdale,Arsenal,Goalkeeper,540,0,0,0,0,2,0.0,0.0,73.2
2023-24,Rúnar Alex Rúnarsson,Arsenal,Goalkeeper,0,0,0,0,0,0,0.0,0.0,0.0
2023-24,Bukayo Saka,Arsenal,Midfielder,2922,16,12,4,0,16,1342.0,1319.8,1093.8
2023-24,William Saliba,Arsenal,Defender,3420,2,1,4,0,18,140.0,152.1,697.2
2023-24,Emile Smith Rowe,Arsenal,Midfielder,343,0,2,0,0,3,128.0,72.2,62.4
2023-24,Kieran Tierney,Arsenal,Defender,0,0,0,0,0,0,0.0,0.0,0.0
2023-24,Takehiro Tomiyasu,Arsenal,Defender,1140,2,1,0,1,6,143.0,141.8,247.0
2023-24,Leandro Trossard,Arsenal,Midfielder,1633,12,2,2,0,12,746.0,384.7,563.6
2023-24,Benjamin White,Arsenal,Defender,2987,4,5,8,0,18,234.0,589.4,765.8
2023-24,Granit Xhaka,Arsenal,Midfielder,0,0,0,0,0,0,0.0,0.0,0.0
2023-24,Oleksandr Zinchenko,Arsenal,Defender,1717,1,2,2,0,9,133.0,474.8,395.4
2023-24,David Raya Martin,Arsenal,Goalkeeper,2880,0,0,2,0,16,0.0,0.0,413.0
2023-24,Declan Rice,Arsenal,Midfielder,3225,7,9,5,0,17,451.0,745.3,959.4
2023-24,Reiss Nelson,Arsenal,Midfielder,256,0,0,1,0,1,39.0,87.7,42.8
2023-24,Jurriën Timber,Arsenal,Defender,70,0,0,2,0,0,2.0,4.7,5.8
2023-24,Karl Hein,Arsenal,Goalkeeper,0,0,0,0,0,0,0.0,0.0,0.0
2023-24,Charles Sagoe,Arsenal,Midfielder,0,0,0,0,0,0,0.0,0.0,0.0
2023-24,Reuell Walters,Arsenal,Defender,0,0,0,0,0,0,0.0,0.0,0.0
2023-24,Bradley Ibrahim,Arsenal,Midfielder,0,0,0,0,0,0,0.0,0.0,0.0
2023-24,Myles Lewis-Skelly,Arsenal,Midfielder,0,0,0,0,0,0,0.0,0.0,0.0
2023-24,Ethan Nwaneri,Arsenal,Midfielder,13,0,0,0,0,0,4.0,12.3,2.0
2023-24,Mauro Bandeira,Arsenal,Midfielder,0,0,0,0,0,0,0.0,0.0,0.0
2023-24,James Sweet,Arsenal,Defender,0,0,0,0,0,0,0.0,0.0,0.0
2023-24,Alexandre Moreno Lopera,Aston Villa,Defender,1024,2,0,2,0,3,152.0,156.9,217.8
2023-24,Leon Bailey,Aston Villa,Midfielder,2063,10,11,5,0,5,623.0,707.1,663.2
2023-24,Emiliano Buendía Stati,Aston Villa,Midfielder,0,0,0,0,0,0,0.0,0.0,0.0
2023-24,Matty Cash,Aston Villa,Defender,2138,2,2,8,0,3,378.0,231.8,465.2
2023-24,Calum Chambers,Aston Villa,Defender,149,0,1,1,0,0,0.0,12.2,39.0
2023-24,Philippe Coutinho Correia,Aston Villa,Midfielder,24,0,0,0,0,0,12.0,2.8,4.0
2023-24,Keinan Davis,Aston Villa,Forward,0,0,0,0,0,0,0.0,0.0,0.0
2023-24,Leander Dendoncker,Aston Villa,Midfielder,118,1,1,0,0,0,37.0,3.9,59.2
2023-24,Diego Carlos Santos Silva,Aston Villa,Defender,1809,0,0,4,0,6,100.0,59.8,370.4
2023-24,Lucas Digne,Aston Villa,Defender,2405,1,4,7,0,6,200.0,601.7,448.4
2023-24,Douglas Luiz Soares de Paulo,Aston Villa,Midfielder,2994,9,5,12,0,6,381.0,867.0,761.8
2023-24,Jhon Durán,Aston Villa,Forward,461,5,1,5,0,0,165.0,55.2,190.2
2023-24,Kortney Hause,Aston Villa,Defender,0,0,0,0,0,0,0.0,0.0,0.0
2023-24,Tim Iroegbunam,Aston Villa,Midfielder,157,0,0,0,0,0,0.0,4.0,18.6
2023-24,Boubacar Kamara,Aston Villa,Midfielder,1653,0,1,7,1,7,44.0,292.7,256.2
2023-24,Ezri Konsa Ngoyo,Aston Villa,Defender,3069,1,1,5,0,7,223.0,170.6,554.4
2023-24,Emiliano Martínez Romero,Aston Villa,Goalkeeper,3015,0,0,4,0,8,0.0,20.0,802.0
2023-24,John McGinn,Aston Villa,Midfielder,3000,6,5,9,1,7,360.0,690.7,640.4
2023-24,Tyrone Mings,Aston Villa,Defender,30,0,0,0,0,0,5.0,13.0,3.6
2023-24,Robin Olsen,Aston Villa,Goalkeeper,405,0,0,0,0,0,0.0,0.0,194.6
2023-24,Jaden Philogene-Bidace,Aston Villa,Midfielder,3,0,0,0,0,0,2.0,0.3,0.4
2023-24,Jacob Ramsey,Aston Villa,Midfielder,848,1,1,2,0,0,182.0,159.3,124.0
2023-24,Morgan Sanson,Aston Villa,Midfielder,0,0,0,0,0,0,0.0,0.0,0.0
2023-24,Viljami Sinisalo,Aston Villa,Goalkeeper,0,0,0,0,0,0,0.0,0.0,0.0
2023-24,Youri Tielemans,Aston Villa,Midfielder,1613,2,6,3,0,4,136.0,325.4,369.2
2023-24,Bertrand Traoré,Aston Villa,Midfielder,10,0,0,0,0,0,0.0,0.0,3.0
2023-24,Ollie Watkins,Aston Villa,Forward,3222,19,18,4,0,7,1420.0,588.5,1024.6
2023-24,Wesley Moraes Ferreira da Silva,Aston Villa,Forward,0,0,0,0,0,0,0.0,0.0,0.0
2023-24,Pau Torres,Aston Villa,Defender,2462,2,0,1,0,6,135.0,150.6,479.4
2023-24,Moussa Diaby,Aston Villa,Midfielder,2168,6,11,1,0,8,675.0,617.8,515.4
2023-24,Omari Kellyman,Aston Villa,Midfielder,35,0,0,0,0,0,2.0,0.5,2.6
2023-24,Filip Marschall,Aston Villa,Goalkeeper,0,0,0,0,0,0,0.0,0.0,0.0
2023-24,Nicolò Zaniolo,Aston Villa,Midfielder,824,2,0,7,0,2,357.0,120.1,146.8
2023-24,Oliwier Zych,Aston Villa,Goalkeeper,0,0,0,0,0,0,0.0,0.0,0.0
2023-24,Clément Lenglet,Aston Villa,Defender,1153,0,1,3,0,2,103.0,41.8,250.6
2023-24,Sam Proctor,Aston Villa,Goalkeeper,0,0,0,0,0,0,0.0,0.0,0.0
2023-24,Tommi O'Reilly,Aston Villa,Midfielder,0,0,0,0,0,0,0.0,0.0,0.0
2023-24,James Wright,Aston Villa,Goalkeeper,0,0,0,0,0,0,0.0,0.0,0.0
2023-24,Kaine Kesler-Hayden,Aston Villa,Defender,5,0,0,0,0,0,0.0,0.0,0.0
2023-24,Morgan Rogers,Aston Villa,Midfielder,636,3,1,3,0,2,150.0,118.4,177.8
2023-24,Joe Gauci,Aston Villa,Goalkeeper,0,0,0,0,0,0,0.0,0.0,0.0
2023-24,Finley Munroe,Aston Villa,Defender,3,0,0,0,0,0,0.0,1.0,0.0
2023-24,Kadan Young,Aston Villa,Midfielder,0,0,0,0,0,0,0.0,0.0,0.0
2023-24,Lander Emery,Aston Villa,Goalkeeper,0,0,0,0,0,0,0.0,0.0,0.0
2023-24,Jaidon Anthony,Bournemouth,Midfielder,151,0,0,1,0,0,16.0,4.6,9.0
2023-24,Philip Billing,Bournemouth,Midfielder,1385,2,3,3,1,2,267.0,313.5,304.2
2023-24,David Brooks,Bournemouth,Midfielder,271,1,1,1,0,0,113.0,112.4,88.2
2023-24,Ryan Christie,Bournemouth,Midfielder,2908,0,5,6,0,8,351.0,780.2,620.2
2023-24,Lewis Cook,Bournemouth,Midfielder,2787,0,3,5,1,8,67.0,681.9,520.2
2023-24,Siriki Dembélé,Bournemouth,Midfielder,0,0,0,0,0,0,0.0,0.0,0.0
2023-24,Ryan Fredericks,Bournemouth,Defender,0,0,0,0,0,0,0.0,0.0,0.0
2023-24,James Hill,Bournemouth,Defender,74,0,0,0,0,0,0.0,2.2,32.6
2023-24,Lloyd Kelly,Bournemouth,Defender,1553,0,1,2,0,4,48.0,141.8,279.0
2023-24,Gavin Kilkenny,Bournemouth,Midfielder,0,0,0,0,0,0,0.0,0.0,0.0
2023-24,Justin Kluivert,Bournemouth,Midfielder,1910,7,1,5,0,11,619.0,283.2,362.2
2023-24,Jamal Lowe,Bournemouth,Midfielder,0,0,0,0,0,0,0.0,0.0,0.0
2023-24,Emiliano Marcondes,Bournemouth,Midfielder,0,0,0,0,0,0,0.0,0.0,0.0
2023-24,Chris Mepham,Bournemouth,Defender,613,0,1,2,0,1,27.0,40.0,142.6
2023-24,Kieffer Moore,Bournemouth,Forward,100,1,0,0,0,0,81.0,27.9,37.4
2023-24,Norberto Murara Neto,Bournemouth,Goalkeeper,2880,0,0,5,0,7,0.0,0.0,875.2
2023-24,Dango Ouattara,Bournemouth,Midfielder,1214,1,2,3,0,5,332.0,245.4,298.4
2023-24,Ben Pearson,Bournemouth,Midfielder,0,0,0,0,0,0,0.0,0.0,0.0
2023-24,Darren Randolph,Bournemouth,Goalkeeper,0,0,0,0,0,0,0.0,0.0,0.0
2023-24,Joe Rothwell,Bournemouth,Midfielder,380,0,0,0,0,0,5.0,63.9,45.8
2023-24,Antoine Semenyo,Bournemouth,Forward,2099,8,4,6,0,8,748.0,411.2,506.8
2023-24,Marcos Senesi,Bournemouth,Defender,2239,4,5,13,0,6,147.0,311.2,735.0
2023-24,Adam Smith,Bournemouth,Defender,2148,0,3,6,0,8,27.0,296.5,336.4
2023-24,Dominic Solanke,Bournemouth,Forward,3325,19,3,3,0,10,1348.0,479.6,902.0
2023-24,Marcus Tavernier,Bournemouth,Midfielder,2118,3,4,3,0,8,460.0,649.4,468.4
2023-24,Hamed Traorè,Bournemouth,Midfielder,44,0,0,0,0,0,30.0,14.8,12.8
2023-24,Mark Travers,Bournemouth,Goalkeeper,360,0,0,0,0,2,0.0,0.0,92.6
2023-24,Illia Zabarnyi,Bournemouth,Defender,3330,1,0,5,0,8,117.0,111.1,686.0
2023-24,Milos Kerkez,Bournemouth,Defender,1966,0,2,4,1,6,150.0,216.5,310.0
2023-24,Ionuț Radu,Bournemouth,Goalkeeper,180,0,0,0,0,0,0.0,0.0,33.0
2023-24,Ben Greenwood,Bournemouth,Defender,0,0,0,0,0,0,0.0,0.0,0.0
2023-24,Max Aarons,Bournemouth,Defender,1233,0,1,1,0,2,27.0,114.0,179.6
2023-24,Alex Scott,Bournemouth,Midfielder,1003,1,1,3,0,3,116.0,294.7,197.0
2023-24,Tyler Adams,Bournemouth,Midfielder,118,0,0,0,0,0,10.0,14.1,24.6
2023-24,Luis Sinisterra,Bournemouth,Midfielder,685,2,2,0,0,1,343.0,251.4,221.4
2023-24,Romain Faivre,Bournemouth,Midfielder,37,0,0,1,0,0,13.0,2.5,5.0
2023-24,Max Kinsey,Bournemouth,Defender,0,0,0,0,0,0,0.0,0.0,0.0
2023-24,Enes Ünal,Bournemouth,Forward,317,2,4,1,0,1,242.0,58.6,142.4
2023-24,Dominic Sadi,Bournemouth,Midfielder,1,0,0,0,0,0,0.0,0.0,0.0
2023-24,Michael Dacosta Gonzalez,Bournemouth,Midfielder,0,0,0,0,0,0,0.0,0.0,0.0
2023-24,Callan McKenna,Bournemouth,Goalkeeper,0,0,0,0,0,0,0.0,0.0,0.0
2023-24,Kristoffer Ajer,Brentford,Defender,1826,2,1,5,0,5,223.0,166.6,406.8
2023-24,Ellery Balcombe,Brentford,Goalkeeper,0,0,0,0,0,0,0.0,0.0,0.0
2023-24,Shandon Baptiste,Brentford,Midfielder,222,1,1,1,0,0,60.0,54.8,92.4
2023-24,Mads Bech Sørensen,Brentford,Defender,0,0,0,0,0,0,0.0,0.0,0.0
2023-24,Mads Bidstrup,Brentford,Midfielder,0,0,0,0,0,0,0.0,0.0,0.0
2023-24,Sergi Canós Tenés,Brentford,Midfielder,0,0,0,0,0,0,0.0,0.0,0.0
2023-24,Nathan Collins,Brentford,Defender,2649,1,1,3,0,7,180.0,151.5,653.8
2023-24,Matthew Cox,Brentford,Goalkeeper,0,0,0,0,0,0,0.0,0.0,0.0
2023-24,Mikkel Damsgaard,Brentford,Midfielder,829,0,4,2,0,5,103.0,179.1,162.6
2023-24,Josh Dasilva,Brentford,Midfielder,22,0,0,0,0,0,14.0,15.4,6.8
2023-24,Halil Dervişoğlu,Brentford,Forward,0,0,0,0,0,0,0.0,0.0,0.0
2023-24,Mark Flekken,Brentford,Goalkeeper,3285,0,1,3,0,7,0.0,40.3,921.2
2023-24,Charlie Goode,Brentford,Defender,0,0,0,0,0,0,0.0,0.0,0.0
2023-24,Rico Henry,Brentford,Defender,401,0,1,1,0,1,17.0,67.9,72.8
2023-24,Aaron Hickey,Brentford,Defender,713,0,0,5,0,2,37.0,28.4,66.6
2023-24,Vitaly Janelt,Brentford,Midfielder,3054,1,4,8,0,9,285.0,562.5,503.4
2023-24,Mathias Jensen,Brentford,Midfielder,2201,3,4,5,0,9,135.0,689.3,481.2
2023-24,Keane Lewis-Potter,Brentford,Midfielder,1428,3,2,0,0,6,573.0,203.8,280.0
2023-24,Bryan Mbeumo,Brentford,Midfielder,1957,9,7,2,0,5,576.0,572.1,554.2
2023-24,Ben Mee,Brentford,Defender,1272,2,1,1,1,1,118.0,88.2,334.8
2023-24,Christian Nørgaard,Brentford,Midfielder,2504,2,1,8,0,6,316.0,396.2,501.8
2023-24,Frank Onyeka,Brentford,Midfielder,1147,1,2,8,0,1,189.0,178.3,259.0
2023-24,Ethan Pinnock,Brentford,Defender,2521,2,0,1,0,5,221.0,63.4,653.2
2023-24,Mads Roerslev Rasmussen,Brentford,Defender,1975,1,2,1,0,5,94.0,281.3,382.0
2023-24,Kevin Schade,Brentford,Midfielder,327,2,2,0,0,1,100.0,58.3,105.8
2023-24,Thomas Strakosha,Brentford,Goalkeeper,135,0,0,0,0,0,0.0,0.0,42.8
2023-24,Ivan Toney,Brentford,Forward,1449,4,3,5,0,3,524.0,206.5,289.6
2023-24,Ryan Trevitt,Brentford,Midfielder,0,0,0,0,0,0,0.0,0.0,0.0
2023-24,Yoane Wissa,Brentford,Forward,2488,12,4,7,0,11,769.0,384.0,592.8
2023-24,Yegor Yarmoliuk,Brentford,Midfielder,670,0,0,2,0,4,127.0,66.9,98.4
2023-24,Mathias Jorgensen,Brentford,Defender,1086,1,0,4,0,2,90.0,94.0,216.0
2023-24,Neal Maupay,Brentford,Forward,1417,6,3,8,0,4,568.0,242.5,325.8
2023-24,Sergio Reguilón,Brentford,Defender,1524,0,6,7,1,5,111.0,436.3,390.2
2023-24,Michael Olakigbe,Brentford,Midfielder,51,0,0,0,0,0,27.0,4.1,4.8
2023-24,Ethan Brierley,Brentford,Midfielder,0,0,0,0,0,0,0.0,0.0,0.0
2023-24,Saman Ghoddos,Brentford,Midfielder,728,1,0,5,0,0,45.0,163.8,139.8
2023-24,Ji-Soo Kim,Brentford,Defender,0,0,0,0,0,0,0.0,0.0,0.0
2023-24,Valintino Adedokun,Brentford,Defender,0,0,0,0,0,0,0.0,0.0,0.0
2023-24,Myles Peart-Harris,Brentford,Midfielder,11,0,0,0,0,0,2.0,10.9,2.2
2023-24,Vincent Angelini,Brentford,Goalkeeper,0,0,0,0,0,0,0.0,0.0,0.0
2023-24,Hákon Valdimarsson,Brentford,Goalkeeper,0,0,0,0,0,0,0.0,0.0,0.0
2023-24,Benjamin Fredrick,Brentford,Defender,0,0,0,0,0,0,0.0,0.0,0.0
2023-24,Benjamin Arthur,Brentford,Defender,0,0,0,0,0,0,0.0,0.0,0.0
2023-24,Yunus Konak,Brentford,Midfielder,0,0,0,0,0,0,0.0,0.0,0.0
2023-24,Simon Adingra,Brighton,Midfielder,2220,6,1,3,0,4,751.0,507.8,477.6
2023-24,Steven Alzate,Brighton,Midfielder,0,0,0,0,0,0,0.0,0.0,0.0
2023-24,Yasin Ayari,Brighton,Midfielder,0,0,0,0,0,0,0.0,0.0,0.0
2023-24,Facundo Buonanotte,Brighton,Midfielder,1356,3,1,7,0,6,238.0,291.3,254.8
2023-24,Aaron Connolly,Brighton,Forward,0,0,0,0,0,0,0.0,0.0,0.0
2023-24,Mahmoud Dahoud,Brighton,Midfielder,449,0,1,1,1,1,24.0,127.2,70.4
2023-24,Lewis Dunk,Brighton,Defender,2869,3,1,6,1,5,389.0,205.4,823.0
2023-24,Julio Enciso,Brighton,Midfielder,468,0,2,2,0,0,157.0,131.7,81.0
2023-24,Pervis Estupiñán,Brighton,Defender,1242,2,3,4,0,3,156.0,382.6,350.8
2023-24,Evan Ferguson,Brighton,Forward,1356,6,1,1,0,2,393.0,106.7,275.0
2023-24,Billy Gilmour,Brighton,Midfielder,2116,0,3,8,1,6,104.0,481.5,291.4
2023-24,Pascal Groß,Brighton,Midfielder,3112,4,11,6,0,7,434.0,1674.9,988.6
2023-24,João Pedro Junqueira de Jesus,Brighton,Forward,2037,9,3,2,0,5,932.0,578.8,622.4
2023-24,Michał Karbownik,Brighton,Defender,0,0,0,0,0,0,0.0,0.0,0.0
2023-24,Kacper Kozłowski,Brighton,Midfielder,0,0,0,0,0,0,0.0,0.0,0.0
2023-24,Adam Lallana,Brighton,Midfielder,839,0,1,2,0,2,130.0,248.7,83.0
2023-24,Tariq Lamptey,Brighton,Defender,908,0,3,3,0,1,60.0,173.7,144.6
2023-24,Solly March,Brighton,Midfielder,555,3,1,1,0,2,139.0,126.5,197.4
2023-24,Tom McGill,Brighton,Goalkeeper,0,0,0,0,0,0,0.0,0.0,0.0
2023-24,James Milner,Brighton,Midfielder,770,0,2,3,0,4,61.0,253.5,152.8
2023-24,Kaoru Mitoma,Brighton,Midfielder,1485,3,7,4,0,1,636.0,375.1,327.6
2023-24,Jakub Moder,Brighton,Midfielder,608,0,0,2,0,1,84.0,82.3,87.2
2023-24,Jeremy Sarmiento Morante,Brighton,Midfielder,0,0,0,0,0,0,0.0,0.0,0.0
2023-24,Kjell Scherpen,Brighton,Goalkeeper,0,0,0,0,0,0,0.0,0.0,0.0
2023-24,Jason Steele,Brighton,Goalkeeper,1530,0,0,0,0,2,0.0,0.1,382.2
2023-24,Deniz Undav,Brighton,Forward,0,0,0,0,0,0,0.0,0.0,0.0
2023-24,Jan Paul van Hecke,Brighton,Defender,2368,0,0,4,0,5,175.0,176.4,631.8
2023-24,Joël Veltman,Brighton,Defender,1579,1,1,4,0,3,98.0,97.8,320.8
2023-24,Bart Verbruggen,Brighton,Goalkeeper,1890,0,0,3,0,4,0.0,1.0,541.4
2023-24,Adam Webster,Brighton,Defender,1142,0,0,2,0,2,54.0,89.3,252.2
2023-24,Danny Welbeck,Brighton,Forward,1687,5,4,4,0,8,492.0,320.9,326.2
2023-24,Andi Zeqiri,Brighton,Forward,0,0,0,0,0,0,0.0,0.0,0.0
2023-24,Igor Julio dos Santos de Paulo,Brighton,Defender,1631,0,0,4,0,2,23.0,135.5,297.8
2023-24,Jack Hinshelwood,Brighton,Midfielder,866,3,0,1,0,2,230.0,118.9,200.2
2023-24,Carlos Baleba,Brighton,Midfielder,1314,0,0,7,0,2,72.0,134.7,179.8
2023-24,Anssumane Fati Vieira,Brighton,Midfielder,509,2,1,2,0,1,292.0,92.1,121.4
2023-24,Mark O’Mahony,Brighton,Forward,61,0,0,1,0,0,6.0,1.6,6.0
2023-24,Benicio Baker-Boaitey,Brighton,Midfielder,37,0,0,1,0,0,4.0,12.6,4.6
2023-24,Ben Jackson,Brighton,Defender,0,0,0,0,0,0,0.0,0.0,0.0
2023-24,Joshua Duffus,Brighton,Midfielder,0,0,0,0,0,0,0.0,0.0,0.0
2023-24,Leigh Kavanagh,Brighton,Defender,0,0,0,0,0,0,0.0,0.0,0.0
2023-24,Luca Barrington,Brighton,Midfielder,0,0,0,0,0,0,0.0,0.0,0.0
2023-24,Cameron Peupion,Brighton,Midfielder,0,0,0,0,0,0,0.0,0.0,0.0
2023-24,Valentín Barco,Brighton,Defender,307,0,0,1,0,0,39.0,69.6,44.8
2023-24,Samy Chouchane,Brighton,Midfielder,0,0,0,0,0,0,0.0,0.0,0.0
2023-24,Odeluga Offiah,Brighton,Defender,126,0,0,0,0,0,4.0,5.5,6.4
2023-24,Noël Atom,Brighton,Defender,0,0,0,0,0,0,0.0,0.0,0.0
2023-24,Enock Agyei,Burnley,Midfielder,0,0,0,0,0,0,0.0,0.0,0.0
2023-24,Ameen Al-Dakhil,Burnley,Defender,1055,1,0,1,0,0,84.0,42.8,193.0
2023-24,Samuel Bastien,Burnley,Midfielder,0,0,0,0,0,0,0.0,0.0,0.0
2023-24,Manuel Benson Hedilazio,Burnley,Midfielder,110,0,0,0,0,0,30.0,26.4,17.6
2023-24,Jordan Beyer,Burnley,Defender,1234,0,1,6,0,2,35.0,46.1,330.8
2023-24,Josh Brownhill,Burnley,Midfielder,2248,4,2,4,1,2,234.0,501.5,499.0
2023-24,Darko Churlinov,Burnley,Midfielder,0,0,0,0,0,0,0.0,0.0,0.0
2023-24,Jack Cork,Burnley,Midfielder,25,0,0,0,0,0,2.0,5.2,4.2
2023-24,Dara Costelloe,Burnley,Midfielder,0,0,0,0,0,0,0.0,0.0,0.0
2023-24,Josh Cullen,Burnley,Midfielder,2055,2,4,9,0,0,106.0,426.7,458.0
2023-24,CJ Egan-Riley,Burnley,Defender,0,0,0,0,0,0,0.0,0.0,0.0
2023-24,Hjalmar Ekdal,Burnley,Defender,436,0,0,2,0,1,15.0,15.9,76.6
2023-24,Lyle Foster,Burnley,Forward,1898,5,3,0,1,2,467.0,263.4,364.2
2023-24,Denis Franchi,Burnley,Goalkeeper,0,0,0,0,0,0,0.0,0.0,0.0
2023-24,Jóhann Berg Gudmundsson,Burnley,Midfielder,1185,1,3,2,0,2,158.0,515.6,234.6
2023-24,Luke McNally,Burnley,Defender,0,0,0,0,0,0,0.0,0.0,0.0
2023-24,Arijanet Muric,Burnley,Goalkeeper,900,0,0,0,0,0,0.0,40.3,513.0
2023-24,Dara O'Shea,Burnley,Defender,2892,3,4,5,1,2,213.0,189.7,772.0
2023-24,Michael Obafemi,Burnley,Forward,19,0,0,0,0,0,17.0,0.6,0.0
2023-24,Bailey Peacock-Farrell,Burnley,Goalkeeper,0,0,0,0,0,0,0.0,0.0,0.0
2023-24,Connor Roberts,Burnley,Defender,817,0,1,3,1,0,12.0,104.1,142.8
2023-24,Jay Rodriguez,Burnley,Forward,811,2,1,0,0,1,232.0,66.2,138.8
2023-24,Charlie Taylor,Burnley,Defender,2329,1,1,8,0,2,59.0,275.7,395.6
2023-24,Bobby Thomas,Burnley,Defender,0,0,0,0,0,0,0.0,0.0,0.0
2023-24,Scott Twine,Burnley,Midfielder,0,0,0,0,0,0,0.0,0.0,0.0
2023-24,Lawrence Vigouroux,Burnley,Goalkeeper,0,0,0,0,0,0,0.0,0.0,0.0
2023-24,Victor da Silva,Burnley,Defender,2311,0,3,1,0,2,228.0,200.8,305.4
2023-24,Wout Weghorst,Burnley,Forward,0,0,0,0,0,0,0.0,0.0,0.0
2023-24,Anass Zaroury,Burnley,Midfielder,149,0,0,0,1,0,19.0,36.3,6.8
2023-24,David Datro Fofana,Burnley,Forward,876,4,1,1,0,1,273.0,111.7,212.0
2023-24,Sander Berge,Burnley,Midfielder,3002,1,2,8,1,2,161.0,446.3,533.6
2023-24,Zeki Amdouni,Burnley,Forward,1953,5,1,2,0,5,509.0,246.5,372.8
2023-24,James Trafford,Burnley,Goalkeeper,2520,0,0,2,0,2,0.0,3.3,903.6
2023-24,Nathan Redmond,Burnley,Midfielder,132,0,0,1,0,0,18.0,52.5,23.8
2023-24,Luca Koleosho,Burnley,Midfielder,972,1,2,0,0,3,213.0,147.9,86.8
2023-24,Jacob Bruun Larsen,Burnley,Midfielder,1235,6,0,1,0,3,448.0,416.5,335.8
2023-24,Owen Dodgson,Burnley,Defender,0,0,0,0,0,0,0.0,0.0,0.0
2023-24,Wilson Odobert,Burnley,Midfielder,2095,3,4,3,0,2,445.0,435.4,331.0
2023-24,Hannes Delcroix,Burnley,Defender,584,0,0,2,0,0,42.0,57.8,110.0
2023-24,Aaron Ramsey,Burnley,Midfielder,522,0,0,1,0,0,53.0,28.0,51.2
2023-24,Han-Noah Massengo,Burnley,Midfielder,14,0,0,0,0,0,0.0,0.1,2.8
2023-24,Mike Trésor,Burnley,Midfielder,410,0,0,0,0,0,24.0,110.5,44.4
2023-24,Lorenz Assignon,Burnley,Defender,1235,1,2,3,1,0,119.0,176.0,270.2
2023-24,Maxime Esteve,Burnley,Defender,1310,0,0,6,0,0,29.0,38.9,229.2
2023-24,Moisés Caicedo Corozo,Chelsea,Midfielder,2865,1,3,11,0,7,68.0,403.2,613.6
2023-24,Robert Sánchez,Chelsea,Goalkeeper,1433,0,0,2,0,3,0.0,0.1,450.6
2023-24,Ethan Ampadu,Chelsea,Defender,0,0,0,0,0,0,0.0,0.0,0.0
2023-24,Andrey Nascimento dos Santos,Chelsea,Midfielder,7,0,0,0,0,0,3.0,0.5,0.0
2023-24,Kepa Arrizabalaga,Chelsea,Goalkeeper,0,0,0,0,0,0,0.0,0.0,0.0
2023-24,Pierre-Emerick Aubameyang,Chelsea,Forward,0,0,0,0,0,0,0.0,0.0,0.0
2023-24,César Azpilicueta,Chelsea,Defender,0,0,0,0,0,0,0.0,0.0,0.0
2023-24,Abdul Rahman Baba,Chelsea,Defender,0,0,0,0,0,0,0.0,0.0,0.0
2023-24,Benoît Badiashile,Chelsea,Defender,1337,0,1,3,0,3,51.0,87.4,336.4
2023-24,Marcus Bettinelli,Chelsea,Goalkeeper,0,0,0,1,0,0,0.0,0.0,0.0
2023-24,Trevoh Chalobah,Chelsea,Defender,949,1,0,1,0,3,38.0,45.4,250.8
2023-24,Ben Chilwell,Chelsea,Defender,752,0,2,5,0,1,139.0,212.8,128.4
2023-24,Carney Chukwuemeka,Chelsea,Midfielder,222,1,1,2,0,0,52.0,68.6,78.4
2023-24,Levi Colwill,Chelsea,Defender,1794,1,1,2,0,5,163.0,113.2,394.6
2023-24,Marc Cucurella Saseta,Chelsea,Defender,1783,0,3,10,0,4,122.0,283.9,384.4
2023-24,Enzo Fernández,Chelsea,Midfielder,2208,3,3,7,0,5,369.0,567.7,527.2
2023-24,Wesley Fofana,Chelsea,Defender,0,0,0,0,0,0,0.0,0.0,0.0
2023-24,Conor Gallagher,Chelsea,Midfielder,3129,5,8,7,1,8,401.0,821.5,754.8
2023-24,Malo Gusto,Chelsea,Defender,1746,0,6,7,1,5,174.0,494.8,434.8
2023-24,Reece James,Chelsea,Defender,416,0,2,0,2,0,61.0,172.1,137.4
2023-24,Romelu Lukaku Bolingoli,Chelsea,Forward,0,0,0,0,0,0,0.0,0.0,0.0
2023-24,Noni Madueke,Chelsea,Midfielder,1044,5,3,2,0,4,401.0,287.5,341.6
2023-24,Mykhailo Mudryk,Chelsea,Midfielder,1564,5,5,5,0,7,420.0,457.5,347.2
2023-24,Nicolas Jackson,Chelsea,Forward,2801,14,6,10,0,9,1098.0,501.7,783.8
2023-24,Christopher Nkunku,Chelsea,Forward,437,3,0,0,0,0,222.0,74.5,134.6
2023-24,Christian Pulisic,Chelsea,Midfielder,0,0,0,0,0,0,0.0,0.0,0.0
2023-24,Malang Sarr,Chelsea,Defender,0,0,0,0,0,0,0.0,0.0,0.0
2023-24,Gabriel Słonina,Chelsea,Goalkeeper,0,0,0,0,0,0,0.0,0.0,0.0
2023-24,Raheem Sterling,Chelsea,Midfielder,1972,8,8,7,0,5,747.0,473.7,502.8
2023-24,Thiago Emiliano da Silva,Chelsea,Defender,2525,3,1,4,0,7,165.0,138.7,797.0
2023-24,Hakim Ziyech,Chelsea,Midfielder,0,0,0,0,0,0,0.0,0.0,0.0
2023-24,Cole Palmer,Chelsea,Midfielder,2617,22,13,7,0,7,1016.0,1022.5,1240.2
2023-24,Ângelo Gabriel Borges Damaceno,Chelsea,Midfielder,0,0,0,0,0,0,0.0,0.0,0.0
2023-24,Ian Maatsen,Chelsea,Midfielder,200,0,0,1,0,0,29.0,44.8,29.4
2023-24,Axel Disasi,Chelsea,Defender,2579,2,0,6,0,5,172.0,105.5,573.2
2023-24,Lesley Ugochukwu,Chelsea,Midfielder,296,0,0,2,0,1,4.0,44.4,60.8
2023-24,Mason Burstow,Chelsea,Forward,8,0,0,0,0,0,2.0,0.6,0.4
2023-24,Lucas Bergström,Chelsea,Goalkeeper,0,0,0,0,0,0,0.0,0.0,0.0
2023-24,Roméo Lavia,Chelsea,Midfielder,32,0,0,0,0,0,0.0,1.9,3.6
2023-24,Bashir Humphreys,Chelsea,Defender,0,0,0,0,0,0,0.0,0.0,0.0
2023-24,Deivid Washington de Souza Eugênio,Chelsea,Forward,11,0,0,0,0,0,4.0,0.1,0.0
2023-24,Eddie Beach,Chelsea,Goalkeeper,0,0,0,0,0,0,0.0,0.0,0.0
2023-24,Diego Manuel Jadon da Silva Moreira,Chelsea,Midfielder,0,0,0,0,0,0,0.0,0.0,0.0
2023-24,Đorđe Petrović,Chelsea,Goalkeeper,1986,0,0,2,0,5,0.0,0.0,567.8
2023-24,Alfie Gilchrist,Chelsea,Defender,200,1,0,1,0,1,33.0,8.6,70.6
2023-24,Ronnie Stutter,Chelsea,Forward,0,0,0,0,0,0,0.0,0.0,0.0
2023-24,Alex Matos,Chelsea,Midfielder,1,0,0,0,0,0,0.0,0.0,0.0
2023-24,Josh Brooking,Chelsea,Defender,0,0,0,0,0,0,0.0,0.0,0.0
2023-24,Leo Castledine,Chelsea,Midfielder,0,0,0,0,0,0,0.0,0.0,0.0
2023-24,Cesare Casadei,Chelsea,Midfielder,71,0,0,0,0,0,2.0,27.4,19.8
2023-24,Ishé Samuels-Smith,Chelsea,Defender,0,0,0,0,0,0,0.0,0.0,0.0
2023-24,Ollie Harrison,Chelsea,Midfielder,0,0,0,0,0,0,0.0,0.0,0.0
2023-24,Jimi Tauriainen,Chelsea,Midfielder,1,0,0,0,0,0,0.0,0.0,0.0
2023-24,Josh Acheampong,Chelsea,Defender,5,0,0,0,0,0,0.0,0.0,15.0
2023-24,Teddy Sharman-Lowe,Chelsea,Goalkeeper,0,0,0,0,0,0,0.0,0.0,0.0
2023-24,Tyrique George,Chelsea,Forward,0,0,0,0,0,0,0.0,0.0,0.0
2023-24,Kiano Dyer,Chelsea,Midfielder,0,0,0,0,0,0,0.0,0.0,0.0
2023-24,Ted Curd,Chelsea,Goalkeeper,0,0,0,0,0,0,0.0,0.0,0.0
2023-24,Zak Sturge,Chelsea,Defender,0,0,0,0,0,0,0.0,0.0,0.0
2023-24,Rob Holding,Crystal Palace,Defender,0,0,0,0,0,0,0.0,0.0,0.0
2023-24,Naouirou Ahamada,Crystal Palace,Midfielder,332,0,0,2,1,0,61.0,25.2,41.2
2023-24,Joachim Andersen,Crystal Palace,Defender,3416,2,3,7,0,10,253.0,301.1,873.6
2023-24,Jordan Ayew,Crystal Palace,Midfielder,2540,4,7,7,1,11,550.0,445.2,517.6
2023-24,Nathaniel Clyne,Crystal Palace,Defender,1335,0,1,0,0,5,21.0,67.8,179.6
2023-24,Cheick Doucouré,Crystal Palace,Midfielder,920,0,0,2,0,3,36.0,138.5,165.8
2023-24,Malcolm Ebiowei,Crystal Palace,Midfielder,0,0,0,0,0,0,0.0,0.0,0.0
2023-24,Odsonne Edouard,Crystal Palace,Forward,1545,7,0,4,0,6,663.0,256.7,359.6
2023-24,Eberechi Eze,Crystal Palace,Midfielder,2054,11,5,3,0,8,735.0,810.0,740.4
2023-24,Vicente Guaita,Crystal Palace,Goalkeeper,0,0,0,0,0,0,0.0,0.0,0.0
2023-24,Marc Guéhi,Crystal Palace,Defender,2020,0,1,2,0,6,35.0,106.6,417.8
2023-24,Will Hughes,Crystal Palace,Midfielder,1886,0,2,6,0,8,67.0,338.6,319.2
2023-24,Sam Johnstone,Crystal Palace,Goalkeeper,1796,0,0,1,0,6,0.0,0.0,321.4
2023-24,Jefferson Lerma Solís,Crystal Palace,Midfielder,2399,1,1,8,0,5,240.0,366.1,417.6
2023-24,Jean-Philippe Mateta,Crystal Palace,Forward,2274,16,7,3,0,8,741.0,404.0,775.0
2023-24,Remi Matthews,Crystal Palace,Goalkeeper,3,0,0,0,0,0,0.0,0.0,1.0
2023-24,Tyrick Mitchell,Crystal Palace,Defender,3204,2,3,6,0,10,209.0,393.7,669.8
2023-24,Jake O'Brien,Crystal Palace,Defender,0,0,0,0,0,0,0.0,0.0,0.0
2023-24,Michael Olise,Crystal Palace,Midfielder,1272,10,6,0,0,3,556.0,568.7,627.6
2023-24,Luke Plange,Crystal Palace,Forward,0,0,0,0,0,0,0.0,0.0,0.0
2023-24,Chris Richards,Crystal Palace,Defender,2091,1,1,3,0,4,108.0,87.5,456.2
2023-24,Jairo Riedewald,Crystal Palace,Midfielder,228,0,0,0,0,1,14.0,9.3,24.6
2023-24,Jeffrey Schlupp,Crystal Palace,Midfielder,1340,2,2,1,0,4,229.0,234.2,279.8
2023-24,James Tomkins,Crystal Palace,Defender,8,0,0,0,0,0,0.0,0.3,3.0
2023-24,Joel Ward,Crystal Palace,Defender,1978,0,1,4,0,5,41.0,79.0,348.2
2023-24,Joe Whitworth,Crystal Palace,Goalkeeper,0,0,0,0,0,0,0.0,0.0,0.0
2023-24,Dean Henderson,Crystal Palace,Goalkeeper,1620,0,0,2,0,4,0.0,0.0,434.8
2023-24,Matheus França de Oliveira,Crystal Palace,Midfielder,224,0,2,1,0,0,53.0,77.7,36.4
2023-24,Jesurun Rak-Sakyi,Crystal Palace,Midfielder,132,0,0,0,0,1,58.0,28.2,23.2
2023-24,John-Kymani Gordon,Crystal Palace,Forward,0,0,0,0,0,0,0.0,0.0,0.0
2023-24,Ademola Ola-Adebomi,Crystal Palace,Forward,0,0,0,0,0,0,0.0,0.0,0.0
2023-24,David Ozoh,Crystal Palace,Midfielder,148,0,0,1,0,0,0.0,4.0,25.2
2023-24,Jadan Raymond,Crystal Palace,Midfielder,0,0,0,0,0,0,0.0,0.0,0.0
2023-24,Tayo Adaramola,Crystal Palace,Defender,0,0,0,0,0,0,0.0,0.0,0.0
2023-24,Daniel Muñoz,Crystal Palace,Defender,1440,0,4,4,0,5,119.0,265.6,331.0
2023-24,Adam Wharton,Crystal Palace,Midfielder,1296,0,3,2,0,7,29.0,287.9,255.0
2023-24,Franco Umeh-Chibueze,Crystal Palace,Forward,0,0,0,0,0,0,0.0,0.0,0.0
2023-24,Kaden Rodney,Crystal Palace,Midfielder,0,0,0,0,0,0,0.0,0.0,0.0
2023-24,Roshaun Mathurin,Crystal Palace,Midfielder,0,0,0,0,0,0,0.0,0.0,0.0
2023-24,André Tavares Gomes,Everton,Midfielder,505,1,0,4,0,3,81.0,88.3,72.8
2023-24,Jarrad Branthwaite,Everton,Defender,3116,3,1,8,0,12,185.0,67.2,789.4
2023-24,Dominic Calvert-Lewin,Everton,Forward,2166,7,3,2,0,13,901.0,255.6,403.0
2023-24,Seamus Coleman,Everton,Defender,661,0,0,0,0,4,6.0,49.9,108.6
2023-24,Dele Alli,Everton,Midfielder,0,0,0,0,0,0,0.0,0.0,0.0
2023-24,Abdoulaye Doucouré,Everton,Midfielder,2632,7,3,7,0,12,687.0,456.5,462.4
2023-24,James Garner,Everton,Midfielder,3001,1,2,7,0,11,244.0,663.1,526.6
2023-24,Jean-Philippe Gbamin,Everton,Midfielder,0,0,0,0,0,0,0.0,0.0,0.0
2023-24,Ben Godfrey,Everton,Defender,1120,0,0,2,0,4,156.0,64.9,221.4
2023-24,Demarai Gray,Everton,Midfielder,0,0,0,0,0,0,0.0,0.0,0.0
2023-24,Idrissa Gueye,Everton,Midfielder,1885,4,0,8,0,7,154.0,237.1,406.8
2023-24,Michael Keane,Everton,Defender,437,1,0,2,0,1,92.0,4.6,108.2
2023-24,Dwight McNeil,Everton,Midfielder,2891,3,8,2,0,12,400.0,1110.8,615.4
2023-24,Vitalii Mykolenko,Everton,Defender,2469,2,1,1,0,9,211.0,239.8,517.4
2023-24,Amadou Onana,Everton,Midfielder,2085,2,0,5,0,5,254.0,282.7,354.0
2023-24,Nathan Patterson,Everton,Defender,1000,0,2,4,0,2,26.0,138.2,207.2
2023-24,Jordan Pickford,Everton,Goalkeeper,3420,0,0,5,0,13,0.0,43.4,969.2
2023-24,Ellis Simms,Everton,Forward,0,0,0,0,0,0,0.0,0.0,0.0
2023-24,James Tarkowski,Everton,Defender,3420,1,1,11,0,13,320.0,269.6,915.4
2023-24,João Neves Virgínia,Everton,Goalkeeper,0,0,0,0,0,0,0.0,0.0,0.0
2023-24,Andy Lonergan,Everton,Goalkeeper,0,0,0,0,0,0,0.0,0.0,0.0
2023-24,Ashley Young,Everton,Defender,2277,0,1,5,1,9,87.0,365.2,284.8
2023-24,Arnaut Danjuma Groeneveld,Everton,Midfielder,587,1,0,0,0,2,271.0,79.3,73.6
2023-24,Lewis Dobbin,Everton,Midfielder,226,1,0,1,0,1,59.0,50.5,68.4
2023-24,Youssef Ramalho Chermiti,Everton,Forward,196,0,0,3,0,1,84.0,51.2,19.2
2023-24,Thomas Cannon,Everton,Forward,1,0,0,0,0,0,0.0,0.0,0.0
2023-24,Tyler Onyango,Everton,Midfielder,1,0,0,0,0,0,0.0,0.0,0.0
2023-24,Jack Harrison,Everton,Midfielder,2212,3,3,1,0,11,339.0,405.7,397.4
2023-24,Norberto Bercique Gomes Betuncal,Everton,Forward,943,3,0,2,0,2,425.0,139.6,158.8
2023-24,Mackenzie Hunt,Everton,Midfielder,0,0,0,0,0,0,0.0,0.0,0.0
2023-24,Jenson Metcalfe,Everton,Midfielder,0,0,0,0,0,0,0.0,0.0,0.0
2023-24,Elijah Campbell,Everton,Defender,0,0,0,0,0,0,0.0,0.0,0.0
2023-24,Lewis Warrington,Everton,Midfielder,1,0,0,0,0,0,0.0,0.0,0.0
2023-24,Billy Crellin,Everton,Goalkeeper,0,0,0,0,0,0,0.0,0.0,0.0
2023-24,Armando Broja,Fulham,Forward,529,1,2,0,0,3,152.0,70.3,75.6
2023-24,Alex Iwobi,Fulham,Midfielder,2331,5,2,2,0,7,534.0,718.8,504.2
2023-24,Andreas Hoelgebaum Pereira,Fulham,Midfielder,2611,3,9,6,0,14,417.0,1254.3,503.6
2023-24,Tom Cairney,Fulham,Midfielder,1472,1,6,3,0,4,170.0,407.2,335.2
2023-24,Ivan Neves Abreu Cavaleiro,Fulham,Midfielder,0,0,0,0,0,0,0.0,0.0,0.0
2023-24,Bobby De Cordova-Reid,Fulham,Midfielder,1410,6,3,4,0,3,325.0,255.3,330.6
2023-24,Issa Diop,Fulham,Defender,1423,0,0,2,1,5,37.0,20.5,348.8
2023-24,Tyrese Francois,Fulham,Midfielder,0,0,0,0,0,0,0.0,0.0,0.0
2023-24,Anthony Knockaert,Fulham,Midfielder,0,0,0,0,0,0,0.0,0.0,0.0
2023-24,Terence Kongolo,Fulham,Defender,0,0,0,0,0,0,0.0,0.0,0.0
2023-24,Bernd Leno,Fulham,Goalkeeper,3420,0,0,3,0,10,0.0,0.1,1069.8
2023-24,Saša Lukić,Fulham,Midfielder,1113,1,0,3,0,5,115.0,155.6,192.4
2023-24,Kevin Mbabu,Fulham,Defender,0,0,0,0,0,0,0.0,0.0,0.0
2023-24,Aleksandar Mitrović,Fulham,Forward,32,0,0,0,0,0,26.0,0.3,6.4
2023-24,Rodrigo Muniz Carvalho,Fulham,Forward,1589,9,2,1,0,6,875.0,213.1,409.0
2023-24,João Palhinha Gonçalves,Fulham,Midfielder,2698,4,1,13,0,9,365.0,219.0,659.2
2023-24,Tim Ream,Fulham,Defender,1503,1,0,2,1,3,45.0,18.2,339.8
2023-24,Harrison Reed,Fulham,Midfielder,1317,0,2,6,0,6,45.0,212.6,213.8
2023-24,Antonee Robinson,Fulham,Defender,3266,0,6,6,0,9,241.0,536.7,805.8
2023-24,Marek Rodák,Fulham,Goalkeeper,0,0,0,1,0,0,0.0,0.0,0.0
2023-24,Kenny Tete,Fulham,Defender,863,1,0,2,0,2,67.0,93.4,195.2
2023-24,Tosin Adarabioyo,Fulham,Defender,1616,2,0,2,0,6,152.0,39.3,431.8
2023-24,Carlos Vinícius Alves Morais,Fulham,Forward,306,2,0,2,0,0,139.0,61.3,83.6
2023-24,Harry Wilson,Fulham,Midfielder,1603,4,7,6,0,5,340.0,357.3,375.0
2023-24,Raúl Jiménez,Fulham,Forward,1390,7,0,3,1,4,440.0,185.9,335.8
2023-24,Willian Borges da Silva,Fulham,Midfielder,2048,4,3,1,0,9,439.0,701.3,416.4
2023-24,Calvin Bassey,Fulham,Defender,2299,1,0,4,1,6,50.0,34.8,462.8
2023-24,Luc De Fougerolles,Fulham,Defender,0,0,0,0,0,0,0.0,0.0,0.0
2023-24,Jay Stansfield,Fulham,Forward,0,0,0,0,0,0,0.0,0.0,0.0
2023-24,Matthew Dibley-Dias,Fulham,Midfielder,0,0,0,0,0,0,0.0,0.0,0.0
2023-24,Adama Traoré,Fulham,Midfielder,363,2,3,2,0,0,140.0,108.1,164.2
2023-24,Luke Harris,Fulham,Midfielder,74,0,0,0,0,0,17.0,0.7,3.2
2023-24,Timothy Castagne,Fulham,Defender,2630,1,3,3,0,9,229.0,295.0,494.4
2023-24,Steven Benda,Fulham,Goalkeeper,0,0,0,0,0,0,0.0,0.0,0.0
2023-24,Fodé Ballo-Touré,Fulham,Defender,65,0,0,1,0,0,2.0,2.2,13.6
2023-24,Devan Tanton,Fulham,Defender,0,0,0,0,0,0,0.0,0.0,0.0
2023-24,Kristian Sekularac,Fulham,Midfielder,0,0,0,0,0,0,0.0,0.0,0.0
2023-24,Joshua King,Fulham,Midfielder,0,0,0,0,0,0,0.0,0.0,0.0
2023-24,Adrián San Miguel del Castillo,Liverpool,Goalkeeper,0,0,0,0,0,0,0.0,0.0,0.0
2023-24,Trent Alexander-Arnold,Liverpool,Defender,2153,3,5,6,0,8,237.0,1027.5,601.8
2023-24,Alisson Ramses Becker,Liverpool,Goalkeeper,2520,0,0,1,0,8,0.0,10.4,671.2
2023-24,Stefan Bajcetic,Liverpool,Midfielder,25,0,0,0,0,0,0.0,0.3,7.8
2023-24,Darwin Núñez Ribeiro,Liverpool,Forward,2033,11,11,9,0,6,1223.0,439.1,660.8
2023-24,Diogo Teixeira da Silva,Liverpool,Midfielder,1141,10,7,1,1,5,639.0,290.2,483.8
2023-24,Harvey Elliott,Liverpool,Midfielder,1330,3,9,2,0,4,391.0,570.0,417.2
2023-24,Fabio Henrique Tavares,Liverpool,Midfielder,0,0,0,0,0,0,0.0,0.0,0.0
2023-24,Cody Gakpo,Liverpool,Forward,1633,8,5,1,0,5,708.0,348.2,521.4
2023-24,Joe Gomez,Liverpool,Defender,1772,0,2,5,0,7,119.0,338.3,316.0
2023-24,Jordan Henderson,Liverpool,Midfielder,0,0,0,0,0,0,0.0,0.0,0.0
2023-24,Curtis Jones,Liverpool,Midfielder,1156,1,1,3,1,2,195.0,203.2,174.0
2023-24,Caoimhin Kelleher,Liverpool,Goalkeeper,900,0,0,0,0,2,0.0,10.0,261.2
2023-24,Ibrahima Konaté,Liverpool,Defender,1570,0,0,3,1,6,87.0,139.9,357.4
2023-24,Luis Díaz,Liverpool,Midfielder,2625,8,7,3,0,7,1190.0,844.0,613.0
2023-24,Alexis Mac Allister,Liverpool,Midfielder,2600,5,5,7,1,6,224.0,726.7,712.4
2023-24,Joel Matip,Liverpool,Defender,779,0,0,2,0,2,35.0,33.3,192.8
2023-24,Nathaniel Phillips,Liverpool,Defender,0,0,0,0,0,0,0.0,0.0,0.0
2023-24,Andrew Robertson,Liverpool,Defender,1689,3,2,2,0,3,230.0,936.1,552.2
2023-24,Mohamed Salah,Liverpool,Midfielder,2531,18,12,2,0,8,1531.0,892.2,1033.8
2023-24,Dominik Szoboszlai,Liverpool,Midfielder,2102,3,4,1,0,8,377.0,830.0,423.4
2023-24,Thiago Alcántara do Nascimento,Liverpool,Midfielder,5,0,0,0,0,0,0.0,0.4,0.6
2023-24,Konstantinos Tsimikas,Liverpool,Defender,675,0,3,0,0,4,35.0,267.5,158.8
2023-24,Sepp van den Berg,Liverpool,Defender,0,0,0,0,0,0,0.0,0.0,0.0
2023-24,Virgil van Dijk,Liverpool,Defender,3177,2,2,3,1,9,449.0,176.3,911.2
2023-24,Jarell Quansah,Liverpool,Defender,1188,2,0,1,0,2,104.0,58.8,331.6
2023-24,Bobby Clark,Liverpool,Midfielder,86,0,0,0,0,0,19.0,5.3,11.6
2023-24,Ben Doak,Liverpool,Midfielder,13,0,0,0,0,0,0.0,0.8,0.2
2023-24,James McConnell,Liverpool,Midfielder,3,0,0,0,0,0,0.0,0.4,1.0
2023-24,Wataru Endo,Liverpool,Midfielder,1714,1,0,10,0,6,53.0,269.5,281.6
2023-24,Ryan Gravenberch,Liverpool,Midfielder,1110,1,0,0,0,3,198.0,229.4,187.0
2023-24,Luke Chambers,Liverpool,Defender,0,0,0,0,0,0,0.0,0.0,0.0
2023-24,Callum Scanlon,Liverpool,Defender,0,0,0,0,0,0,0.0,0.0,0.0
2023-24,Treymaurice Nyoni,Liverpool,Midfielder,0,0,0,0,0,0,0.0,0.0,0.0
2023-24,Marcelo de Araújo Pitaluga Filho,Liverpool,Goalkeeper,0,0,0,0,0,0,0.0,0.0,0.0
2023-24,Conor Bradley,Liverpool,Defender,752,1,3,2,0,3,160.0,215.8,230.4
2023-24,Owen Beck,Liverpool,Defender,7,0,0,0,0,0,0.0,0.3,5.0
2023-24,Kaide Gordon,Liverpool,Midfielder,1,0,0,0,0,0,2.0,0.3,0.2
2023-24,Lewis Koumas,Liverpool,Forward,0,0,0,0,0,0,0.0,0.0,0.0
2023-24,Fabian Mrozek,Liverpool,Goalkeeper,0,0,0,0,0,0,0.0,0.0,0.0
2023-24,Jayden Danns,Liverpool,Forward,7,0,0,1,0,0,0.0,3.7,0.0
2023-24,Amara Nallo,Liverpool,Defender,0,0,0,0,0,0,0.0,0.0,0.0
2023-24,Albert Sambi Lokonga,Luton,Midfielder,1304,1,3,4,0,2,56.0,154.9,289.8
2023-24,Marvelous Nakamba,Luton,Midfielder,1131,0,0,5,0,0,14.0,102.8,146.4
2023-24,Elijah Adebayo,Luton,Forward,1405,10,1,1,0,2,527.0,177.0,413.6
2023-24,Mads Juel Andersen,Luton,Defender,397,1,0,1,0,0,27.0,1.8,126.8
2023-24,Amari'i Bell,Luton,Defender,1720,0,0,0,0,2,50.0,119.6,358.2
2023-24,Luke Berry,Luton,Midfielder,309,2,1,1,0,0,117.0,29.7,112.6
2023-24,Reece Burke,Luton,Defender,1659,0,4,5,0,1,131.0,172.4,406.4
2023-24,Allan Campbell,Luton,Midfielder,0,0,0,0,0,0,0.0,0.0,0.0
2023-24,Jordan Clark,Luton,Midfielder,1297,1,1,4,0,1,177.0,187.5,198.8
2023-24,Alfie Doughty,Luton,Defender,2923,2,10,5,0,2,318.0,1126.0,690.4
2023-24,Luke Freeman,Luton,Midfielder,0,0,0,0,0,0,0.0,0.0,0.0
2023-24,Matt Macey,Luton,Goalkeeper,0,0,0,0,0,0,0.0,0.0,0.0
2023-24,John McAtee,Luton,Forward,0,0,0,0,0,0,0.0,0.0,0.0
2023-24,Carlos Mendes Gomes,Luton,Midfielder,0,0,0,0,0,0,0.0,0.0,0.0
2023-24,Carlton Morris,Luton,Forward,2859,11,6,4,0,3,908.0,305.6,620.2
2023-24,Admiral Muskwe,Luton,Forward,0,0,0,0,0,0,0.0,0.0,0.0
2023-24,Chiedozie Ogbene,Luton,Forward,1987,4,4,1,0,2,486.0,378.3,412.6
2023-24,Fred Onyedinma,Luton,Midfielder,403,0,0,1,0,0,71.0,32.8,36.2
2023-24,Gabriel Osho,Luton,Defender,1846,2,0,3,0,2,103.0,37.9,448.6
2023-24,Aribim Pepple,Luton,Forward,0,0,0,0,0,0,0.0,0.0,0.0
2023-24,Dion Pereira,Luton,Midfielder,0,0,0,0,0,0,0.0,0.0,0.0
2023-24,Dan Potts,Luton,Defender,0,0,0,0,0,0,0.0,0.0,0.0
2023-24,Glen Rea,Luton,Midfielder,0,0,0,0,0,0,0.0,0.0,0.0
2023-24,James Shea,Luton,Goalkeeper,14,0,0,0,0,0,0.0,0.0,11.0
2023-24,Joe Taylor,Luton,Forward,0,0,0,0,0,0,0.0,0.0,0.0
2023-24,Elliot Thorpe,Luton,Midfielder,0,0,0,0,0,0,0.0,0.0,0.0
2023-24,Jack Walton,Luton,Goalkeeper,0,0,0,0,0,0,0.0,0.0,0.0
2023-24,Louie Watson,Luton,Midfielder,0,0,0,0,0,0,0.0,0.0,0.0
2023-24,Cauley Woodrow,Luton,Forward,406,1,1,2,0,0,103.0,127.1,127.0
2023-24,Teden Mengi,Luton,Defender,2467,1,0,3,0,1,95.0,83.0,579.6
2023-24,Ryan Giles,Luton,Defender,498,0,0,0,0,0,38.0,108.7,83.2
2023-24,Tom Lockyer,Luton,Defender,1169,1,1,4,0,0,80.0,39.2,286.2
2023-24,Pelly Ruddock Mpanzu,Luton,Midfielder,1085,0,0,1,0,1,70.0,102.3,108.8
2023-24,Tahith Chong,Luton,Midfielder,1972,4,2,4,0,0,310.0,206.3,303.6
2023-24,Issa Kaboré,Luton,Defender,1727,0,3,7,0,0,62.0,253.0,326.6
2023-24,Thomas Kaminski,Luton,Goalkeeper,3405,0,0,3,0,2,0.0,10.0,1116.6
2023-24,Ross Barkley,Luton,Midfielder,2616,5,5,6,0,2,379.0,622.8,687.4
2023-24,Jacob Brown,Luton,Forward,1013,2,1,4,0,1,249.0,116.4,162.6
2023-24,Aidan Francis-Clarke,Luton,Defender,0,0,0,0,0,0,0.0,0.0,0.0
2023-24,Tim Krul,Luton,Goalkeeper,0,0,0,0,0,0,0.0,0.0,0.0
2023-24,Joseph Johnson,Luton,Defender,75,0,0,1,0,0,0.0,0.9,1.0
2023-24,Andros Townsend,Luton,Midfielder,1197,1,4,1,0,3,148.0,293.6,221.4
2023-24,Jayden Luker,Luton,Midfielder,0,0,0,0,0,0,0.0,0.0,0.0
2023-24,Zack Nelson,Luton,Midfielder,4,0,0,0,0,0,0.0,0.1,2.0
2023-24,Daiki Hashioka,Luton,Defender,592,0,0,0,0,0,8.0,51.9,101.4
2023-24,Axel Piesold,Luton,Midfielder,0,0,0,0,0,0,0.0,0.0,0.0
2023-24,Dominic Dos Santos Martins,Luton,Midfielder,0,0,0,0,0,0,0.0,0.0,0.0
2023-24,Christian Chigozie,Luton,Defender,0,0,0,0,0,0,0.0,0.0,0.0
2023-24,Taylan Harris,Luton,Forward,0,0,0,0,0,0,0.0,0.0,0.0
2023-24,Manuel Akanji,Man City,Defender,2512,2,0,2,1,11,137.0,298.7,536.4
2023-24,Nathan Aké,Man City,Defender,2039,2,3,0,0,6,249.0,197.7,447.2
2023-24,Julián Álvarez,Man City,Forward,2644,11,11,2,0,12,992.0,1005.2,737.0
2023-24,Bernardo Veiga de Carvalho e Silva,Man City,Midfielder,2576,6,9,8,0,10,570.0,959.5,747.4
2023-24,Oscar Bobb,Man City,Midfielder,294,1,2,0,0,1,107.0,147.1,105.4
2023-24,João Cancelo,Man City,Defender,0,0,0,0,0,0,0.0,0.0,0.0
2023-24,Scott Carson,Man City,Goalkeeper,0,0,0,0,0,0,0.0,0.0,0.0
2023-24,Shea Charles,Man City,Midfielder,0,0,0,0,0,0,0.0,0.0,0.0
2023-24,Kevin De Bruyne,Man City,Midfielder,1219,4,10,2,0,7,406.0,901.1,527.6
2023-24,Rúben Gato Alves Dias,Man City,Defender,2557,0,0,0,0,9,225.0,208.5,578.4
2023-24,Ederson Santana de Moraes,Man City,Goalkeeper,2785,0,0,5,0,11,0.0,10.0,551.8
2023-24,Phil Foden,Man City,Midfielder,2860,19,8,2,0,14,1172.0,1157.8,1154.8
2023-24,Jack Grealish,Man City,Midfielder,998,3,1,6,0,3,295.0,384.1,240.4
2023-24,Erling Haaland,Man City,Forward,2553,27,8,1,0,11,1581.0,367.2,1094.6
2023-24,Mateo Kovačić,Man City,Midfielder,1539,1,0,4,0,9,129.0,365.9,265.0
2023-24,Aymeric Laporte,Man City,Defender,11,0,0,0,0,0,17.0,0.1,11.4
2023-24,Rico Lewis,Man City,Defender,804,2,0,1,0,4,114.0,195.9,148.0
2023-24,Riyad Mahrez,Man City,Midfielder,0,0,0,0,0,0,0.0,0.0,0.0
2023-24,Stefan Ortega Moreno,Man City,Goalkeeper,632,0,0,0,0,1,0.0,0.0,171.2
2023-24,Máximo Perrone,Man City,Midfielder,0,0,0,0,0,0,0.0,0.0,0.0
2023-24,Rodrigo Hernandez,Man City,Midfielder,2931,8,10,8,1,14,484.0,894.8,1043.8
2023-24,Sergio Gómez,Man City,Defender,48,0,1,0,0,0,10.0,23.0,22.6
2023-24,Zack Steffen,Man City,Goalkeeper,0,0,0,0,0,0,0.0,0.0,0.0
2023-24,John Stones,Man City,Defender,1061,1,0,2,0,5,70.0,128.4,188.4
2023-24,Kyle Walker,Man City,Defender,2766,0,5,2,0,10,126.0,534.1,465.4
2023-24,Matheus Luiz Nunes,Man City,Midfielder,831,0,2,0,1,2,150.0,221.3,146.0
2023-24,Joško Gvardiol,Man City,Defender,2327,4,2,3,0,9,389.0,362.2,544.4
2023-24,Jérémy Doku,Man City,Midfielder,1585,3,10,3,0,1,875.0,640.2,524.2
2023-24,Mahamadou Susoho,Man City,Midfielder,0,0,0,0,0,0,0.0,0.0,0.0
2023-24,Micah Hamilton,Man City,Midfielder,0,0,0,0,0,0,0.0,0.0,0.0
2023-24,Jacob Wright,Man City,Midfielder,0,0,0,0,0,0,0.0,0.0,0.0
2023-24,Mason Mount,Man Utd,Midfielder,509,1,0,2,0,1,64.0,107.6,105.8
2023-24,Alex Telles,Man Utd,Defender,0,0,0,0,0,0,0.0,0.0,0.0
2023-24,Amad Diallo,Man Utd,Midfielder,385,1,1,1,0,1,114.0,123.8,117.0
2023-24,Antony Matheus dos Santos,Man Utd,Midfielder,1311,1,1,5,0,3,347.0,327.7,247.8
2023-24,Bruno Borges Fernandes,Man Utd,Midfielder,3118,10,9,9,0,7,748.0,1663.0,1101.6
2023-24,Brandon Williams,Man Utd,Defender,0,0,0,0,0,0,0.0,0.0,0.0
2023-24,Eric Bailly,Man Utd,Defender,0,0,0,0,0,0,0.0,0.0,0.0
2023-24,Carlos Henrique Casimiro,Man Utd,Midfielder,1981,1,3,7,0,5,323.0,247.9,628.4
2023-24,Diogo Dalot Teixeira,Man Utd,Defender,3174,2,3,4,1,8,212.0,590.8,738.6
2023-24,Christian Eriksen,Man Utd,Midfielder,1134,1,2,1,0,2,93.0,400.5,255.4
2023-24,Álvaro Fernández Carreras,Man Utd,Defender,0,0,0,0,0,0,0.0,0.0,0.0
2023-24,Frederico Rodrigues de Paula Santos,Man Utd,Midfielder,0,0,0,0,0,0,0.0,0.0,0.0
2023-24,Alejandro Garnacho,Man Utd,Midfielder,2564,7,7,4,0,8,1103.0,616.8,527.2
2023-24,Hannibal Mejbri,Man Utd,Midfielder,131,1,0,1,0,1,13.0,29.8,48.2
2023-24,Tom Heaton,Man Utd,Goalkeeper,0,0,0,0,0,0,0.0,0.0,0.0
2023-24,Victor Lindelöf,Man Utd,Defender,1328,1,1,2,0,5,105.0,125.9,263.8
2023-24,Harry Maguire,Man Utd,Defender,1650,2,4,3,0,4,192.0,90.9,493.4
2023-24,Kobbie Mainoo,Man Utd,Midfielder,1927,3,1,3,0,7,134.0,256.7,413.4
2023-24,Tyrell Malacia,Man Utd,Defender,0,0,0,0,0,0,0.0,0.0,0.0
2023-24,Anthony Martial,Man Utd,Forward,439,1,1,0,0,1,97.0,85.0,67.2
2023-24,Lisandro Martínez,Man Utd,Defender,643,0,1,3,0,1,4.0,45.7,144.4
2023-24,Scott McTominay,Man Utd,Midfielder,1891,7,1,2,0,7,492.0,179.5,539.4
2023-24,Facundo Pellistri Rebollo,Man Utd,Midfielder,164,0,1,0,0,0,66.0,19.3,47.0
2023-24,Raphaël Varane,Man Utd,Defender,1370,1,0,2,0,3,85.0,35.3,356.2
2023-24,Marcus Rashford,Man Utd,Midfielder,2264,7,3,2,0,7,672.0,358.6,453.2
2023-24,Jadon Sancho,Man Utd,Midfielder,76,0,0,0,0,0,12.0,14.8,9.8
2023-24,Luke Shaw,Man Utd,Defender,960,0,1,6,0,4,29.0,199.3,197.2
2023-24,Shola Shoretire,Man Utd,Forward,0,0,0,0,0,0,0.0,0.0,0.0
2023-24,Donny van de Beek,Man Utd,Midfielder,2,0,0,0,0,0,6.0,10.3,0.0
2023-24,Aaron Wan-Bissaka,Man Utd,Defender,1778,0,2,4,0,3,60.0,196.5,397.8
2023-24,André Onana,Man Utd,Goalkeeper,3420,0,0,5,0,9,0.0,33.2,1167.8
2023-24,Rasmus Højlund,Man Utd,Forward,2156,10,2,2,0,6,648.0,345.8,480.6
2023-24,Omari Forson,Man Utd,Midfielder,67,0,1,0,0,0,4.0,23.6,24.2
2023-24,Radek Vítek,Man Utd,Goalkeeper,0,0,0,0,0,0,0.0,0.0,0.0
2023-24,Daniel Gore,Man Utd,Midfielder,1,0,0,0,0,0,0.0,0.0,3.0
2023-24,Altay Bayindir,Man Utd,Goalkeeper,0,0,0,0,0,0,0.0,0.0,0.0
2023-24,Jonny Evans,Man Utd,Defender,1389,0,1,2,0,4,21.0,81.2,330.8
2023-24,Sofyan Amrabat,Man Utd,Midfielder,929,0,0,6,0,2,6.0,102.5,159.0
2023-24,Joe Hugill,Man Utd,Forward,0,0,0,0,0,0,0.0,0.0,0.0
2023-24,Willy Kambwala,Man Utd,Defender,325,0,0,1,0,0,0.0,2.4,53.8
2023-24,Rhys Bennett,Man Utd,Defender,0,0,0,0,0,0,0.0,0.0,0.0
2023-24,Toby Collyer,Man Utd,Midfielder,0,0,0,0,0,0,0.0,0.0,0.0
2023-24,Habeeb Ogunneye,Man Utd,Defender,0,0,0,0,0,0,0.0,0.0,0.0
2023-24,Dermot Mee,Man Utd,Goalkeeper,0,0,0,0,0,0,0.0,0.0,0.0
2023-24,Harry Amass,Man Utd,Defender,0,0,0,0,0,0,0.0,0.0,0.0
2023-24,Ethan Wheatley,Man Utd,Forward,13,0,0,0,0,0,0.0,0.0,2.0
2023-24,Louis Jackson,Man Utd,Defender,0,0,0,0,0,0,0.0,0.0,0.0
2023-24,Lewis Hall,Newcastle,Defender,773,1,0,2,0,2,85.0,69.1,194.8
2023-24,Miguel Almirón Rejala,Newcastle,Midfielder,1930,3,1,2,0,5,434.0,369.7,299.8
2023-24,Elliot Anderson,Newcastle,Midfielder,1018,0,2,3,0,5,201.0,223.7,187.4
2023-24,Harrison Ashby,Newcastle,Defender,0,0,0,0,0,0,0.0,0.0,0.0
2023-24,Sven Botman,Newcastle,Defender,1375,2,2,2,0,3,104.0,62.9,386.8
2023-24,Bruno Guimarães Rodriguez Moura,Newcastle,Midfielder,3264,7,9,8,0,10,489.0,948.7,968.4
2023-24,Dan Burn,Newcastle,Defender,2725,2,2,4,0,8,286.0,153.8,656.4
2023-24,Karl Darlow,Newcastle,Goalkeeper,0,0,0,0,0,0,0.0,0.0,0.0
2023-24,Martin Dubravka,Newcastle,Goalkeeper,1984,0,0,1,0,4,0.0,10.0,661.0
2023-24,Ryan Fraser,Newcastle,Midfielder,0,0,0,0,0,0,0.0,0.0,0.0
2023-24,Mark Gillespie,Newcastle,Goalkeeper,0,0,0,0,0,0,0.0,0.0,0.0
2023-24,Anthony Gordon,Newcastle,Midfielder,2896,11,16,10,1,12,905.0,843.7,822.6
2023-24,Isaac Hayden,Newcastle,Midfielder,0,0,0,0,0,0,0.0,0.0,0.0
2023-24,Jeff Hendrick,Newcastle,Midfielder,0,0,0,0,0,0,0.0,0.0,0.0
2023-24,Alexander Isak,Newcastle,Forward,2253,21,4,1,0,7,1054.0,362.5,877.4
2023-24,Joelinton Cássio Apolinário de Lira,Newcastle,Midfielder,1276,2,1,6,0,3,206.0,314.9,295.2
2023-24,Emil Krafth,Newcastle,Defender,909,0,0,2,0,3,28.0,145.4,164.2
2023-24,Garang Kuol,Newcastle,Midfielder,0,0,0,0,0,0,0.0,0.0,0.0
2023-24,Jamaal Lascelles,Newcastle,Defender,1077,1,0,4,0,5,69.0,35.4,233.0
2023-24,Jamal Lewis,Newcastle,Defender,0,0,0,0,0,0,0.0,0.0,0.0
2023-24,Sean Longstaff,Newcastle,Midfielder,2742,6,3,7,0,10,479.0,357.1,550.0
2023-24,Javier Manquillo Gaitán,Newcastle,Defender,0,0,0,0,0,0,0.0,0.0,0.0
2023-24,Jacob Murphy,Newcastle,Midfielder,1184,3,8,1,0,5,270.0,453.4,377.8
2023-24,Nick Pope,Newcastle,Goalkeeper,1345,0,0,1,0,6,4.0,0.0,323.0
2023-24,Matt Ritchie,Newcastle,Midfielder,120,1,0,1,0,0,106.0,9.1,70.0
2023-24,Allan Saint-Maximin,Newcastle,Midfielder,0,0,0,0,0,0,0.0,0.0,0.0
2023-24,Fabian Schär,Newcastle,Defender,3055,4,3,5,0,9,278.0,166.7,826.6
2023-24,Matt Targett,Newcastle,Defender,77,0,0,1,0,0,0.0,11.9,9.2
2023-24,Sandro Tonali,Newcastle,Midfielder,437,1,0,2,0,1,50.0,105.0,81.8
2023-24,Kieran Trippier,Newcastle,Defender,2235,1,10,5,0,6,102.0,1028.5,719.0
2023-24,Kell Watts,Newcastle,Defender,0,0,0,0,0,0,0.0,0.0,0.0
2023-24,Joe Willock,Newcastle,Midfielder,415,1,0,0,0,1,106.0,92.5,89.8
2023-24,Callum Wilson,Newcastle,Forward,981,9,1,3,0,6,563.0,110.3,366.2
2023-24,Loris Karius,Newcastle,Goalkeeper,90,0,0,0,0,0,0.0,0.0,31.8
2023-24,Paul Dummett,Newcastle,Defender,18,0,0,0,0,0,4.0,1.1,5.2
2023-24,Harvey Barnes,Newcastle,Midfielder,788,5,3,2,0,2,334.0,181.5,279.2
2023-24,Tino Livramento,Newcastle,Defender,1302,1,0,1,0,2,96.0,193.9,292.0
2023-24,Alex Murphy,Newcastle,Defender,11,0,0,0,0,0,0.0,1.0,2.6
2023-24,Lewis Miley,Newcastle,Midfielder,1203,1,3,1,0,1,136.0,192.8,237.4
2023-24,Amadou Diallo,Newcastle,Midfielder,1,0,0,0,0,0,0.0,0.0,0.0
2023-24,Ben Parkinson,Newcastle,Forward,24,0,0,0,0,0,0.0,0.0,2.0
2023-24,Michael Ndiweni,Newcastle,Forward,1,0,0,0,0,0,0.0,0.0,0.2
2023-24,Joe White,Newcastle,Midfielder,12,0,0,1,0,0,0.0,1.1,0.8
2023-24,Travis Hernes,Newcastle,Midfielder,0,0,0,0,0,0,0.0,0.0,0.0
2023-24,Nuno Varela Tavares,Nott'm Forest,Defender,454,0,0,2,0,1,28.0,48.8,61.8
2023-24,Matt Turner,Nott'm Forest,Goalkeeper,1530,0,0,2,0,2,0.0,0.0,379.6
2023-24,Callum Hudson-Odoi,Nott'm Forest,Midfielder,1846,8,2,0,0,2,444.0,514.2,489.0
2023-24,Anthony Elanga,Nott'm Forest,Midfielder,2424,5,9,1,0,2,618.0,441.6,536.4
2023-24,Brandon Aguilera Zamora,Nott'm Forest,Midfielder,4,0,0,0,0,0,0.0,1.6,0.0
2023-24,Harry Arter,Nott'm Forest,Midfielder,0,0,0,0,0,0,0.0,0.0,0.0
2023-24,Serge Aurier,Nott'm Forest,Defender,831,0,2,2,0,1,45.0,84.8,187.6
2023-24,Taiwo Awoniyi,Nott'm Forest,Forward,1036,6,3,2,0,3,308.0,134.4,303.2
2023-24,Giulian Biancone,Nott'm Forest,Defender,0,0,0,0,0,0,0.0,0.0,0.0
2023-24,Willy Boly,Nott'm Forest,Defender,1437,2,1,1,1,3,200.0,100.5,480.0
2023-24,Josh Bowler,Nott'm Forest,Midfielder,0,0,0,0,0,0,0.0,0.0,0.0
2023-24,Steve Cook,Nott'm Forest,Defender,0,0,0,0,0,0,0.0,0.0,0.0
2023-24,Danilo dos Santos de Oliveira,Nott'm Forest,Midfielder,1787,2,2,4,0,1,137.0,277.6,368.0
2023-24,Emmanuel Dennis,Nott'm Forest,Forward,0,0,0,0,0,0,0.0,0.0,0.0
2023-24,Mohamed Dräger,Nott'm Forest,Defender,0,0,0,0,0,0,0.0,0.0,0.0
2023-24,Felipe Augusto de Almeida Monteiro,Nott'm Forest,Defender,372,0,0,4,0,1,18.0,23.2,61.2
2023-24,Remo Freuler,Nott'm Forest,Midfielder,0,0,0,0,0,0,0.0,0.0,0.0
2023-24,Morgan Gibbs-White,Nott'm Forest,Midfielder,3156,5,12,9,0,5,495.0,1155.2,703.2
2023-24,Wayne Hennessey,Nott'm Forest,Goalkeeper,0,0,0,0,0,0,0.0,0.0,0.0
2023-24,Ethan Horvath,Nott'm Forest,Goalkeeper,0,0,0,0,0,0,0.0,0.0,0.0
2023-24,Cheikhou Kouyaté,Nott'm Forest,Midfielder,206,0,0,2,0,0,25.0,14.3,36.0
2023-24,Richie Laryea,Nott'm Forest,Defender,0,0,0,0,0,0,0.0,0.0,0.0
2023-24,Orel Mangala,Nott'm Forest,Midfielder,1562,1,0,6,0,3,44.0,108.7,208.0
2023-24,Loïc Mbe Soh,Nott'm Forest,Defender,0,0,0,0,0,0,0.0,0.0,0.0
2023-24,Scott McKenna,Nott'm Forest,Defender,416,0,0,0,0,1,17.0,32.4,89.0
2023-24,Alex Mighten,Nott'm Forest,Midfielder,0,0,0,0,0,0,0.0,0.0,0.0
2023-24,Moussa Niakhaté,Nott'm Forest,Defender,1456,1,0,3,1,1,55.0,51.7,316.6
2023-24,Lewis O'Brien,Nott'm Forest,Midfielder,0,0,0,0,0,0,0.0,0.0,0.0
2023-24,Braian Ojeda Rodríguez,Nott'm Forest,Midfielder,0,0,0,0,0,0,0.0,0.0,0.0
2023-24,Jonathan Panzo,Nott'm Forest,Defender,0,0,0,0,0,0,0.0,0.0,0.0
2023-24,Omar Richards,Nott'm Forest,Defender,0,0,0,0,0,0,0.0,0.0,0.0
2023-24,Gustavo Henrique Furtado Scarpa,Nott'm Forest,Midfielder,0,0,0,0,0,0,0.0,0.0,0.0
2023-24,Jonjo Shelvey,Nott'm Forest,Midfielder,0,0,0,0,0,0,0.0,0.0,0.0
2023-24,Sam Surridge,Nott'm Forest,Forward,0,0,0,0,0,0,0.0,0.0,0.0
2023-24,Harry Toffolo,Nott'm Forest,Defender,1452,1,3,3,0,2,171.0,268.4,355.0
2023-24,Hwang Ui-jo,Nott'm Forest,Forward,0,0,0,0,0,0,0.0,0.0,0.0
2023-24,Neco Williams,Nott'm Forest,Defender,1630,0,1,4,0,1,139.0,195.2,393.4
2023-24,Chris Wood,Nott'm Forest,Forward,1801,14,1,0,0,2,795.0,281.1,598.2
2023-24,Joe Worrall,Nott'm Forest,Defender,438,0,0,0,1,1,18.0,22.1,90.0
2023-24,Ryan Yates,Nott'm Forest,Midfielder,1979,1,1,6,0,1,258.0,133.8,330.4
2023-24,Olu Aina,Nott'm Forest,Defender,1690,1,1,3,0,2,49.0,181.7,312.0
2023-24,George Shelvey,Nott'm Forest,Goalkeeper,0,0,0,0,0,0,0.0,0.0,0.0
2023-24,Josh Powell,Nott'm Forest,Defender,0,0,0,0,0,0,0.0,0.0,0.0
2023-24,Gonzalo Montiel,Nott'm Forest,Defender,796,0,2,5,0,1,32.0,118.3,170.6
2023-24,Murillo Santiago Costa dos Santos,Nott'm Forest,Defender,2790,0,2,5,0,3,164.0,115.0,678.4
2023-24,Odysseas Vlachodimos,Nott'm Forest,Goalkeeper,450,0,0,0,0,1,0.0,10.0,101.8
2023-24,Andrew Omobamidele,Nott'm Forest,Defender,782,0,0,2,0,0,16.0,25.1,148.6
2023-24,Nicolás Domínguez,Nott'm Forest,Midfielder,1489,2,2,4,0,6,187.0,176.2,340.4
2023-24,Ibrahim Sangaré,Nott'm Forest,Midfielder,1031,0,0,6,0,4,43.0,112.9,168.8
2023-24,Divock Origi,Nott'm Forest,Forward,594,0,1,1,0,2,99.0,107.8,50.4
2023-24,Jamie McDonnell,Nott'm Forest,Midfielder,0,0,0,0,0,0,0.0,0.0,0.0
2023-24,Detlef Esapa Osong,Nott'm Forest,Forward,0,0,0,0,0,0,0.0,0.0,0.0
2023-24,Joe Gardner,Nott'm Forest,Forward,0,0,0,0,0,0,0.0,0.0,0.0
2023-24,Giovanni Reyna,Nott'm Forest,Midfielder,228,0,1,0,0,0,55.0,102.7,55.0
2023-24,Matz Sels,Nott'm Forest,Goalkeeper,1440,0,0,1,0,1,0.0,10.0,293.2
2023-24,Rodrigo Duarte Ribeiro,Nott'm Forest,Forward,14,0,0,0,0,0,6.0,1.3,1.2
2023-24,Auston Trusty,Sheffield Utd,Defender,2568,0,0,4,0,1,106.0,107.3,517.4
2023-24,Cameron Archer,Sheffield Utd,Forward,1829,4,3,2,0,2,353.0,309.3,266.0
2023-24,Mason Holgate,Sheffield Utd,Defender,711,0,0,3,1,0,19.0,22.7,117.8
2023-24,James McAtee,Sheffield Utd,Midfielder,1815,3,4,2,0,2,333.0,394.4,333.8
2023-24,Anel Ahmedhodžić,Sheffield Utd,Defender,2649,2,0,9,1,1,228.0,96.7,568.4
2023-24,Jordan Amissah,Sheffield Utd,Goalkeeper,0,0,0,0,0,0,0.0,0.0,0.0
2023-24,George Baldock,Sheffield Utd,Defender,968,0,2,4,0,0,21.0,102.6,173.6
2023-24,Chris Basham,Sheffield Utd,Defender,316,0,0,1,0,0,14.0,27.4,69.2
2023-24,Jayden Bogle,Sheffield Utd,Defender,2787,3,3,9,0,3,339.0,183.5,514.4
2023-24,Rhian Brewster,Sheffield Utd,Forward,338,0,0,0,1,0,85.0,28.3,21.0
2023-24,Ismaila Coulibaly,Sheffield Utd,Midfielder,0,0,0,0,0,0,0.0,0.0,0.0
2023-24,Adam Davies,Sheffield Utd,Goalkeeper,0,0,0,0,0,0,0.0,0.0,0.0
2023-24,John Egan,Sheffield Utd,Defender,482,0,0,2,0,0,38.0,1.4,91.2
2023-24,John Fleck,Sheffield Utd,Midfielder,89,0,0,1,0,0,2.0,26.0,5.4
2023-24,Wes Foderingham,Sheffield Utd,Goalkeeper,2648,0,0,2,0,1,0.0,10.0,966.0
2023-24,Daniel Jebbison,Sheffield Utd,Forward,20,0,0,0,0,0,4.0,0.1,0.0
2023-24,Max Lowe,Sheffield Utd,Defender,498,0,1,1,0,0,18.0,31.9,102.2
2023-24,Oliver McBurnie,Sheffield Utd,Forward,1279,6,3,3,2,1,501.0,195.9,377.4
2023-24,Iliman Ndiaye,Sheffield Utd,Forward,0,0,0,0,0,0,0.0,0.0,0.0
2023-24,Rhys Norrington-Davies,Sheffield Utd,Defender,109,0,0,1,0,0,2.0,11.7,8.2
2023-24,Oliver Norwood,Sheffield Utd,Midfielder,1429,1,0,8,0,0,82.0,275.3,311.2
2023-24,Ben Osborn,Sheffield Utd,Midfielder,1359,0,2,3,0,0,26.0,212.2,191.4
2023-24,William Osula,Sheffield Utd,Forward,778,0,1,4,0,0,200.0,24.9,27.0
2023-24,Jack Robinson,Sheffield Utd,Defender,2883,1,1,10,0,1,190.0,162.1,602.8
2023-24,Anis Slimane,Sheffield Utd,Midfielder,409,0,0,2,0,1,72.0,46.7,41.6
2023-24,Yasser Larouci,Sheffield Utd,Defender,527,0,0,1,0,0,39.0,27.8,80.8
2023-24,Bénie Traoré,Sheffield Utd,Forward,383,0,0,0,0,0,31.0,56.7,25.8
2023-24,Vini de Souza Costa,Sheffield Utd,Midfielder,2664,1,1,3,0,1,152.0,101.8,558.4
2023-24,Femi Seriki,Sheffield Utd,Defender,0,0,0,0,0,0,0.0,0.0,0.0
2023-24,Louie Marsh,Sheffield Utd,Forward,0,0,0,0,0,0,0.0,0.0,0.0
2023-24,Andre Brooks,Sheffield Utd,Midfielder,932,0,0,1,0,1,76.0,51.9,88.6
2023-24,Antwoine Hackford,Sheffield Utd,Forward,11,0,0,0,0,0,0.0,0.3,0.0
2023-24,Gustavo Hamer,Sheffield Utd,Midfielder,2908,4,7,9,0,2,294.0,929.8,581.2
2023-24,Tom Davies,Sheffield Utd,Midfielder,214,0,0,2,0,0,48.0,18.1,26.4
2023-24,Luke Thomas,Sheffield Utd,Defender,916,0,0,3,0,0,64.0,53.9,127.8
2023-24,Ryan Oné,Sheffield Utd,Midfielder,7,0,0,0,0,0,0.0,0.3,0.0
2023-24,Jili Buyabu,Sheffield Utd,Defender,0,0,0,0,0,0,0.0,0.0,0.0
2023-24,Sydie Peck,Sheffield Utd,Midfielder,9,0,0,0,0,0,0.0,0.1,0.0
2023-24,Ben Brereton,Sheffield Utd,Midfielder,1105,6,1,3,0,0,422.0,124.0,312.2
2023-24,Ivo Grbic,Sheffield Utd,Goalkeeper,771,0,0,1,0,0,0.0,0.0,257.6
2023-24,Billy Blacker,Sheffield Utd,Forward,0,0,0,0,0,0,0.0,0.0,0.0
2023-24,Oliver Arblaster,Sheffield Utd,Midfielder,942,0,0,2,0,0,23.0,140.5,155.4
2023-24,Dovydas Sasnauskas,Sheffield Utd,Defender,0,0,0,0,0,0,0.0,0.0,0.0
2023-24,Sam Curtis,Sheffield Utd,Defender,27,0,0,0,0,0,0.0,0.3,2.2
2023-24,Owen Hampson,Sheffield Utd,Midfielder,0,0,0,0,0,0,0.0,0.0,0.0
2023-24,Brennan Johnson,Spurs,Midfielder,2317,5,12,3,0,5,782.0,624.3,554.4
2023-24,Brandon Austin,Spurs,Goalkeeper,0,0,0,0,0,0,0.0,0.0,0.0
2023-24,Rodrigo Bentancur,Spurs,Midfielder,997,1,1,7,0,1,156.0,174.9,193.0
2023-24,Yves Bissouma,Spurs,Midfielder,2070,0,0,8,2,7,140.0,279.4,403.0
2023-24,Bryan Gil Salvatierra,Spurs,Midfielder,200,0,0,0,0,0,59.0,70.1,28.6
2023-24,Ben Davies,Spurs,Defender,1085,1,2,2,0,1,124.0,81.0,294.8
2023-24,Eric Dier,Spurs,Defender,199,0,0,0,0,0,4.0,1.0,55.8
2023-24,Emerson Leite de Souza Junior,Spurs,Defender,1152,1,0,4,0,0,55.0,119.5,316.0
2023-24,Fraser Forster,Spurs,Goalkeeper,0,0,0,0,0,0,0.0,0.0,0.0
2023-24,Pierre-Emile Højbjerg,Spurs,Midfielder,1289,0,0,4,0,1,108.0,205.8,282.2
2023-24,Harry Kane,Spurs,Forward,0,0,0,0,0,0,0.0,0.0,0.0
2023-24,Dejan Kulusevski,Spurs,Midfielder,2759,8,3,7,0,8,953.0,950.4,698.8
2023-24,Hugo Lloris,Spurs,Goalkeeper,0,0,0,0,0,0,0.0,0.0,0.0
2023-24,Giovani Lo Celso,Spurs,Midfielder,491,2,2,2,0,1,110.0,262.8,225.8
2023-24,James Maddison,Spurs,Midfielder,2137,4,11,5,0,7,605.0,979.5,630.4
2023-24,Tanguy Ndombélé Alvaro,Spurs,Midfielder,0,0,0,0,0,0,0.0,0.0,0.0
2023-24,Pedro Porro,Spurs,Defender,3090,3,8,3,0,7,365.0,877.4,839.0
2023-24,Ivan Perišić,Spurs,Defender,98,0,1,2,0,0,27.0,71.2,41.6
2023-24,Richarlison de Andrade,Spurs,Midfielder,1481,11,4,3,0,7,758.0,208.4,560.6
2023-24,Joe Rodon,Spurs,Defender,0,0,0,0,0,0,0.0,0.0,0.0
2023-24,Cristian Romero,Spurs,Defender,2790,5,0,7,1,7,252.0,161.9,841.8
2023-24,Davinson Sánchez,Spurs,Defender,76,0,0,1,0,0,4.0,5.0,17.0
2023-24,Pape Matar Sarr,Spurs,Midfielder,2063,3,3,9,0,9,317.0,373.3,406.0
2023-24,Ryan Sessegnon,Spurs,Defender,0,0,0,0,0,0,0.0,0.0,0.0
2023-24,Oliver Skipp,Spurs,Midfielder,691,0,0,3,0,0,65.0,126.2,92.0
2023-24,Son Heung-min,Spurs,Midfielder,2934,17,10,1,0,8,1131.0,921.9,993.2
2023-24,Djed Spence,Spurs,Defender,0,0,0,0,0,0,0.0,0.0,0.0
2023-24,Japhet Tanganga,Spurs,Defender,0,0,0,0,0,0,0.0,0.0,0.0
2023-24,Destiny Udogie,Spurs,Defender,2391,2,3,5,1,5,279.0,357.9,534.8
2023-24,Guglielmo Vicario,Spurs,Goalkeeper,3420,0,0,2,0,7,0.0,0.0,974.2
2023-24,Alfie Whiteman,Spurs,Goalkeeper,0,0,0,0,0,0,0.0,0.0,0.0
2023-24,Manor Solomon,Spurs,Midfielder,196,0,2,1,0,0,61.0,144.3,73.4
2023-24,Micky van de Ven,Spurs,Defender,2341,3,0,5,0,5,85.0,56.7,561.6
2023-24,Dane Scarlett,Spurs,Forward,19,0,0,0,0,0,6.0,0.4,2.0
2023-24,Alejo Véliz,Spurs,Forward,45,1,0,1,0,0,29.0,0.9,35.2
2023-24,Ashley Phillips,Spurs,Defender,0,0,0,0,0,0,0.0,0.0,0.0
2023-24,Jamie Donley,Spurs,Forward,3,0,0,1,0,0,0.0,0.0,3.0
2023-24,Alfie Dorrington,Spurs,Defender,0,0,0,0,0,0,0.0,0.0,0.0
2023-24,Yago de Santiago Alonso,Spurs,Midfielder,0,0,0,0,0,0,0.0,0.0,0.0
2023-24,Timo Werner,Spurs,Forward,808,2,4,1,0,0,305.0,239.0,179.0
2023-24,Radu Dragusin,Spurs,Defender,424,0,0,1,0,1,6.0,7.4,95.4
2023-24,Mikey Moore,Spurs,Midfielder,3,0,0,0,0,0,0.0,0.5,1.0
2023-24,Tyrese Hall,Spurs,Midfielder,0,0,0,0,0,0,0.0,0.0,0.0
2023-24,Kalvin Phillips,West Ham,Midfielder,394,0,0,1,1,0,31.0,23.3,35.6
2023-24,Nayef Aguerd,West Ham,Defender,1857,1,0,1,1,2,145.0,58.1,439.4
2023-24,Michail Antonio,West Ham,Forward,1692,6,2,6,0,5,395.0,132.2,308.6
2023-24,Alphonse Areola,West Ham,Goalkeeper,2700,0,0,1,0,4,0.0,0.0,1023.2
2023-24,Saïd Benrahma,West Ham,Midfielder,611,0,1,1,0,2,196.0,164.9,85.4
2023-24,Jarrod Bowen,West Ham,Midfielder,3020,16,6,2,0,5,1130.0,463.8,890.4
2023-24,Maxwel Cornet,West Ham,Midfielder,109,1,0,0,0,0,54.0,48.4,44.0
2023-24,Vladimír Coufal,West Ham,Defender,3135,0,7,5,1,4,92.0,500.0,661.6
2023-24,Conor Coventry,West Ham,Midfielder,0,0,0,0,0,0,0.0,0.0,0.0
2023-24,Aaron Cresswell,West Ham,Defender,431,0,0,1,0,0,2.0,77.2,58.8
2023-24,Flynn Downes,West Ham,Midfielder,0,0,0,0,0,0,0.0,0.0,0.0
2023-24,Emerson Palmieri dos Santos,West Ham,Defender,3138,1,4,10,0,5,168.0,400.2,649.0
2023-24,Lukasz Fabianski,West Ham,Goalkeeper,721,0,0,0,0,1,0.0,0.0,245.6
2023-24,Pablo Fornals Malla,West Ham,Midfielder,418,0,0,0,0,1,79.0,75.5,64.2
2023-24,Danny Ings,West Ham,Forward,389,1,2,1,0,0,125.0,64.4,82.4
2023-24,Ben Johnson,West Ham,Defender,538,0,0,1,0,1,38.0,22.5,84.6
2023-24,Thilo Kehrer,West Ham,Defender,19,0,0,2,0,0,0.0,0.7,8.6
2023-24,Divin Mubama,West Ham,Forward,75,0,0,0,0,0,5.0,2.4,0.2
2023-24,Lucas Tolentino Coelho de Lima,West Ham,Midfielder,2627,4,6,10,0,4,343.0,722.3,570.6
2023-24,Gianluca Scamacca,West Ham,Forward,0,0,0,0,0,0,0.0,0.0,0.0
2023-24,Tomáš Souček,West Ham,Midfielder,2867,7,2,7,0,5,488.0,262.5,751.6
2023-24,Nikola Vlašić,West Ham,Midfielder,0,0,0,0,0,0,0.0,0.0,0.0
2023-24,Kurt Zouma,West Ham,Defender,2838,3,0,3,0,3,227.0,55.1,636.8
2023-24,Angelo Ogbonna,West Ham,Defender,634,0,0,1,0,2,10.0,2.2,131.0
2023-24,Edson Álvarez Velázquez,West Ham,Midfielder,2375,1,1,11,0,5,89.0,193.1,545.8
2023-24,Joseph Anang,West Ham,Goalkeeper,0,0,0,0,0,0,0.0,0.0,0.0
2023-24,James Ward-Prowse,West Ham,Midfielder,3000,7,7,4,0,5,324.0,1023.5,831.0
2023-24,Konstantinos Mavropanos,West Ham,Defender,1500,1,0,2,0,3,112.0,41.9,300.2
2023-24,Mohammed Kudus,West Ham,Midfielder,2485,8,9,6,0,3,566.0,472.9,667.2
2023-24,Lewis Orford,West Ham,Midfielder,0,0,0,0,0,0,0.0,0.0,0.0
2023-24,Kaelan Casey,West Ham,Defender,1,0,0,0,0,0,0.0,0.0,2.0
2023-24,Oliver Scarles,West Ham,Defender,0,0,0,0,0,0,0.0,0.0,0.0
2023-24,Callum Marshall,West Ham,Forward,0,0,0,0,0,0,0.0,0.0,0.0
2023-24,George Earthy,West Ham,Midfielder,33,1,0,0,0,0,33.0,2.0,32.8
2023-24,Tommy Doyle,Wolves,Midfielder,1209,0,0,2,0,3,55.0,173.7,198.4
2023-24,Rayan Aït-Nouri,Wolves,Defender,2327,2,3,7,0,3,253.0,376.9,448.4
2023-24,Daniel Bentley,Wolves,Goalkeeper,382,0,0,0,0,2,0.0,0.0,70.8
2023-24,Bendegúz Bolla,Wolves,Defender,0,0,0,0,0,0,0.0,0.0,0.0
2023-24,Hugo Bueno López,Wolves,Defender,727,0,0,1,0,2,30.0,122.1,139.4
2023-24,Francisco Jorge Tomás Oliveira,Wolves,Midfielder,0,0,0,0,0,0,0.0,0.0,0.0
2023-24,Luke Cundle,Wolves,Midfielder,0,0,0,0,0,0,0.0,0.0,0.0
2023-24,Craig Dawson,Wolves,Defender,2209,1,1,7,0,6,222.0,108.6,611.8
2023-24,Fábio Silva,Wolves,Forward,259,0,0,2,0,1,93.0,51.6,25.2
2023-24,Gonçalo Manuel Ganchinho Guedes,Wolves,Midfielder,0,0,0,0,0,0,0.0,0.0,0.0
2023-24,Joe Hodge,Wolves,Midfielder,0,0,0,0,0,0,0.0,0.0,0.0
2023-24,Ki-Jana Hoever,Wolves,Defender,0,0,0,0,0,0,0.0,0.0,0.0
2023-24,Hwang Hee-chan,Wolves,Midfielder,2116,12,3,6,0,3,614.0,259.9,534.2
2023-24,João Victor Gomes da Silva,Wolves,Midfielder,2646,2,2,11,0,4,196.0,372.3,493.2
2023-24,Jonathan Castro Otto,Wolves,Defender,4,0,0,0,0,0,0.0,0.0,5.0
2023-24,Bruno Cavaco Jordão,Wolves,Midfielder,0,0,0,0,0,0,0.0,0.0,0.0
2023-24,Sasa Kalajdzic,Wolves,Forward,158,2,0,0,0,1,66.0,48.7,94.0
2023-24,Max Kilman,Wolves,Defender,3420,2,0,7,0,5,212.0,233.1,853.6
2023-24,Tom King,Wolves,Goalkeeper,0,0,0,0,0,0,0.0,0.0,0.0
2023-24,Mario Lemina,Wolves,Midfielder,2969,4,1,10,1,4,470.0,333.6,621.6
2023-24,Pedro Lomba Neto,Wolves,Midfielder,1516,2,11,4,0,3,389.0,599.2,371.4
2023-24,Daniel Castelo Podence,Wolves,Midfielder,0,0,0,0,0,0,0.0,0.0,0.0
2023-24,José Malheiro de Sá,Wolves,Goalkeeper,3037,0,1,1,0,4,0.0,11.0,1003.4
2023-24,Pablo Sarabia,Wolves,Midfielder,1737,4,7,5,0,6,418.0,795.3,469.2
2023-24,Matija Šarkić,Wolves,Goalkeeper,0,0,0,0,0,0,0.0,0.0,0.0
2023-24,Nélson Cabral Semedo,Wolves,Defender,3084,0,2,10,1,5,165.0,395.7,508.8
2023-24,Toti António Gomes,Wolves,Defender,2771,1,4,7,0,4,167.0,117.7,550.0
2023-24,Boubacar Traoré,Wolves,Midfielder,802,0,0,4,0,0,27.0,106.5,114.4
2023-24,Matheus Santos Carneiro Da Cunha,Wolves,Forward,2438,12,7,9,0,6,872.0,409.8,786.0
2023-24,Matt Doherty,Wolves,Defender,1136,1,0,2,0,1,122.0,168.1,237.8
2023-24,Santiago Bueno,Wolves,Defender,819,0,0,1,0,0,2.0,27.1,173.8
2023-24,Enso González,Wolves,Midfielder,1,0,0,0,0,0,0.0,0.8,0.2
2023-24,Nathan Fraser,Wolves,Forward,183,0,0,1,0,1,36.0,29.2,22.4
2023-24,Jean-Ricner Bellegarde,Wolves,Midfielder,948,2,2,0,1,0,163.0,170.1,189.8
2023-24,Matthew Whittingham,Wolves,Midfielder,0,0,0,0,0,0,0.0,0.0,0.0
2023-24,Tawanda Chirewa,Wolves,Midfielder,138,0,0,1,0,0,21.0,24.7,22.0
2023-24,Justin Hubner,Wolves,Defender,0,0,0,0,0,0,0.0,0.0,0.0
2023-24,Owen Hesketh,Wolves,Midfielder,0,0,0,0,0,0,0.0,0.0,0.0
2023-24,Ty Barnett,Wolves,Midfielder,0,0,0,0,0,0,0.0,0.0,0.0
2023-24,Harvey Griffiths,Wolves,Midfielder,0,0,0,0,0,0,0.0,0.0,0.0
2023-24,Yerson Mosquera,Wolves,Defender,0,0,0,0,0,0,0.0,0.0,0.0
2023-24,Noha Lemina,Wolves,Midfielder,0,0,0,0,0,0,0.0,0.0,0.0
2023-24,Wesley Okoduwa,Wolves,Defender,0,0,0,0,0,0,0.0,0.0,0.0
2023-24,Leon Chiwome,Wolves,Forward,173,0,0,0,0,0,13.0,1.2,7.8
2023-24,Fletcher Holman,Wolves,Forward,0,0,0,0,0,0,0.0,0.0,0.0
2023-24,Temple Ojinnaka,Wolves,Midfielder,0,0,0,0,0,0,0.0,0.0,0.0
