id,player_name,games,time,goals,xG,assists,xA,shots,key_passes,yellow_cards,red_cards,position,team_title,npg,npxG,xGChain,xGBuildup,league,year,season,scrape_timestamp,primary_position
8260,Erling Haaland,31,2581,27,31.65399668365717,5,4.7517555598169565,122,29,1,0,F S,Manchester City,20,25.564646281301975,30.19725350290537,3.128645434975624,EPL,2023,2023/24,2026-10-09T12:02:48+00:00,F
8497,Cole Palmer,34,2640,22,17.83224501274526,11,11.869294486939907,108,72,7,0,F M S,"Chelsea,Manchester City",13,10.981725485995412,31.036520244553685,15.302413104102015,EPL,2023,2023/24,2026-10-09T12:02:48+00:00,F
5232,Alexander Isak,30,2305,21,22.07426631450653,2,3.6520401313900948,78,27,1,0,F S,Newcastle United,16,17.507253035902977,24.041151970624924,5.754798140376806,EPL,2023,2023/24,2026-10-09T12:02:48+00:00,F
1679,Dominic Solanke,38,3346,19,21.40683087334037,3,3.5437498800456524,109,39,3,0,F S,Bournemouth,17,19.12332433462143,22.5880119279027,4.080137750133872,EPL,2023,2023/24,2026-10-09T12:02:48+00:00,F
6055,Phil Foden,35,2895,19,11.307983005419374,8,8.51623285189271,105,73,2,0,F M S,Manchester City,19,11.307983005419374,30.41696721315384,16.99899828247726,EPL,2023,2023/24,2026-10-09T12:02:48+00:00,F
8865,Ollie Watkins,37,3250,19,19.26459836959839,13,7.745744535699487,106,45,4,0,F,Aston Villa,19,19.26459836959839,29.229417741298676,5.899641819298267,EPL,2023,2023/24,2026-10-09T12:02:48+00:00,F
1250,Mohamed Salah,32,2556,18,21.941274393349886,10,12.332044444978237,114,66,2,0,F S,Liverpool,13,16.613166783005,31.875095803290606,8.363566914573312,EPL,2023,2023/24,2026-10-09T12:02:48+00:00,F
453,Son Heung-Min,35,2989,17,12.978620901703835,10,13.341020658612251,85,69,1,0,F M S,Tottenham,15,11.45628322660923,30.115575216710567,10.445971379056573,EPL,2023,2023/24,2026-10-09T12:02:48+00:00,F
1776,Jarrod Bowen,34,3026,16,13.498636420816183,6,6.437707958742976,85,32,2,0,F M,West Ham,16,13.498636420816183,17.76942592486739,2.457054629921913,EPL,2023,2023/24,2026-10-09T12:02:48+00:00,F
5735,Jean-Philippe Mateta,35,2303,16,12.290523625910282,5,3.52706278860569,46,32,3,0,F S,Crystal Palace,14,10.768185935914516,15.486321330070496,2.852151058614254,EPL,2023,2023/24,2026-10-09T12:02:48+00:00,F
7322,Bukayo Saka,35,2990,16,16.807056225836277,8,11.325986489653587,107,89,4,0,F,Arsenal,10,12.240043208003044,30.357597015798092,13.228619534522295,EPL,2023,2023/24,2026-10-09T12:02:48+00:00,F
4456,Chris Wood,31,1797,14,13.364272002130747,1,1.987032251432538,48,22,0,0,F S,Nottingham Forest,14,13.364272002130747,15.345352198928595,0.9163662036880851,EPL,2023,2023/24,2026-10-09T12:02:48+00:00,F
10048,Nicolas Jackson,35,2818,14,19.860593939200044,5,5.2836981769651175,80,36,10,0,F M S,Chelsea,14,19.860593939200044,27.917255371809006,7.270463835448027,EPL,2023,2023/24,2026-10-09T12:02:48+00:00,F
5220,Kai Havertz,37,2651,13,13.465729914605618,7,5.814370539039373,69,45,11,0,F M S,Arsenal,12,12.704561084508896,24.790123470127583,9.346141943708062,EPL,2023,2023/24,2026-10-09T12:02:48+00:00,F
5786,Yoane Wissa,34,2556,12,11.16999962553382,3,3.828521143645048,67,29,7,0,F S,Brentford,12,11.16999962553382,16.368419870734215,4.587590790353715,EPL,2023,2023/24,2026-10-09T12:02:48+00:00,F
7080,Matheus Cunha,32,2499,12,10.229120277799666,7,3.920058634132147,73,28,8,0,F M S,Wolverhampton Wanderers,11,9.467951440252364,12.985038012266159,2.336798165924847,EPL,2023,2023/24,2026-10-09T12:02:48+00:00,F
7698,Leandro Trossard,34,1649,12,9.575767548754811,1,3.252073733136058,60,24,2,0,F M S,Arsenal,12,9.575767548754811,16.976479506120086,5.5028668232262135,EPL,2023,2023/24,2026-10-09T12:02:48+00:00,F
8845,Hee-Chan Hwang,29,2154,12,8.681871520355344,3,3.1403315979987383,45,17,6,0,F M S,Wolverhampton Wanderers,11,7.920702653005719,12.023936153389513,2.6239349097013474,EPL,2023,2023/24,2026-10-09T12:02:48+00:00,F
6026,Richarlison,28,1511,11,9.619059151038527,4,1.9676255472004414,61,15,3,0,F M S,Tottenham,11,9.619059151038527,12.735109627246857,2.2886698860675097,EPL,2023,2023/24,2026-10-09T12:02:48+00:00,F
8150,Anthony Gordon,35,2956,11,11.293779235333204,10,8.833045985549688,81,56,10,1,F M S,Newcastle United,10,10.53261036798358,26.570194900035858,11.442161984741688,EPL,2023,2023/24,2026-10-09T12:02:48+00:00,F
8706,Eberechi Eze,27,2097,11,9.37310928851366,4,6.844833366572857,83,54,3,0,F M S,Crystal Palace,10,8.611940443515778,16.38165108114481,6.3479389026761055,EPL,2023,2023/24,2026-10-09T12:02:48+00:00,F
10720,Darwin Núñez,36,2037,11,19.187851031310856,8,5.950456521473825,108,33,9,0,F S,Liverpool,11,18.42668213415891,25.07862750068307,5.313199203461409,EPL,2023,2023/24,2026-10-09T12:02:48+00:00,F
10846,Julián Álvarez,36,2682,11,14.373571239411831,8,5.823111834935844,98,66,2,0,F M S,Manchester City,9,12.851233504712582,27.162230297923088,13.089299127459526,EPL,2023,2023/24,2026-10-09T12:02:48+00:00,F
11717,Carlton Morris,38,2879,11,12.306741118431091,4,3.6919509368017316,72,22,4,0,F M S,Luton,6,8.500896904617548,12.545526312664151,5.202579701319337,EPL,2023,2023/24,2026-10-09T12:02:48+00:00,F
1228,Bruno Fernandes,35,3121,10,10.746266636997461,8,13.15852378681302,95,113,9,0,F M,Manchester United,6,6.940422397106886,22.69340828806162,12.64676270633936,EPL,2023,2023/24,2026-10-09T12:02:48+00:00,F
5221,Leon Bailey,35,2112,10,6.4655649326741695,9,10.299157902598381,53,51,5,0,F M S,Aston Villa,10,6.4655649326741695,17.98974223807454,6.671372391283512,EPL,2023,2023/24,2026-10-09T12:02:48+00:00,F
6854,Diogo Jota,21,1164,10,6.724682793021202,3,3.19649357162416,41,23,1,1,F S,Liverpool,10,6.724682793021202,12.289753511548042,5.313873592764139,EPL,2023,2023/24,2026-10-09T12:02:48+00:00,F
9948,Michael Olise,19,1281,10,5.6874131839722395,6,5.196664724498987,56,35,0,0,F M S,Crystal Palace,9,4.926244312897325,12.075153382495046,5.0466043297201395,EPL,2023,2023/24,2026-10-09T12:02:48+00:00,F
11055,Rasmus Højlund,30,2210,10,9.338883213698864,2,1.779460173100233,38,28,2,0,F S,Manchester United,10,9.338883213698864,11.463255237787962,2.9498381465673447,EPL,2023,2023/24,2026-10-09T12:02:48+00:00,F
11718,Elijah Adebayo,27,1422,10,6.630781220272183,0,0.8136616554111242,31,14,1,0,F M S,Luton,10,6.630781220272183,8.281278105452657,1.9411640595644712,EPL,2023,2023/24,2026-10-09T12:02:48+00:00,F
468,Callum Wilson,20,963,9,10.12450959533453,1,0.9339367430657148,35,8,3,0,F S,Newcastle United,7,8.602172024548054,10.547705547884107,1.8611295819282532,EPL,2023,2023/24,2026-10-09T12:02:48+00:00,F
6122,Douglas Luiz,35,3043,9,7.572099968791008,5,5.288189608603716,48,53,12,0,M,Aston Villa,5,4.527424611151218,17.31126916781068,13.624405791983008,EPL,2023,2023/24,2026-10-09T12:02:48+00:00,M
6552,Bryan Mbeumo,25,1954,9,9.158370908349752,6,5.14017678797245,53,32,2,0,F S,Brentford,6,6.874864336103201,15.155989956110716,6.123919734731317,EPL,2023,2023/24,2026-10-09T12:02:48+00:00,F
8272,João Pedro,31,2026,9,11.918903339654207,3,5.4223863165825605,75,37,2,0,F M S,Brighton,5,8.113133335486054,17.548418318852782,7.590120053850114,EPL,2023,2023/24,2026-10-09T12:02:48+00:00,F
10717,Rodrigo Muniz,26,1602,9,8.481916300952435,1,1.3883774541318417,72,16,1,0,F S,Fulham,9,8.481916300952435,9.755544383078814,2.1016076635569334,EPL,2023,2023/24,2026-10-09T12:02:48+00:00,F
618,Raheem Sterling,31,1987,8,8.573790527880192,4,4.971372967585921,51,30,7,0,F M S,Chelsea,8,8.573790527880192,19.289956534281373,8.898095147684216,EPL,2023,2023/24,2026-10-09T12:02:48+00:00,F
2496,Rodri,34,2967,8,4.294270480051637,9,5.32604681327939,62,50,8,1,M,Manchester City,8,4.294270480051637,31.623008400201797,26.291744768619537,EPL,2023,2023/24,2026-10-09T12:02:48+00:00,M
2517,Martin Odegaard,35,3117,8,7.670226177200675,10,11.577396512031555,77,102,2,0,M,Arsenal,6,6.147925289347768,29.81505699455738,18.138023640960455,EPL,2023,2023/24,2026-10-09T12:02:48+00:00,M
6456,Callum Hudson-Odoi,29,1844,8,3.01959465444088,1,3.0873287972062826,38,36,0,0,F M S,Nottingham Forest,8,3.01959465444088,12.357455093413591,6.948451370000839,EPL,2023,2023/24,2026-10-09T12:02:48+00:00,F
6691,Dejan Kulusevski,36,2787,8,5.835474932566285,3,8.615606566891074,57,65,7,0,F M S,Tottenham,8,5.835474932566285,23.71713701635599,12.507268408313394,EPL,2023,2023/24,2026-10-09T12:02:48+00:00,F
10408,Luis Díaz,37,2706,8,12.864595355466008,5,6.482230054214597,94,64,3,0,F S,Liverpool,8,12.864595355466008,24.42669267952442,10.309036564081907,EPL,2023,2023/24,2026-10-09T12:02:48+00:00,F
11296,Cody Gakpo,35,1640,8,8.769219513982534,5,4.2288118079304695,66,25,1,0,F M S,Liverpool,8,8.769219513982534,17.55027423426509,6.47403072565794,EPL,2023,2023/24,2026-10-09T12:02:48+00:00,F
11363,Antoine Semenyo,33,2141,8,6.423830641433597,2,3.799709178507328,70,29,7,0,M S,Bournemouth,8,6.423830641433597,15.41077795997262,5.7127093356102705,EPL,2023,2023/24,2026-10-09T12:02:48+00:00,M
12027,Mohammed Kudus,33,2490,8,5.1772670187056065,6,3.5089522134512663,66,28,6,0,F M S,West Ham,8,5.1772670187056065,11.516938520595431,4.337017804384232,EPL,2023,2023/24,2026-10-09T12:02:48+00:00,F
556,Marcus Rashford,33,2292,7,7.661536030471325,2,2.390108224004507,62,24,2,0,F M S,Manchester United,5,6.13919834792614,12.686340739950538,4.950286580249667,EPL,2023,2023/24,2026-10-09T12:02:48+00:00,F
843,James Ward-Prowse,37,3025,7,5.6392913637682796,7,8.108484361320734,44,64,4,0,M S,West Ham,5,4.116953688673675,11.991799759678543,7.065227452665567,EPL,2023,2023/24,2026-10-09T12:02:48+00:00,M
1726,Abdoulaye Doucouré,32,2678,7,10.20444649644196,1,2.55271128565073,47,33,7,0,M,Everton,7,10.20444649644196,13.33745107613504,5.22493714094162,EPL,2023,2023/24,2026-10-09T12:02:48+00:00,M
3697,Odsonne Edouard,30,1534,7,7.869511350989342,0,1.0359194399788976,51,18,4,0,F M S,Crystal Palace,7,7.869511350989342,8.31682275235653,2.1359799914062023,EPL,2023,2023/24,2026-10-09T12:02:48+00:00,F
4105,Raúl Jiménez,24,1423,7,5.9900733437389135,0,1.6923745833337307,41,11,3,1,F S,Fulham,7,5.9900733437389135,7.9016893692314625,1.7369755171239376,EPL,2023,2023/24,2026-10-09T12:02:48+00:00,F
5553,Declan Rice,38,3256,7,3.186093623749912,8,5.895036246627569,58,47,5,0,M S,Arsenal,7,3.186093623749912,19.678100544027984,16.131323732435703,EPL,2023,2023/24,2026-10-09T12:02:48+00:00,M
5555,Dominic Calvert-Lewin,32,2234,7,13.627293583005667,2,3.068425781559199,73,19,2,0,F S,Everton,5,12.104955926537514,11.614983171224594,1.8352613244205713,EPL,2023,2023/24,2026-10-09T12:02:48+00:00,F
5560,Scott McTominay,32,1861,7,6.777370238676667,1,1.0619673654437065,44,11,2,0,F M S,Manchester United,7,6.777370238676667,9.31455492042005,3.7229946237057447,EPL,2023,2023/24,2026-10-09T12:02:48+00:00,F
6963,Justin Kluivert,32,2029,7,7.296913180500269,1,1.6692864689975977,56,21,5,0,M S,Bournemouth,7,7.296913180500269,11.757105719298124,4.571535241790116,EPL,2023,2023/24,2026-10-09T12:02:48+00:00,M
8288,Tomas Soucek,37,2885,7,7.466816443949938,2,2.1494441609829664,42,20,7,0,M S,West Ham,7,7.466816443949938,12.123065176419914,6.039048316888511,EPL,2023,2023/24,2026-10-09T12:02:48+00:00,M
8327,Bruno Guimarães,37,3292,7,4.978310074657202,8,7.888791332021356,48,62,8,0,M,Newcastle United,7,4.978310074657202,23.880530774593353,18.56961396895349,EPL,2023,2023/24,2026-10-09T12:02:48+00:00,M
10552,Alejandro Garnacho,36,2601,7,9.865097627043724,4,5.915270071476698,100,46,4,0,M S,Manchester United,7,9.865097627043724,18.36983707919717,5.9700166545808315,EPL,2023,2023/24,2026-10-09T12:02:48+00:00,M
531,Michail Antonio,26,1775,6,6.025665767490864,2,1.559285182505846,30,9,6,0,F S,West Ham,6,6.025665767490864,8.23398894816637,2.5248712673783302,EPL,2023,2023/24,2026-10-09T12:02:48+00:00,F
1736,Oliver McBurnie,21,1290,6,7.429724760353565,3,2.1915900241583586,33,12,3,2,F S,Sheffield United,4,5.907387010753155,6.99262013938278,2.891832641325891,EPL,2023,2023/24,2026-10-09T12:02:48+00:00,F
3621,Neal Maupay,31,1381,6,7.23018298856914,3,2.382636667229235,42,16,8,0,F S,"Brentford,Everton",6,7.23018298856914,11.593444548547268,3.028178656473756,EPL,2023,2023/24,2026-10-09T12:02:48+00:00,F
3635,Bernardo Silva,33,2599,6,4.0968160554766655,9,8.528519937768579,34,65,8,0,M S,Manchester City,6,4.0968160554766655,24.37213490717113,15.577253567054868,EPL,2023,2023/24,2026-10-09T12:02:48+00:00,M
5355,Jacob Bruun Larsen,32,1272,6,5.2944221664220095,0,1.4546170141547918,44,25,1,0,F M S,Burnley,5,4.533253343775868,7.313723993487656,2.519299939274788,EPL,2023,2023/24,2026-10-09T12:02:48+00:00,F
6556,Moussa Diaby,38,2233,6,6.457844961434603,8,8.6211255826056,54,46,1,0,F M S,Aston Villa,6,6.457844961434603,17.952719137072563,6.211081475019455,EPL,2023,2023/24,2026-10-09T12:02:48+00:00,F
6827,Bobby Reid,33,1431,6,5.469232198782265,2,1.5773739200085402,33,17,4,0,F M S,Fulham,6,5.469232198782265,6.414783387444913,1.6770686488598585,EPL,2023,2023/24,2026-10-09T12:02:48+00:00,F
7078,Sean Longstaff,35,2748,6,7.077314300462604,2,3.0185976549983025,41,20,7,0,M S,Newcastle United,6,7.077314300462604,17.2361901816912,9.9536661230959,EPL,2023,2023/24,2026-10-09T12:02:48+00:00,M
7723,John McGinn,35,3053,6,4.672283694148064,4,5.626847393810749,40,45,9,1,M,Aston Villa,6,4.672283694148064,20.780676677823067,13.845141869038343,EPL,2023,2023/24,2026-10-09T12:02:48+00:00,M
7752,Gabriel Martinelli,35,2056,6,7.1196701768785715,4,5.3229342848062515,58,46,1,0,F S,Arsenal,6,7.1196701768785715,16.80896869674325,6.638341135345399,EPL,2023,2023/24,2026-10-09T12:02:48+00:00,F
7814,Taiwo Awoniyi,20,1066,6,5.060870740562677,3,1.6294344998896122,22,10,2,0,F S,Nottingham Forest,6,5.060870740562677,6.060688458383083,1.5500111253932118,EPL,2023,2023/24,2026-10-09T12:02:48+00:00,F
10177,Evan Ferguson,27,1364,6,3.9660524409264326,0,0.6511713527143002,33,6,1,0,F S,Brighton,6,3.9660524409264326,6.868808541446924,2.484281620942056,EPL,2023,2023/24,2026-10-09T12:02:48+00:00,F
11710,Simon Adingra,31,2256,6,5.096701676025987,1,3.30205356515944,52,33,3,0,D F M S,Brighton,6,5.096701676025987,13.104233894497156,6.308099476620555,EPL,2023,2023/24,2026-10-09T12:02:48+00:00,D
11815,Ben Brereton Díaz,14,1134,6,6.060540288686752,1,1.6426486261188984,35,8,3,0,F M,Sheffield United,5,5.29937145113945,7.229928359389305,1.5459889732301235,EPL,2023,2023/24,2026-10-09T12:02:48+00:00,F
500,Alex Iwobi,32,2398,5,5.662265548482537,2,4.8107705460861325,55,52,2,0,M S,"Everton,Fulham",5,5.662265548482537,16.545354936271906,8.541501207277179,EPL,2023,2023/24,2026-10-09T12:02:48+00:00,M
501,Danny Welbeck,29,1723,5,6.242080001160502,1,2.18816620670259,40,22,4,0,F M S,Brighton,5,6.242080001160502,13.546813283115625,7.474573427811265,EPL,2023,2023/24,2026-10-09T12:02:48+00:00,F
592,Ross Barkley,32,2627,5,4.483209175989032,4,4.823556295596063,66,43,6,0,M S,Luton,5,4.483209175989032,11.164351560175419,5.912003388628364,EPL,2023,2023/24,2026-10-09T12:02:48+00:00,M
6482,Eddie Nketiah,27,1036,5,5.057408779859543,2,1.209644090384245,38,9,3,0,F S,Arsenal,5,5.057408779859543,5.851144388318062,0.9911122377961874,EPL,2023,2023/24,2026-10-09T12:02:48+00:00,F
6681,Harvey Barnes,21,738,5,3.467865003272891,3,4.21071451343596,27,13,3,0,F M S,Newcastle United,5,3.467865003272891,9.07958210259676,2.550239199772477,EPL,2023,2023/24,2026-10-09T12:02:48+00:00,F
6857,Morgan Gibbs-White,37,3177,5,6.069625414907932,10,9.522167706862092,71,74,9,0,F M S,Nottingham Forest,4,5.308456636965275,18.272872403264046,9.268674820661545,EPL,2023,2023/24,2026-10-09T12:02:48+00:00,F
7218,Cristian Romero,33,2796,5,3.9851038865745068,0,0.3418706227093935,24,7,7,1,D,Tottenham,5,3.9851038865745068,17.811701461672783,16.453976824879646,EPL,2023,2023/24,2026-10-09T12:02:48+00:00,D
7498,Lyle Foster,24,1938,5,5.608147136867046,3,1.4990256652235985,34,19,0,1,F M S,Burnley,5,5.608147136867046,8.676230592653155,2.611631980165839,EPL,2023,2023/24,2026-10-09T12:02:48+00:00,F
8379,Alexis Mac Allister,33,2661,5,3.998983211815357,5,3.578091200441122,44,47,7,1,M S,Liverpool,4,3.237814389169216,22.71393956243992,18.186699956655502,EPL,2023,2023/24,2026-10-09T12:02:48+00:00,M
9040,Conor Gallagher,37,3171,5,4.717563968151808,7,5.792711144313216,48,52,7,1,M,Chelsea,5,4.717563968151808,25.90884201787412,18.712417108938098,EPL,2023,2023/24,2026-10-09T12:02:48+00:00,M
9524,Anthony Elanga,36,2430,5,6.7731207851320505,9,7.090984374284744,54,33,1,0,F M S,Nottingham Forest,5,6.7731207851320505,17.626320507377386,5.61586544662714,EPL,2023,2023/24,2026-10-09T12:02:48+00:00,F
10760,Brennan Johnson,35,2350,5,12.170278270728886,10,7.638319082558155,53,46,3,0,F M S,"Nottingham Forest,Tottenham",5,12.170278270728886,21.61685962975025,3.084777120500803,EPL,2023,2023/24,2026-10-09T12:02:48+00:00,F
11305,Mykhailo Mudryk,31,1563,5,5.111277528107166,2,3.8853818774223328,35,32,5,0,F M S,Chelsea,5,5.111277528107166,10.99068268481642,4.357236756011844,EPL,2023,2023/24,2026-10-09T12:02:48+00:00,F
11357,Noni Madueke,23,1066,5,3.0036024190485477,2,2.160680465400219,32,20,2,0,M S,Chelsea,4,2.2424335815012455,7.7808678727597,4.740718839690089,EPL,2023,2023/24,2026-10-09T12:02:48+00:00,M
11366,Jhon Durán,23,394,5,1.9487376604229212,0,0.2149669798091054,20,4,5,0,F S,Aston Villa,5,1.9487376604229212,3.182466324418783,1.1166265159845352,EPL,2023,2023/24,2026-10-09T12:02:48+00:00,F
11701,Zeki Amdouni,34,2025,5,6.100483123213053,1,1.494755046442151,49,16,2,0,F M S,Burnley,4,5.3393142856657505,7.888359908014536,2.6891510486602783,EPL,2023,2023/24,2026-10-09T12:02:48+00:00,F
76,Fabian Schär,36,3057,4,2.679914410226047,1,1.2247396316379309,35,9,5,0,D S,Newcastle United,4,2.679914410226047,13.900441944599152,13.216225143522024,EPL,2023,2023/24,2026-10-09T12:02:48+00:00,D
239,Pascal Groß,36,3107,4,6.07863125950098,10,8.449651076458395,55,101,6,0,D M S,Brighton,3,5.317462421953678,23.865680940449238,17.94647761248052,EPL,2023,2023/24,2026-10-09T12:02:48+00:00,D
447,Kevin De Bruyne,18,1233,4,2.5787349939346313,10,11.979073725640774,44,58,2,0,M S,Manchester City,4,2.5787349939346313,15.635810784995556,7.777100384235382,EPL,2023,2023/24,2026-10-09T12:02:48+00:00,M
668,Idrissa Gueye,25,1930,4,1.6615520063787699,0,1.0346810910850763,26,15,8,0,M S,Everton,4,1.6615520063787699,7.9041884783655405,5.927652306854725,EPL,2023,2023/24,2026-10-09T12:02:48+00:00,M
672,Jordan Ayew,35,2563,4,4.262499047443271,7,4.95881259907037,48,25,7,1,F M S,Crystal Palace,4,4.262499047443271,10.702397212386131,5.5203778790310025,EPL,2023,2023/24,2026-10-09T12:02:48+00:00,F
700,Willian,31,2080,4,5.017656198702753,2,4.14518438372761,45,45,1,0,F M S,Fulham,2,3.495318523608148,13.592191327363253,9.297335214912891,EPL,2023,2023/24,2026-10-09T12:02:48+00:00,F
998,Ivan Toney,17,1447,4,7.132677088491619,2,2.186188329011202,51,13,5,0,F S,Brentford,4,7.132677088491619,7.6502086371183395,1.1057295147329569,EPL,2023,2023/24,2026-10-09T12:02:48+00:00,F
1299,Mario Lemina,35,3002,4,4.610754423774779,1,1.7865049708634615,48,20,10,1,M S,Wolverhampton Wanderers,4,4.610754423774779,8.971558410674334,6.0500337686389685,EPL,2023,2023/24,2026-10-09T12:02:48+00:00,M
2199,Pablo Sarabia,30,1763,4,5.981299871578813,7,6.066077848896384,46,52,5,0,F M S,Wolverhampton Wanderers,2,4.458962256088853,10.232647370547056,3.582952373661101,EPL,2023,2023/24,2026-10-09T12:02:48+00:00,F
5543,Gabriel Jesus,27,1496,4,7.291733928024769,5,4.235467437654734,55,28,6,0,F S,Arsenal,4,7.291733928024769,15.054804097861052,5.210432682186365,EPL,2023,2023/24,2026-10-09T12:02:48+00:00,F
5596,Harry Wilson,35,1576,4,2.8195397332310677,6,3.1505596097558737,39,22,6,0,F M S,Fulham,4,2.8195397332310677,7.545763581991196,3.50857000797987,EPL,2023,2023/24,2026-10-09T12:02:48+00:00,F
6818,James Maddison,28,2206,4,6.2975962068885565,9,7.142374597489834,57,66,5,0,M S,Tottenham,4,6.2975962068885565,20.873470183461905,12.04095826484263,EPL,2023,2023/24,2026-10-09T12:02:48+00:00,M
7298,Ben White,37,3024,4,2.015913512557745,4,4.758832193911076,13,38,8,0,D S,Arsenal,4,2.015913512557745,20.14929211512208,17.290449742227793,EPL,2023,2023/24,2026-10-09T12:02:48+00:00,D
7365,Lucas Paquetá,31,2676,4,4.605092185549438,6,5.833031775429845,42,41,10,0,F M,West Ham,2,3.0827545104548335,13.320021394640207,7.106406299397349,EPL,2023,2023/24,2026-10-09T12:02:48+00:00,F
7439,Tahith Chong,33,1978,4,3.5191842010244727,0,0.43756147287786007,30,9,4,0,D F M S,Luton,4,3.5191842010244727,5.8977455431595445,3.575332073494792,EPL,2023,2023/24,2026-10-09T12:02:48+00:00,D
8323,Josh Brownhill,33,2229,4,1.8306225752457976,2,1.8270882591605186,28,34,4,1,M S,Burnley,4,1.8306225752457976,6.495785586535931,4.306291623972356,EPL,2023,2023/24,2026-10-09T12:02:48+00:00,M
9790,Josko Gvardiol,28,2335,4,3.0817854246124625,1,2.115578116849065,32,19,3,0,D S,Manchester City,4,3.0817854246124625,18.244669392704964,14.99465874582529,EPL,2023,2023/24,2026-10-09T12:02:48+00:00,D
9912,Cameron Archer,30,1870,4,5.785084556788206,1,2.983854740858078,41,24,2,0,F M S,"Aston Villa,Sheffield United",4,5.785084556788206,9.17532782163471,1.594775709323585,EPL,2023,2023/24,2026-10-09T12:02:48+00:00,F
10715,João Palhinha,33,2742,4,3.245512000285089,1,0.8451391234993935,44,12,13,0,M S,Fulham,4,3.245512000285089,11.165684594772756,9.492066229693592,EPL,2023,2023/24,2026-10-09T12:02:48+00:00,M
10864,Marcos Senesi,31,2253,4,2.3658602572977543,5,1.8848512191325426,13,22,13,0,D S,Bournemouth,4,2.3658602572977543,8.664394936524332,7.699831395410001,EPL,2023,2023/24,2026-10-09T12:02:48+00:00,D
11295,David Datro Fofana,15,876,4,4.029318623244762,1,1.4943999461829662,19,8,1,0,F S,Burnley,4,4.029318623244762,4.770294601097703,0.415885504335165,EPL,2023,2023/24,2026-10-09T12:02:48+00:00,F
11719,Chiedozie Ogbene,30,1984,4,4.80650751106441,1,3.4691168274730444,35,27,1,0,D F M S,Luton,4,4.80650751106441,10.154046710580587,3.8293104991316795,EPL,2023,2023/24,2026-10-09T12:02:48+00:00,D
11839,Gustavo Hamer,36,2986,4,2.4141162959858775,6,6.986010514199734,49,68,9,0,F M S,Sheffield United,4,2.4141162959858775,9.918377881404012,4.241241263225675,EPL,2023,2023/24,2026-10-09T12:02:48+00:00,F
675,Jack Grealish,20,975,3,2.3835059702396393,1,2.7743227388709784,22,26,6,0,M S,Manchester City,3,2.3835059702396393,11.642571322619915,7.49614975694567,EPL,2023,2023/24,2026-10-09T12:02:48+00:00,M
922,Andreas Pereira,37,2756,3,5.155889482237399,7,6.918029231950641,52,83,7,0,M S,Fulham,3,5.155889482237399,15.476547078229487,7.726291726343334,EPL,2023,2023/24,2026-10-09T12:02:48+00:00,M
935,Kurt Zouma,33,2849,3,2.339608912356198,0,0.18288415484130383,16,4,3,0,D S,West Ham,3,2.339608912356198,3.844586410559714,3.714732094667852,EPL,2023,2023/24,2026-10-09T12:02:48+00:00,D
1688,Andrew Robertson,23,1684,3,2.4325872622430325,2,6.65541476290673,12,62,2,0,D S,Liverpool,3,2.4325872622430325,15.87774301506579,10.361629979684949,EPL,2023,2023/24,2026-10-09T12:02:48+00:00,D
1791,Trent Alexander-Arnold,28,2190,3,2.745258178561926,4,8.361615665256977,47,64,6,0,D S,Liverpool,3,2.745258178561926,19.35842103511095,14.500512413680553,EPL,2023,2023/24,2026-10-09T12:02:48+00:00,D
3288,Thiago Silva,31,2530,3,0.7915211245417595,1,1.4041369603946805,14,9,4,0,D S,Chelsea,3,0.7915211245417595,14.303374078124762,14.190275978296995,EPL,2023,2023/24,2026-10-09T12:02:48+00:00,D
3300,Christopher Nkunku,11,416,3,2.4121735505759716,0,0.2275804504752159,16,3,0,0,F M S,Chelsea,3,2.4121735505759716,4.83782403729856,2.7286274563521147,EPL,2023,2023/24,2026-10-09T12:02:48+00:00,F
5613,Gabriel,36,3050,3,4.025354804471135,0,0.8747859355062246,31,3,4,0,D S,Arsenal,3,4.025354804471135,13.232404409907758,12.333239757455885,EPL,2023,2023/24,2026-10-09T12:02:48+00:00,D
6048,Lewis Dunk,33,2895,3,2.9649088978767395,1,1.1697372319176793,34,13,7,1,D,Brighton,3,2.9649088978767395,13.593212680891156,13.529502967372537,EPL,2023,2023/24,2026-10-09T12:02:48+00:00,D
6049,Solly March,7,571,3,2.7198847085237503,1,0.9913322664797306,14,7,1,0,D M,Brighton,3,2.7198847085237503,4.9072911739349365,2.40057972073555,EPL,2023,2023/24,2026-10-09T12:02:48+00:00,D
6063,Jacob Murphy,21,1216,3,2.8978680092841387,7,5.225788880139589,30,31,1,0,D F M S,Newcastle United,3,2.8978680092841387,11.551701165735722,4.93473332002759,EPL,2023,2023/24,2026-10-09T12:02:48+00:00,D
6756,Dwight McNeil,35,2914,3,3.64070400595665,6,10.325187070295215,57,69,2,0,D M S,Everton,3,3.64070400595665,14.694117410108447,5.355050271376967,EPL,2023,2023/24,2026-10-09T12:02:48+00:00,D
6912,Pedro Porro,35,3101,3,2.83508870145306,7,7.285218555480242,53,52,3,0,D,Tottenham,3,2.83508870145306,20.235827142372727,15.794150441884995,EPL,2023,2023/24,2026-10-09T12:02:48+00:00,D
7166,Mathias Jensen,32,2294,3,0.689183003269136,3,4.908007476478815,14,41,5,0,M S,Brentford,3,0.689183003269136,11.096407827921212,9.512499671429396,EPL,2023,2023/24,2026-10-09T12:02:48+00:00,M
7420,Miguel Almirón,33,1967,3,5.132560992613435,1,3.0761873684823513,41,25,2,0,F S,Newcastle United,3,5.132560992613435,12.225016118958592,5.606135703623295,EPL,2023,2023/24,2026-10-09T12:02:48+00:00,F
7546,Harvey Elliott,34,1268,3,2.5765033923089504,6,4.262343382462859,49,36,2,0,F M S,Liverpool,3,2.5765033923089504,14.047137239947915,9.563051972538233,EPL,2023,2023/24,2026-10-09T12:02:48+00:00,F
8476,Jarrad Branthwaite,35,3122,3,1.9108920088037848,0,0.9319860828109086,14,4,8,0,D,Everton,3,1.9108920088037848,6.321832184214145,6.261263381689787,EPL,2023,2023/24,2026-10-09T12:02:48+00:00,D
8720,Jack Harrison,29,2229,3,4.149862082675099,3,4.3471535332500935,34,27,1,0,M S,Everton,3,4.149862082675099,8.462419219315052,2.3600274678319693,EPL,2023,2023/24,2026-10-09T12:02:48+00:00,M
8756,Dara O&#039;Shea,33,2899,3,0.9073518002405763,4,1.6444027656689286,19,13,5,1,D S,Burnley,3,0.9073518002405763,4.856452916748822,4.503178563900292,EPL,2023,2023/24,2026-10-09T12:02:48+00:00,D
8981,Jéremy Doku,29,1616,3,3.7698520198464394,8,5.476052410900593,56,45,3,0,D M S,Manchester City,3,3.7698520198464394,14.622362297028303,7.702265929430723,EPL,2023,2023/24,2026-10-09T12:02:48+00:00,D
9021,Pape Sarr,34,2141,3,3.842421315610409,3,2.0322468373924494,36,20,9,0,M S,Tottenham,3,3.842421315610409,16.10821724496782,11.238362627103925,EPL,2023,2023/24,2026-10-09T12:02:48+00:00,M
9205,Jayden Bogle,34,2817,3,2.6024017240852118,0,0.7326478343456984,32,10,8,0,D M S,Sheffield United,3,2.6024017240852118,5.202804431319237,2.6289064050652087,EPL,2023,2023/24,2026-10-09T12:02:48+00:00,D
9788,Dominik Szoboszlai,33,2135,3,3.519060474820435,2,5.657645266503096,60,55,1,0,M S,Liverpool,3,3.519060474820435,21.230980657041073,15.891304083168507,EPL,2023,2023/24,2026-10-09T12:02:48+00:00,M
9983,Beto,30,898,3,7.16694748448208,0,1.1942407237365842,43,11,2,0,F S,Everton,3,6.405778587330133,7.352622885257006,1.000561224296689,EPL,2023,2023/24,2026-10-09T12:02:48+00:00,F
10050,Micky van de Ven,27,2345,3,0.9709036685526371,0,0.03540848568081856,8,1,5,0,D,Tottenham,3,0.9709036685526371,10.605861792340875,10.423011044040322,EPL,2023,2023/24,2026-10-09T12:02:48+00:00,D
10126,James McAtee,31,1848,3,3.202349577099085,3,3.0651655746623874,26,28,2,0,F M S,"Manchester City,Sheffield United",2,2.4411807619035244,7.374102478846908,2.796986948233098,EPL,2023,2023/24,2026-10-09T12:02:48+00:00,F
10741,Marcus Tavernier,30,2163,3,4.385046798735857,4,6.264871651306748,53,44,3,0,F M S,Bournemouth,3,4.385046798735857,14.908875443041325,7.105101251974702,EPL,2023,2023/24,2026-10-09T12:02:48+00:00,F
10806,Kaoru Mitoma,19,1482,3,4.680040899664164,4,3.3876203782856464,34,25,4,0,D F M S,Brighton,3,4.680040899664164,14.050323814153671,8.15176310762763,EPL,2023,2023/24,2026-10-09T12:02:48+00:00,D
10809,Keane Lewis-Potter,30,1432,3,8.581757307052612,1,1.6146608591079712,43,13,0,0,D F S,Brentford,3,8.581757307052612,9.344955435022712,1.25881989300251,EPL,2023,2023/24,2026-10-09T12:02:48+00:00,D
10822,Wilson Odobert,29,2150,3,2.5438556540757418,2,4.427815416827798,49,31,3,0,F M S,Burnley,3,2.5438556540757418,10.004786113277078,4.203309727832675,EPL,2023,2023/24,2026-10-09T12:02:48+00:00,F
11174,Kobbie Mainoo,24,1980,3,0.7737709768116474,1,0.8450042605400085,11,15,3,0,M,Manchester United,3,0.7737709768116474,5.0805817022919655,3.867461297661066,EPL,2023,2023/24,2026-10-09T12:02:48+00:00,M
11269,Jack Hinshelwood,12,890,3,2.163621000945568,0,0.8382504060864449,14,8,1,0,D M S,Brighton,3,2.163621000945568,4.8760778196156025,2.707413336262107,EPL,2023,2023/24,2026-10-09T12:02:48+00:00,D
11356,Enzo Fernández,28,2237,3,6.147583088837564,2,3.5588307976722717,47,32,7,0,M S,Chelsea,2,4.62524542491883,18.34273999929428,12.553447233512998,EPL,2023,2023/24,2026-10-09T12:02:48+00:00,M
11362,Facundo Buonanotte,27,1408,3,2.974676702171564,1,2.304281622171402,21,19,7,0,F M S,Brighton,3,2.974676702171564,6.951848786324263,3.328327503055334,EPL,2023,2023/24,2026-10-09T12:02:48+00:00,F
12412,Morgan Rogers,11,652,3,1.086574248969555,1,0.9047513920813799,11,9,3,0,M S,Aston Villa,3,1.086574248969555,3.6785017512738705,2.2780009116977453,EPL,2023,2023/24,2026-10-09T12:02:48+00:00,M
65,Timo Werner,13,827,2,4.212947295978665,3,3.4769514203071594,29,15,1,0,F M S,Tottenham,2,4.212947295978665,10.507240116596222,3.767841313034296,EPL,2023,2023/24,2026-10-09T12:02:48+00:00,F
87,Joelinton,20,1289,2,2.5591788068413734,1,2.958754763007164,19,23,6,0,F M S,Newcastle United,2,2.5591788068413734,10.31060659699142,6.361314440146089,EPL,2023,2023/24,2026-10-09T12:02:48+00:00,F
579,Nathan Aké,29,2046,2,2.1801057858392596,2,1.736834991723299,20,10,0,0,D S,Manchester City,2,2.1801057858392596,13.195554159581661,12.08234017342329,EPL,2023,2023/24,2026-10-09T12:02:48+00:00,D
757,Jeffrey Schlupp,29,1370,2,1.8823988568037748,2,2.1711694821715355,19,18,1,0,F M S,Crystal Palace,2,1.8823988568037748,6.629315219819546,2.9410562105476856,EPL,2023,2023/24,2026-10-09T12:02:48+00:00,F
833,Virgil van Dijk,36,3177,2,3.299967482686043,2,1.8630620841868222,45,11,3,1,D,Liverpool,2,3.299967482686043,18.085036668926477,17.597938928753138,EPL,2023,2023/24,2026-10-09T12:02:48+00:00,D
844,Jay Rodriguez,21,781,2,4.621791888028383,1,0.17110992223024368,22,4,0,0,F S,Burnley,1,3.860623050481081,3.988340836018324,0.8826676225289702,EPL,2023,2023/24,2026-10-09T12:02:48+00:00,F
900,Adama Traoré,17,310,2,1.4920614697039127,3,0.7020887192338705,11,7,2,0,M S,Fulham,2,1.4920614697039127,1.841224255040288,0.19511876441538334,EPL,2023,2023/24,2026-10-09T12:02:48+00:00,M
1018,Josh Cullen,25,2072,2,0.532621605321765,3,1.9263525325804949,16,26,9,0,M S,Burnley,2,0.532621605321765,8.981078654527664,7.6769237499684095,EPL,2023,2023/24,2026-10-09T12:02:48+00:00,M
1654,Ben Mee,16,1290,2,1.4556071758270264,0,0.24989730305969715,10,6,1,1,D S,Brentford,2,1.4556071758270264,1.8442281931638718,1.3644802905619144,EPL,2023,2023/24,2026-10-09T12:02:48+00:00,D
1687,Harry Maguire,22,1645,2,2.137907139956951,2,1.306744921952486,20,6,3,0,D S,Manchester United,2,2.137907139956951,5.5030854400247335,4.45605625025928,EPL,2023,2023/24,2026-10-09T12:02:48+00:00,D
4120,Álex Moreno,21,1033,2,1.4437588155269623,0,1.1591111738234758,8,11,2,0,D S,Aston Villa,2,1.4437588155269623,6.872497453354299,4.588940887711942,EPL,2023,2023/24,2026-10-09T12:02:48+00:00,D
5136,Estupiñán,19,1239,2,1.034091948531568,3,3.28635298833251,11,26,4,0,D S,Brighton,2,1.034091948531568,8.131439451128244,5.950095744803548,EPL,2023,2023/24,2026-10-09T12:02:48+00:00,D
5590,Tosin Adarabioyo,20,1618,2,0.9477480566129088,0,0.13653935492038727,14,2,2,0,D S,Fulham,2,0.9477480566129088,5.4755807258188725,5.466204304248095,EPL,2023,2023/24,2026-10-09T12:02:48+00:00,D
5681,Giovani Lo Celso,22,466,2,0.4979793429374695,2,1.6030264683067799,13,17,2,0,M S,Tottenham,2,0.4979793429374695,3.47848142310977,2.747926991432905,EPL,2023,2023/24,2026-10-09T12:02:48+00:00,M
5956,Youri Tielemans,32,1580,2,1.0049287639558315,6,3.0543287601321936,14,18,3,0,F M S,Aston Villa,2,1.0049287639558315,10.675306875258684,8.060789976269007,EPL,2023,2023/24,2026-10-09T12:02:48+00:00,F
6034,Philip Billing,29,1359,2,2.870723254047334,2,3.7171403001993895,30,23,3,1,M S,Bournemouth,2,2.870723254047334,7.183791579678655,2.8327820003032684,EPL,2023,2023/24,2026-10-09T12:02:48+00:00,M
6219,Enes Ünal,16,283,2,4.017524182796478,2,1.2090652771294117,23,5,1,0,F S,Bournemouth,2,4.017524182796478,3.646910510957241,0.7151226531714201,EPL,2023,2023/24,2026-10-09T12:02:48+00:00,F
6221,Pau Torres,29,2467,2,1.5308636222034693,0,0.6226628543809056,12,8,1,0,D S,Aston Villa,2,1.5308636222034693,12.13946529570967,11.884302482940257,EPL,2023,2023/24,2026-10-09T12:02:48+00:00,D
6314,Joachim Andersen,38,3420,2,2.444138385821134,3,2.8891019374132156,21,21,7,0,D,Crystal Palace,2,2.444138385821134,10.297365324571729,9.6244976837188,EPL,2023,2023/24,2026-10-09T12:02:48+00:00,D
6382,Pedro Neto,20,1524,2,3.287029344588518,9,5.216042526066303,36,37,4,0,F M S,Wolverhampton Wanderers,2,3.287029344588518,8.703318819403648,2.2079212702810764,EPL,2023,2023/24,2026-10-09T12:02:48+00:00,F
6490,Manuel Akanji,30,2517,2,2.200386293232441,0,0.5265345014631748,15,13,2,1,D M S,Manchester City,2,2.200386293232441,16.700940661132336,15.83909061923623,EPL,2023,2023/24,2026-10-09T12:02:48+00:00,D
6674,Rayan Ait Nouri,33,2391,2,3.2441271310672164,1,2.3514519911259413,23,25,7,0,D M S,Wolverhampton Wanderers,2,3.2441271310672164,10.710126422345638,6.927929415367544,EPL,2023,2023/24,2026-10-09T12:02:48+00:00,D
6686,Nicolo Zaniolo,25,820,2,3.7046729400753975,0,0.6395295020192862,27,10,7,0,F M S,Aston Villa,2,3.7046729400753975,5.261115295812488,1.7181058693677187,EPL,2023,2023/24,2026-10-09T12:02:48+00:00,F
6850,Willy Boly,20,1461,2,1.4704081807285547,1,1.3754375465214252,14,8,1,1,D S,Nottingham Forest,2,1.4704081807285547,4.124650048092008,3.0947159733623266,EPL,2023,2023/24,2026-10-09T12:02:48+00:00,D
6885,Axel Disasi,31,2586,2,2.678889036178589,0,0.19504063576459885,16,3,6,0,D S,Chelsea,2,2.678889036178589,14.653339916840196,14.106656992807984,EPL,2023,2023/24,2026-10-09T12:02:48+00:00,D
6888,William Saliba,38,3420,2,2.367191250436008,1,0.24890925362706184,10,6,4,0,D,Arsenal,2,2.367191250436008,16.631769336760044,16.434827260673046,EPL,2023,2023/24,2026-10-09T12:02:48+00:00,D
7083,Christian Nørgaard,31,2556,2,3.1722932122647762,1,2.970704079605639,36,24,8,0,M S,Brentford,2,3.1722932122647762,9.006961837410927,6.332392172887921,EPL,2023,2023/24,2026-10-09T12:02:48+00:00,M
7281,Diogo Dalot,36,3171,2,1.3286937261000276,3,3.0855262465775013,30,38,4,1,D S,Manchester United,2,1.3286937261000276,10.952797057107091,8.364923918619752,EPL,2023,2023/24,2026-10-09T12:02:48+00:00,D
7332,Max Kilman,38,3420,2,2.598186601884663,0,1.1396792819723487,14,17,7,0,D,Wolverhampton Wanderers,2,2.598186601884663,9.353960192762315,8.874694420956075,EPL,2023,2023/24,2026-10-09T12:02:48+00:00,D
7382,Dan Burn,33,2763,2,4.111052492633462,2,1.8968225196003914,23,9,4,0,D S,Newcastle United,2,4.111052492633462,15.2240951359272,13.172115057706833,EPL,2023,2023/24,2026-10-09T12:02:48+00:00,D
7395,Carlos Vinicius,13,286,2,1.6243880316615105,0,0.5761066563427448,9,5,2,0,F S,Fulham,2,1.6243880316615105,3.164248041808605,1.0699065858498216,EPL,2023,2023/24,2026-10-09T12:02:48+00:00,F
7762,Jean-Ricner Bellegarde,22,938,2,1.361364832147956,1,0.9551639519631863,15,12,0,1,D F M S,Wolverhampton Wanderers,2,1.361364832147956,3.1770667880773544,1.5232742801308632,EPL,2023,2023/24,2026-10-09T12:02:48+00:00,D
7931,Takehiro Tomiyasu,22,1106,2,1.6189159248024225,1,0.5923872366547585,17,6,0,1,D S,Arsenal,2,1.6189159248024225,3.8184002935886383,3.4134652838110924,EPL,2023,2023/24,2026-10-09T12:02:48+00:00,D
7967,Anssumane Fati,19,456,2,3.8195773735642433,0,0.6551500093191862,26,6,2,0,F M S,Brighton,2,3.8195773735642433,5.572026334702969,1.621451124548912,EPL,2023,2023/24,2026-10-09T12:02:48+00:00,F
8214,Tyrick Mitchell,37,3221,2,2.2116162590682507,3,3.6366397831588984,12,24,6,0,D,Crystal Palace,2,2.2116162590682507,12.8683971920982,8.858033265918493,EPL,2023,2023/24,2026-10-09T12:02:48+00:00,D
8252,Nicolás Domínguez,26,1543,2,1.7021510526537895,2,0.9089695196598768,22,10,4,0,M S,Nottingham Forest,2,1.7021510526537895,6.102301966398954,3.8425266593694687,EPL,2023,2023/24,2026-10-09T12:02:48+00:00,M
8635,Sven Botman,17,1383,2,0.9827942438423634,2,1.1396078020334244,10,5,2,0,D S,Newcastle United,2,0.9827942438423634,5.531088795512915,5.531088795512915,EPL,2023,2023/24,2026-10-09T12:02:48+00:00,D
8812,Sasa Kalajdzic,11,132,2,1.3522434905171394,0,1.0801250115036964,4,4,0,0,F S,Wolverhampton Wanderers,2,1.3522434905171394,2.5644532591104507,0.15924052149057388,EPL,2023,2023/24,2026-10-09T12:02:48+00:00,F
8831,Iyenoma Destiny Udogie,28,2437,2,2.81389419734478,3,2.5504489485174417,9,24,5,1,D,Tottenham,2,2.81389419734478,14.848989471793175,10.906614396721125,EPL,2023,2023/24,2026-10-09T12:02:48+00:00,D
8864,Matthew Cash,29,2142,2,4.486114578321576,2,2.969944916665554,33,13,8,0,D M S,Aston Villa,2,4.486114578321576,14.261767610907555,8.849687004461884,EPL,2023,2023/24,2026-10-09T12:02:48+00:00,D
9156,Kevin Schade,11,299,2,1.4017144106328487,1,0.9465273916721344,8,4,0,0,F S,Brentford,2,1.4017144106328487,2.1139008942991495,0.1965943891555071,EPL,2023,2023/24,2026-10-09T12:02:48+00:00,F
9667,Amadou Onana,30,2093,2,2.553437914699316,0,2.4138805400580168,29,18,5,0,M S,Everton,2,2.553437914699316,10.676468232646585,8.992594484239817,EPL,2023,2023/24,2026-10-09T12:02:48+00:00,M
9677,Kristoffer Ajer,28,1845,2,1.4675675723701715,1,2.600812576711178,12,12,5,0,D S,Brentford,2,1.4675675723701715,5.710211778059602,3.668103391304612,EPL,2023,2023/24,2026-10-09T12:02:48+00:00,D
9678,Ethan Pinnock,29,2521,2,3.382065122947097,0,0.5834191367030144,19,4,1,0,D S,Brentford,2,3.382065122947097,5.525476990267634,4.4719733241945505,EPL,2023,2023/24,2026-10-09T12:02:48+00:00,D
10187,Jarell Quansah,17,1182,2,1.4266883935779333,0,0.07552261091768742,6,3,1,0,D S,Liverpool,2,1.4266883935779333,7.204154305160046,7.149779371917248,EPL,2023,2023/24,2026-10-09T12:02:48+00:00,D
10291,Vitalii Mykolenko,28,2482,2,1.9085629284381866,0,1.246465403586626,26,13,0,0,D,Everton,2,1.9085629284381866,7.135594544932246,5.507095940411091,EPL,2023,2023/24,2026-10-09T12:02:48+00:00,D
10386,Anel Ahmedhodzic,31,2646,2,3.4643044117838144,0,0.9506413880735636,19,7,9,1,D S,Sheffield United,2,3.4643044117838144,5.8164455853402615,2.930068898946047,EPL,2023,2023/24,2026-10-09T12:02:48+00:00,D
10847,Rico Lewis,16,802,2,0.8562885001301765,0,1.7641991823911667,5,13,1,0,D M S,Manchester City,2,0.8562885001301765,6.614272229373455,4.863891489803791,EPL,2023,2023/24,2026-10-09T12:02:48+00:00,D
10866,Luis Sinisterra,20,670,2,2.296443399041891,2,2.3218660429120064,27,19,0,0,M S,Bournemouth,2,2.296443399041891,4.859211741015315,2.420190142467618,EPL,2023,2023/24,2026-10-09T12:02:48+00:00,M
11317,Danilo,29,1799,2,1.6652069194242358,2,1.5294003784656525,23,20,4,0,F M S,Nottingham Forest,2,1.6652069194242358,10.227419295348227,7.997594775632024,EPL,2023,2023/24,2026-10-09T12:02:48+00:00,F
11384,João Gomes,34,2690,2,1.8554088305681944,1,1.327573673799634,26,19,11,0,M S,Wolverhampton Wanderers,2,1.8554088305681944,6.302764528430998,4.639164644293487,EPL,2023,2023/24,2026-10-09T12:02:48+00:00,M
11720,Jacob Brown,19,1031,2,3.0787864811718464,0,0.8424425385892391,25,8,4,0,F M S,Luton,2,3.0787864811718464,3.890200674533844,0.4202767349779606,EPL,2023,2023/24,2026-10-09T12:02:48+00:00,F
11722,Luke Berry,17,272,2,1.1334221102297306,1,0.06163011118769646,8,1,1,0,M S,Luton,2,1.1334221102297306,0.8148019686341286,0.2390769198536873,EPL,2023,2023/24,2026-10-09T12:02:48+00:00,M
11723,Alfie Doughty,37,2980,2,1.831780318170786,8,6.612265331670642,26,70,5,0,D S,Luton,2,1.831780318170786,11.054738521575928,7.9952765721827745,EPL,2023,2023/24,2026-10-09T12:02:48+00:00,D
12151,Gabriel Osho,21,1853,2,1.2455969844013453,0,0.09535873681306839,10,2,3,0,D,Luton,2,1.2455969844013453,2.9620273392647505,2.8737573195248842,EPL,2023,2023/24,2026-10-09T12:02:48+00:00,D
461,Matt Ritchie,13,97,1,1.525990355759859,0,0,6,0,1,0,S,Newcastle United,1,1.525990355759859,2.365898761898279,0.8581954278051853,EPL,2023,2023/24,2026-10-09T12:02:48+00:00,S
553,Anthony Martial,13,430,1,1.0567390732467175,0,0.2762942183762789,6,6,0,0,F S,Manchester United,1,1.0567390732467175,1.701497795060277,0.41217057779431343,EPL,2023,2023/24,2026-10-09T12:02:48+00:00,F
586,John Stones,16,1060,1,0.7489623166620731,0,0.261431485414505,4,6,2,0,D M S,Manchester City,1,0.7489623166620731,6.698675032705069,6.489708628505468,EPL,2023,2023/24,2026-10-09T12:02:48+00:00,D
646,Christian Eriksen,22,1130,1,0.6886363411322236,2,2.3459482928738,13,27,1,0,M S,Manchester United,1,0.6886363411322236,5.237064341083169,3.57036822848022,EPL,2023,2023/24,2026-10-09T12:02:48+00:00,M
652,Kieran Trippier,28,2255,1,0.6469280309975147,10,8.592840051278472,8,66,5,0,D S,Newcastle United,1,0.6469280309975147,13.876140996813774,10.365714758634567,EPL,2023,2023/24,2026-10-09T12:02:48+00:00,D
660,Ben Davies,17,1067,1,2.077168807387352,0,0.31063371151685715,12,4,2,0,D S,Tottenham,1,2.077168807387352,7.61443617939949,6.318940620869398,EPL,2023,2023/24,2026-10-09T12:02:48+00:00,D
725,Ola Aina,22,1730,1,0.29650082159787416,1,0.7307851929217577,11,11,3,0,D S,Nottingham Forest,1,0.29650082159787416,6.002222128212452,5.237075835466385,EPL,2023,2023/24,2026-10-09T12:02:48+00:00,D
766,Jamaal Lascelles,16,1072,1,1.0759279876947403,0,0.036406565457582474,6,2,4,0,D S,Newcastle United,1,1.0759279876947403,3.6166847310960293,3.5107219703495502,EPL,2023,2023/24,2026-10-09T12:02:48+00:00,D
775,Andros Townsend,27,1211,1,1.4216714538633823,3,1.456837410107255,20,18,1,0,F M S,Luton,1,1.4216714538633823,2.8022335171699524,1.2012790031731129,EPL,2023,2023/24,2026-10-09T12:02:48+00:00,F
804,Craig Dawson,25,2214,1,1.3575858976691961,1,1.350392846390605,16,9,7,0,D,Wolverhampton Wanderers,1,1.3575858976691961,4.3896971847862005,4.195270133204758,EPL,2023,2023/24,2026-10-09T12:02:48+00:00,D
986,Danny Ings,20,342,1,1.2228488996624947,0,0.37887247279286385,12,5,1,0,F M S,West Ham,1,1.2228488996624947,1.6572822146117687,0.3996972218155861,EPL,2023,2023/24,2026-10-09T12:02:48+00:00,F
1245,Emerson,36,3163,1,1.6024377886205912,2,1.5223980667069554,19,23,10,0,D S,West Ham,1,1.6024377886205912,8.584011431783438,6.391479849815369,EPL,2023,2023/24,2026-10-09T12:02:48+00:00,D
1537,Sasa Lukic,24,1107,1,1.2816824559122324,0,0.6108460575342178,13,10,3,0,M S,Fulham,1,1.2816824559122324,4.723364921286702,3.862767720595002,EPL,2023,2023/24,2026-10-09T12:02:48+00:00,M
1653,Michael Keane,9,432,1,0.9261618256568909,0,0,6,0,2,0,D S,Everton,1,0.9261618256568909,0.8365163393318653,0.8365163393318653,EPL,2023,2023/24,2026-10-09T12:02:48+00:00,D
1663,Johann Berg Gudmundsson,26,1175,1,2.048229966312647,3,3.143440945073962,15,34,2,0,F M S,Burnley,1,2.048229966312647,6.296170109882951,2.9956371504813433,EPL,2023,2023/24,2026-10-09T12:02:48+00:00,F
1665,James Tarkowski,38,3420,1,3.3438648656010628,1,2.9575961800292134,25,21,11,0,D,Everton,1,3.3438648656010628,6.766535404138267,6.192924220114946,EPL,2023,2023/24,2026-10-09T12:02:48+00:00,D
1823,Lucas Digne,33,2406,1,1.2978818826377392,3,2.9300744011998177,20,37,7,0,D S,Aston Villa,1,1.2978818826377392,10.579740032553673,9.227116078138351,EPL,2023,2023/24,2026-10-09T12:02:48+00:00,D
2182,Jefferson Lerma,28,2413,1,2.384976907633245,1,2.4383071903139353,34,24,8,0,D M S,Crystal Palace,1,2.384976907633245,8.658741846680641,5.520685154944658,EPL,2023,2023/24,2026-10-09T12:02:48+00:00,D
2245,Raphael Varane,22,1374,1,1.1560358591377735,0,0.08104487508535385,8,1,2,0,D S,Manchester United,1,1.1560358591377735,4.322573345154524,3.4524471573531628,EPL,2023,2023/24,2026-10-09T12:02:48+00:00,D
2248,Casemiro,25,2006,1,3.123898906633258,2,1.3856250941753387,38,16,7,0,D M S,Manchester United,1,3.123898906633258,8.275429267436266,6.855192001909018,EPL,2023,2023/24,2026-10-09T12:02:48+00:00,D
2254,Mateo Kovacic,30,1540,1,1.42939617857337,0,1.6855967957526445,22,21,4,0,M S,Manchester City,1,1.42939617857337,13.513947013765574,12.226292986422777,EPL,2023,2023/24,2026-10-09T12:02:48+00:00,M
2383,André Gomes,12,476,1,0.31534918770194054,0,0.26019739359617233,8,3,4,0,M S,Everton,1,0.31534918770194054,1.3486489057540894,0.9295541495084763,EPL,2023,2023/24,2026-10-09T12:02:48+00:00,M
2958,Oleksandr Zinchenko,27,1742,1,0.5664580916054547,2,3.02644526027143,17,29,2,0,D S,Arsenal,1,0.5664580916054547,9.755152989178896,8.132995340973139,EPL,2023,2023/24,2026-10-09T12:02:48+00:00,D
3278,Maxwel Cornet,7,101,1,0.5305153168737888,0,0.16100368462502956,4,4,0,0,M S,West Ham,1,0.5305153168737888,0.6300216317176819,0.10632330924272537,EPL,2023,2023/24,2026-10-09T12:02:48+00:00,M
5973,Kenny Tete,14,880,1,1.1781789623200893,0,0.16147804353386164,4,3,2,0,D S,Fulham,1,1.1781789623200893,1.8050313368439674,1.7335399203002453,EPL,2023,2023/24,2026-10-09T12:02:48+00:00,D
5989,Moussa Niakhate,21,1446,1,1.166658602654934,0,0.09786215238273144,5,3,3,1,D S,Nottingham Forest,1,1.166658602654934,5.4206202663481236,5.337864320725203,EPL,2023,2023/24,2026-10-09T12:02:48+00:00,D
6030,Zanka,14,1082,1,0.6000314559787512,0,0.9500103443861008,8,6,4,0,D S,Brentford,1,0.6000314559787512,4.571010607294738,3.7045516846701503,EPL,2023,2023/24,2026-10-09T12:02:48+00:00,D
6044,Charlie Taylor,28,2336,1,0.24035568069666624,1,1.8833663314580917,10,15,8,0,D S,Burnley,1,0.24035568069666624,4.918537275865674,4.101939328014851,EPL,2023,2023/24,2026-10-09T12:02:48+00:00,D
6080,Victor Lindelöf,19,1340,1,0.43084179423749447,1,0.2853157091885805,6,8,2,0,D S,Manchester United,1,0.43084179423749447,3.862116176635027,3.649274256080389,EPL,2023,2023/24,2026-10-09T12:02:48+00:00,D
6088,Orel Mangala,20,1599,1,0.8923602215945721,0,0.28679931722581387,10,6,6,0,M S,Nottingham Forest,1,0.8923602215945721,3.6685553789138794,2.841583462432027,EPL,2023,2023/24,2026-10-09T12:02:48+00:00,M
6108,Rodrigo Bentancur,23,1016,1,1.622593866661191,1,0.5037150774151087,18,8,7,0,M S,Tottenham,1,1.622593866661191,8.576564118266106,7.389497200027108,EPL,2023,2023/24,2026-10-09T12:02:48+00:00,M
6157,Timothy Castagne,34,2627,1,1.3355903550982475,3,1.5853081783279777,14,18,3,0,D S,Fulham,1,1.3355903550982475,8.171432700008154,6.209871254861355,EPL,2023,2023/24,2026-10-09T12:02:48+00:00,D
6615,Trevoh Chalobah,13,944,1,0.35911528021097183,0,0.07494096830487251,2,2,1,0,D S,Chelsea,1,0.35911528021097183,4.417237082496285,4.417237082496285,EPL,2023,2023/24,2026-10-09T12:02:48+00:00,D
6630,Joe Willock,9,419,1,1.0462103113532066,0,0.44771592877805233,7,7,0,0,M S,Newcastle United,1,1.0462103113532066,2.0969158485531807,0.6613700017333031,EPL,2023,2023/24,2026-10-09T12:02:48+00:00,M
6665,Curtis Jones,23,1152,1,2.483465351164341,1,0.9511555470526218,19,11,3,1,M S,Liverpool,1,2.483465351164341,9.832491017878056,6.74063022620976,EPL,2023,2023/24,2026-10-09T12:02:48+00:00,M
6722,Konstantinos Mavropanos,19,1490,1,0.8723389487713575,0,0.1037653312087059,12,2,2,0,D S,West Ham,1,0.8723389487713575,1.4041581582278013,1.1598989609628916,EPL,2023,2023/24,2026-10-09T12:02:48+00:00,D
6820,David Brooks,13,241,1,2.2037018723785877,1,0.9074392039328814,13,8,1,0,M S,Bournemouth,1,2.2037018723785877,3.8162245713174343,0.9324527494609356,EPL,2023,2023/24,2026-10-09T12:02:48+00:00,M
6835,Tom Cairney,34,1427,1,1.009905599988997,4,3.1143901832401752,17,25,3,0,M S,Fulham,1,1.009905599988997,9.088703569956124,7.377049610950053,EPL,2023,2023/24,2026-10-09T12:02:48+00:00,M
6852,Matt Doherty,30,1087,1,1.1126765199005604,0,1.0989295095205307,8,12,2,0,D M S,Wolverhampton Wanderers,1,1.1126765199005604,3.6199135687202215,2.180733907967806,EPL,2023,2023/24,2026-10-09T12:02:48+00:00,D
6935,Naif Aguerd,21,1871,1,1.6546711716800928,0,0.2851862292736769,14,4,1,1,D,West Ham,1,1.6546711716800928,3.5052518025040627,3.46653238683939,EPL,2023,2023/24,2026-10-09T12:02:48+00:00,D
7069,Saman Ghoddos,19,701,1,0.302081985399127,0,1.0297286342829466,9,10,5,0,D S,Brentford,1,0.302081985399127,2.3261738447472453,2.0678049931302667,EPL,2023,2023/24,2026-10-09T12:02:48+00:00,D
7184,Tim Ream,18,1513,1,0.960849940776825,0,0,1,0,2,1,D S,Fulham,1,0.960849940776825,4.037653112784028,4.037653112784028,EPL,2023,2023/24,2026-10-09T12:02:48+00:00,D
7236,Leander Dendoncker,8,117,1,0.8101427890360355,0,0,2,0,0,0,M S,Aston Villa,1,0.8101427890360355,0.636492345482111,0.5911310315132141,EPL,2023,2023/24,2026-10-09T12:02:48+00:00,M
7430,Emerson,22,1145,1,0.17714704759418964,0,0.4156769150868058,6,3,4,0,D S,Tottenham,1,0.17714704759418964,4.4803829826414585,4.325593873858452,EPL,2023,2023/24,2026-10-09T12:02:48+00:00,D
7438,James Garner,37,3016,1,2.2248211354017258,2,5.287607742473483,41,43,7,0,M S,Everton,1,2.2248211354017258,9.332132609561086,5.183267613872886,EPL,2023,2023/24,2026-10-09T12:02:48+00:00,M
7710,Oliver Norwood,27,1413,1,0.9864262714982033,0,0.6933921938762069,15,16,8,0,M S,Sheffield United,0,0.22529425099492073,2.788633189164102,2.4070543106645346,EPL,2023,2023/24,2026-10-09T12:02:48+00:00,M
7726,Ezri Konsa Ngoyo,35,3090,1,2.3284507524222136,0,0.6873185783624649,19,8,5,0,D,Aston Villa,1,2.3284507524222136,14.659921541810036,13.562622778117657,EPL,2023,2023/24,2026-10-09T12:02:48+00:00,D
7768,Mason Mount,14,501,1,0.6238168478012085,0,0.37420978117734194,5,6,2,0,M S,Manchester United,1,0.6238168478012085,3.08113169670105,2.231110103428364,EPL,2023,2023/24,2026-10-09T12:02:48+00:00,M
7958,Sandro Tonali,8,436,1,0.8581285923719406,0,0.5521692577749491,3,7,2,0,M S,Newcastle United,1,0.8581285923719406,3.416136920452118,2.1788286715745926,EPL,2023,2023/24,2026-10-09T12:02:48+00:00,M
8066,Arnaut Danjuma Groeneveld,14,572,1,3.4230369105935097,0,0.8538514971733093,25,6,0,0,F M S,Everton,1,3.4230369105935097,4.255711138248444,0.09537248313426971,EPL,2023,2023/24,2026-10-09T12:02:48+00:00,F
8127,Amad Diallo Traore,9,375,1,0.5594709701836109,1,1.0110422410070896,10,10,1,0,M S,Manchester United,1,0.5594709701836109,2.2942124884575605,1.4572133403271437,EPL,2023,2023/24,2026-10-09T12:02:48+00:00,M
8285,Sander Berge,37,3020,1,2.1221074890345335,2,3.1849441323429346,25,29,8,1,M S,Burnley,1,2.1221074890345335,12.192523565143347,8.591317790560424,EPL,2023,2023/24,2026-10-09T12:02:48+00:00,M
8286,Jack Robinson,34,2885,1,1.5116838621906936,1,1.087454216554761,14,12,10,0,D S,Sheffield United,1,1.5116838621906936,3.866813466884196,2.7258199555799365,EPL,2023,2023/24,2026-10-09T12:02:48+00:00,D
8384,Armando Broja,21,500,1,2.4893455486744642,1,0.7393966801464558,13,4,0,0,F S,"Chelsea,Fulham",1,2.4893455486744642,4.2334747817367315,1.649859182536602,EPL,2023,2023/24,2026-10-09T12:02:48+00:00,F
8430,Chris Richards,26,2085,1,0.6396042630076408,1,0.6775753749534488,11,6,3,0,D M S,Crystal Palace,1,0.6396042630076408,5.3978734547272325,4.986880736425519,EPL,2023,2023/24,2026-10-09T12:02:48+00:00,D
8780,Joël Veltman,27,1549,1,0.7444530799984932,1,0.5223252037540078,6,4,4,0,D S,Brighton,1,0.7444530799984932,3.6864650389179587,3.0875401413068175,EPL,2023,2023/24,2026-10-09T12:02:48+00:00,D
8808,Wataru Endo,29,1718,1,0.4377728682011366,0,1.4933863505721092,10,16,10,0,M S,Liverpool,1,0.4377728682011366,12.217629071325064,11.228149242699146,EPL,2023,2023/24,2026-10-09T12:02:48+00:00,M
8941,Jacob Ramsey,16,824,1,2.316869243979454,1,0.9168627075850964,19,9,2,0,M S,Aston Villa,1,2.316869243979454,5.194736570119858,2.25878119841218,EPL,2023,2023/24,2026-10-09T12:02:48+00:00,M
8973,Lorenz Assignon,15,1249,1,0.4085904136300087,2,2.075187735259533,9,13,3,1,D,Burnley,1,0.4085904136300087,3.949996647424996,3.191625501960516,EPL,2023,2023/24,2026-10-09T12:02:48+00:00,D
9356,Carney Chukwuemeka,9,219,1,0.11761219799518585,1,0.24838955141603947,3,5,2,0,M S,Chelsea,1,0.11761219799518585,0.47145750373601913,0.10545574314892292,EPL,2023,2023/24,2026-10-09T12:02:48+00:00,M
9453,Moisés Caicedo,35,2897,1,0.2973291608504951,3,2.4989760648459196,13,22,11,0,M S,Chelsea,1,0.2973291608504951,25.048321802169085,23.26216376759112,EPL,2023,2023/24,2026-10-09T12:02:48+00:00,M
9512,Valentino Livramento,26,1275,1,0.961045878008008,0,1.0808788742870092,4,12,1,0,D S,Newcastle United,1,0.961045878008008,6.6416795793920755,5.265429927036166,EPL,2023,2023/24,2026-10-09T12:02:48+00:00,D
9558,Hannibal Mejbri,5,124,1,0.01660188101232052,0,0.2175336331129074,1,2,1,0,M S,Manchester United,1,0.01660188101232052,0.6164471115916967,0.3823116421699524,EPL,2023,2023/24,2026-10-09T12:02:48+00:00,M
9662,Dango Ouattara,30,1200,1,2.8214692445471883,2,1.69136568531394,30,17,3,0,D F M S,Bournemouth,1,2.8214692445471883,5.184925131499767,3.1382908783853054,EPL,2023,2023/24,2026-10-09T12:02:48+00:00,D
9680,Vitaly Janelt,38,3137,1,2.0162796927616,3,4.314206030219793,21,37,8,0,D M S,Brentford,1,2.0162796927616,12.40513951331377,9.032909959554672,EPL,2023,2023/24,2026-10-09T12:02:48+00:00,D
9681,Frank Onyeka,26,1124,1,2.0069142188876867,2,1.8476180955767632,22,12,8,0,M S,Brentford,1,2.0069142188876867,6.113463159650564,2.3846182618290186,EPL,2023,2023/24,2026-10-09T12:02:48+00:00,M
9685,Mads Roerslev,34,2009,1,1.1281067915260792,2,2.064798539504409,7,15,1,0,D S,Brentford,1,1.1281067915260792,6.286723421886563,4.37823604606092,EPL,2023,2023/24,2026-10-09T12:02:48+00:00,D
9689,Albert Sambi Lokonga,17,1331,1,0.7531502321362495,3,1.4872490242123604,8,9,4,0,M S,Luton,1,0.7531502321362495,4.319001622498035,3.1800113022327423,EPL,2023,2023/24,2026-10-09T12:02:48+00:00,M
9733,Nathan Collins,32,2647,1,1.9630648605525494,1,2.0567236468195915,10,11,3,0,D S,Brentford,1,1.9630648605525494,7.091836112551391,4.629758290015161,EPL,2023,2023/24,2026-10-09T12:02:48+00:00,D
9914,Shandon Baptiste,10,203,1,0.8607992753386497,1,0.4303002767264843,2,4,1,0,M S,Brentford,1,0.8607992753386497,1.3308127243071795,0.26521478593349457,EPL,2023,2023/24,2026-10-09T12:02:48+00:00,M
10012,Jakub Kiwior,20,953,1,1.1961752735078335,3,0.9080287516117096,6,6,1,0,D S,Arsenal,1,1.1961752735078335,5.180064149200916,3.9905764758586884,EPL,2023,2023/24,2026-10-09T12:02:48+00:00,D
10027,Lewis Dobbin,12,198,1,0.502917317673564,0,0.4989037085324526,5,4,1,0,M S,Everton,1,0.502917317673564,0.6766481157392263,0.13552195951342583,EPL,2023,2023/24,2026-10-09T12:02:48+00:00,M
10120,Conor Bradley,11,776,1,0.9028667435050011,3,1.9515707418322563,12,15,2,0,D S,Liverpool,1,0.9028667435050011,6.451037675142288,4.833862990140915,EPL,2023,2023/24,2026-10-09T12:02:48+00:00,D
10216,Lewis Hall,18,748,1,0.41603143885731697,0,0.30109941959381104,11,3,2,0,D S,Newcastle United,1,0.41603143885731697,6.00943548977375,5.44678489677608,EPL,2023,2023/24,2026-10-09T12:02:48+00:00,D
10293,Toti,35,2789,1,1.6792987622320652,3,1.210701234638691,10,6,7,0,D S,Wolverhampton Wanderers,1,1.6792987622320652,5.863689404912293,5.540323508903384,EPL,2023,2023/24,2026-10-09T12:02:48+00:00,D
10620,Luca Koleosho,15,1015,1,2.3243730422109365,1,1.4566490054130554,23,11,0,0,F M S,Burnley,1,2.3243730422109365,3.7318228743970394,0.2789538074284792,EPL,2023,2023/24,2026-10-09T12:02:48+00:00,F
10697,Ryan Gravenberch,26,1116,1,1.7132481131702662,0,1.0920489802956581,23,15,0,0,M S,Liverpool,1,1.7132481131702662,7.440316876396537,5.028185680508614,EPL,2023,2023/24,2026-10-09T12:02:48+00:00,M
10743,Kieffer Moore,8,76,1,1.2537736184895039,0,0.4799897577613592,6,2,0,0,S,Bournemouth,1,1.2537736184895039,1.9978741817176342,0.7897170707583427,EPL,2023,2023/24,2026-10-09T12:02:48+00:00,S
10758,Harry Toffolo,23,1439,1,1.4097881969064474,3,1.481477415189147,8,18,3,0,D S,Nottingham Forest,1,1.4097881969064474,4.174264665693045,2.7104875817894936,EPL,2023,2023/24,2026-10-09T12:02:48+00:00,D
10805,Levi Colwill,23,1813,1,0.7760256305336952,1,1.2379922457039356,11,7,2,0,D S,Chelsea,1,0.7760256305336952,8.106331346556544,7.155624521896243,EPL,2023,2023/24,2026-10-09T12:02:48+00:00,D
10872,Vinicius Souza,36,2676,1,0.5002630027011037,0,0.7816855013370514,14,5,3,0,D M S,Sheffield United,1,0.5002630027011037,4.085046709049493,2.9888922558166087,EPL,2023,2023/24,2026-10-09T12:02:48+00:00,D
11003,Ryan Yates,35,1967,1,2.6223334167152643,1,1.0064595751464367,32,7,6,0,M S,Nottingham Forest,1,2.6223334167152643,7.967897219583392,5.582980010658503,EPL,2023,2023/24,2026-10-09T12:02:48+00:00,M
11007,Fábio Vieira,11,277,1,1.164049606770277,2,1.3098269253969193,7,5,0,1,M S,Arsenal,0,0.4028807692229748,1.5897186901420355,0.29259338416159153,EPL,2023,2023/24,2026-10-09T12:02:48+00:00,M
11094,Antony,29,1329,1,3.4931225115433335,1,3.495804164558649,43,22,5,0,M S,Manchester United,1,3.4931225115433335,11.48103859461844,6.454792508855462,EPL,2023,2023/24,2026-10-09T12:02:48+00:00,M
11386,Lewis Miley,17,1223,1,1.1169020980596542,3,1.546121459454298,13,12,1,0,M S,Newcastle United,1,1.1169020980596542,6.223425015807152,4.03523076325655,EPL,2023,2023/24,2026-10-09T12:02:48+00:00,M
11486,Illia Zabarnyi,37,3330,1,1.736923448741436,0,0.38277394138276577,8,7,5,0,D,Bournemouth,1,1.736923448741436,9.300164757296443,9.114820940420032,EPL,2023,2023/24,2026-10-09T12:02:48+00:00,D
11595,Alfie Gilchrist,11,192,1,0.6408083289861679,0,0,5,0,1,0,D S,Chelsea,1,0.6408083289861679,0.9851318392902613,0.509981470182538,EPL,2023,2023/24,2026-10-09T12:02:48+00:00,D
11699,Ameen Al Dakhil,13,1055,1,1.2219129763543606,0,0.09834579937160015,8,2,1,0,D S,Burnley,1,1.2219129763543606,2.8363101556897163,1.7573904246091843,EPL,2023,2023/24,2026-10-09T12:02:48+00:00,D
11714,Tom Lockyer,14,1185,1,1.6194254234433174,1,0.3757978826761246,7,3,4,0,D,Luton,1,1.6194254234433174,1.8655977360904217,0.9909860678017139,EPL,2023,2023/24,2026-10-09T12:02:48+00:00,D
11715,Mads Andersen,8,390,1,0.6939341500401497,0,0,3,0,1,0,D S,Luton,1,0.6939341500401497,0.6146718375384808,0.04231686517596245,EPL,2023,2023/24,2026-10-09T12:02:48+00:00,D
11721,Cauley Woodrow,24,344,1,0.9773385636508465,1,1.1986291874200106,16,10,2,0,F S,Luton,1,0.9773385636508465,2.1638130135834217,0.34370357915759087,EPL,2023,2023/24,2026-10-09T12:02:48+00:00,F
11728,Calvin Bassey,29,2278,1,0.3684718329459429,0,0.10597540438175201,5,2,4,1,D S,Fulham,1,0.3684718329459429,8.236559823155403,8.236559823155403,EPL,2023,2023/24,2026-10-09T12:02:48+00:00,D
11903,Oscar Bobb,14,269,1,1.49422175437212,1,1.187767542898655,4,8,0,0,M S,Manchester City,1,1.49422175437212,5.021226137876511,2.8755914717912674,EPL,2023,2023/24,2026-10-09T12:02:48+00:00,M
11926,Edson Álvarez,31,2405,1,1.2118008164688945,1,0.5929595055058599,17,12,11,0,M S,West Ham,1,1.2118008164688945,6.416552271693945,5.055172272026539,EPL,2023,2023/24,2026-10-09T12:02:48+00:00,M
12073,Teden Mengi,30,2465,1,0.6793681988492608,0,0.3480907082557678,11,6,3,0,D S,Luton,1,0.6793681988492608,3.329129146412015,2.983856063336134,EPL,2023,2023/24,2026-10-09T12:02:48+00:00,D
12105,Alejo Véliz,8,27,1,0.20565900206565857,0,0,2,0,1,0,S,Tottenham,1,0.20565900206565857,0.20565900206565857,0,EPL,2023,2023/24,2026-10-09T12:02:48+00:00,S
12149,Alex Scott,23,997,1,0.6420764941722155,1,2.070768877863884,15,22,3,0,M S,Bournemouth,1,0.6420764941722155,4.81823368743062,2.62489465624094,EPL,2023,2023/24,2026-10-09T12:02:48+00:00,M
12187,Jordan Clark,23,1326,1,0.9263012297451496,1,1.848531438037753,17,12,4,0,M S,Luton,1,0.9263012297451496,4.373950673267245,2.6069892831146717,EPL,2023,2023/24,2026-10-09T12:02:48+00:00,M
12474,George Earthy,3,21,1,0.6298984289169312,0,0,1,0,0,0,S,West Ham,1,0.6298984289169312,0.6298984289169312,0,EPL,2023,2023/24,2026-10-09T12:02:48+00:00,S
37,Loris Karius,1,90,0,0,0,0,0,0,0,0,GK,Newcastle United,0,0,0,0,EPL,2023,2023/24,2026-10-09T12:02:48+00:00,GK
181,Bernd Leno,38,3420,0,0,0,0,0,0,3,0,GK,Fulham,0,0,4.714530278928578,4.714530278928578,EPL,2023,2023/24,2026-10-09T12:02:48+00:00,GK
205,Mahmoud Dahoud,9,462,0,0.16468830965459347,1,1.1006960421800613,6,10,1,1,M S,Brighton,0,0.16468830965459347,3.1638661548495293,2.4797462597489357,EPL,2023,2023/24,2026-10-09T12:02:48+00:00,M
229,Thiago Alcántara,1,1,0,0,0,0,0,0,0,0,S,Liverpool,0,0,0,0,EPL,2023,2023/24,2026-10-09T12:02:48+00:00,S
332,Joel Matip,10,798,0,0.5547500364482403,0,0.049058178439736366,5,2,2,0,D S,Liverpool,0,0.5547500364482403,4.6627917140722275,4.635653033852577,EPL,2023,2023/24,2026-10-09T12:02:48+00:00,D
343,Pierre-Emile Højbjerg,36,1212,0,0.544023672118783,0,1.134924995712936,19,8,4,0,M S,Tottenham,0,0.544023672118783,11.555909689515829,10.493784312158823,EPL,2023,2023/24,2026-10-09T12:02:48+00:00,M
375,Odisseas Vlachodimos,5,450,0,0,0,0.03266533091664314,0,1,0,0,GK,Nottingham Forest,0,0,1.0999388750642538,1.0672735627740622,EPL,2023,2023/24,2026-10-09T12:02:48+00:00,GK
448,Ivan Perisic,5,71,0,0.13002459704875946,1,1.1601292341947556,2,5,2,0,S,Tottenham,0,0.13002459704875946,1.8040422052145004,0.9906977340579033,EPL,2023,2023/24,2026-10-09T12:02:48+00:00,S
484,Divock Origi,20,557,0,1.545853216201067,1,1.5920869708061218,14,7,1,0,F M S,Nottingham Forest,0,1.545853216201067,4.103459514677525,1.0764283947646618,EPL,2023,2023/24,2026-10-09T12:02:48+00:00,F
486,Adam Lallana,25,875,0,0.7641588356345892,1,1.4911685585975647,11,15,2,0,M S,Brighton,0,0.7641588356345892,4.825282486155629,2.9767271457239985,EPL,2023,2023/24,2026-10-09T12:02:48+00:00,M
488,Philippe Coutinho,2,18,0,0.14225715398788452,0,0,3,0,0,0,S,Aston Villa,0,0.14225715398788452,0.14225715398788452,0.011847329325973988,EPL,2023,2023/24,2026-10-09T12:02:48+00:00,S
489,James Milner,15,788,0,0.2864724565297365,2,1.4874638468027115,5,16,3,0,D M S,Brighton,0,0.2864724565297365,4.586263053119183,4.168471843004227,EPL,2023,2023/24,2026-10-09T12:02:48+00:00,D
496,Mohamed Elneny,3,18,0,0.0575435645878315,0,0,2,0,0,0,S,Arsenal,0,0.0575435645878315,0.154712975025177,0.0971694067120552,EPL,2023,2023/24,2026-10-09T12:02:48+00:00,S
508,Calum Chambers,5,137,0,0,1,0.05676691234111786,0,1,1,0,M S,Aston Villa,0,0,0.6117476709187031,0.6117476709187031,EPL,2023,2023/24,2026-10-09T12:02:48+00:00,M
510,Joel Ward,26,1985,0,0.7851169966161251,1,0.09658221155405045,10,2,4,0,D S,Crystal Palace,0,0.7851169966161251,5.3411974757909775,5.244141489267349,EPL,2023,2023/24,2026-10-09T12:02:48+00:00,D
528,Angelo Ogbonna,11,629,0,0.0406796969473362,0,0,1,0,1,0,D S,West Ham,0,0.0406796969473362,0.21213871613144875,0.17145901918411255,EPL,2023,2023/24,2026-10-09T12:02:48+00:00,D
530,James Tomkins,4,4,0,0,0,0,0,0,0,0,S,Crystal Palace,0,0,0,0,EPL,2023,2023/24,2026-10-09T12:02:48+00:00,S
532,Cheikhou Kouyaté,12,199,0,0.4007705431431532,0,0.05584664270281792,5,1,2,0,M S,Nottingham Forest,0,0.4007705431431532,0.8718480132520199,0.4558485820889473,EPL,2023,2023/24,2026-10-09T12:02:48+00:00,M
534,Aaron Cresswell,11,414,0,0,0,0.4446245804429054,0,5,1,0,D S,West Ham,0,0,0.32303913682699203,0.2730376645922661,EPL,2023,2023/24,2026-10-09T12:02:48+00:00,D
561,Joe Rothwell,11,370,0,0.04971148632466793,0,0.1371351620182395,2,4,0,0,M S,Bournemouth,0,0.04971148632466793,1.69688056781888,1.6346725337207317,EPL,2023,2023/24,2026-10-09T12:02:48+00:00,M
585,Seamus Coleman,12,654,0,0,0,0.8893022555857897,0,3,0,0,D S,Everton,0,0,2.3442040607333183,1.454901821911335,EPL,2023,2023/24,2026-10-09T12:02:48+00:00,D
603,Nathaniel Clyne,19,1341,0,0.18276398722082376,0,0.15016059577465057,4,3,0,0,D S,Crystal Palace,0,0.18276398722082376,3.289492018520832,3.0100313499569893,EPL,2023,2023/24,2026-10-09T12:02:48+00:00,D
631,Ashley Young,31,2305,0,0.5671309139579535,0,2.473125728778541,13,21,5,1,D M S,Everton,0,0.5671309139579535,6.803516559302807,5.159970347769558,EPL,2023,2023/24,2026-10-09T12:02:48+00:00,D
638,Kyle Walker,32,2770,0,0.3650220464915037,4,3.342263269238174,16,25,2,0,D S,Manchester City,0,0.3650220464915037,21.998310588300228,20.06531212478876,EPL,2023,2023/24,2026-10-09T12:02:48+00:00,D
643,Eric Dier,4,187,0,0,0,0,0,0,0,0,D S,Tottenham,0,0,0.2850276902318001,0.2850276902318001,EPL,2023,2023/24,2026-10-09T12:02:48+00:00,D
695,Bertrand Traoré,2,7,0,0,0,0,0,0,0,0,S,Aston Villa,0,0,0,0,EPL,2023,2023/24,2026-10-09T12:02:48+00:00,S
706,Lukasz Fabianski,10,706,0,0,0,0,0,0,0,0,GK S,West Ham,0,0,0.3157586343586445,0.3157586343586445,EPL,2023,2023/24,2026-10-09T12:02:48+00:00,GK
712,Jack Cork,4,16,0,0,0,0,0,0,0,0,S,Burnley,0,0,0.24877267330884933,0.24877267330884933,EPL,2023,2023/24,2026-10-09T12:02:48+00:00,S
741,Jordan Pickford,38,3420,0,0,0,0.1356039261445403,0,4,5,0,GK,Everton,0,0,4.561621826142073,4.441057674586773,EPL,2023,2023/24,2026-10-09T12:02:48+00:00,GK
773,Aleksandar Mitrovic,1,31,0,0.1909874528646469,0,0,2,0,0,0,S,Fulham,0,0.1909874528646469,0.1909874528646469,0,EPL,2023,2023/24,2026-10-09T12:02:48+00:00,S
782,Ben Chilwell,13,771,0,1.2212005220353603,1,1.793320189230144,12,14,5,0,D S,Chelsea,0,1.2212005220353603,3.850440725684166,1.9574524844065309,EPL,2023,2023/24,2026-10-09T12:02:48+00:00,D
790,Nathan Redmond,12,100,0,0,0,0.2518436722457409,0,4,1,0,S,Burnley,0,0,0.9050039984285831,0.8224344961345196,EPL,2023,2023/24,2026-10-09T12:02:48+00:00,S
807,Jonny Evans,23,1399,0,0.08175858855247498,1,0.7122423723340034,1,6,2,0,D S,Manchester United,0,0.08175858855247498,3.112667176872492,3.084139473736286,EPL,2023,2023/24,2026-10-09T12:02:48+00:00,D
825,Adam Smith,28,2185,0,0.03963742405176163,2,1.4616671204566956,2,17,6,0,D S,Bournemouth,0,0.03963742405176163,7.450475042685866,6.158073959872127,EPL,2023,2023/24,2026-10-09T12:02:48+00:00,D
847,Cédric Soares,3,44,0,0,0,0,0,0,0,0,S,Arsenal,0,0,0.19675532914698124,0.19675532914698124,EPL,2023,2023/24,2026-10-09T12:02:48+00:00,S
853,Paul Dummett,5,11,0,0,0,0,0,0,0,0,S,Newcastle United,0,0,0.03596547618508339,0.03596547618508339,EPL,2023,2023/24,2026-10-09T12:02:48+00:00,S
884,Matt Targett,3,78,0,0,0,0.06273338198661804,0,1,1,0,D S,Newcastle United,0,0,0.08886169828474522,0.026128316298127174,EPL,2023,2023/24,2026-10-09T12:02:48+00:00,D
910,Harrison Reed,27,1298,0,0.28592466469854116,2,1.2897144686430693,9,14,6,0,M S,Fulham,0,0.28592466469854116,4.717917591333389,4.137020692229271,EPL,2023,2023/24,2026-10-09T12:02:48+00:00,M
978,Sam Johnstone,20,1800,0,0,0,0,0,0,1,0,GK,Crystal Palace,0,0,1.9733385294675827,1.9733385294675827,EPL,2023,2023/24,2026-10-09T12:02:48+00:00,GK
985,Mason Holgate,10,718,0,0.9260915219783783,0,0.4414309561252594,3,1,3,1,D S,Sheffield United,0,0.9260915219783783,1.08466067770496,0.6432297215797007,EPL,2023,2023/24,2026-10-09T12:02:48+00:00,D
987,Joseph Gomez,32,1749,0,0.8164968742057681,1,1.5004456005990505,19,21,5,0,D M S,Liverpool,0,0.8164968742057681,10.545846451073885,8.967196764424443,EPL,2023,2023/24,2026-10-09T12:02:48+00:00,D
1006,Luke Shaw,12,976,0,0.07127450406551361,0,0.954092476516962,2,13,6,0,D,Manchester United,0,0.07127450406551361,2.18767312169075,1.9797745142132044,EPL,2023,2023/24,2026-10-09T12:02:48+00:00,D
1024,Tyrone Mings,1,30,0,0.01415904238820076,0,0.13778242468833923,1,1,0,0,D,Aston Villa,0,0.01415904238820076,0.13778242468833923,0,EPL,2023,2023/24,2026-10-09T12:02:48+00:00,D
1042,Tom Davies,9,194,0,0.25131772086024284,0,0.034635528922080994,4,1,2,0,M S,Sheffield United,0,0.25131772086024284,0.6308722272515297,0.43550220504403114,EPL,2023,2023/24,2026-10-09T12:02:48+00:00,M
1214,Thomas Strakosha,2,127,0,0,0,0,0,0,0,0,GK S,Brentford,0,0,0,0,EPL,2023,2023/24,2026-10-09T12:02:48+00:00,GK
1257,Alisson,28,2520,0,0,0,0,0,0,1,0,GK,Liverpool,0,0,8.493492092937231,8.493492092937231,EPL,2023,2023/24,2026-10-09T12:02:48+00:00,GK
1297,Neto,32,2880,0,0,0,0,0,0,5,0,GK,Bournemouth,0,0,4.502189245074987,4.502189245074987,EPL,2023,2023/24,2026-10-09T12:02:48+00:00,GK
1389,Jorginho,24,911,0,0.08004274033010006,2,1.5529427882283926,4,10,1,0,M S,Arsenal,0,0.08004274033010006,6.152929972857237,5.498104698956013,EPL,2023,2023/24,2026-10-09T12:02:48+00:00,M
1545,Emil Krafth,17,912,0,0.22536493092775345,0,0.9704459868371487,4,9,2,0,D S,Newcastle United,0,0.22536493092775345,4.405003933236003,3.7778926361352205,EPL,2023,2023/24,2026-10-09T12:02:48+00:00,D
1771,Reece Burke,22,1691,0,2.1644996237009764,4,2.3214404489845037,13,13,5,0,D S,Luton,0,2.1644996237009764,4.144421625882387,3.8680728431791067,EPL,2023,2023/24,2026-10-09T12:02:48+00:00,D
1789,Lewis Cook,33,2799,0,0.4126169476658106,3,3.6777359638363123,12,46,5,1,D M S,Bournemouth,0,0.4126169476658106,11.350567385554314,8.91490264236927,EPL,2023,2023/24,2026-10-09T12:02:48+00:00,D
1830,Ionut Radu,2,180,0,0,0,0,0,0,0,0,GK,Bournemouth,0,0,0,0,EPL,2023,2023/24,2026-10-09T12:02:48+00:00,GK
2280,Jonny,1,1,0,0,0,0,0,0,0,0,S,Wolverhampton Wanderers,0,0,0,0,EPL,2023,2023/24,2026-10-09T12:02:48+00:00,S
2310,Alphonse Areola,31,2715,0,0,0,0,0,0,1,0,GK,West Ham,0,0,1.7693296167999506,1.7693296167999506,EPL,2023,2023/24,2026-10-09T12:02:48+00:00,GK
2328,Thomas Partey,14,793,0,0.36420316621661186,0,0.4302750788629055,8,6,3,0,D M S,Arsenal,0,0.36420316621661186,5.986752610653639,5.494942259043455,EPL,2023,2023/24,2026-10-09T12:02:48+00:00,D
2335,Pablo Fornals,15,392,0,0.2919035069644451,0,0.5666238348931074,7,5,0,0,M S,West Ham,0,0.2919035069644451,1.4481733404099941,0.9896499309688807,EPL,2023,2023/24,2026-10-09T12:02:48+00:00,M
2498,Aymeric Laporte,1,6,0,0.11228246241807938,0,0,1,0,0,0,S,Manchester City,0,0.11228246241807938,0,0,EPL,2023,2023/24,2026-10-09T12:02:48+00:00,S
2674,Thilo Kehrer,4,12,0,0,0,0,0,0,2,0,S,West Ham,0,0,0.09207619726657867,0.09207619726657867,EPL,2023,2023/24,2026-10-09T12:02:48+00:00,S
3203,Issa Diop,18,1435,0,0.26873418875038624,0,0,5,0,2,1,D S,Fulham,0,0.26873418875038624,2.9229609984904528,2.9229609984904528,EPL,2023,2023/24,2026-10-09T12:02:48+00:00,D
3585,Said Benrahma,13,619,0,1.9243336878716946,1,1.6338380239903927,19,11,1,0,M S,West Ham,0,1.1631648428738117,4.428546093404293,1.7844416052103043,EPL,2023,2023/24,2026-10-09T12:02:48+00:00,M
3600,Serge Aurier,12,843,0,0.20426762104034424,2,0.6003383956849575,6,3,2,0,D S,Nottingham Forest,0,0.20426762104034424,2.7418938018381596,2.1127189621329308,EPL,2023,2023/24,2026-10-09T12:02:48+00:00,D
4401,Emiliano Martinez,34,3022,0,0,0,0.018454523757100105,0,1,4,0,GK,Aston Villa,0,0,9.158851562067866,9.140397010371089,EPL,2023,2023/24,2026-10-09T12:02:48+00:00,GK
5050,Clement Lenglet,14,1167,0,0.9835287630558014,1,0.8562045320868492,7,2,3,0,D,Aston Villa,0,0.9835287630558014,7.290762335062027,7.290762335062027,EPL,2023,2023/24,2026-10-09T12:02:48+00:00,D
5552,Nick Pope,15,1347,0,0.016498630866408348,0,0,1,0,1,0,GK,Newcastle United,0,0.016498630866408348,4.397169943898916,4.397169943898916,EPL,2023,2023/24,2026-10-09T12:02:48+00:00,GK
5568,Connor Roberts,14,804,0,0,1,0.31314151361584663,0,7,3,1,D S,Burnley,0,0,2.1132199577987194,1.9018691666424274,EPL,2023,2023/24,2026-10-09T12:02:48+00:00,D
5569,Rhian Brewster,13,302,0,0.34494016505777836,0,0.10135408118367195,7,2,0,1,F S,Sheffield United,0,0.34494016505777836,0.784455269575119,0.3381610158830881,EPL,2023,2023/24,2026-10-09T12:02:48+00:00,F
5584,Aaron Wan-Bissaka,22,1784,0,0.14621218293905258,2,1.4311098009347916,3,12,4,0,D S,Manchester United,0,0.14621218293905258,7.737613718956709,6.425123929977417,EPL,2023,2023/24,2026-10-09T12:02:48+00:00,D
5603,Aaron Ramsdale,6,540,0,0,0,0,0,0,0,0,GK,Arsenal,0,0,0.7832736372947693,0.7832736372947693,EPL,2023,2023/24,2026-10-09T12:02:48+00:00,GK
5609,Yves Bissouma,28,2120,0,1.1663736272603273,0,0.4049058575183153,24,10,8,2,M S,Tottenham,0,1.1663736272603273,11.2580073364079,10.58978133648634,EPL,2023,2023/24,2026-10-09T12:02:48+00:00,M
5712,Diego Carlos,27,1784,0,1.8101312145590782,0,0.1100177364423871,9,4,4,0,D S,Aston Villa,0,1.8101312145590782,5.879810709506273,5.67356039211154,EPL,2023,2023/24,2026-10-09T12:02:48+00:00,D
5722,Ibrahim Sangare,17,1053,0,0.8340437468141317,0,0.35079983808100224,8,7,6,0,M S,Nottingham Forest,0,0.8340437468141317,4.501044608652592,3.5168560035526752,EPL,2023,2023/24,2026-10-09T12:02:48+00:00,M
5789,Boubacar Kamara,20,1686,0,0.14352729450911283,1,1.0960499802604318,5,20,7,1,M,Aston Villa,0,0.14352729450911283,9.230381686240435,8.439194424077868,EPL,2023,2023/24,2026-10-09T12:02:48+00:00,M
5803,Fode Toure,6,41,0,0,0,0,0,0,1,0,S,Fulham,0,0,0.6374003142118454,0.6374003142118454,EPL,2023,2023/24,2026-10-09T12:02:48+00:00,S
6027,Jairo Riedewald,9,219,0,0.05936440825462341,0,0,1,0,0,0,M S,Crystal Palace,0,0.05936440825462341,1.6596563309431076,1.6002919226884842,EPL,2023,2023/24,2026-10-09T12:02:48+00:00,M
6054,Ederson,33,2794,0,0,0,0,0,0,5,0,GK,Manchester City,0,0,8.03402054309845,8.03402054309845,EPL,2023,2023/24,2026-10-09T12:02:48+00:00,GK
6104,Will Hughes,30,1924,0,0.30102055706083775,1,1.7067030258476734,8,21,6,0,M S,Crystal Palace,0,0.30102055706083775,5.737615456804633,5.330458853393793,EPL,2023,2023/24,2026-10-09T12:02:48+00:00,M
6163,Nélson Semedo,36,3127,0,1.232096817344427,1,2.0054253563284874,17,24,10,1,D M,Wolverhampton Wanderers,0,1.232096817344427,8.870165027678013,6.637749888934195,EPL,2023,2023/24,2026-10-09T12:02:48+00:00,D
6249,Davinson Sánchez,1,77,0,0.11006297916173935,0,0,1,0,1,0,S,Tottenham,0,0.11006297916173935,0.1389056295156479,0.1389056295156479,EPL,2023,2023/24,2026-10-09T12:02:48+00:00,S
6326,Ibrahima Konaté,22,1555,0,0.5480835782364011,0,0.5098369065672159,11,8,3,1,D S,Liverpool,0,0.5480835782364011,10.232070155441761,10.100398369133472,EPL,2023,2023/24,2026-10-09T12:02:48+00:00,D
6345,Jadon Sancho,3,68,0,0,0,0.12816749513149261,0,1,0,0,S,Manchester United,0,0,0.2712413966655731,0.1430738866329193,EPL,2023,2023/24,2026-10-09T12:02:48+00:00,S
6420,Romain Faivre,5,21,0,0.13081937655806541,0,0,2,0,1,0,S,Bournemouth,0,0.13081937655806541,0.14801255241036415,0.14801255241036415,EPL,2023,2023/24,2026-10-09T12:02:48+00:00,S
6424,Ben Johnson,14,509,0,0.21550948731601238,0,0,6,0,1,0,D M S,West Ham,0,0.21550948731601238,0.6861794609576464,0.5518248528242111,EPL,2023,2023/24,2026-10-09T12:02:48+00:00,D
6492,Reiss Nelson,15,215,0,0.23842556215822697,0,0.6414464898407459,4,5,1,0,F S,Arsenal,0,0.23842556215822697,3.198990484699607,2.478929640725255,EPL,2023,2023/24,2026-10-09T12:02:48+00:00,F
6504,Michael Obafemi,2,9,0,0.11657162755727768,0,0,2,0,0,0,S,Burnley,0,0.11657162755727768,0.15364274382591248,0.037071119993925095,EPL,2023,2023/24,2026-10-09T12:02:48+00:00,S
6532,Martin Dubravka,23,1983,0,0,0,0.12002640217542648,0,1,1,0,GK S,Newcastle United,0,0,3.5433348193764687,3.4233084097504616,EPL,2023,2023/24,2026-10-09T12:02:48+00:00,GK
6557,Louis Beyer,15,1252,0,0.42690371349453926,1,0.4111006297171116,5,3,6,0,D,Burnley,0,0.42690371349453926,1.9057915396988392,1.516863290220499,EPL,2023,2023/24,2026-10-09T12:02:48+00:00,D
6656,Sergio Gómez,6,29,0,0.6195764094591141,1,0.12880565226078033,2,1,0,0,S,Manchester City,0,0.6195764094591141,0.9868094772100449,0.3672330677509308,EPL,2023,2023/24,2026-10-09T12:02:48+00:00,S
6903,Matz Sels,16,1440,0,0,0,0.06965266913175583,0,1,1,0,GK,Nottingham Forest,0,0,0.8204675614833832,0.7508148960769176,EPL,2023,2023/24,2026-10-09T12:02:48+00:00,GK
6962,Robin Olsen,5,398,0,0,0,0,0,0,0,0,GK S,Aston Villa,0,0,0.27475402504205704,0.27475402504205704,EPL,2023,2023/24,2026-10-09T12:02:48+00:00,GK
6986,Hamed Junior Traore,3,32,0,0.13743155915290117,0,0.05982113257050514,3,1,0,0,S,Bournemouth,0,0.13743155915290117,0.5355859631672502,0.33833327889442444,EPL,2023,2023/24,2026-10-09T12:02:48+00:00,S
7027,Arijanet Muric,10,900,0,0,0,0.37258302234113216,0,4,0,0,GK,Burnley,0,0,2.251372165977955,1.878789134323597,EPL,2023,2023/24,2026-10-09T12:02:48+00:00,GK
7047,Mark Flekken,37,3293,0,0,1,0.29118523746728897,0,3,3,0,GK,Brentford,0,0,4.7133525144308805,4.524704350158572,EPL,2023,2023/24,2026-10-09T12:02:48+00:00,GK
7134,Marc Cucurella,21,1788,0,1.4538506548851728,2,1.254556130617857,8,19,10,0,D S,Chelsea,0,1.4538506548851728,12.102387934923172,10.091670595109463,EPL,2023,2023/24,2026-10-09T12:02:48+00:00,D
7187,Sergio Reguilón,25,1539,0,1.177430784329772,4,3.6384903844445944,17,28,7,1,D S,"Brentford,Manchester United",0,1.177430784329772,6.459852248430252,3.6084673702716827,EPL,2023,2023/24,2026-10-09T12:02:48+00:00,D
7198,Oliver Skipp,21,660,0,0.6823929585516453,0,0.541032612323761,4,7,3,0,D M S,Tottenham,0,0.6823929585516453,5.0269977785646915,4.433636624366045,EPL,2023,2023/24,2026-10-09T12:02:48+00:00,D
7230,Emile Smith-Rowe,13,325,0,1.5201803892850876,1,0.24036412686109543,15,4,0,0,M S,Arsenal,0,1.5201803892850876,3.7657799795269966,2.0563183277845383,EPL,2023,2023/24,2026-10-09T12:02:48+00:00,M
7235,Jason Steele,17,1530,0,0,0,0,0,0,0,0,GK,Brighton,0,0,3.745168898254633,3.745168898254633,EPL,2023,2023/24,2026-10-09T12:02:48+00:00,GK
7240,Benoit Badiashile Mukinayi,18,1338,0,0.5172926671802998,1,1.5548250479623675,6,6,2,0,D S,Chelsea,0,0.5172926671802998,8.460209622979164,8.366715781390667,EPL,2023,2023/24,2026-10-09T12:02:48+00:00,D
7264,Han-Noah Massengo,3,9,0,0,0,0,0,0,0,0,S,Burnley,0,0,0,0,EPL,2023,2023/24,2026-10-09T12:02:48+00:00,S
7277,Ryan John Giles,11,492,0,0.14714428782463074,0,0.22607613913714886,2,5,0,0,D S,Luton,0,0.14714428782463074,0.7447603233158588,0.5261147022247314,EPL,2023,2023/24,2026-10-09T12:02:48+00:00,D
7338,Bryan Gil Salvatierra,11,182,0,0.7904373183846474,0,0.19244391098618507,4,4,0,0,M S,Tottenham,0,0.7904373183846474,2.1181607861071825,1.3597642369568348,EPL,2023,2023/24,2026-10-09T12:02:48+00:00,M
7352,Tyler Adams,3,111,0,0,0,0.09760691225528717,0,1,0,0,M S,Bournemouth,0,0,0.5493647493422031,0.45175783708691597,EPL,2023,2023/24,2026-10-09T12:02:48+00:00,M
7384,Chris Mepham,10,610,0,0.0895473062992096,1,0.474224217236042,1,3,2,0,D S,Bournemouth,0,0.0895473062992096,1.9734333753585815,1.9348021671175957,EPL,2023,2023/24,2026-10-09T12:02:48+00:00,D
7582,Mark Travers,4,360,0,0,0,0,0,0,0,0,GK,Bournemouth,0,0,0,0,EPL,2023,2023/24,2026-10-09T12:02:48+00:00,GK
7603,Marc Guehi,25,2021,0,0.4888940155506134,1,0.962568361312151,5,7,2,0,D M S,Crystal Palace,0,0.4888940155506134,6.667929092422128,6.454947093501687,EPL,2023,2023/24,2026-10-09T12:02:48+00:00,D
7688,Max Aarons,20,1219,0,0.047610869631171227,1,0.8764500692486763,2,7,1,0,D S,Bournemouth,0,0.047610869631171227,3.960431007668376,3.3971939999610186,EPL,2023,2023/24,2026-10-09T12:02:48+00:00,D
7689,Ben Godfrey,15,1131,0,2.1673798076808453,0,0.20296811684966087,15,3,2,0,D S,Everton,0,2.1673798076808453,1.4282750822603703,1.147367212921381,EPL,2023,2023/24,2026-10-09T12:02:48+00:00,D
7699,Adam Webster,15,1146,0,0.4553392454981804,0,0.21061718463897705,8,5,1,0,D S,Brighton,0,0.4553392454981804,6.527007706463337,6.405847318470478,EPL,2023,2023/24,2026-10-09T12:02:48+00:00,D
7702,Dean Henderson,18,1620,0,0,0,0,0,0,2,0,GK,Crystal Palace,0,0,1.2326296400278807,1.2326296400278807,EPL,2023,2023/24,2026-10-09T12:02:48+00:00,GK
7703,John Egan,6,491,0,0.2383595146238804,0,0,3,0,2,0,D,Sheffield United,0,0.2383595146238804,0.3853593021631241,0.2653413340449333,EPL,2023,2023/24,2026-10-09T12:02:48+00:00,D
7704,Chris Basham,8,298,0,0.4091367721557617,0,0.142877459526062,2,2,1,0,D M S,Sheffield United,0,0.4091367721557617,0.30363729596138,0.30363729596138,EPL,2023,2023/24,2026-10-09T12:02:48+00:00,D
7706,George Baldock,13,965,0,0.024696996435523033,1,0.8560367710888386,1,7,4,0,D S,Sheffield United,0,0.024696996435523033,1.778840757906437,1.5442426055669785,EPL,2023,2023/24,2026-10-09T12:02:48+00:00,D
7709,John Fleck,4,82,0,0,0,0.10508622229099274,0,1,1,0,M S,Sheffield United,0,0,0.14322500303387642,0.038138783536851406,EPL,2023,2023/24,2026-10-09T12:02:48+00:00,M
7714,Ben Osborn,24,1343,0,0.17907935101538897,2,1.0758813545107841,4,13,3,0,D M S,Sheffield United,0,0.17907935101538897,3.0705280490219593,2.045230019837618,EPL,2023,2023/24,2026-10-09T12:02:48+00:00,D
7904,Caoimhin Kelleher,10,900,0,0,0,0.044807832688093185,0,1,0,0,GK,Liverpool,0,0,3.1609220281243324,3.1609220281243324,EPL,2023,2023/24,2026-10-09T12:02:48+00:00,GK
7921,Felipe,7,369,0,0.17141835950315,0,0.03801676072180271,3,2,3,0,D S,Nottingham Forest,0,0.17141835950315,1.4830044843256474,1.4425167199224234,EPL,2023,2023/24,2026-10-09T12:02:48+00:00,D
7927,Sofyan Amrabat,21,922,0,0.07372471690177917,0,0.2675175704061985,3,6,6,0,D M S,Manchester United,0,0.07372471690177917,2.209341010078788,2.0533030200749636,EPL,2023,2023/24,2026-10-09T12:02:48+00:00,D
7943,Igor Julio,24,1640,0,0.21774271875619888,0,0.623787728138268,5,7,4,0,D S,Brighton,0,0.21774271875619888,10.448413725942373,10.266164284199476,EPL,2023,2023/24,2026-10-09T12:02:48+00:00,D
7988,Billy Gilmour,30,2154,0,0.7286842339672148,1,2.0903379926458,25,22,8,1,M S,Brighton,0,0.7286842339672148,17.74679738096893,16.257044926285744,EPL,2023,2023/24,2026-10-09T12:02:48+00:00,M
8040,Marvelous Nakamba,13,1140,0,0.1364169279113412,0,0.3258170820772648,5,7,5,0,M,Luton,0,0.1364169279113412,3.025253765285015,2.7535953894257545,EPL,2023,2023/24,2026-10-09T12:02:48+00:00,M
8067,Reece James,10,422,0,0.3389957156032324,2,2.679515279829502,7,11,0,2,D S,Chelsea,0,0.3389957156032324,3.0341393500566483,1.8427834287285805,EPL,2023,2023/24,2026-10-09T12:02:48+00:00,D
8090,Lloyd Kelly,23,1567,0,0.3132251426577568,1,1.6466527543962002,4,9,2,0,D S,Bournemouth,0,0.3132251426577568,5.733856109902263,4.144671676680446,EPL,2023,2023/24,2026-10-09T12:02:48+00:00,D
8119,Boubacar Traore,24,760,0,0.2670730333775282,0,0.28133357409387827,11,5,4,0,M S,Wolverhampton Wanderers,0,0.2670730333775282,3.788605699315667,3.4077476616948843,EPL,2023,2023/24,2026-10-09T12:02:48+00:00,M
8191,Giovanni Reyna,9,206,0,0.20879216119647026,1,0.39245820976793766,5,6,0,0,M S,Nottingham Forest,0,0.20879216119647026,1.2173451017588377,0.8090423513203859,EPL,2023,2023/24,2026-10-09T12:02:48+00:00,M
8204,Neco Williams,26,1622,0,0.9342501480132341,1,1.1115016266703606,15,11,4,0,D M S,Nottingham Forest,0,0.9342501480132341,4.656272342428565,3.0113450456410646,EPL,2023,2023/24,2026-10-09T12:02:48+00:00,D
8226,Tariq Lamptey,19,923,0,0.570682673715055,3,1.210934355854988,6,10,3,0,D M S,Brighton,0,0.570682673715055,2.8591504972428083,1.6079945554956794,EPL,2023,2023/24,2026-10-09T12:02:48+00:00,D
8496,Tommy Doyle,26,1175,0,0.4136425852775574,0,0.6756884949281812,14,8,2,0,M S,Wolverhampton Wanderers,0,0.4136425852775574,4.574842236936092,4.24587644636631,EPL,2023,2023/24,2026-10-09T12:02:48+00:00,M
8562,Luke Thomas,12,940,0,0.6857008039951324,0,0.06999615393579006,6,2,3,0,D M S,Sheffield United,0,0.6857008039951324,1.4491792991757393,0.7634785007685423,EPL,2023,2023/24,2026-10-09T12:02:48+00:00,D
8666,Cheick Oumar Doucoure,11,926,0,0.1988849276676774,0,0.7361565185710788,6,10,2,0,M,Crystal Palace,0,0.1988849276676774,3.296035975217819,2.666292503476143,EPL,2023,2023/24,2026-10-09T12:02:48+00:00,M
8719,Kalvin Phillips,12,358,0,0.19420802872627974,0,0,5,0,1,1,M S,"Manchester City,West Ham",0,0.19420802872627974,1.1170908715575933,0.9405870689079165,EPL,2023,2023/24,2026-10-09T12:02:48+00:00,M
8776,Wes Foderingham,30,2644,0,0,0,0.06504426151514053,0,1,2,0,GK S,Sheffield United,0,0,0.9430307522416115,0.877986490726471,EPL,2023,2023/24,2026-10-09T12:02:48+00:00,GK
8778,Fabio Silva,8,257,0,0.913575079292059,0,0.2420392744243145,7,4,2,0,F S,Wolverhampton Wanderers,0,0.913575079292059,1.1997973173856735,0.16965851187705994,EPL,2023,2023/24,2026-10-09T12:02:48+00:00,F
8786,Stefan Ortega Moreno,9,626,0,0,0,0,0,0,0,0,GK S,Manchester City,0,0,1.7157262079417706,1.7157262079417706,EPL,2023,2023/24,2026-10-09T12:02:48+00:00,GK
8821,Donny van de Beek,1,1,0,0.03228488191962242,0,0.06568886339664459,1,1,0,0,S,Manchester United,0,0.03228488191962242,0.09797374159097672,0,EPL,2023,2023/24,2026-10-09T12:02:48+00:00,S
8852,Konstantinos Tsimikas,13,667,0,0.09273439832031727,3,1.1678164629265666,3,16,0,0,D S,Liverpool,0,0.09273439832031727,2.015436552464962,1.7746542319655418,EPL,2023,2023/24,2026-10-09T12:02:48+00:00,D
8858,Guglielmo Vicario,38,3420,0,0,0,0,0,0,2,0,GK,Tottenham,0,0,6.606127485632896,6.606127485632896,EPL,2023,2023/24,2026-10-09T12:02:48+00:00,GK
8859,Mikkel Damsgaard,23,797,0,0.8753717057406902,2,2.291341120377183,9,10,2,0,M S,Brentford,0,0.8753717057406902,4.728561159223318,2.396734122186899,EPL,2023,2023/24,2026-10-09T12:02:48+00:00,M
8918,Max Lowe,10,499,0,0.9397587776184082,0,0.012994728051126003,2,1,1,0,D S,Sheffield United,0,0.9397587776184082,1.840770854614675,0.8880173694342375,EPL,2023,2023/24,2026-10-09T12:02:48+00:00,D
8923,Ivo Grbic,9,776,0,0,0,0,0,0,1,0,GK,Sheffield United,0,0,0.5941517408937216,0.5941517408937216,EPL,2023,2023/24,2026-10-09T12:02:48+00:00,GK
8940,Antonee Robinson,37,3290,0,0.8533244347199798,6,3.767484251409769,16,31,6,0,D,Fulham,0,0.8533244347199798,13.781186819076538,11.46092726662755,EPL,2023,2023/24,2026-10-09T12:02:48+00:00,D
8942,Aaron Hickey,9,749,0,0.19348732568323612,0,0.04746435210108757,7,1,5,0,D,Brentford,0,0.19348732568323612,1.1258890461176634,0.9994768127799034,EPL,2023,2023/24,2026-10-09T12:02:48+00:00,D
8961,Rúben Dias,30,2552,0,1.828122090548277,0,0.600502266548574,20,7,0,0,D S,Manchester City,0,1.828122090548277,16.81101167947054,16.458546616137028,EPL,2023,2023/24,2026-10-09T12:02:48+00:00,D
8965,Vladimir Coufal,36,3153,0,0.28548409417271614,7,4.300948256626725,8,33,5,1,D,West Ham,0,0.28548409417271614,10.106693800538778,6.967354290187359,EPL,2023,2023/24,2026-10-09T12:02:48+00:00,D
9017,Malo Gusto,27,1754,0,1.700457390397787,6,5.507309950888157,15,32,7,1,D S,Chelsea,0,1.700457390397787,14.041902555152774,10.585735710337758,EPL,2023,2023/24,2026-10-09T12:02:48+00:00,D
9077,James Trafford,28,2520,0,0,0,0,0,0,2,0,GK,Burnley,0,0,2.3824947578832507,2.3824947578832507,EPL,2023,2023/24,2026-10-09T12:02:48+00:00,GK
9098,Robert Sánchez,16,1438,0,0,0,0,0,0,2,0,GK,Chelsea,0,0,4.148339273408055,4.148339273408055,EPL,2023,2023/24,2026-10-09T12:02:48+00:00,GK
9105,Radu Dragusin,9,417,0,0.07337670773267746,0,0,1,0,1,0,D S,Tottenham,0,0.07337670773267746,2.9626500830054283,2.889273375272751,EPL,2023,2023/24,2026-10-09T12:02:48+00:00,D
9154,Elliot Anderson,21,997,0,1.3419555649161339,2,1.5226023513823748,19,15,3,0,D F M S,Newcastle United,0,1.3419555649161339,6.666737984865904,4.969087693840265,EPL,2023,2023/24,2026-10-09T12:02:48+00:00,D
9222,Antwoine Hackford,2,8,0,0,0,0,0,0,0,0,S,Sheffield United,0,0,0,0,EPL,2023,2023/24,2026-10-09T12:02:48+00:00,S
9274,Naouirou Ahamada,20,282,0,0.5298433359712362,0,0.05646481364965439,9,1,2,1,S,Crystal Palace,0,0.5298433359712362,2.506193021312356,1.9648387469351292,EPL,2023,2023/24,2026-10-09T12:02:48+00:00,S
9284,Jakub Moder,17,586,0,0.8932432122528553,0,0.7571170665323734,11,5,2,0,D M S,Brighton,0,0.8932432122528553,2.4987766928970814,1.1246388629078865,EPL,2023,2023/24,2026-10-09T12:02:48+00:00,D
9287,Tyler Onyango,1,1,0,0,0,0,0,0,0,0,S,Everton,0,0,0,0,EPL,2023,2023/24,2026-10-09T12:02:48+00:00,S
9324,Facundo Pellistri,9,144,0,0.37423551455140114,1,0.07077087461948395,4,1,0,0,M S,Manchester United,0,0.37423551455140114,1.411473162472248,0.9664667788892984,EPL,2023,2023/24,2026-10-09T12:02:48+00:00,M
9332,Dane Scarlett,4,16,0,0,0,0,0,0,0,0,S,Tottenham,0,0,0,0,EPL,2023,2023/24,2026-10-09T12:02:48+00:00,S
9409,Kaine Hayden,3,3,0,0,0,0,0,0,0,0,S,Aston Villa,0,0,0,0,EPL,2023,2023/24,2026-10-09T12:02:48+00:00,S
9415,Jaden Philogene-Bidace,1,1,0,0,0,0,0,0,0,0,S,Aston Villa,0,0,0.10713136941194534,0.10713136941194534,EPL,2023,2023/24,2026-10-09T12:02:48+00:00,S
9451,Chimuanya Ugochukwu,12,289,0,0,0,0.18544436991214752,0,3,2,0,M S,Chelsea,0,0,2.2840482108294964,2.163483928889036,EPL,2023,2023/24,2026-10-09T12:02:48+00:00,M
9461,Jesurun Rak-Sakyi,6,124,0,0.35584220476448536,0,0.07684876397252083,5,2,0,0,S,Crystal Palace,0,0.35584220476448536,1.1574715673923492,0.7433868646621704,EPL,2023,2023/24,2026-10-09T12:02:48+00:00,S
9487,Maxime Estève,16,1314,0,0.24058250151574612,0,0.012573497369885445,7,1,6,0,D S,Burnley,0,0.24058250151574612,1.9057064168155193,1.8650701008737087,EPL,2023,2023/24,2026-10-09T12:02:48+00:00,D
9509,Daniel Jebbison,1,15,0,0,0,0,0,0,0,0,S,Sheffield United,0,0,0,0,EPL,2023,2023/24,2026-10-09T12:02:48+00:00,S
9554,Tim Iroegbunam,9,136,0,0,0,0,0,0,0,0,M S,Aston Villa,0,0,0.08667697012424469,0.08667697012424469,EPL,2023,2023/24,2026-10-09T12:02:48+00:00,M
9556,William Osula,21,769,0,2.0722835399210453,0,0.09878482669591904,21,1,4,0,F S,Sheffield United,0,2.0722835399210453,2.056103426963091,0.1622651368379593,EPL,2023,2023/24,2026-10-09T12:02:48+00:00,F
9619,Issa Kabore,24,1748,0,0.3038460947573185,2,3.148332368582487,6,16,7,0,D S,Luton,0,0.3038460947573185,6.17993501201272,3.283387303352356,EPL,2023,2023/24,2026-10-09T12:02:48+00:00,D
9676,David Raya,32,2880,0,0,0,0,0,0,2,0,GK,Arsenal,0,0,7.5175920985639095,7.5175920985639095,EPL,2023,2023/24,2026-10-09T12:02:48+00:00,GK
9679,Rico Henry,5,401,0,0.045370095409452915,1,0.7904934585094452,2,4,1,0,D,Brentford,0,0.045370095409452915,2.13233545422554,1.4655016660690308,EPL,2023,2023/24,2026-10-09T12:02:48+00:00,D
9691,Nuno Tavares,8,447,0,0.17316641379147768,0,0.24934393167495728,7,2,2,0,D S,Nottingham Forest,0,0.17316641379147768,0.6703841388225555,0.3541552796959877,EPL,2023,2023/24,2026-10-09T12:02:48+00:00,D
9740,José Sá,35,3041,0,0,0,0,0,0,1,0,GK,Wolverhampton Wanderers,0,0,2.765407490544021,2.765407490544021,EPL,2023,2023/24,2026-10-09T12:02:48+00:00,GK
9833,Andrew Omobamidele,11,771,0,0.08128143101930618,0,0.07729564048349857,1,2,2,0,D S,Nottingham Forest,0,0.08128143101930618,1.927911488339305,1.8260405641049147,EPL,2023,2023/24,2026-10-09T12:02:48+00:00,D
9834,Remi Matthews,1,1,0,0,0,0,0,0,0,0,S,Crystal Palace,0,0,0,0,EPL,2023,2023/24,2026-10-09T12:02:48+00:00,S
9897,Gonzalo Montiel,14,809,0,0.11951960995793343,2,1.7303651086986065,3,9,5,0,D S,Nottingham Forest,0,0.11951960995793343,4.5273467022925615,3.0314525980502367,EPL,2023,2023/24,2026-10-09T12:02:48+00:00,D
9913,Aaron Ramsey,14,516,0,0.4020077884197235,0,0.39152228832244873,6,1,1,0,M S,Burnley,0,0.4020077884197235,1.2944342708215117,0.5336329033598304,EPL,2023,2023/24,2026-10-09T12:02:48+00:00,M
9959,Joe White,4,8,0,0,0,0,0,0,1,0,S,Newcastle United,0,0,0,0,EPL,2023,2023/24,2026-10-09T12:02:48+00:00,S
10004,Romeo Lavia,1,29,0,0,0,0,0,0,0,0,S,Chelsea,0,0,0,0,EPL,2023,2023/24,2026-10-09T12:02:48+00:00,S
10041,Yasser Larouci,11,531,0,0.25878923665732145,0,0.3102901801466942,6,2,1,0,D S,Sheffield United,0,0.25878923665732145,1.0104657374322414,0.45326434820890427,EPL,2023,2023/24,2026-10-09T12:02:48+00:00,D
10118,Kaide Gordon,1,1,0,0,0,0,0,0,0,0,S,Liverpool,0,0,0,0,EPL,2023,2023/24,2026-10-09T12:02:48+00:00,S
10119,Owen Beck,1,5,0,0,0,0,0,0,0,0,S,Liverpool,0,0,0.5044733881950378,0.5044733881950378,EPL,2023,2023/24,2026-10-09T12:02:48+00:00,S
10140,Hugo Bueno,22,706,0,0.2772597037255764,0,0.8462303951382637,5,5,1,0,D M S,Wolverhampton Wanderers,0,0.2772597037255764,2.2125213155522943,1.421666874550283,EPL,2023,2023/24,2026-10-09T12:02:48+00:00,D
10205,Myles Peart-Harris,3,3,0,0,0,0.011411809362471104,0,1,0,0,S,Brentford,0,0,0.16001979354768991,0.1486079841852188,EPL,2023,2023/24,2026-10-09T12:02:48+00:00,S
10292,Nathan Patterson,20,979,0,0.45207766257226467,2,1.616803351789713,4,8,4,0,D S,Everton,0,0.45207766257226467,5.134298218414187,3.8557239081710577,EPL,2023,2023/24,2026-10-09T12:02:48+00:00,D
10405,Josh Dasilva,3,16,0,0,0,0.12691843509674072,0,2,0,0,S,Brentford,0,0,0.10939022153615952,0,EPL,2023,2023/24,2026-10-09T12:02:48+00:00,S
10433,Cesare Casadei,11,48,0,0,0,0.11868480406701565,0,2,0,0,S,Chelsea,0,0,0.1853423323482275,0.0880566667765379,EPL,2023,2023/24,2026-10-09T12:02:48+00:00,S
10453,Odeluga Offiah,4,122,0,0,0,0,0,0,0,0,D S,Brighton,0,0,0.49596087634563446,0.49596087634563446,EPL,2023,2023/24,2026-10-09T12:02:48+00:00,D
10527,Carlos Baleba,27,1303,0,0.7727098371833563,0,0.44668083963915706,21,8,7,0,M S,Brighton,0,0.7727098371833563,5.224796708673239,4.549104126170278,EPL,2023,2023/24,2026-10-09T12:02:48+00:00,M
10700,Matt Turner,17,1530,0,0,0,0,0,0,1,0,GK,Nottingham Forest,0,0,1.9971356615424156,1.9971356615424156,EPL,2023,2023/24,2026-10-09T12:02:48+00:00,GK
10716,Manor Solomon,5,194,0,0.3894983045756817,2,0.9335471913218498,7,12,1,0,M S,Tottenham,0,0.3894983045756817,2.0264496579766273,1.147088959813118,EPL,2023,2023/24,2026-10-09T12:02:48+00:00,M
10719,Luke Harris,1,75,0,0.33846035599708557,0,0,1,0,0,0,S,Fulham,0,0.33846035599708557,0.33846035599708557,0,EPL,2023,2023/24,2026-10-09T12:02:48+00:00,S
10723,Stefan Bajcetic,1,23,0,0,0,0,0,0,0,0,S,Liverpool,0,0,0,0,EPL,2023,2023/24,2026-10-09T12:02:48+00:00,S
10744,Ryan Christie,37,2974,0,2.0325705148279667,5,6.359501954168081,43,53,6,0,M S,Bournemouth,0,2.0325705148279667,14.907791091129184,9.681732330471277,EPL,2023,2023/24,2026-10-09T12:02:48+00:00,M
10746,Jaidon Anthony,3,153,0,0.07687148451805115,0,0,2,0,1,0,M S,Bournemouth,0,0.07687148451805115,0.15334434807300568,0.07647287100553513,EPL,2023,2023/24,2026-10-09T12:02:48+00:00,M
10747,James Hill,5,74,0,0,0,0,0,0,0,0,D S,Bournemouth,0,0,0.14408478140830994,0.14408478140830994,EPL,2023,2023/24,2026-10-09T12:02:48+00:00,D
10756,Joe Worrall,7,440,0,0.08149255812168121,0,0.12857882678508759,2,2,0,1,D S,Nottingham Forest,0,0.08149255812168121,0.3787533640861511,0.3787533640861511,EPL,2023,2023/24,2026-10-09T12:02:48+00:00,D
10757,Scott McKenna,5,420,0,0.17008375376462936,0,0.19044238328933716,2,3,0,0,D,Nottingham Forest,0,0.17008375376462936,0.285503588616848,0.18080484867095947,EPL,2023,2023/24,2026-10-09T12:02:48+00:00,D
10775,Lewis Warrington,1,1,0,0,0,0,0,0,0,0,S,Everton,0,0,0,0,EPL,2023,2023/24,2026-10-09T12:02:48+00:00,S
10802,Lisandro Martínez,11,656,0,0,1,0.047665963880717754,0,3,3,0,D S,Manchester United,0,0,2.1589127592742443,2.1222109608352184,EPL,2023,2023/24,2026-10-09T12:02:48+00:00,D
10807,Jan Paul van Hecke,28,2365,0,1.5838892180472612,0,0.48821631632745266,15,10,4,0,D M S,Brighton,0,1.5838892180472612,11.12253069318831,10.831943391822278,EPL,2023,2023/24,2026-10-09T12:02:48+00:00,D
10913,André Onana,38,3420,0,0,0,0.13173804059624672,0,3,5,0,GK,Manchester United,0,0,4.992942536249757,4.861204484477639,EPL,2023,2023/24,2026-10-09T12:02:48+00:00,GK
10945,Santiago Bueno,12,817,0,0,0,0.190905986353755,0,2,1,0,D S,Wolverhampton Wanderers,0,0,2.1081051090732217,1.93471594247967,EPL,2023,2023/24,2026-10-09T12:02:48+00:00,D
10997,Bobby Clark,5,79,0,0.0737958550453186,0,0,2,0,0,0,M S,Liverpool,0,0.0737958550453186,0.2553020417690277,0.2216729074716568,EPL,2023,2023/24,2026-10-09T12:02:48+00:00,M
11000,Matheus Nunes,19,817,0,0.9250318259000778,2,1.5578467566519976,10,12,0,1,M S,"Manchester City,Wolverhampton Wanderers",0,0.9250318259000778,6.406420938670635,4.531493496149778,EPL,2023,2023/24,2026-10-09T12:02:48+00:00,M
11058,Julio Enciso,12,476,0,1.770764671266079,2,2.3733056373894215,28,9,2,0,M S,Brighton,0,1.770764671266079,4.64084342494607,1.593938222154975,EPL,2023,2023/24,2026-10-09T12:02:48+00:00,M
11132,Ethan Nwaneri,1,6,0,0,0,0.024536216631531715,0,1,0,0,S,Arsenal,0,0,0.024536216631531715,0.024536216631531715,EPL,2023,2023/24,2026-10-09T12:02:48+00:00,S
11210,Nathan Fraser,7,175,0,0.4309285432100296,0,0.06609408743679523,3,2,1,0,F S,Wolverhampton Wanderers,0,0.4309285432100296,0.6629210263490677,0.1658984124660492,EPL,2023,2023/24,2026-10-09T12:02:48+00:00,F
11231,Ben Doak,1,6,0,0,0,0,0,0,0,0,S,Liverpool,0,0,0,0,EPL,2023,2023/24,2026-10-09T12:02:48+00:00,S
11232,Thomas Cannon,1,1,0,0,0,0,0,0,0,0,S,Everton,0,0,0,0,EPL,2023,2023/24,2026-10-09T12:02:48+00:00,S
11242,Divin Mubama,5,67,0,0.05428127571940422,0,0,1,0,0,0,S,West Ham,0,0.05428127571940422,0.05428127571940422,0,EPL,2023,2023/24,2026-10-09T12:02:48+00:00,S
11268,David Ozoh,9,133,0,0,0,0,0,0,1,0,S,Crystal Palace,0,0,0.742124617099762,0.742124617099762,EPL,2023,2023/24,2026-10-09T12:02:48+00:00,S
11300,Dominic Sadi,1,1,0,0,0,0,0,0,0,0,S,Bournemouth,0,0,0,0,EPL,2023,2023/24,2026-10-09T12:02:48+00:00,S
11361,Daniel Bentley,5,379,0,0,0,0,0,0,0,0,GK S,Wolverhampton Wanderers,0,0,0.46794790774583817,0.46794790774583817,EPL,2023,2023/24,2026-10-09T12:02:48+00:00,GK
11409,Kaelan Casey,1,1,0,0,0,0,0,0,0,0,S,West Ham,0,0,0,0,EPL,2023,2023/24,2026-10-09T12:02:48+00:00,S
11487,Michael Olakigbe,8,35,0,0.08374244254082441,0,0,3,0,0,0,S,Brentford,0,0.08374244254082441,0.20455775130540133,0.12081530690193176,EPL,2023,2023/24,2026-10-09T12:02:48+00:00,S
11700,Vitinho,32,2324,0,1.7635137159377337,2,1.0349685866385698,25,11,1,0,D M S,Burnley,0,1.7635137159377337,6.745405659079552,4.7740294598042965,EPL,2023,2023/24,2026-10-09T12:02:48+00:00,D
11702,Benson Manuel,8,91,0,0.09858994465321302,0,0.08922482281923294,4,1,0,0,M S,Burnley,0,0.09858994465321302,0.16302035003900528,0.1271920781582594,EPL,2023,2023/24,2026-10-09T12:02:48+00:00,M
11703,Anass Zaroury,6,141,0,0.17524435929954052,0,0.04796999227255583,3,2,0,1,F S,Burnley,0,0.17524435929954052,0.2102061901241541,0,EPL,2023,2023/24,2026-10-09T12:02:48+00:00,F
11704,Hjalmar Ekdal,8,440,0,0.07676978968083858,0,0.029761802405118942,2,1,2,0,D S,Burnley,0,0.07676978968083858,0.5405235048383474,0.5107617024332285,EPL,2023,2023/24,2026-10-09T12:02:48+00:00,D
11707,Jurriën Timber,2,70,0,0,0,0,0,0,2,0,D S,Arsenal,0,0,0.2789519429206848,0.2789519429206848,EPL,2023,2023/24,2026-10-09T12:02:48+00:00,D
11709,Milos Kerkez,28,1982,0,1.6971189985051751,1,1.3916718121618032,16,13,4,1,D M S,Bournemouth,0,1.6971189985051751,7.389515491202474,5.424490239471197,EPL,2023,2023/24,2026-10-09T12:02:48+00:00,D
11711,Bart Verbruggen,21,1890,0,0,0,0,0,0,3,0,GK,Brighton,0,0,3.662125539034605,3.662125539034605,EPL,2023,2023/24,2026-10-09T12:02:48+00:00,GK
11712,Thomas Kaminski,38,3410,0,0,0,0.0386374369263649,0,1,3,0,GK,Luton,0,0,2.81331679597497,2.7746793553233147,EPL,2023,2023/24,2026-10-09T12:02:48+00:00,GK
11713,Amari&#039;i Bell,21,1724,0,0.4993779337964952,0,0.3448488349094987,2,8,0,0,D,Luton,0,0.4993779337964952,5.261379264295101,4.456334888935089,EPL,2023,2023/24,2026-10-09T12:02:48+00:00,D
11716,Pelly Ruddock Mpanzu,27,1068,0,1.2606520606204867,0,0.5314477952197194,11,6,1,0,M S,Luton,0,1.2606520606204867,2.659800674766302,1.222071398049593,EPL,2023,2023/24,2026-10-09T12:02:48+00:00,M
11724,James Shea,1,10,0,0,0,0,0,0,0,0,S,Luton,0,0,0,0,EPL,2023,2023/24,2026-10-09T12:02:48+00:00,S
11729,Bénie Traoré,8,360,0,0.3212226927280426,0,0.3953269124031067,1,4,0,0,F M S,Sheffield United,0,0.3212226927280426,1.2498194947838783,0.6901140883564949,EPL,2023,2023/24,2026-10-09T12:02:48+00:00,F
11730,Anis Ben Slimane,15,394,0,0.8026072084903717,0,0.48480090498924255,8,3,2,0,M S,Sheffield United,0,0.8026072084903717,1.5446888133883476,0.4106670431792736,EPL,2023,2023/24,2026-10-09T12:02:48+00:00,M
11731,Andre Brooks,20,948,0,0.49446123093366623,0,0.09243074618279934,9,3,1,0,D M S,Sheffield United,0,0.49446123093366623,1.294992309063673,0.9438477288931608,EPL,2023,2023/24,2026-10-09T12:02:48+00:00,D
11732,Auston Trusty,32,2576,0,0.6636047475039959,0,1.102281242609024,8,8,4,0,D S,Sheffield United,0,0.6636047475039959,2.3531993981450796,1.6658160258084536,EPL,2023,2023/24,2026-10-09T12:02:48+00:00,D
11739,Omari Kellyman,2,25,0,0.04926174506545067,0,0,1,0,0,0,S,Aston Villa,0,0.04926174506545067,0.04926174506545067,0,EPL,2023,2023/24,2026-10-09T12:02:48+00:00,S
11772,Yehor Yarmolyuk,27,619,0,1.0328057277947664,0,0.08315489068627357,11,3,2,0,M S,Brentford,0,1.0328057277947664,3.1682952363044024,2.1086901389062405,EPL,2023,2023/24,2026-10-09T12:02:48+00:00,M
11807,Ian Maatsen,12,169,0,0.6834889836609364,0,0.05732445325702429,5,2,1,0,M S,Chelsea,0,0.6834889836609364,1.3501509558409452,0.6530423145741224,EPL,2023,2023/24,2026-10-09T12:02:48+00:00,M
11808,Andrey Santos,1,3,0,0.07211316376924515,0,0,2,0,0,0,S,Nottingham Forest,0,0.07211316376924515,0.027800722047686577,0.027800722047686577,EPL,2023,2023/24,2026-10-09T12:02:48+00:00,S
11810,Mason Burstow,2,2,0,0,0,0,0,0,0,0,S,Chelsea,0,0,0,0,EPL,2023,2023/24,2026-10-09T12:02:48+00:00,S
11811,James McConnell,3,3,0,0,0,0,0,0,0,0,S,Liverpool,0,0,0,0,EPL,2023,2023/24,2026-10-09T12:02:48+00:00,S
11980,Joseph Johnson,2,75,0,0,0,0,0,0,1,0,S,Luton,0,0,0.035104941576719284,0.035104941576719284,EPL,2023,2023/24,2026-10-09T12:02:48+00:00,S
11984,Youssef Chermiti,18,159,0,0.6035170843824744,0,0.4252763092517853,6,3,3,0,F S,Everton,0,0.6035170843824744,1.2006155140697956,0.23790132626891136,EPL,2023,2023/24,2026-10-09T12:02:48+00:00,F
11987,Daniel Gore,1,1,0,0,0,0,0,0,0,0,S,Manchester United,0,0,0,0,EPL,2023,2023/24,2026-10-09T12:02:48+00:00,S
11998,Hannes Delcroix,12,575,0,0.23279432207345963,0,0.20352116599678993,4,4,2,0,D S,Burnley,0,0.23279432207345963,1.6811544448137283,1.477633286267519,EPL,2023,2023/24,2026-10-09T12:02:48+00:00,D
12032,Djordje Petrovic,23,1982,0,0,0,0,0,0,2,0,GK S,Chelsea,0,0,3.3123070560395718,3.3123070560395718,EPL,2023,2023/24,2026-10-09T12:02:48+00:00,GK
12033,Deivid Washington,2,7,0,0.12518750131130219,0,0,1,0,0,0,S,Chelsea,0,0.12518750131130219,0.19184502959251404,0.06665752828121185,EPL,2023,2023/24,2026-10-09T12:02:48+00:00,S
12034,Brandon Aguilera,1,1,0,0,0,0,0,0,0,0,S,Nottingham Forest,0,0,0,0,EPL,2023,2023/24,2026-10-09T12:02:48+00:00,S
12047,Enso González,1,1,0,0,0,0,0,0,0,0,S,Wolverhampton Wanderers,0,0,0,0,EPL,2023,2023/24,2026-10-09T12:02:48+00:00,S
12086,Alex Matos,1,1,0,0,0,0,0,0,0,0,S,Chelsea,0,0,0,0,EPL,2023,2023/24,2026-10-09T12:02:48+00:00,S
12094,Mike Trésor,16,384,0,0.6615988579578698,0,0.6491026850417256,5,7,0,0,F M S,Burnley,0,0.6615988579578698,0.9828745895065367,0.34004739159718156,EPL,2023,2023/24,2026-10-09T12:02:48+00:00,F
12118,Jamie Donley,3,3,0,0,0,0,0,0,1,0,S,Tottenham,0,0,0,0,EPL,2023,2023/24,2026-10-09T12:02:48+00:00,S
12123,Murillo,32,2813,0,1.6653295904397964,2,1.2170642092823982,17,8,5,0,D,Nottingham Forest,0,1.6653295904397964,8.485122511163354,7.43321305885911,EPL,2023,2023/24,2026-10-09T12:02:48+00:00,D
12152,Matheus França,10,197,0,0.2915826556272805,1,0.8639639485627413,8,6,1,0,M S,Crystal Palace,0,0.2915826556272805,1.1256566774100065,0.5917453020811081,EPL,2023,2023/24,2026-10-09T12:02:48+00:00,M
12158,Ryan Oné,1,4,0,0,0,0,0,0,0,0,S,Sheffield United,0,0,0,0,EPL,2023,2023/24,2026-10-09T12:02:48+00:00,S
12188,Zack Nelson,2,2,0,0,0,0,0,0,0,0,S,Luton,0,0,0.06752422451972961,0.06752422451972961,EPL,2023,2023/24,2026-10-09T12:02:48+00:00,S
12198,Ben Parkinson,1,18,0,0,0,0,0,0,0,0,S,Newcastle United,0,0,0,0,EPL,2023,2023/24,2026-10-09T12:02:48+00:00,S
12199,Alex Murphy,2,5,0,0,0,0,0,0,0,0,S,Newcastle United,0,0,0,0,EPL,2023,2023/24,2026-10-09T12:02:48+00:00,S
12200,Amadou Diallo,1,1,0,0,0,0,0,0,0,0,S,Newcastle United,0,0,0,0,EPL,2023,2023/24,2026-10-09T12:02:48+00:00,S
12204,Benicio Baker-Boaitey,5,22,0,0.020216230303049088,0,0.09631666541099548,1,1,1,0,S,Brighton,0,0.020216230303049088,0.26968415826559067,0.1531512588262558,EPL,2023,2023/24,2026-10-09T12:02:48+00:00,S
12205,Mark O’Mahony,3,64,0,0.07050485908985138,0,0,1,0,1,0,F S,Brighton,0,0.07050485908985138,0,0,EPL,2023,2023/24,2026-10-09T12:02:48+00:00,F
12215,Michael Ndiweni,1,1,0,0,0,0,0,0,0,0,S,Newcastle United,0,0,0,0,EPL,2023,2023/24,2026-10-09T12:02:48+00:00,S
12234,Tawanda Chirewa,8,129,0,0.1088726669549942,0,0.0158984512090683,3,1,1,0,F S,Wolverhampton Wanderers,0,0.1088726669549942,0.1717495657503605,0.0712861530482769,EPL,2023,2023/24,2026-10-09T12:02:48+00:00,F
12251,Sydie Peck,1,6,0,0,0,0,0,0,0,0,S,Sheffield United,0,0,0,0,EPL,2023,2023/24,2026-10-09T12:02:48+00:00,S
12275,Willy Kambwala,8,318,0,0,0,0,0,0,1,0,D S,Manchester United,0,0,0.38690609484910965,0.38690609484910965,EPL,2023,2023/24,2026-10-09T12:02:48+00:00,D
12291,Rhys Norrington-Davies,5,107,0,0,0,0.026197632774710655,0,1,1,0,D S,Sheffield United,0,0,0.08285419456660748,0.05665656179189682,EPL,2023,2023/24,2026-10-09T12:02:48+00:00,D
12340,Omari Forson,4,62,0,0.04880104586482048,1,0.12782835587859154,1,2,0,0,M S,Manchester United,0,0.04880104586482048,0.06839122623205185,0.03421920910477638,EPL,2023,2023/24,2026-10-09T12:02:48+00:00,M
12408,Daniel Muñoz,16,1440,0,1.7550712414085865,4,3.085336983203888,8,21,4,0,D,Crystal Palace,0,1.7550712414085865,6.9232857301831245,3.610450681298971,EPL,2023,2023/24,2026-10-09T12:02:48+00:00,D
12409,Adam Wharton,16,1333,0,0.35551161505281925,3,2.5562784411013126,10,20,2,0,M S,Crystal Palace,0,0.35551161505281925,6.304625790566206,4.828129124827683,EPL,2023,2023/24,2026-10-09T12:02:48+00:00,M
12418,Rodrigo Ribeiro,4,11,0,0,0,0,0,0,0,0,S,Nottingham Forest,0,0,0,0,EPL,2023,2023/24,2026-10-09T12:02:48+00:00,S
12449,Oliver Arblaster,12,954,0,0.021724281832575798,0,1.0297467429190874,1,12,2,0,M S,Sheffield United,0,0.021724281832575798,2.8812288218177855,2.644879447761923,EPL,2023,2023/24,2026-10-09T12:02:48+00:00,M
12455,Jayden Danns,2,6,0,0,0,0,0,0,1,0,S,Liverpool,0,0,0,0,EPL,2023,2023/24,2026-10-09T12:02:48+00:00,S
12465,Sam Curtis,1,24,0,0,0,0,0,0,0,0,S,Sheffield United,0,0,0.07648201286792755,0.07648201286792755,EPL,2023,2023/24,2026-10-09T12:02:48+00:00,S
12497,Jimi Tauriainen,1,1,0,0,0,0,0,0,0,0,S,Chelsea,0,0,0,0,EPL,2023,2023/24,2026-10-09T12:02:48+00:00,S
12498,Valentín Barco,6,299,0,0.30768246576189995,0,0.3052761070430279,4,4,1,0,D S,Brighton,0,0.30768246576189995,2.3139365799725056,1.9353922195732594,EPL,2023,2023/24,2026-10-09T12:02:48+00:00,D
12509,Daiki Hashioka,10,583,0,0.10021312907338142,0,0.5188488382846117,2,3,0,0,D S,Luton,0,0.10021312907338142,2.0648620426654816,1.5119032934308052,EPL,2023,2023/24,2026-10-09T12:02:48+00:00,D
12532,Leon Chiwome,3,178,0,0.14485104009509087,0,0,2,0,0,0,F S,Wolverhampton Wanderers,0,0.14485104009509087,0.05850440636277199,0.013132527470588684,EPL,2023,2023/24,2026-10-09T12:02:48+00:00,F
12535,Josh Acheampong,1,1,0,0,0,0,0,0,0,0,S,Chelsea,0,0,0,0,EPL,2023,2023/24,2026-10-09T12:02:48+00:00,S
12549,Fred Onyedinma,8,419,0,0.18410924077033997,0,0.13074029795825481,5,2,1,0,D S,Luton,0,0.18410924077033997,0.5668405517935753,0.25199100375175476,EPL,2023,2023/24,2026-10-09T12:02:48+00:00,D
12568,Ethan Wheatley,3,9,0,0,0,0,0,0,0,0,S,Manchester United,0,0,0,0,EPL,2023,2023/24,2026-10-09T12:02:48+00:00,S
12581,Finley Munroe,1,1,0,0,0,0,0,0,0,0,S,Aston Villa,0,0,0,0,EPL,2023,2023/24,2026-10-09T12:02:48+00:00,S
12603,Mikey Moore,2,2,0,0,0,0,0,0,0,0,S,Tottenham,0,0,0,0,EPL,2023,2023/24,2026-10-09T12:02:48+00:00,S
