id,player_name,games,time,goals,xG,assists,xA,shots,key_passes,yellow_cards,red_cards,position,team_title,npg,npxG,xGChain,xGBuildup,league,year,season,scrape_timestamp,primary_position
647,Harry Kane,38,3382,25,22.732071943581104,1,3.0885122008621693,159,44,5,0,F,Tottenham,20,18.92625818029046,26.939670216292143,8.189030427485704,EPL,2015,2015/16,2026-10-09T12:02:48+00:00,F
619,Sergio Agüero,30,2399,24,20.077226005494595,2,2.0287595679983497,119,27,1,0,F S,Manchester City,20,16.271372936666012,18.786800522357225,3.9259592220187187,EPL,2015,2015/16,2026-10-09T12:02:48+00:00,F
755,Jamie Vardy,36,3154,24,22.13541193306446,6,6.267153458669782,115,48,5,1,F,Leicester,19,17.568440221250057,24.59597455151379,2.8863563239574432,EPL,2015,2015/16,2026-10-09T12:02:48+00:00,F
594,Romelu Lukaku,37,3194,18,20.058772021904588,6,5.680433500558138,118,51,3,0,F S,Everton,17,18.536478037014604,24.024904146790504,7.634841322898865,EPL,2015,2015/16,2026-10-09T12:02:48+00:00,F
750,Riyad Mahrez,37,3087,17,11.88214811310172,11,11.454100407660007,86,68,1,0,M S,Leicester,13,7.315134212374687,21.18505117855966,7.174406236037612,EPL,2015,2015/16,2026-10-09T12:02:48+00:00,M
502,Olivier Giroud,38,2411,16,14.503991460427642,6,5.762219719588757,101,36,2,0,F S,Arsenal,15,13.742822444066405,18.885229421779513,6.915773553773761,EPL,2015,2015/16,2026-10-09T12:02:48+00:00,F
573,Odion Ighalo,37,3160,15,16.093822445720434,3,2.2321918215602636,109,37,4,0,F M S,Watford,15,16.093822445720434,18.002249501645565,2.7645926093682647,EPL,2015,2015/16,2026-10-09T12:02:48+00:00,F
735,Jermain Defoe,33,2558,15,11.712620459496975,1,1.1022664522752166,85,22,3,0,F M S,Sunderland,14,10.951450489461422,12.263893619179726,1.3269580826163292,EPL,2015,2015/16,2026-10-09T12:02:48+00:00,F
498,Alexis Sánchez,30,2463,13,13.104378208518028,4,8.5547467879951,107,62,1,0,M S,Arsenal,13,13.104378208518028,27.01940680295229,11.864848758094013,EPL,2015,2015/16,2026-10-09T12:02:48+00:00,M
574,Troy Deeney,38,3291,13,12.199151435866952,7,7.923330025747418,94,56,6,0,F M S,Watford,7,6.8709652265533805,15.776734061539173,3.990332132205367,EPL,2015,2015/16,2026-10-09T12:02:48+00:00,F
713,André Ayew,34,2967,12,8.46296308748424,2,2.337733743712306,67,23,5,0,F M,Swansea,12,8.46296308748424,12.215979408472776,3.8303366722539067,EPL,2015,2015/16,2026-10-09T12:02:48+00:00,F
802,Diego Costa,28,2386,12,12.080561351031065,6,2.8887833151966333,68,30,8,0,F S,Chelsea,12,12.080561351031065,18.07463388890028,5.290677092969418,EPL,2015,2015/16,2026-10-09T12:02:48+00:00,F
553,Anthony Martial,31,2632,11,7.273541077971458,4,6.173327440395951,57,37,2,0,F M S,Manchester United,11,7.273541077971458,15.577425617724657,5.8901663813740015,EPL,2015,2015/16,2026-10-09T12:02:48+00:00,F
714,Gylfi Sigurdsson,36,2921,11,7.7106501162052155,3,5.429829095490277,88,57,6,0,F M S,Swansea,8,5.427143078297377,10.766502927988768,4.88439710251987,EPL,2015,2015/16,2026-10-09T12:02:48+00:00,F
771,Georginio Wijnaldum,38,3178,11,7.928211936727166,5,3.8174392245709896,54,47,1,0,M S,Newcastle United,10,7.167042950168252,14.637868957594037,5.733465444296598,EPL,2015,2015/16,2026-10-09T12:02:48+00:00,M
838,Sadio Mané,37,2614,11,12.514568300917745,6,5.139249017462134,86,41,4,2,F M S,Southampton,11,11.753399284556508,17.62727028131485,5.373992749489844,EPL,2015,2015/16,2026-10-09T12:02:48+00:00,F
841,Graziano Pellè,30,2167,11,7.350180992856622,6,3.987356685101986,80,37,6,0,F S,Southampton,11,7.350180992856622,13.013471713289618,3.8928181966766715,EPL,2015,2015/16,2026-10-09T12:02:48+00:00,F
865,Marko Arnautovic,34,2836,11,12.059158718213439,6,6.117617999669164,70,50,2,0,F M S,Stoke,8,9.77568761818111,18.740881614387035,6.815894588828087,EPL,2015,2015/16,2026-10-09T12:02:48+00:00,F
482,Roberto Firmino,31,2005,10,7.1310254614800215,7,5.3966775089502335,63,49,1,0,F M S,Liverpool,10,7.1310254614800215,16.398770961910486,6.8297262620180845,EPL,2015,2015/16,2026-10-09T12:02:48+00:00,F
645,Dele Alli,33,2490,10,8.315971579402685,9,6.802972770296037,74,55,7,0,M S,Tottenham,10,8.315971579402685,18.699675649404526,6.461881585419178,EPL,2015,2015/16,2026-10-09T12:02:48+00:00,M
839,Shane Long,28,2114,10,10.61739412508905,4,2.7126416452229023,64,33,2,0,F M S,Southampton,10,10.61739412508905,13.091042907908559,3.4208338242024183,EPL,2015,2015/16,2026-10-09T12:02:48+00:00,F
536,Dimitri Payet,30,2576,9,5.748615788295865,12,11.665769186802208,69,119,3,0,F M S,West Ham,9,5.748615788295865,16.933078441768885,6.889105640351772,EPL,2015,2015/16,2026-10-09T12:02:48+00:00,F
537,Andy Carroll,27,1411,9,6.137788807973266,2,2.7616127114742994,56,20,2,0,F S,West Ham,8,5.376620193943381,8.771361893042922,3.070083936676383,EPL,2015,2015/16,2026-10-09T12:02:48+00:00,F
606,Christian Benteke,29,1496,9,9.98186818882823,3,2.7818546555936337,61,31,2,0,F S,Liverpool,8,9.220699172466993,10.235845644026995,1.2525696884840727,EPL,2015,2015/16,2026-10-09T12:02:48+00:00,F
773,Aleksandar Mitrovic,34,2103,9,10.339352402836084,4,2.2244459111243486,79,30,4,2,F S,Newcastle United,7,8.817017409950495,10.392626240849495,2.8724034801125526,EPL,2015,2015/16,2026-10-09T12:02:48+00:00,F
813,Salomón Rondón,34,2581,9,9.896931927651167,2,1.9187822239473462,71,28,1,1,F S,West Bromwich Albion,9,9.896931927651167,9.413141864351928,2.562900614924729,EPL,2015,2015/16,2026-10-09T12:02:48+00:00,F
483,Daniel Sturridge,14,981,8,5.741582944989204,1,0.5159462941810489,48,7,0,0,F S,Liverpool,8,5.741582944989204,7.218583904206753,1.6658330988138914,EPL,2015,2015/16,2026-10-09T12:02:48+00:00,F
488,Philippe Coutinho,26,2019,8,6.49630680680275,5,5.286333870142698,111,50,2,1,F M S,Liverpool,8,6.49630680680275,16.146171182394028,6.785510125569999,EPL,2015,2015/16,2026-10-09T12:02:48+00:00,F
531,Michail Antonio,26,2074,8,5.896233828738332,3,2.8487464655190706,54,24,3,0,D F M S,West Ham,8,5.896233828738332,10.22215442545712,4.37820899952203,EPL,2015,2015/16,2026-10-09T12:02:48+00:00,D
592,Ross Barkley,38,3102,8,8.793569456785917,8,5.907710798084736,95,56,4,0,M S,Everton,6,7.271230440586805,20.876105776056647,11.840945172123611,EPL,2015,2015/16,2026-10-09T12:02:48+00:00,M
620,Kelechi Iheanacho,26,727,8,4.937837693840265,1,1.5855757798999548,28,14,1,0,F M S,Manchester City,8,4.937837693840265,6.360714611597359,1.1206862023100257,EPL,2015,2015/16,2026-10-09T12:02:48+00:00,F
629,Wayne Rooney,28,2411,8,7.3170866798609495,6,4.480131337419152,72,43,4,0,F M S,Manchester United,7,6.555921657010913,13.664942907169461,5.081391530111432,EPL,2015,2015/16,2026-10-09T12:02:48+00:00,F
447,Kevin De Bruyne,25,2006,7,4.308095835149288,9,8.33203162252903,49,81,2,0,M S,Manchester City,7,4.308095835149288,16.136462956666946,8.064566018991172,EPL,2015,2015/16,2026-10-09T12:02:48+00:00,M
533,Mark Noble,37,3221,7,3.879513105377555,4,3.2432395946234465,34,50,8,1,M,West Ham,4,1.596007790416479,10.757460918277502,8.088051256723702,EPL,2015,2015/16,2026-10-09T12:02:48+00:00,M
672,Jordan Ayew,30,2356,7,4.692514030262828,0,1.4725213972851634,59,18,6,1,F M S,Aston Villa,6,3.9313449133187532,5.213557502254844,1.8964070649817586,EPL,2015,2015/16,2026-10-09T12:02:48+00:00,F
687,Pedro,29,2061,7,6.120477117598057,2,4.614514185115695,57,42,3,0,M S,Chelsea,7,6.120477117598057,16.050368435680866,6.954230200499296,EPL,2015,2015/16,2026-10-09T12:02:48+00:00,M
795,Dieumerci Mbokani,29,1568,7,6.5850353091955185,1,1.5376300066709518,37,25,0,0,F S,Norwich,7,6.5850353091955185,7.872770933434367,1.3138999929651618,EPL,2015,2015/16,2026-10-09T12:02:48+00:00,F
840,Dusan Tadic,34,2318,7,6.417935328558087,12,8.644171416759491,57,74,2,0,M S,Southampton,6,5.656765328720212,17.130920086055994,5.140122601762414,EPL,2015,2015/16,2026-10-09T12:02:48+00:00,M
871,Bojan,27,1741,7,4.585217607673258,1,1.8038731729611754,36,26,2,0,F M S,Stoke,5,3.0629195696674287,8.157264658249915,4.417733781039715,EPL,2015,2015/16,2026-10-09T12:02:48+00:00,F
465,Joshua King,31,1931,6,5.712771352380514,2,3.535969901829958,55,25,1,0,F M S,Bournemouth,6,5.712771352380514,9.763266887515783,1.4393623927608132,EPL,2015,2015/16,2026-10-09T12:02:48+00:00,F
499,Mesut Özil,35,3065,6,7.9231729451566935,19,17.618861105293036,48,146,4,0,M,Arsenal,6,7.9231729451566935,32.78600429929793,18.351203271187842,EPL,2015,2015/16,2026-10-09T12:02:48+00:00,M
535,Manuel Lanzini,26,1941,6,4.531228398904204,2,2.8363652359694242,48,33,3,0,F M S,West Ham,6,4.531228398904204,12.438018679618835,5.984105244278908,EPL,2015,2015/16,2026-10-09T12:02:48+00:00,F
554,Juan Mata,38,2907,6,6.460017409175634,5,5.284316685050726,57,53,4,1,M S,Manchester United,5,5.698849428445101,15.267891149036586,7.583365594036877,EPL,2015,2015/16,2026-10-09T12:02:48+00:00,M
618,Raheem Sterling,31,1943,6,7.149213088676333,2,3.246622446924448,52,35,1,0,F M S,Manchester City,6,7.149213088676333,14.019074592739344,4.698837177827954,EPL,2015,2015/16,2026-10-09T12:02:48+00:00,F
646,Christian Eriksen,35,2950,6,5.512105284258723,13,9.80885074287653,100,115,2,0,M S,Tottenham,6,5.512105284258723,22.975154004991055,14.476944379508495,EPL,2015,2015/16,2026-10-09T12:02:48+00:00,M
717,Bafétimbi Gomis,33,1685,6,6.098333736881614,0,2.4120547231286764,59,17,0,0,F S,Swansea,5,5.337160786613822,8.543976483866572,2.369196319952607,EPL,2015,2015/16,2026-10-09T12:02:48+00:00,F
756,Leonardo Ulloa,29,942,6,6.906455801799893,2,1.466686885803938,34,14,0,0,F S,Leicester,5,6.145286785438657,9.50502722337842,3.4823984522372484,EPL,2015,2015/16,2026-10-09T12:02:48+00:00,F
770,Ayoze Pérez,34,2046,6,3.795658176764846,2,2.8947355933487415,50,30,4,0,F M S,Newcastle United,6,3.795658176764846,8.319605821743608,3.6317452215589583,EPL,2015,2015/16,2026-10-09T12:02:48+00:00,F
790,Nathan Redmond,35,2321,6,3.4319807747378945,3,3.6447911020368338,54,45,0,0,M S,Norwich,6,3.4319807747378945,9.672524183057249,6.095174287445843,EPL,2015,2015/16,2026-10-09T12:02:48+00:00,M
878,Yaya Touré,32,2345,6,5.663291418924928,5,4.417276362888515,77,44,3,0,M S,Manchester City,5,4.902123415842652,13.864018429070711,8.840408202260733,EPL,2015,2015/16,2026-10-09T12:02:48+00:00,M
468,Callum Wilson,13,769,5,2.346478898078203,0,1.084264986217022,17,7,0,0,F S,Bournemouth,4,1.5853149481117725,3.301333077251911,0.8096786122769117,EPL,2015,2015/16,2026-10-09T12:02:48+00:00,F
484,Divock Origi,16,660,5,3.3548461496829987,1,0.5015547964721918,24,9,0,0,F S,Liverpool,5,3.3548461496829987,3.1055094692856073,0.2603828050196171,EPL,2015,2015/16,2026-10-09T12:02:48+00:00,F
489,James Milner,28,2428,5,3.398423934355378,11,5.385005238465965,39,61,9,1,F M,Liverpool,4,2.637255409732461,9.69875493645668,6.059814522974193,EPL,2015,2015/16,2026-10-09T12:02:48+00:00,F
503,Theo Walcott,28,1374,5,8.386532507836819,2,2.0374574419111013,45,17,0,0,F M S,Arsenal,5,8.386532507836819,14.590723928064108,5.334491964429617,EPL,2015,2015/16,2026-10-09T12:02:48+00:00,F
504,Aaron Ramsey,31,2624,5,8.614322556182742,4,4.046241706237197,69,37,4,0,M S,Arsenal,5,8.614322556182742,23.282566286623478,14.17644389718771,EPL,2015,2015/16,2026-10-09T12:02:48+00:00,M
512,Scott Dann,35,3150,5,2.5363450115546584,1,0.6297998037189245,29,10,7,0,D,Crystal Palace,5,2.5363450115546584,1.961611857637763,1.7568398602306843,EPL,2015,2015/16,2026-10-09T12:02:48+00:00,D
516,Yohan Cabaye,33,2728,5,6.7147998213768005,1,3.237457119859755,67,50,7,0,M S,Crystal Palace,2,3.67012457549572,7.653649169951677,4.280717957764864,EPL,2015,2015/16,2026-10-09T12:02:48+00:00,M
518,Yannick Bolasie,26,2075,5,4.791508495807648,3,3.785496551543474,57,23,2,0,F M S,Crystal Palace,5,4.791508495807648,7.913271760568023,1.9284982969984412,EPL,2015,2015/16,2026-10-09T12:02:48+00:00,F
519,Connor Wickham,21,1328,5,4.318102177232504,3,0.8700869707390666,34,12,1,0,F M S,Crystal Palace,4,3.5569338016211987,4.5478780921548605,1.5450099892914295,EPL,2015,2015/16,2026-10-09T12:02:48+00:00,F
532,Cheikhou Kouyaté,34,3017,5,5.835475044324994,2,1.3813032917678356,45,21,5,1,D M,West Ham,5,5.835475044324994,10.393910318613052,5.815707007423043,EPL,2015,2015/16,2026-10-09T12:02:48+00:00,D
556,Marcus Rashford,11,870,5,3.0254475995898247,2,0.759778780862689,16,6,0,0,F,Manchester United,5,3.0254475995898247,4.797231607139111,1.2429611012339592,EPL,2015,2015/16,2026-10-09T12:02:48+00:00,F
593,Aaron Lennon,25,1534,5,2.2260953821241856,0,1.6979509945958853,18,23,1,0,F M S,Everton,5,2.2260953821241856,5.535392314195633,1.9037395846098661,EPL,2015,2015/16,2026-10-09T12:02:48+00:00,F
601,Arouna Koné,25,1464,5,4.518551206216216,4,2.134571185335517,36,14,1,0,F M S,Everton,5,4.518551206216216,9.301979226991534,3.8450946109369397,EPL,2015,2015/16,2026-10-09T12:02:48+00:00,F
644,Erik Lamela,34,2404,5,6.299697618931532,9,8.93490382656455,58,75,9,0,M S,Tottenham,5,6.299697618931532,19.19918360002339,9.443460860289633,EPL,2015,2015/16,2026-10-09T12:02:48+00:00,M
656,Diafra Sakho,21,1539,5,7.360721768811345,1,1.8989981887862086,48,14,3,0,F M S,West Ham,5,7.360721768811345,8.050178641453385,1.3451794032007456,EPL,2015,2015/16,2026-10-09T12:02:48+00:00,F
671,Rudy Gestede,32,1632,5,5.696741838008165,2,1.4262413000687957,61,15,2,0,F S,Aston Villa,5,5.696741838008165,5.786227121017873,0.9677258897572756,EPL,2015,2015/16,2026-10-09T12:02:48+00:00,F
686,Cesc Fàbregas,37,2901,5,3.8695380529388785,7,8.421028561890125,45,67,5,0,M S,Chelsea,3,2.3472050121054053,19.53798940964043,14.364742593839765,EPL,2015,2015/16,2026-10-09T12:02:48+00:00,M
700,Willian,35,2766,5,4.4275352749973536,6,7.687523938715458,60,81,5,0,M S,Chelsea,5,4.4275352749973536,13.175751600414515,6.5942362844944,EPL,2015,2015/16,2026-10-09T12:02:48+00:00,M
737,Fabio Borini,26,1913,5,4.93459333665669,2,1.737776736728847,48,18,6,0,F M S,Sunderland,4,4.173425326123834,5.729666614905,2.1620970480144024,EPL,2015,2015/16,2026-10-09T12:02:48+00:00,F
754,Shinji Okazaki,36,2105,5,8.607688304968178,0,1.1344577930867672,46,20,1,0,F S,Leicester,5,8.607688304968178,11.455137183889747,3.8961035534739494,EPL,2015,2015/16,2026-10-09T12:02:48+00:00,F
863,Jonathan Walters,27,1718,5,5.66549963876605,3,2.3749693855643272,32,24,1,0,F M S,Stoke,5,5.66549963876605,9.030859125778079,1.4752987045794725,EPL,2015,2015/16,2026-10-09T12:02:48+00:00,F
868,Mame Biram Diouf,26,1246,5,5.1399991400539875,1,0.7568941134959459,30,10,3,0,F M S,Stoke,5,5.1399991400539875,5.441688630729914,0.4125120975077152,EPL,2015,2015/16,2026-10-09T12:02:48+00:00,F
883,Steven Davis,34,2637,5,2.531914735212922,3,4.076438756659627,20,54,4,0,D M S,Southampton,5,2.531914735212922,11.692602921277285,8.689560566097498,EPL,2015,2015/16,2026-10-09T12:02:48+00:00,D
453,Son Heung-Min,28,1110,4,4.179750515148044,1,0.7707014922052622,38,18,0,0,M S,Tottenham,4,4.179750515148044,7.979223553091288,4.450527301058173,EPL,2015,2015/16,2026-10-09T12:02:48+00:00,M
458,Steve Cook,36,3199,4,2.054982926696539,0,0.914485789835453,25,6,5,0,D,Bournemouth,4,2.054982926696539,4.234161352738738,4.040296068415046,EPL,2015,2015/16,2026-10-09T12:02:48+00:00,D
461,Matt Ritchie,37,2985,4,4.234732269309461,6,3.577278872951865,77,41,5,0,M S,Bournemouth,4,4.234732269309461,9.965598065406084,5.387163908220828,EPL,2015,2015/16,2026-10-09T12:02:48+00:00,M
486,Adam Lallana,30,2115,4,3.5331818871200085,6,5.648350378498435,44,50,2,0,F M S,Liverpool,4,3.5331818871200085,13.23281530663371,6.65951232612133,EPL,2015,2015/16,2026-10-09T12:02:48+00:00,F
494,Laurent Koscielny,33,2848,4,3.3445703331381083,0,0.7183354124426842,19,8,3,0,D,Arsenal,4,3.3445703331381083,10.752087464556098,9.075531175360084,EPL,2015,2015/16,2026-10-09T12:02:48+00:00,D
501,Danny Welbeck,11,581,4,2.9756076019257307,2,0.760790191590786,20,7,1,0,F M S,Arsenal,4,2.9756076019257307,3.8843194730579853,1.0047504883259535,EPL,2015,2015/16,2026-10-09T12:02:48+00:00,F
539,Enner Valencia,19,1014,4,4.249641552567482,2,1.475322525948286,34,12,1,0,F M S,West Ham,4,4.249641552567482,5.659652873873711,0.6797333937138319,EPL,2015,2015/16,2026-10-09T12:02:48+00:00,F
558,Jesse Lingard,25,1641,4,3.2912297286093235,1,1.2874503061175346,31,14,4,0,F M S,Manchester United,4,3.2912297286093235,7.917206218466163,4.496429245918989,EPL,2015,2015/16,2026-10-09T12:02:48+00:00,F
595,Kevin Mirallas,23,985,4,3.3397473292425275,2,1.8302945913746953,41,18,0,2,F M S,Everton,4,3.3397473292425275,5.200869668275118,1.2741522025316954,EPL,2015,2015/16,2026-10-09T12:02:48+00:00,F
597,Ramiro Funes Mori,28,2189,4,2.9086846550926566,1,0.758610226213932,24,6,4,1,D S,Everton,4,2.9086846550926566,6.417694925330579,5.725435508415103,EPL,2015,2015/16,2026-10-09T12:02:48+00:00,D
622,Wilfried Bony,26,1203,4,6.749876271001995,3,2.988756734877825,60,13,1,0,F S,Manchester City,4,5.988702247850597,8.198028582148254,1.1061074063181877,EPL,2015,2015/16,2026-10-09T12:02:48+00:00,F
639,Toby Alderweireld,38,3420,4,3.0251707853749394,2,0.8221089970320463,40,10,3,0,D,Tottenham,4,3.0251707853749394,11.274831731803715,10.825908177532256,EPL,2015,2015/16,2026-10-09T12:02:48+00:00,D
701,Eden Hazard,31,2183,4,2.578371524810791,3,4.175006551668048,36,66,2,0,F M S,Chelsea,4,2.578371524810791,11.917035654187202,8.380612190812826,EPL,2015,2015/16,2026-10-09T12:02:48+00:00,F
730,Patrick van Aanholt,33,2970,4,2.5419704327359796,3,3.7972379475831985,46,30,2,0,D M,Sunderland,4,2.5419704327359796,9.133831122890115,5.070300887338817,EPL,2015,2015/16,2026-10-09T12:02:48+00:00,D
775,Andros Townsend,16,1149,4,1.4662211015820503,2,2.820960408076644,29,28,0,0,M S,"Newcastle United,Tottenham",4,1.4662211015820503,5.2248354479670525,2.2661433229222894,EPL,2015,2015/16,2026-10-09T12:02:48+00:00,M
793,Wes Hoolahan,30,2026,4,3.4676506221294403,8,4.911916113458574,26,49,1,0,M S,Norwich,3,2.7064816057682037,9.969727208837867,5.996438333764672,EPL,2015,2015/16,2026-10-09T12:02:48+00:00,M
804,Craig Dawson,38,3387,4,4.9939436465501785,0,3.273947911337018,38,28,3,0,D,West Bromwich Albion,4,4.9939436465501785,5.419562907889485,4.053239188157022,EPL,2015,2015/16,2026-10-09T12:02:48+00:00,D
811,Saido Berahino,31,1727,4,7.118001105263829,0,1.0141102001070976,35,18,0,0,F M S,West Bromwich Albion,4,5.595701085403562,7.9605226730927825,2.1189317824319005,EPL,2015,2015/16,2026-10-09T12:02:48+00:00,F
824,Steven Naismith,23,1343,4,3.011758865788579,1,2.0797792114317417,25,20,3,0,M S,"Everton,Norwich",4,3.011758865788579,6.797231428325176,3.7368985693901777,EPL,2015,2015/16,2026-10-09T12:02:48+00:00,M
826,Benik Afobe,15,950,4,3.3959609642624855,0,0.6378889800980687,14,12,0,0,F M S,Bournemouth,4,3.3959609642624855,3.453082635998726,0.5902240071445704,EPL,2015,2015/16,2026-10-09T12:02:48+00:00,F
866,Joselu,22,1072,4,3.42055097874254,1,0.8887685872614384,29,10,0,0,F S,Stoke,4,3.42055097874254,4.794702999293804,1.971492645330727,EPL,2015,2015/16,2026-10-09T12:02:48+00:00,F
930,Steven Fletcher,16,1021,4,3.1093484219163656,0,0.8061626013368368,25,8,0,0,F S,Sunderland,4,3.1093484219163656,3.5543337743729353,0.6958297900855541,EPL,2015,2015/16,2026-10-09T12:02:48+00:00,F
459,Charlie Daniels,37,3288,3,2.930394820868969,5,2.489581812173128,20,37,2,0,D,Bournemouth,1,1.408056490123272,7.959776259958744,5.750342682003975,EPL,2015,2015/16,2026-10-09T12:02:48+00:00,D
462,Dan Gosling,34,2442,3,3.2276471266523004,1,1.8973795399069786,40,27,6,0,M S,Bournemouth,3,3.2276471266523004,6.995542302727699,2.62172650359571,EPL,2015,2015/16,2026-10-09T12:02:48+00:00,M
463,Junior Stanislas,21,1448,3,2.733297389000654,2,3.781087612733245,44,34,1,0,M S,Bournemouth,3,2.733297389000654,7.688769919797778,2.5720488391816616,EPL,2015,2015/16,2026-10-09T12:02:48+00:00,M
466,Marc Pugh,26,1328,3,2.4653059132397175,2,1.1982270358130336,22,13,1,0,M S,Bournemouth,3,2.4653059132397175,4.759835608303547,1.5334025993943214,EPL,2015,2015/16,2026-10-09T12:02:48+00:00,M
506,Joel Campbell,19,891,3,2.59413100220263,2,2.8309967815876007,19,13,0,0,M S,Arsenal,3,2.59413100220263,7.517784925177693,3.5691321585327387,EPL,2015,2015/16,2026-10-09T12:02:48+00:00,M
552,Ander Herrera,27,1535,3,2.770497987046838,2,2.1379278171807528,24,21,4,0,M S,Manchester United,2,2.0093289706856012,6.950199795886874,4.081738583743572,EPL,2015,2015/16,2026-10-09T12:02:48+00:00,M
621,Aleksandar Kolarov,29,2282,3,2.389820823445916,3,2.884808447211981,39,38,3,0,D S,Manchester City,3,1.6286518070846796,8.196380902081728,6.378136694431305,EPL,2015,2015/16,2026-10-09T12:02:48+00:00,D
642,Mousa Dembélé,29,2286,3,1.482901705428958,1,0.8319704830646515,22,28,3,0,M S,Tottenham,3,1.482901705428958,9.668302228674293,8.315912203863263,EPL,2015,2015/16,2026-10-09T12:02:48+00:00,M
643,Eric Dier,37,3271,3,1.6450099218636751,2,1.3802215121686459,30,18,10,0,D M,Tottenham,3,1.6450099218636751,15.380162507295609,13.924113631248474,EPL,2015,2015/16,2026-10-09T12:02:48+00:00,D
648,Nacer Chadli,29,922,3,2.929527999833226,2,2.760443637147546,25,24,1,0,M S,Tottenham,3,2.929527999833226,6.457753540948033,3.0467014890164137,EPL,2015,2015/16,2026-10-09T12:02:48+00:00,M
692,Oscar,27,1785,3,5.1718630231916904,3,3.297748578712344,52,29,4,0,M S,Chelsea,2,3.6495230086147785,10.235748451203108,5.516655184328556,EPL,2015,2015/16,2026-10-09T12:02:48+00:00,M
743,Dwight Gayle,16,755,3,3.890564911067486,0,0.71475759614259,22,8,1,1,F M S,Crystal Palace,3,3.890564911067486,4.844457071274519,0.9086993029341102,EPL,2015,2015/16,2026-10-09T12:02:48+00:00,F
747,Robert Huth,35,3150,3,3.4519033562391996,0,0.6899090297520161,28,2,8,0,D,Leicester,3,3.4519033562391996,4.601796895265579,3.9647810012102127,EPL,2015,2015/16,2026-10-09T12:02:48+00:00,D
781,Jeremain Lens,20,1299,3,1.33960447832942,3,2.9814170990139246,26,18,3,1,F M S,Sunderland,3,1.33960447832942,5.8241102527827024,2.4477846082299948,EPL,2015,2015/16,2026-10-09T12:02:48+00:00,F
788,Russell Martin,30,2699,3,1.8422323176637292,0,1.0656029731035233,18,8,4,1,D,Norwich,3,1.8422323176637292,3.953611842356622,2.83197205606848,EPL,2015,2015/16,2026-10-09T12:02:48+00:00,D
789,Robbie Brady,36,2996,3,2.794267915189266,2,5.04878506064415,53,54,3,0,D M S,Norwich,3,2.794267915189266,6.695630591362715,3.0419108467176557,EPL,2015,2015/16,2026-10-09T12:02:48+00:00,D
792,Jonny Howson,36,2960,3,2.2518839417025447,4,2.8945629689842463,35,26,7,0,M S,Norwich,3,2.2518839417025447,8.28648187033832,5.196510763838887,EPL,2015,2015/16,2026-10-09T12:02:48+00:00,M
794,Cameron Jerome,34,1770,3,8.215384827926755,2,0.3745400048792362,46,8,2,0,F S,Norwich,3,8.215384827926755,6.644690910354257,1.1840089233592153,EPL,2015,2015/16,2026-10-09T12:02:48+00:00,F
812,Craig Gardner,34,2037,3,4.136256244033575,3,3.0203902954235673,46,24,5,0,M S,West Bromwich Albion,3,3.3750872425734997,5.1864875964820385,1.7018211791291833,EPL,2015,2015/16,2026-10-09T12:02:48+00:00,M
833,Virgil van Dijk,34,3060,3,3.2997162602841854,0,1.340610295534134,29,9,2,0,D,Southampton,3,3.2997162602841854,5.700623968616128,5.42185575235635,EPL,2015,2015/16,2026-10-09T12:02:48+00:00,D
850,Papiss Demba Cissé,21,1079,3,3.0891173183918,0,0.6837781090289354,23,10,1,0,F S,Newcastle United,3,3.0891173183918,2.8795361537486315,0.4369380995631218,EPL,2015,2015/16,2026-10-09T12:02:48+00:00,F
882,Glenn Murray,21,789,3,4.022136937826872,0,0.5152826830744743,25,9,2,0,F S,"Bournemouth,Crystal Palace",3,3.260970901697874,4.098630301654339,1.3828989900648594,EPL,2015,2015/16,2026-10-09T12:02:48+00:00,F
888,Xherdan Shaqiri,27,2072,3,3.074525742791593,6,6.42092464491725,40,50,3,0,F M,Stoke,3,3.074525742791593,9.374039676040411,4.220687731169164,EPL,2015,2015/16,2026-10-09T12:02:48+00:00,F
919,Duncan Watmore,23,880,3,1.465447487309575,1,0.947002712637186,14,12,0,0,F M S,Sunderland,3,1.465447487309575,2.2361195953562856,0.25336829852312803,EPL,2015,2015/16,2026-10-09T12:02:48+00:00,F
939,Mauro Zárate,15,796,3,1.550888579338789,0,1.3420005030930042,29,20,1,0,F M S,West Ham,3,1.550888579338789,3.807389497756958,2.485369622707367,EPL,2015,2015/16,2026-10-09T12:02:48+00:00,F
990,James Morrison,18,1354,3,1.8907658848911524,3,1.1233719112351537,24,15,3,0,M S,West Bromwich Albion,3,1.1295968685299158,3.430091424845159,1.7143349926918745,EPL,2015,2015/16,2026-10-09T12:02:48+00:00,M
480,Joe Allen,19,720,2,1.3847471065819263,1,1.3596460912376642,12,12,0,0,M S,Liverpool,2,1.3847471065819263,3.9975115405395627,2.387468340806663,EPL,2015,2015/16,2026-10-09T12:02:48+00:00,M
500,Alex Iwobi,13,639,2,1.5485198199748993,2,1.5110217109322548,15,12,0,0,M S,Arsenal,2,1.5485198199748993,5.324223689734936,3.206701472401619,EPL,2015,2015/16,2026-10-09T12:02:48+00:00,M
510,Joel Ward,30,2694,2,1.150739767588675,1,1.8000704925507307,17,13,4,0,D,Crystal Palace,2,1.150739767588675,7.4030570443719625,5.379452791064978,EPL,2015,2015/16,2026-10-09T12:02:48+00:00,D
511,Damien Delaney,32,2880,2,1.834194477647543,3,2.6911376118659973,21,10,2,0,D,Crystal Palace,2,1.834194477647543,3.014546509832144,1.73640001937747,EPL,2015,2015/16,2026-10-09T12:02:48+00:00,D
514,Jason Puncheon,31,2647,2,3.8735057078301907,3,4.142699588090181,54,59,3,0,F M,Crystal Palace,2,3.8735057078301907,10.056628016754985,5.015376521274447,EPL,2015,2015/16,2026-10-09T12:02:48+00:00,F
520,Bakary Sako,20,1073,2,2.3595071816816926,1,1.8894953643903136,34,9,1,0,F M S,Crystal Palace,2,2.3595071816816926,4.876719728112221,1.9568675085902214,EPL,2015,2015/16,2026-10-09T12:02:48+00:00,F
522,Wilfried Zaha,34,2507,2,2.624895393848419,1,4.4747301414608955,32,41,5,0,F M S,Crystal Palace,2,2.624895393848419,9.616188358515501,3.583674034103751,EPL,2015,2015/16,2026-10-09T12:02:48+00:00,F
534,Aaron Cresswell,37,3319,2,1.0925629902631044,4,3.2946184799075127,28,40,1,0,D M,West Ham,2,1.0925629902631044,10.339367298409343,6.831139231100678,EPL,2015,2015/16,2026-10-09T12:02:48+00:00,D
555,Memphis Depay,29,1470,2,4.733708648942411,0,1.2230775114148855,57,12,2,0,F M S,Manchester United,2,4.733708648942411,7.542920334264636,2.9404460974037647,EPL,2015,2015/16,2026-10-09T12:02:48+00:00,F
566,Sebastian Prödl,21,1774,2,1.5338504202663898,0,0.1290602032095194,13,2,5,0,D S,Watford,2,1.5338504202663898,1.9340766528621316,1.9062326410785317,EPL,2015,2015/16,2026-10-09T12:02:48+00:00,D
569,Almen Abdi,32,1998,2,2.0675654159858823,0,2.5999508891254663,38,32,4,0,F M S,Watford,2,2.0675654159858823,8.051499697379768,5.146298512816429,EPL,2015,2015/16,2026-10-09T12:02:48+00:00,F
571,Ben Watson,35,2814,2,0.4924735939130187,0,2.1229016734287143,17,33,4,0,M S,Watford,2,0.4924735939130187,5.762443410232663,5.366294101811945,EPL,2015,2015/16,2026-10-09T12:02:48+00:00,M
588,Leighton Baines,18,1473,2,1.2093742927536368,1,1.6651656907051802,9,22,0,0,D S,Everton,1,0.4482050007209182,4.1670159082859755,2.980505997315049,EPL,2015,2015/16,2026-10-09T12:02:48+00:00,D
589,James McCarthy,29,2445,2,0.8192178858444095,2,1.3880207985639572,16,14,5,1,M,Everton,2,0.8192178858444095,9.486362321302295,7.581050584092736,EPL,2015,2015/16,2026-10-09T12:02:48+00:00,M
591,Gerard Deulofeu,26,1389,2,1.413774512708187,8,5.973309900611639,9,35,2,0,F M S,Everton,2,1.413774512708187,8.983783259987831,3.341781474649906,EPL,2015,2015/16,2026-10-09T12:02:48+00:00,F
596,Tom Cleverley,22,1618,2,1.491365397349,4,2.2500664331018925,24,23,1,0,M S,Everton,2,1.491365397349,6.335384823381901,4.329457061365247,EPL,2015,2015/16,2026-10-09T12:02:48+00:00,M
605,Jordan Henderson,17,1300,2,1.527289591729641,3,1.300453895702958,26,18,1,0,M S,Liverpool,2,1.527289591729641,5.802723690867424,4.533579096198082,EPL,2015,2015/16,2026-10-09T12:02:48+00:00,M
612,Vincent Kompany,14,1179,2,0.4174300068989396,0,0.08134989906102419,11,3,5,0,D S,Manchester City,2,0.4174300068989396,2.9507625503465533,2.9168542586266994,EPL,2015,2015/16,2026-10-09T12:02:48+00:00,D
614,Fernandinho,33,2736,2,1.23233259934932,2,2.5116884037852287,29,29,8,0,M S,Manchester City,2,1.23233259934932,12.033709781244397,10.304349169135094,EPL,2015,2015/16,2026-10-09T12:02:48+00:00,M
615,Fernando,24,1703,2,2.8968158289790154,0,0.3292692955583334,15,8,4,0,M S,Manchester City,2,2.8968158289790154,4.508109111338854,4.396472107619047,EPL,2015,2015/16,2026-10-09T12:02:48+00:00,M
617,David Silva,24,1818,2,2.598524495959282,11,4.727522297762334,29,67,1,0,M S,Manchester City,2,2.598524495959282,11.535076109692454,7.523192688822746,EPL,2015,2015/16,2026-10-09T12:02:48+00:00,M
633,James McArthur,28,2206,2,1.0581504269503057,2,1.0850919056683779,16,22,5,0,M S,Crystal Palace,2,1.0581504269503057,6.162737352773547,4.224577681161463,EPL,2015,2015/16,2026-10-09T12:02:48+00:00,M
669,Ashley Westwood,32,2720,2,1.7461493341252208,2,3.1517576836049557,38,41,6,0,M S,Aston Villa,2,1.7461493341252208,6.387356759980321,4.117237228900194,EPL,2015,2015/16,2026-10-09T12:02:48+00:00,M
670,Carles Gil,23,1454,2,0.7563516963273287,0,1.486159997060895,17,25,3,0,F M S,Aston Villa,2,0.7563516963273287,3.3147316239774227,2.429522169753909,EPL,2015,2015/16,2026-10-09T12:02:48+00:00,F
679,Scott Sinclair,27,1598,2,2.815946187824011,0,0.13176919892430305,17,5,0,0,F M S,Aston Villa,1,2.054780151695013,3.5370405688881874,1.5768062099814415,EPL,2015,2015/16,2026-10-09T12:02:48+00:00,F
681,César Azpilicueta,37,3208,2,1.2036286052316427,3,2.2325296327471733,10,21,7,0,D S,Chelsea,2,1.2036286052316427,12.767125852406025,11.378263026475906,EPL,2015,2015/16,2026-10-09T12:02:48+00:00,D
682,Branislav Ivanovic,33,2922,2,2.3555952794849873,2,2.0069943265989423,28,13,5,0,D,Chelsea,2,2.3555952794849873,10.849223456345499,9.19849253911525,EPL,2015,2015/16,2026-10-09T12:02:48+00:00,D
695,Bertrand Traoré,10,365,2,1.6593624241650105,1,0.627598786726594,17,5,0,0,F M S,Chelsea,2,1.6593624241650105,2.3423980325460434,0.15087240189313889,EPL,2015,2015/16,2026-10-09T12:02:48+00:00,F
697,Nemanja Matic,33,2426,2,2.506363909691572,2,2.058973101899028,34,19,4,1,M S,Chelsea,2,2.506363909691572,11.280712064355612,9.022077601402998,EPL,2015,2015/16,2026-10-09T12:02:48+00:00,M
699,Gary Cahill,23,1952,2,1.5026721898466349,1,0.1968750972300768,13,3,2,0,D S,Chelsea,2,1.5026721898466349,1.938991790637374,1.7717088777571917,EPL,2015,2015/16,2026-10-09T12:02:48+00:00,D
709,Ashley Williams,36,3240,2,1.7815254908055067,1,0.44039199873805046,16,11,8,0,D,Swansea,2,1.7815254908055067,7.390198610723019,7.146746585145593,EPL,2015,2015/16,2026-10-09T12:02:48+00:00,D
716,Alberto Paloschi,10,675,2,2.420431124046445,0,0.603236598894,15,3,2,0,F S,Swansea,2,2.420431124046445,2.7354960180819035,0.21153500117361546,EPL,2015,2015/16,2026-10-09T12:02:48+00:00,F
719,Wayne Routledge,28,1700,2,2.52651600074023,1,1.7192793767899275,18,29,3,0,F M S,Swansea,2,2.52651600074023,5.908184255473316,2.3552612997591496,EPL,2015,2015/16,2026-10-09T12:02:48+00:00,F
723,Ki Sung-yueng,28,1852,2,2.4574378253892064,1,1.0774459028616548,24,22,4,0,M S,Swansea,2,2.4574378253892064,5.665102529339492,3.1758004864677787,EPL,2015,2015/16,2026-10-09T12:02:48+00:00,M
728,Lamine Koné,15,1318,2,2.458799561485648,1,0.7516853213310242,10,5,0,0,D,Sunderland,2,2.458799561485648,1.0659353137016296,1.0217672139406204,EPL,2015,2015/16,2026-10-09T12:02:48+00:00,D
734,Wahbi Khazri,14,1087,2,0.8625685963779688,1,2.2329065892845392,24,27,3,0,M S,Sunderland,2,0.8625685963779688,2.4898463152348995,1.3282623123377562,EPL,2015,2015/16,2026-10-09T12:02:48+00:00,M
748,Wes Morgan,38,3420,2,3.00750370323658,0,0.053114598616957664,21,2,3,0,D,Leicester,2,3.00750370323658,3.1742845699191093,3.08955767005682,EPL,2015,2015/16,2026-10-09T12:02:48+00:00,D
752,Daniel Drinkwater,35,3045,2,2.187858287245035,7,5.324235362932086,41,44,3,1,M,Leicester,2,2.187858287245035,14.482194758951664,10.150261309929192,EPL,2015,2015/16,2026-10-09T12:02:48+00:00,M
753,Marc Albrighton,38,2796,2,2.549340220168233,6,8.095411790534854,42,62,4,0,M S,Leicester,2,2.549340220168233,11.863627067767084,4.015349085442722,EPL,2015,2015/16,2026-10-09T12:02:48+00:00,M
764,Daryl Janmaat,32,2754,2,1.1652493462897837,4,3.490501798223704,19,25,5,1,D M,Newcastle United,2,1.1652493462897837,9.721465773880482,6.243291113525629,EPL,2015,2015/16,2026-10-09T12:02:48+00:00,D
766,Jamaal Lascelles,18,1135,2,0.4158274009823799,0,0.14827369898557663,4,2,1,1,D S,Newcastle United,2,0.4158274009823799,1.2703508995473385,1.2219718024134636,EPL,2015,2015/16,2026-10-09T12:02:48+00:00,D
784,Andy King,25,1030,2,2.7156347036361694,1,1.0578415095806122,19,9,2,0,M S,Leicester,2,2.7156347036361694,5.486793368123472,2.4575446471571922,EPL,2015,2015/16,2026-10-09T12:02:48+00:00,M
791,Alexander Tettey,23,1956,2,0.6745796985924244,0,0.10933634173125029,20,5,10,0,M,Norwich,2,0.6745796985924244,3.9621738800778985,3.3664298839867115,EPL,2015,2015/16,2026-10-09T12:02:48+00:00,M
810,Stéphane Sessegnon,25,1770,2,1.287262612953782,2,2.786615217104554,31,27,1,0,F M S,West Bromwich Albion,2,1.287262612953782,6.163075953722,3.9116171952337027,EPL,2015,2015/16,2026-10-09T12:02:48+00:00,F
814,James McClean,35,2414,2,2.168414603918791,2,3.0264101019129157,31,29,7,1,F M S,West Bromwich Albion,2,2.168414603918791,5.10841834358871,1.4000553861260414,EPL,2015,2015/16,2026-10-09T12:02:48+00:00,F
825,Adam Smith,31,2085,2,0.48813990131020546,0,1.1019454840570688,15,14,5,0,D M S,Bournemouth,2,0.48813990131020546,3.9739092104136944,3.1956596188247204,EPL,2015,2015/16,2026-10-09T12:02:48+00:00,D
834,José Fonte,37,3171,2,2.431196888908744,1,1.2865146612748504,20,5,4,1,D,Southampton,2,2.431196888908744,6.668108243495226,6.46544723585248,EPL,2015,2015/16,2026-10-09T12:02:48+00:00,D
843,James Ward-Prowse,33,1505,2,2.065772909671068,4,4.687691954895854,28,32,5,0,M S,Southampton,1,1.3046038821339607,6.9715134128928185,4.774289023131132,EPL,2015,2015/16,2026-10-09T12:02:48+00:00,M
861,Giannelli Imbula,14,1260,2,0.7641459014266729,0,0.44663219526410103,21,11,4,0,M,Stoke,2,0.7641459014266729,4.900775998830795,3.82476444542408,EPL,2015,2015/16,2026-10-09T12:02:48+00:00,M
864,Ibrahim Afellay,31,2105,2,2.3782680314034224,2,2.0416691973805428,39,21,3,1,M S,Stoke,2,2.3782680314034224,9.911402089521289,6.512232810258865,EPL,2015,2015/16,2026-10-09T12:02:48+00:00,M
876,Fabian Delph,17,753,2,0.30059099942445755,0,0.42607941292226315,13,2,0,0,M S,Manchester City,2,0.30059099942445755,2.4887941433116794,1.8802404375746846,EPL,2015,2015/16,2026-10-09T12:02:48+00:00,M
877,Samir Nasri,12,520,2,2.637317957356572,2,0.9286920242011547,14,10,3,0,M S,Manchester City,2,2.637317957356572,4.427332343533635,1.7196574099361897,EPL,2015,2015/16,2026-10-09T12:02:48+00:00,M
929,Adam Johnson,19,1136,2,1.8067023092880845,5,2.185626655817032,16,29,3,0,F M S,Sunderland,1,1.04553338047117,4.058418094180524,2.642054306343198,EPL,2015,2015/16,2026-10-09T12:02:48+00:00,F
936,Ramires,12,612,2,1.3262329697608948,0,0.05816140025854111,10,1,1,0,M S,Chelsea,2,1.3262329697608948,1.8094922974705696,0.8054331913590431,EPL,2015,2015/16,2026-10-09T12:02:48+00:00,M
938,Carl Jenkinson,20,1220,2,0.6154201049357653,0,1.1373541913926601,7,6,3,1,D S,West Ham,2,0.6154201049357653,5.472481181845069,3.738781973719597,EPL,2015,2015/16,2026-10-09T12:02:48+00:00,D
986,Danny Ings,6,336,2,1.8510825484991074,0,0.35256329737603664,10,5,1,0,F S,Liverpool,2,1.8510825484991074,1.3931688889861107,0.28324929624795914,EPL,2015,2015/16,2026-10-09T12:02:48+00:00,F
162,Timm Klose,10,849,1,0.5434640273451805,0,0,3,0,3,0,D,Norwich,1,0.5434640273451805,0.1904532015323639,0.15350420027971268,EPL,2015,2015/16,2026-10-09T12:02:48+00:00,D
323,Adnan Januzaj,5,141,1,0.24226240068674088,0,0.03206440061330795,4,1,1,0,M S,Manchester United,1,0.24226240068674088,0.2891866937279701,0.13489729724824429,EPL,2015,2015/16,2026-10-09T12:02:48+00:00,M
457,Tommy Elphick,12,1011,1,0.29312440380454063,0,0.016258500516414642,4,1,1,0,D S,Bournemouth,1,0.29312440380454063,0.48053629882633686,0.4642777983099222,EPL,2015,2015/16,2026-10-09T12:02:48+00:00,D
464,Max Gradel,14,918,1,1.706090216524899,2,0.682281706482172,18,10,1,0,M S,Bournemouth,1,1.706090216524899,2.496540807187557,0.6888830978423357,EPL,2015,2015/16,2026-10-09T12:02:48+00:00,M
467,Lewis Grabban,21,806,1,2.3116526901721954,0,0.42006440088152885,19,8,2,0,F M S,"Bournemouth,Norwich",1,2.3116526901721954,3.166380167938769,0.575863697566092,EPL,2015,2015/16,2026-10-09T12:02:48+00:00,F
476,Kolo Touré,14,865,1,0.24255899712443352,0,0.01874930039048195,4,1,1,0,D S,Liverpool,1,0.24255899712443352,2.5082754008471966,2.437144998461008,EPL,2015,2015/16,2026-10-09T12:02:48+00:00,D
481,Jordon Ibe,27,1161,1,1.426460581831634,2,1.6390917217358947,29,20,0,0,F M S,Liverpool,1,1.426460581831634,5.9807505793869495,3.414081832394004,EPL,2015,2015/16,2026-10-09T12:02:48+00:00,F
485,Mamadou Sakho,22,1856,1,0.8336915113031864,0,0.07145379856228828,6,4,1,0,D S,Liverpool,1,0.8336915113031864,3.4503715224564075,3.4237603060901165,EPL,2015,2015/16,2026-10-09T12:02:48+00:00,D
492,Héctor Bellerín,36,3240,1,0.7077546939253807,5,4.75375734642148,13,24,3,0,D,Arsenal,1,0.7077546939253807,17.708984507247806,14.370255900546908,EPL,2015,2015/16,2026-10-09T12:02:48+00:00,D
493,Gabriel,21,1761,1,0.9500337094068527,0,0.044633898884058,11,1,4,1,D S,Arsenal,1,0.9500337094068527,6.478983839973807,6.478983839973807,EPL,2015,2015/16,2026-10-09T12:02:48+00:00,D
517,Joe Ledley,19,979,1,0.3060399070382118,0,0.15684919618070126,7,3,1,0,M S,Crystal Palace,1,0.3060399070382118,1.4343150025233626,1.1289009563624859,EPL,2015,2015/16,2026-10-09T12:02:48+00:00,M
521,Emmanuel Adebayor,12,619,1,1.8238637335598469,1,0.14526743069291115,12,6,1,0,F S,Crystal Palace,1,1.8238637335598469,2.034254115074873,0.3548254258930683,EPL,2015,2015/16,2026-10-09T12:02:48+00:00,F
526,Lee Chung-yong,13,375,1,0.15825050324201584,0,0.4583900086581707,5,6,0,0,M S,Crystal Palace,1,0.15825050324201584,0.7814945951104164,0.6394797302782536,EPL,2015,2015/16,2026-10-09T12:02:48+00:00,M
529,Winston Reid,24,2139,1,1.3956439103931189,1,0.3526056036353111,17,7,5,0,D,West Ham,1,1.3956439103931189,2.7220241613686085,2.630920182913542,EPL,2015,2015/16,2026-10-09T12:02:48+00:00,D
541,Victor Moses,21,982,1,1.9115974642336369,2,1.5062656160444021,22,16,0,0,F M S,West Ham,1,1.9115974642336369,4.521150814369321,1.3855820586904883,EPL,2015,2015/16,2026-10-09T12:02:48+00:00,F
545,Kieran Gibbs,15,367,1,0.5577400848269463,0,0.04064770042896271,5,1,0,0,D M S,Arsenal,1,0.5577400848269463,1.0849711149930954,0.48658449575304985,EPL,2015,2015/16,2026-10-09T12:02:48+00:00,D
548,Daley Blind,35,3123,1,0.1542002009227872,1,1.880606411024928,4,25,2,0,D,Manchester United,1,0.1542002009227872,7.339778674766421,6.8197369035333395,EPL,2015,2015/16,2026-10-09T12:02:48+00:00,D
551,Morgan Schneiderlin,29,2204,1,0.8295513093471527,0,0.4136638976633549,11,9,3,0,M S,Manchester United,1,0.8295513093471527,5.959417164325714,5.560283171012998,EPL,2015,2015/16,2026-10-09T12:02:48+00:00,M
557,Matteo Darmian,28,1937,1,0.1750630959868431,0,1.8790501449257135,6,12,8,0,D M S,Manchester United,1,0.1750630959868431,4.96573755890131,3.754207780584693,EPL,2015,2015/16,2026-10-09T12:02:48+00:00,D
579,Nathan Aké,24,1868,1,1.6093680169433355,0,0.7008997928351164,16,9,4,1,D S,Watford,1,1.6093680169433355,2.832576386630535,2.378372272476554,EPL,2015,2015/16,2026-10-09T12:02:48+00:00,D
581,Craig Cathcart,35,3034,1,0.6867376808077097,0,0.10606209933757782,5,3,3,0,D S,Watford,1,0.6867376808077097,3.8294328143820167,3.711509123444557,EPL,2015,2015/16,2026-10-09T12:02:48+00:00,D
585,Seamus Coleman,28,2392,1,2.323581524193287,3,1.440727211534977,27,18,4,0,D M S,Everton,1,2.323581524193287,8.981178171932697,7.0035767294466496,EPL,2015,2015/16,2026-10-09T12:02:48+00:00,D
603,Nathaniel Clyne,33,2970,1,1.8151895105838776,0,1.8440426997840405,29,24,6,0,D M,Liverpool,1,1.8151895105838776,10.565198993310332,8.967687624506652,EPL,2015,2015/16,2026-10-09T12:02:48+00:00,D
604,Emre Can,30,2501,1,1.2145628472790122,0,3.202119203284383,30,32,9,0,D M S,Liverpool,1,1.2145628472790122,11.935751177370548,10.14760448411107,EPL,2015,2015/16,2026-10-09T12:02:48+00:00,D
607,Martin Skrtel,22,1882,1,0.635306098498404,0,0.809040131047368,10,5,5,0,D S,Liverpool,1,0.635306098498404,5.071173986420035,5.071173986420035,EPL,2015,2015/16,2026-10-09T12:02:48+00:00,D
608,Alberto Moreno,32,2546,1,1.65450559835881,4,4.2261937954463065,36,61,3,0,D M S,Liverpool,1,1.65450559835881,11.850028944201767,7.7277633948251605,EPL,2015,2015/16,2026-10-09T12:02:48+00:00,D
611,Nicolás Otamendi,30,2673,1,0.9926669923588634,0,0.628144808113575,27,5,9,0,D,Manchester City,1,0.9926669923588634,6.772215612232685,6.60351499542594,EPL,2015,2015/16,2026-10-09T12:02:48+00:00,D
630,Marouane Fellaini,18,1069,1,4.1750429049134254,0,0.6421577008441091,23,11,2,0,F M S,Manchester United,1,4.1750429049134254,5.463912703096867,2.704396478831768,EPL,2015,2015/16,2026-10-09T12:02:48+00:00,F
631,Ashley Young,18,1053,1,0.8914634939283133,2,1.4585475930944085,7,10,5,0,D M S,Manchester United,1,0.8914634939283133,4.834842080250382,3.084279153496027,EPL,2015,2015/16,2026-10-09T12:02:48+00:00,D
638,Kyle Walker,33,2947,1,0.876290250569582,3,4.270705763250589,21,34,7,0,D,Tottenham,1,0.876290250569582,12.140320762991905,9.310257188975811,EPL,2015,2015/16,2026-10-09T12:02:48+00:00,D
641,Danny Rose,24,2139,1,1.2215758142992854,3,3.2962171770632267,26,24,7,0,D M,Tottenham,1,1.2215758142992854,10.382976911962032,7.078364692628384,EPL,2015,2015/16,2026-10-09T12:02:48+00:00,D
649,Ryan Mason,22,797,1,3.093703493475914,0,0.7011371180415154,20,10,3,0,M S,Tottenham,1,3.093703493475914,4.979685790836811,1.9601636249572039,EPL,2015,2015/16,2026-10-09T12:02:48+00:00,M
652,Kieran Trippier,6,456,1,0.41732090525329113,1,0.4763298947364092,2,6,1,0,D M S,Tottenham,1,0.41732090525329113,2.526610016822815,1.7413015961647034,EPL,2015,2015/16,2026-10-09T12:02:48+00:00,D
653,Tom Carroll,19,489,1,0.22867840342223644,0,0.24540579319000244,5,9,3,0,M S,Tottenham,1,0.22867840342223644,2.806581201031804,2.4788649920374155,EPL,2015,2015/16,2026-10-09T12:02:48+00:00,M
664,Joleon Lescott,32,2812,1,1.8732635146006942,0,0.17327840439975262,11,4,2,0,D,"Aston Villa,West Bromwich Albion",1,1.8732635146006942,4.438298267312348,4.29165727365762,EPL,2015,2015/16,2026-10-09T12:02:48+00:00,D
665,Micah Richards,24,2049,1,1.012163701467216,1,0.419517801143229,11,8,3,0,D S,Aston Villa,1,1.012163701467216,2.9391929684206843,2.6296159625053406,EPL,2015,2015/16,2026-10-09T12:02:48+00:00,D
674,Leandro Bacuna,31,2421,1,1.905084615573287,0,1.1993913184851408,32,16,8,0,D F M S,Aston Villa,1,1.905084615573287,6.015960816293955,4.071642050519586,EPL,2015,2015/16,2026-10-09T12:02:48+00:00,D
675,Jack Grealish,16,831,1,0.5990190040320158,0,0.6424275133758783,16,12,1,0,F M S,Aston Villa,1,0.5990190040320158,2.6512201130390167,1.994210036471486,EPL,2015,2015/16,2026-10-09T12:02:48+00:00,F
688,Ruben Loftus-Cheek,13,399,1,0.9546099007129669,0,0.13750669918954372,12,4,0,0,M S,Chelsea,1,0.9546099007129669,2.598377004265785,1.7522745877504349,EPL,2015,2015/16,2026-10-09T12:02:48+00:00,M
689,Kenedy,14,544,1,0.32068589609116316,0,0.5036235116422176,13,6,0,0,D M S,Chelsea,1,0.32068589609116316,2.9553769063204527,2.2893614917993546,EPL,2015,2015/16,2026-10-09T12:02:48+00:00,D
690,Loïc Remy,13,269,1,2.0837942995131016,0,0.15876660123467445,13,4,0,0,F S,Chelsea,1,2.0837942995131016,2.4009377881884575,0.1583769991993904,EPL,2015,2015/16,2026-10-09T12:02:48+00:00,F
691,Alexandre Pato,2,134,1,1.7201659679412842,0,0,4,0,0,0,F S,Chelsea,0,0.9589969925582409,1.6412879824638367,0.6822909712791443,EPL,2015,2015/16,2026-10-09T12:02:48+00:00,F
696,Falcao,10,208,1,0.7739494126290083,0,0.09176900424063206,11,2,1,0,F S,Chelsea,1,0.7739494126290083,0.8805264085531235,0.19261359423398972,EPL,2015,2015/16,2026-10-09T12:02:48+00:00,F
708,Federico Fernández,32,2880,1,1.670275891199708,1,0.38642445020377636,17,8,3,0,D,Swansea,1,1.670275891199708,5.869625451043248,5.686014052480459,EPL,2015,2015/16,2026-10-09T12:02:48+00:00,D
712,Jack Cork,35,2543,1,0.918854609131813,2,1.9600159134715796,19,30,3,0,M S,Swansea,1,0.918854609131813,7.81073460355401,6.233916888013482,EPL,2015,2015/16,2026-10-09T12:02:48+00:00,M
720,Modou Barrow,22,762,1,0.4563116068020463,2,1.181954595260322,11,13,0,0,F M S,Swansea,1,0.4563116068020463,2.616060396656394,1.5302879698574543,EPL,2015,2015/16,2026-10-09T12:02:48+00:00,F
731,Dame N&#039;Doye,11,562,1,0.5422570034861565,0,0.2607949022203684,9,4,2,0,F M S,Sunderland,1,0.5422570034861565,1.2147914990782738,0.7594384998083115,EPL,2015,2015/16,2026-10-09T12:02:48+00:00,F
732,Yann M&#039;Vila,37,3194,1,0.8662016959860921,4,4.275107302702963,29,46,1,0,M S,Sunderland,1,0.8662016959860921,8.422498852014542,6.552976256236434,EPL,2015,2015/16,2026-10-09T12:02:48+00:00,M
733,Jack Rodwell,22,1137,1,2.4888862976804376,0,0.8463182114064693,25,14,5,0,M S,Sunderland,1,2.4888862976804376,4.394257375970483,1.3864283822476864,EPL,2015,2015/16,2026-10-09T12:02:48+00:00,M
742,Billy Jones,24,2039,1,2.414166036993265,1,1.1011948119848967,14,12,8,0,D S,Sunderland,1,2.414166036993265,2.430672410875559,1.0449427906423807,EPL,2015,2015/16,2026-10-09T12:02:48+00:00,D
751,N&#039;Golo Kanté,37,3011,1,0.5621250942349434,4,2.7279574144631624,21,30,3,0,M S,Leicester,1,0.5621250942349434,11.133838042616844,8.64429540000856,EPL,2015,2015/16,2026-10-09T12:02:48+00:00,M
757,Jeffrey Schlupp,24,1383,1,1.9894177075475454,2,2.2084601735696197,26,17,4,0,D M S,Leicester,1,1.9894177075475454,5.975850388407707,2.508394160307944,EPL,2015,2015/16,2026-10-09T12:02:48+00:00,D
767,Jack Colback,29,2409,1,0.8832448916509748,1,1.2081099371425807,15,16,11,0,D M S,Newcastle United,1,0.8832448916509748,6.735097970813513,5.063955340534449,EPL,2015,2015/16,2026-10-09T12:02:48+00:00,D
768,Vurnon Anita,28,2112,1,0.22509299963712692,3,0.6107363002374768,8,13,6,0,D M S,Newcastle United,1,0.22509299963712692,4.6412940211594105,4.246871806681156,EPL,2015,2015/16,2026-10-09T12:02:48+00:00,D
769,Jonjo Shelvey,31,2270,1,2.5407283902168274,5,4.389030389487743,56,43,8,0,M S,"Newcastle United,Swansea",0,1.7795596793293953,10.940088922157884,7.260300789028406,EPL,2015,2015/16,2026-10-09T12:02:48+00:00,M
772,Moussa Sissoko,37,3234,1,3.3141868663951755,7,5.964938495308161,38,57,3,0,M,Newcastle United,1,3.3141868663951755,13.733191521838307,6.391512014903128,EPL,2015,2015/16,2026-10-09T12:02:48+00:00,M
783,Nathan Dyer,13,209,1,0.2630394995212555,1,0.5702419877052307,5,5,1,0,S,"Leicester,Swansea",1,0.2630394995212555,1.3413797095417976,0.6236481890082359,EPL,2015,2015/16,2026-10-09T12:02:48+00:00,S
798,Martin Olsson,24,1767,1,0.1644793003797531,2,0.9000751879066229,7,7,2,0,D S,Norwich,1,0.1644793003797531,3.353635421022773,2.440692376345396,EPL,2015,2015/16,2026-10-09T12:02:48+00:00,D
800,Matthew Jarvis,22,1100,1,1.0162738040089607,1,1.5426131635904312,10,18,0,0,M S,"Norwich,West Ham",1,1.0162738040089607,3.5617774659767747,1.2532362882047892,EPL,2015,2015/16,2026-10-09T12:02:48+00:00,M
805,Jonas Olsson,28,2019,1,0.9869292164221406,1,1.0481974948197603,6,4,5,0,D S,West Bromwich Albion,1,0.9869292164221406,1.9791093980893493,1.947945392690599,EPL,2015,2015/16,2026-10-09T12:02:48+00:00,D
806,Gareth McAuley,34,3060,1,0.5205572098493576,0,0.6936065852642059,7,7,4,1,D,West Bromwich Albion,1,0.5205572098493576,3.2130712745711207,3.1146106524392962,EPL,2015,2015/16,2026-10-09T12:02:48+00:00,D
807,Jonny Evans,30,2600,1,1.2419001199305058,1,0.7815928049385548,7,9,4,0,D M,West Bromwich Albion,1,1.2419001199305058,2.8226519897580147,2.218800075352192,EPL,2015,2015/16,2026-10-09T12:02:48+00:00,D
809,Darren Fletcher,38,3377,1,2.497494393028319,3,2.580059782601893,22,30,3,0,M,West Bromwich Albion,1,2.497494393028319,7.24373628385365,3.9017012156546116,EPL,2015,2015/16,2026-10-09T12:02:48+00:00,M
816,Rickie Lambert,19,604,1,1.4416358908638358,1,0.9207850070670247,14,11,2,0,F S,West Bromwich Albion,0,0.6804667999967933,1.3934175092726946,0.212576094083488,EPL,2015,2015/16,2026-10-09T12:02:48+00:00,F
821,Sebastien Bassong,32,2788,1,1.3719307715073228,0,0.07424530200660229,20,2,4,0,D S,Norwich,1,1.3719307715073228,3.0247010719031096,2.705271579325199,EPL,2015,2015/16,2026-10-09T12:02:48+00:00,D
832,Cuco Martina,15,1076,1,0.11175310425460339,1,1.3458772003650665,3,12,1,0,D S,Southampton,1,0.11175310425460339,4.38199639134109,3.5813585072755814,EPL,2015,2015/16,2026-10-09T12:02:48+00:00,D
835,Ryan Bertrand,32,2880,1,1.4651850974187255,3,3.4410766353830695,12,22,6,0,D M,Southampton,0,0.7040162933990359,8.203246200457215,6.43518764898181,EPL,2015,2015/16,2026-10-09T12:02:48+00:00,D
836,Victor Wanyama,30,2507,1,1.5128119876608253,1,1.090257404372096,31,16,4,3,M S,Southampton,1,1.5128119876608253,7.417215747758746,6.315982839092612,EPL,2015,2015/16,2026-10-09T12:02:48+00:00,M
842,Oriol Romeu,29,1598,1,1.7555863121524453,0,1.012617589905858,28,11,7,0,M S,Southampton,1,1.7555863121524453,6.841692263260484,5.275686334818602,EPL,2015,2015/16,2026-10-09T12:02:48+00:00,M
845,Maya Yoshida,20,1000,1,1.0490809977054596,0,0,2,0,0,0,D S,Southampton,1,1.0490809977054596,1.964398318901658,1.3703076262027025,EPL,2015,2015/16,2026-10-09T12:02:48+00:00,D
848,Charlie Austin,7,203,1,1.193167395889759,0,0.02674020081758499,8,1,0,0,F S,Southampton,1,1.193167395889759,0.9220673143863678,0.08945389837026596,EPL,2015,2015/16,2026-10-09T12:02:48+00:00,F
853,Paul Dummett,23,1907,1,0.2723962003365159,0,0.1616812963038683,5,4,3,0,D,Newcastle United,1,0.2723962003365159,2.419680802151561,2.126522820442915,EPL,2015,2015/16,2026-10-09T12:02:48+00:00,D
873,Charlie Adam,22,1050,1,0.8703569914214313,1,0.8281959071755409,29,10,6,1,M S,Stoke,1,0.8703569914214313,3.0730838221497834,2.392736531794071,EPL,2015,2015/16,2026-10-09T12:02:48+00:00,M
875,Ciaran Clark,18,1442,1,0.8913228996098042,0,0.6958843991160393,10,4,6,0,D S,Aston Villa,1,0.8913228996098042,0.7675878955051303,0.6018302924931049,EPL,2015,2015/16,2026-10-09T12:02:48+00:00,D
881,Harry Arter,21,1692,1,0.9920001598075032,0,1.0252581341192126,36,25,7,0,M,Bournemouth,1,0.9920001598075032,7.356461178511381,5.81093068793416,EPL,2015,2015/16,2026-10-09T12:02:48+00:00,M
890,Gabriel Agbonlahor,15,1051,1,1.2428807243704796,2,1.4772773999720812,10,13,0,0,F M S,Aston Villa,1,1.2428807243704796,2.8307675942778587,0.2617865987122059,EPL,2015,2015/16,2026-10-09T12:02:48+00:00,F
907,Bastian Schweinsteiger,18,1199,1,1.461834579706192,0,0.25417069904506207,12,8,3,0,M S,Manchester United,1,1.461834579706192,4.839490685611963,4.474496845155954,EPL,2015,2015/16,2026-10-09T12:02:48+00:00,M
915,Rolando Aarons,10,365,1,0.4009544104337692,1,0.5955119878053665,2,5,1,0,D M S,Newcastle United,1,0.4009544104337692,1.9611597135663033,0.9918922856450081,EPL,2015,2015/16,2026-10-09T12:02:48+00:00,D
917,John Terry,24,1999,1,1.4788405783474445,0,0.10227389819920063,10,2,2,2,D,Chelsea,1,1.4788405783474445,4.600788000971079,3.9877390302717686,EPL,2015,2015/16,2026-10-09T12:02:48+00:00,D
926,Steven Whittaker,8,660,1,0.4572330955415964,0,0.03520650044083595,8,2,1,1,D,Norwich,1,0.4572330955415964,1.4106154162436724,1.1429078727960587,EPL,2015,2015/16,2026-10-09T12:02:48+00:00,D
935,Kurt Zouma,23,1912,1,1.8363503962755203,1,0.5467770099639893,17,1,0,0,D S,Chelsea,1,1.8363503962755203,3.9420261066406965,3.86017700843513,EPL,2015,2015/16,2026-10-09T12:02:48+00:00,D
940,Nikica Jelavic,13,318,1,1.4878704007714987,2,1.0062958588823676,11,9,1,0,F S,West Ham,1,1.4878704007714987,2.7488833758980036,0.4290879964828491,EPL,2015,2015/16,2026-10-09T12:02:48+00:00,F
941,Fabricio Coloccini,26,2294,1,0.9142137980088592,0,0.30866459757089615,10,3,2,1,D,Newcastle United,1,0.9142137980088592,3.4135534837841988,3.2123251855373383,EPL,2015,2015/16,2026-10-09T12:02:48+00:00,D
955,Ritchie de Laet,12,655,1,0.1470789983868599,0,0.33159539848566055,2,6,1,0,D S,Leicester,1,0.1470789983868599,1.1408209782093763,0.7576774023473263,EPL,2015,2015/16,2026-10-09T12:02:48+00:00,D
966,Alex Oxlade-Chamberlain,22,911,1,1.5034727901220322,0,1.8971569072455168,23,19,0,0,M S,Arsenal,1,1.5034727901220322,6.139448795467615,3.601579638198018,EPL,2015,2015/16,2026-10-09T12:02:48+00:00,M
1016,Miguel Layún,3,134,1,0.19060620665550232,0,0.17683909833431244,4,2,0,0,M S,Watford,1,0.19060620665550232,0.42223670333623886,0.16853634547442198,EPL,2015,2015/16,2026-10-09T12:02:48+00:00,M
1029,Modibo Maiga,3,18,1,0.2375389989465475,0,0,2,0,0,0,S,West Ham,1,0.2375389989465475,0.2375389989465475,0,EPL,2015,2015/16,2026-10-09T12:02:48+00:00,S
191,Chicharito,1,22,0,0.38708800077438354,0,0.042340099811553955,1,1,0,0,S,Manchester United,0,0.38708800077438354,0.42942801117897034,0,EPL,2015,2015/16,2026-10-09T12:02:48+00:00,S
232,Jan Kirchhoff,15,1096,0,0.5767954010516405,0,0.4666622933000326,8,11,0,0,M S,Sunderland,0,0.5767954010516405,3.1055965535342693,2.683108936995268,EPL,2015,2015/16,2026-10-09T12:02:48+00:00,M
455,Artur Boruc,32,2880,0,0,0,0.09384150058031082,0,1,2,0,GK,Bournemouth,0,0,2.9451161976903677,2.9451161976903677,EPL,2015,2015/16,2026-10-09T12:02:48+00:00,GK
456,Simon Francis,38,3388,0,0.2090822048485279,4,2.3881555441766977,7,35,5,1,D,Bournemouth,0,0.2090822048485279,6.946317879483104,6.096748158335686,EPL,2015,2015/16,2026-10-09T12:02:48+00:00,D
460,Andrew Surman,38,3420,0,0.5702397022396326,3,1.399254309013486,16,43,4,0,M,Bournemouth,0,0.5702397022396326,8.661977034062147,7.8040744718164206,EPL,2015,2015/16,2026-10-09T12:02:48+00:00,M
469,Adam Federici,6,499,0,0,0,0,0,0,0,0,GK,Bournemouth,0,0,0.2323209010064602,0.2323209010064602,EPL,2015,2015/16,2026-10-09T12:02:48+00:00,GK
471,Shaun MacDonald,3,24,0,0,0,0,0,0,0,0,S,Bournemouth,0,0,0,0,EPL,2015,2015/16,2026-10-09T12:02:48+00:00,S
472,Eunan O&#039;Kane,16,739,0,0.5159941166639328,1,0.32606109976768494,6,7,2,0,M S,Bournemouth,0,0.5159941166639328,1.7338117398321629,1.0917980093508959,EPL,2015,2015/16,2026-10-09T12:02:48+00:00,M
473,Danny Ward,2,180,0,0,0,0,0,0,0,0,GK,Liverpool,0,0,0.031090269796550274,0.031090269796550274,EPL,2015,2015/16,2026-10-09T12:02:48+00:00,GK
474,Connor Randall,3,165,0,0.11920300126075745,0,0.05814329907298088,2,1,0,0,D S,Liverpool,0,0.11920300126075745,1.1354419738054276,1.01623997092247,EPL,2015,2015/16,2026-10-09T12:02:48+00:00,D
475,Lucas Leiva,27,1948,0,0.6402260018512607,1,1.5367639092728496,9,22,8,0,D M S,Liverpool,0,0.6402260018512607,7.419128969311714,6.147572515532374,EPL,2015,2015/16,2026-10-09T12:02:48+00:00,D
477,Brad Smith,4,281,0,0.05266290158033371,0,0.07536959648132324,1,2,1,1,D S,Liverpool,0,0.05266290158033371,0.42465650103986263,0.42465650103986263,EPL,2015,2015/16,2026-10-09T12:02:48+00:00,D
478,Sheyi Ojo,8,395,0,0.26918280590325594,3,1.5683929026126862,5,12,0,0,F M S,Liverpool,0,0.26918280590325594,1.8981924317777157,1.260773760266602,EPL,2015,2015/16,2026-10-09T12:02:48+00:00,F
479,Kevin Stewart,7,562,0,0.13218560069799423,0,0.10150380432605743,5,4,1,0,M S,Liverpool,0,0.13218560069799423,2.2099673375487328,2.0932400338351727,EPL,2015,2015/16,2026-10-09T12:02:48+00:00,M
487,Simon Mignolet,34,3060,0,0,0,0.006782960146665573,0,1,2,0,GK,Liverpool,0,0,5.2792473351582885,5.2792473351582885,EPL,2015,2015/16,2026-10-09T12:02:48+00:00,GK
490,Jon Flanagan,5,422,0,0,1,0.14494279772043228,0,2,1,0,D,Liverpool,0,0,1.5134307630360126,1.3684879643842578,EPL,2015,2015/16,2026-10-09T12:02:48+00:00,D
491,Petr Cech,34,3060,0,0,0,0.04670749977231026,0,1,0,0,GK,Arsenal,0,0,4.273002568632364,4.226295571774244,EPL,2015,2015/16,2026-10-09T12:02:48+00:00,GK
495,Nacho Monreal,37,3247,0,0.9100389927625656,3,2.9119435008615255,12,28,1,0,D S,Arsenal,0,0.9100389927625656,17.69103268161416,15.249321714043617,EPL,2015,2015/16,2026-10-09T12:02:48+00:00,D
496,Mohamed Elneny,11,799,0,1.3251584004610777,1,0.30165970139205456,13,3,3,0,M S,Arsenal,0,1.3251584004610777,6.723802291788161,5.921059274114668,EPL,2015,2015/16,2026-10-09T12:02:48+00:00,M
497,Francis Coquelin,26,1652,0,0.15509640332311392,0,0.34837569296360016,8,6,5,1,M S,Arsenal,0,0.15509640332311392,10.673911213874817,10.341711435467005,EPL,2015,2015/16,2026-10-09T12:02:48+00:00,M
505,David Ospina,4,360,0,0,0,0,0,0,0,0,GK,Arsenal,0,0,0.03578979894518852,0.03578979894518852,EPL,2015,2015/16,2026-10-09T12:02:48+00:00,GK
507,Per Mertesacker,24,2050,0,1.3489637859165668,0,0.3447166942059994,8,2,1,1,D,Arsenal,0,1.3489637859165668,6.381493804976344,6.381493804976344,EPL,2015,2015/16,2026-10-09T12:02:48+00:00,D
508,Calum Chambers,12,299,0,0.13632500171661377,0,0.20185689628124237,2,2,2,0,D M S,Arsenal,0,0.13632500171661377,1.2246594913303852,0.991853591054678,EPL,2015,2015/16,2026-10-09T12:02:48+00:00,D
509,Wayne Hennessey,29,2610,0,0,0,0,0,0,1,0,GK,Crystal Palace,0,0,0.6296927938237786,0.6296927938237786,EPL,2015,2015/16,2026-10-09T12:02:48+00:00,GK
513,Pape Souaré,34,3017,0,0.3214282998815179,1,2.517557479441166,11,27,6,1,D,Crystal Palace,0,0.3214282998815179,8.01280982233584,6.117436507716775,EPL,2015,2015/16,2026-10-09T12:02:48+00:00,D
515,Mile Jedinak,27,1511,0,0.9263467136770487,0,0.8903788039460778,13,8,6,0,M S,Crystal Palace,0,0.9263467136770487,4.383606683462858,3.8028412982821465,EPL,2015,2015/16,2026-10-09T12:02:48+00:00,M
523,Julian Speroni,2,180,0,0,0,0,0,0,0,0,GK,Crystal Palace,0,0,0.09953469783067703,0.09953469783067703,EPL,2015,2015/16,2026-10-09T12:02:48+00:00,GK
524,Adrian Mariappa,3,256,0,0,0,0,0,0,0,0,D,Crystal Palace,0,0,0.06190128065645695,0.06190128065645695,EPL,2015,2015/16,2026-10-09T12:02:48+00:00,D
525,Martin Kelly,13,1039,0,0.014624600298702717,0,0.13022729940712452,1,4,3,0,D S,Crystal Palace,0,0.014624600298702717,0.5918863043189049,0.5525651033967733,EPL,2015,2015/16,2026-10-09T12:02:48+00:00,D
527,Adrián,32,2880,0,0,0,0,0,0,1,1,GK,West Ham,0,0,2.9404459968209267,2.9404459968209267,EPL,2015,2015/16,2026-10-09T12:02:48+00:00,GK
528,Angelo Ogbonna,28,2326,0,0.30067519936710596,0,0.10148999840021133,6,2,5,0,D S,West Ham,0,0.30067519936710596,2.4743277207016945,2.3337185233831406,EPL,2015,2015/16,2026-10-09T12:02:48+00:00,D
530,James Tomkins,25,1979,0,0.39373885933309793,0,1.6080678896978498,9,12,4,0,D S,West Ham,0,0.39373885933309793,4.4722516890615225,2.7576589081436396,EPL,2015,2015/16,2026-10-09T12:02:48+00:00,D
538,Emmanuel Emenike,13,499,0,1.4561971388757229,0,0.3378948029130697,10,7,0,0,F S,West Ham,0,1.4561971388757229,1.9074251353740692,0.3461496029049158,EPL,2015,2015/16,2026-10-09T12:02:48+00:00,F
540,Darren Randolph,6,540,0,0.07647579908370972,0,0,1,0,0,0,GK,West Ham,0,0.07647579908370972,0.4852911904454231,0.4852911904454231,EPL,2015,2015/16,2026-10-09T12:02:48+00:00,GK
542,Pedro Obiang,24,1069,0,0.24136727023869753,1,0.7868882790207863,8,3,2,0,M S,West Ham,0,0.24136727023869753,1.8097580866888165,1.5900763869285583,EPL,2015,2015/16,2026-10-09T12:02:48+00:00,M
543,Reece Oxford,7,206,0,0.10371100157499313,0,0,1,0,0,0,D M S,West Ham,0,0.10371100157499313,0.022384099662303925,0.022384099662303925,EPL,2015,2015/16,2026-10-09T12:02:48+00:00,D
546,David de Gea,34,3060,0,0,0,0,0,0,0,0,GK,Manchester United,0,0,2.8570724595338106,2.8570724595338106,EPL,2015,2015/16,2026-10-09T12:02:48+00:00,GK
547,Guillermo Varela,4,312,0,0.012051600031554699,0,0.022980399429798126,1,1,1,0,D S,Manchester United,0,0.012051600031554699,1.4535866305232048,1.4535866305232048,EPL,2015,2015/16,2026-10-09T12:02:48+00:00,D
549,Timothy Fosu-Mensah,8,247,0,0.04458349943161011,1,0.5879679918289185,2,1,1,0,D S,Manchester United,0,0.04458349943161011,0.6066955961287022,0.5621117949485779,EPL,2015,2015/16,2026-10-09T12:02:48+00:00,D
550,Marcos Rojo,16,1264,0,0.29596889950335026,1,0.804326593875885,8,10,3,0,D S,Manchester United,0,0.29596889950335026,1.8204301074147224,1.1858392897993326,EPL,2015,2015/16,2026-10-09T12:02:48+00:00,D
559,Paddy McNair,8,308,0,0.14904199540615082,0,0.14083600044250488,3,1,0,0,D S,Manchester United,0,0.14904199540615082,0.5057020038366318,0.36486560106277466,EPL,2015,2015/16,2026-10-09T12:02:48+00:00,D
560,Sergio Romero,4,360,0,0,0,0,0,0,0,0,GK,Manchester United,0,0,0.6442757081240416,0.6442757081240416,EPL,2015,2015/16,2026-10-09T12:02:48+00:00,GK
562,James Weir,1,1,0,0,0,0,0,0,0,0,S,Manchester United,0,0,0,0,EPL,2015,2015/16,2026-10-09T12:02:48+00:00,S
564,Heurelho Gomes,38,3398,0,0,0,0,0,0,4,0,GK,Watford,0,0,1.2916556289419532,1.2916556289419532,EPL,2015,2015/16,2026-10-09T12:02:48+00:00,GK
565,Nyom,32,2483,0,0.32071439549326897,1,0.5813760934397578,7,7,8,0,D S,Watford,0,0.32071439549326897,3.0983706079423428,2.7607759926468134,EPL,2015,2015/16,2026-10-09T12:02:48+00:00,D
567,Miguel Britos,24,2079,0,0.3842486049979925,0,0,6,0,7,0,D,Watford,0,0.3842486049979925,1.1019566962495446,1.1019566962495446,EPL,2015,2015/16,2026-10-09T12:02:48+00:00,D
568,José Holebas,11,948,0,0.5325350929051638,0,0.09013739787042141,13,6,2,0,D,Watford,0,0.5325350929051638,0.8886936912313104,0.6776373898610473,EPL,2015,2015/16,2026-10-09T12:02:48+00:00,D
570,Valon Behrami,21,1284,0,0.011732400394976139,1,0.517133648507297,1,5,3,1,M S,Watford,0,0.011732400394976139,2.334696613252163,1.8175630057230592,EPL,2015,2015/16,2026-10-09T12:02:48+00:00,M
572,Etienne Capoue,33,2834,0,3.072994276881218,1,1.4461284149438143,35,24,7,0,M,Watford,0,3.072994276881218,8.910059592686594,5.593119697645307,EPL,2015,2015/16,2026-10-09T12:02:48+00:00,M
575,Nordin Amrabat,12,494,0,0.7446609828621149,0,0.5844015013426542,7,5,2,1,F M S,Watford,0,0.7446609828621149,2.060082023963332,0.9152984842658043,EPL,2015,2015/16,2026-10-09T12:02:48+00:00,F
576,Mario Suárez,15,736,0,0.2208740022033453,0,0.3330914042890072,8,7,2,0,M S,Watford,0,0.2208740022033453,1.9377544112503529,1.4637698102742434,EPL,2015,2015/16,2026-10-09T12:02:48+00:00,M
577,Ikechi Anya,28,1675,0,0.6807065000757575,1,1.284966191276908,10,19,0,0,D M S,Watford,0,0.6807065000757575,6.081409208476543,4.346893489360809,EPL,2015,2015/16,2026-10-09T12:02:48+00:00,D
578,Juan Carlos Paredes,17,758,0,0.11860160063952208,0,0.5345230102539062,5,4,1,0,D M S,Watford,0,0.11860160063952208,1.7468700082972646,1.3975473856553435,EPL,2015,2015/16,2026-10-09T12:02:48+00:00,D
580,Costel Pantilimon,17,1530,0,0,0,0.023622600361704826,0,1,3,0,GK,Sunderland,0,0,1.5629971027374268,1.5393741056323051,EPL,2015,2015/16,2026-10-09T12:02:48+00:00,GK
582,Jurado,27,2057,0,1.3688285937532783,0,3.5557379331439734,36,41,3,0,F M,Watford,0,1.3688285937532783,7.71329634077847,4.987436052411795,EPL,2015,2015/16,2026-10-09T12:02:48+00:00,F
583,Adlène Guédioura,18,407,0,0.3290424859151244,2,0.7133982982486486,13,10,2,0,M S,Watford,0,0.3290424859151244,1.928793104365468,1.5925066713243723,EPL,2015,2015/16,2026-10-09T12:02:48+00:00,M
584,Joel Robles,13,1170,0,0,0,0,0,0,1,0,GK,Everton,0,0,1.238632912747562,1.238632912747562,EPL,2015,2015/16,2026-10-09T12:02:48+00:00,GK
586,John Stones,33,2781,0,0.42010380141437054,0,2.0363227166235447,8,6,3,0,D S,Everton,0,0.42010380141437054,7.334844416938722,6.957310444675386,EPL,2015,2015/16,2026-10-09T12:02:48+00:00,D
587,Phil Jagielka,21,1854,0,0.812141184695065,0,0.13591419905424118,9,2,0,0,D,Everton,0,0.812141184695065,4.056629993021488,3.9561102613806725,EPL,2015,2015/16,2026-10-09T12:02:48+00:00,D
590,Gareth Barry,33,2840,0,1.2188139986246824,1,2.900790685787797,15,34,5,1,M S,Everton,0,1.2188139986246824,14.019369807094336,11.21757548302412,EPL,2015,2015/16,2026-10-09T12:02:48+00:00,M
598,Bryan Oviedo,14,1001,0,0.4693509079515934,1,1.525049313902855,5,13,0,0,D M S,Everton,0,0.4693509079515934,4.925051087513566,3.127897271886468,EPL,2015,2015/16,2026-10-09T12:02:48+00:00,D
599,Oumar Niasse,5,139,0,0.13481169939041138,0,0.45863500237464905,2,3,0,0,F S,Everton,0,0.13481169939041138,0.33827800303697586,0.15317000448703766,EPL,2015,2015/16,2026-10-09T12:02:48+00:00,F
600,Tim Howard,25,2250,0,0,0,0.07264749705791473,0,1,1,0,GK,Everton,0,0,2.613373698666692,2.613373698666692,EPL,2015,2015/16,2026-10-09T12:02:48+00:00,GK
602,Dejan Lovren,24,1901,0,1.1265994105488062,0,0.28306090272963047,22,8,2,0,D S,Liverpool,0,1.1265994105488062,3.093039101921022,2.94524082634598,EPL,2015,2015/16,2026-10-09T12:02:48+00:00,D
609,Joe Hart,35,3112,0,0,0,0.6797931017354131,0,2,0,0,GK,Manchester City,0,0,5.089670866727829,4.409875899553299,EPL,2015,2015/16,2026-10-09T12:02:48+00:00,GK
610,Pablo Zabaleta,13,1061,0,0.17769970186054707,1,0.633639819920063,3,2,3,0,D S,Manchester City,0,0.17769970186054707,5.072045736946166,4.851451889611781,EPL,2015,2015/16,2026-10-09T12:02:48+00:00,D
613,Gaël Clichy,14,1090,0,0.03815829940140247,1,1.0334121156483889,2,12,0,0,D S,Manchester City,0,0.03815829940140247,4.198116481304169,3.6662389133125544,EPL,2015,2015/16,2026-10-09T12:02:48+00:00,D
616,Jesús Navas,34,2283,0,2.952996770851314,7,5.385789071209729,31,54,1,0,M S,Manchester City,0,2.952996770851314,14.596691430546343,8.656342074275017,EPL,2015,2015/16,2026-10-09T12:02:48+00:00,M
623,Martín Demichelis,20,999,0,0.29870820976793766,0,0.38325950130820274,5,4,3,0,D S,Manchester City,0,0.29870820976793766,3.0463088527321815,2.663048978894949,EPL,2015,2015/16,2026-10-09T12:02:48+00:00,D
624,Willy Caballero,4,308,0,0,0,0,0,0,0,0,GK S,Manchester City,0,0,0.34738520439714193,0.34738520439714193,EPL,2015,2015/16,2026-10-09T12:02:48+00:00,GK
625,Bacary Sagna,28,2449,0,0.1598246991634369,3,2.814246805384755,5,27,4,0,D S,Manchester City,0,0.1598246991634369,9.474531022831798,8.551232373341918,EPL,2015,2015/16,2026-10-09T12:02:48+00:00,D
626,Eliaquim Mangala,23,2017,0,1.6006391737610102,0,0,7,0,8,0,D,Manchester City,0,1.6006391737610102,5.0766726695001125,5.0766726695001125,EPL,2015,2015/16,2026-10-09T12:02:48+00:00,D
627,Antonio Valencia,14,847,0,0.19302630238234997,3,0.5558440117165446,6,7,1,0,D S,Manchester United,0,0.19302630238234997,3.7483999710530043,3.1237368676811457,EPL,2015,2015/16,2026-10-09T12:02:48+00:00,D
628,Chris Smalling,35,3150,0,1.587316076271236,1,0.6364649888128042,18,6,8,0,D,Manchester United,0,1.587316076271236,5.663531249389052,5.317793456837535,EPL,2015,2015/16,2026-10-09T12:02:48+00:00,D
632,Jordon Mutch,20,784,0,0.9309703093022108,0,0.4809456095099449,17,7,0,0,F M S,Crystal Palace,0,0.9309703093022108,2.766180396080017,1.9822706580162048,EPL,2015,2015/16,2026-10-09T12:02:48+00:00,F
634,Fraizer Campbell,11,354,0,0.75689297914505,0,0.08030790090560913,4,1,1,0,F S,Crystal Palace,0,0.75689297914505,0.9301700070500374,0.24219300597906113,EPL,2015,2015/16,2026-10-09T12:02:48+00:00,F
635,Alex McCarthy,7,630,0,0,0,0,0,0,0,0,GK,Crystal Palace,0,0,0,0,EPL,2015,2015/16,2026-10-09T12:02:48+00:00,GK
637,Hugo Lloris,37,3330,0,0,0,0.023719999939203262,0,1,0,0,GK,Tottenham,0,0,4.43877761438489,4.415057618170977,EPL,2015,2015/16,2026-10-09T12:02:48+00:00,GK
640,Jan Vertonghen,29,2596,0,0.5788122043013573,0,0.3509038984775543,11,6,5,0,D,Tottenham,0,0.5788122043013573,7.5232261680066586,7.1232375502586365,EPL,2015,2015/16,2026-10-09T12:02:48+00:00,D
650,Kevin Wimmer,10,814,0,0.060923900455236435,0,0.07089540176093578,1,2,2,0,D S,Tottenham,0,0.060923900455236435,3.567350186407566,3.521816201508045,EPL,2015,2015/16,2026-10-09T12:02:48+00:00,D
651,Michel Vorm,1,90,0,0,0,0,0,0,0,0,GK,Tottenham,0,0,0,0,EPL,2015,2015/16,2026-10-09T12:02:48+00:00,GK
654,Michael Carrick,28,1982,0,0.21961840149015188,0,0.2824397115036845,7,10,4,0,D M S,Manchester United,0,0.21961840149015188,6.992396865040064,6.687694184482098,EPL,2015,2015/16,2026-10-09T12:02:48+00:00,D
655,James Collins,19,1437,0,0.8689481904730201,0,0.1897890940308571,13,2,3,1,D S,West Ham,0,0.8689481904730201,2.1810180377215147,2.0857710596174,EPL,2015,2015/16,2026-10-09T12:02:48+00:00,D
657,Alexandre Song,12,658,0,0.1801397018134594,0,0.2122628018260002,6,8,1,0,M S,West Ham,0,0.1801397018134594,1.8867263868451118,1.602582685649395,EPL,2015,2015/16,2026-10-09T12:02:48+00:00,M
660,Ben Davies,17,1281,0,0.4415080929175019,2,1.4291233206167817,9,15,3,0,D S,Tottenham,0,0.4415080929175019,5.710318570956588,4.637951482087374,EPL,2015,2015/16,2026-10-09T12:02:48+00:00,D
661,Josh Onomah,8,69,0,0.17886470071971416,0,0.03543829917907715,3,1,0,0,S,Tottenham,0,0.17886470071971416,0.6771609913557768,0.4982962068170309,EPL,2015,2015/16,2026-10-09T12:02:48+00:00,S
662,Brad Guzan,28,2520,0,0,0,0.04463290050625801,0,1,2,0,GK,Aston Villa,0,0,1.3892122227698565,1.3445793222635984,EPL,2015,2015/16,2026-10-09T12:02:48+00:00,GK
663,Alan Hutton,28,2331,0,0.5536272544413805,1,2.2841296792030334,9,21,6,1,D S,Aston Villa,0,0.5536272544413805,4.593399854376912,3.6531285122036934,EPL,2015,2015/16,2026-10-09T12:02:48+00:00,D
666,Aly Cissokho,18,1605,0,0.10726839862763882,0,0.49526070058345795,4,9,3,1,D,Aston Villa,0,0.10726839862763882,2.459506519138813,2.1241850033402443,EPL,2015,2015/16,2026-10-09T12:02:48+00:00,D
667,Carlos Sánchez,20,1373,0,0.36579716950654984,0,0.377815212123096,13,4,3,0,M S,Aston Villa,0,0.36579716950654984,2.6664146250113845,2.467636733315885,EPL,2015,2015/16,2026-10-09T12:02:48+00:00,M
668,Idrissa Gueye,35,3085,0,0.8781897984445095,1,0.9875790039077401,30,28,10,0,M,Aston Villa,0,0.8781897984445095,6.672482008114457,5.5509057100862265,EPL,2015,2015/16,2026-10-09T12:02:48+00:00,M
673,Jordan Lyden,4,149,0,0.0626055970788002,0,0.02845030091702938,1,1,0,0,D M S,Aston Villa,0,0.0626055970788002,0.16466929763555527,0.07361339777708054,EPL,2015,2015/16,2026-10-09T12:02:48+00:00,D
676,Jores Okore,12,1080,0,0,0,0.12150000035762787,0,1,1,0,D,Aston Villa,0,0,1.2886639153584838,1.167163915000856,EPL,2015,2015/16,2026-10-09T12:02:48+00:00,D
677,Jordan Veretout,25,1831,0,0.5650775404646993,5,2.729467500001192,19,39,4,0,M S,Aston Villa,0,0.5650775404646993,4.899514092132449,3.7970037991181016,EPL,2015,2015/16,2026-10-09T12:02:48+00:00,M
678,Mark Bunn,10,900,0,0,0,0,0,0,2,0,GK,Aston Villa,0,0,0.15549569763243198,0.15549569763243198,EPL,2015,2015/16,2026-10-09T12:02:48+00:00,GK
680,Thibaut Courtois,23,2023,0,0,0,0,0,0,1,2,GK,Chelsea,0,0,3.1832834305241704,3.1832834305241704,EPL,2015,2015/16,2026-10-09T12:02:48+00:00,GK
683,Matt Miazga,2,138,0,0,0,0,0,0,1,0,D,Chelsea,0,0,0.25946998596191406,0.25946998596191406,EPL,2015,2015/16,2026-10-09T12:02:48+00:00,D
684,Abdul Rahman Baba,15,1018,0,0.3791146036237478,1,0.17924139648675919,6,3,1,0,D S,Chelsea,0,0.3791146036237478,3.869668923318386,3.490554090589285,EPL,2015,2015/16,2026-10-09T12:02:48+00:00,D
685,John Obi Mikel,25,1782,0,0.2847858062013984,1,0.10947940032929182,7,5,6,0,D M S,Chelsea,0,0.2847858062013984,6.5541975777596235,6.3566024992614985,EPL,2015,2015/16,2026-10-09T12:02:48+00:00,D
693,Jake Clarke-Salter,1,13,0,0,0,0,0,0,0,0,S,Chelsea,0,0,0.14084500074386597,0.14084500074386597,EPL,2015,2015/16,2026-10-09T12:02:48+00:00,S
694,Asmir Begovic,17,1393,0,0,0,0,0,0,0,0,GK S,Chelsea,0,0,1.3994961008429527,1.3994961008429527,EPL,2015,2015/16,2026-10-09T12:02:48+00:00,GK
698,Adam Bogdan,2,180,0,0,0,0,0,0,0,0,GK,Liverpool,0,0,0.1202159970998764,0.1202159970998764,EPL,2015,2015/16,2026-10-09T12:02:48+00:00,GK
702,Tammy Abraham,2,51,0,0.16510799527168274,0,0,2,0,0,0,S,Chelsea,0,0.16510799527168274,0.16510799527168274,0,EPL,2015,2015/16,2026-10-09T12:02:48+00:00,S
703,Fikayo Tomori,1,29,0,0,0,0,0,0,0,0,S,Chelsea,0,0,0,0,EPL,2015,2015/16,2026-10-09T12:02:48+00:00,S
706,Lukasz Fabianski,37,3330,0,0.01867770031094551,1,0.10678969882428646,1,2,1,0,GK,Swansea,0,0.01867770031094551,3.3960371436551213,3.289247444830835,EPL,2015,2015/16,2026-10-09T12:02:48+00:00,GK
707,Angel Rangel,23,1824,0,0.850328590720892,0,0.6480673085898161,14,12,6,0,D S,Swansea,0,0.850328590720892,4.8985338900238276,4.435109935700893,EPL,2015,2015/16,2026-10-09T12:02:48+00:00,D
710,Neil Taylor,34,2951,0,0.2196004493162036,1,1.0369009878486395,9,16,4,0,D S,Swansea,0,0.2196004493162036,5.103223686106503,4.760404804721475,EPL,2015,2015/16,2026-10-09T12:02:48+00:00,D
711,Leroy Fer,11,758,0,0.24855540320277214,2,0.46330579929053783,5,8,2,0,M S,Swansea,0,0.24855540320277214,1.7984610479325056,1.4547816831618547,EPL,2015,2015/16,2026-10-09T12:02:48+00:00,M
715,Jefferson Montero,23,1355,0,1.6726705897599459,2,2.9399962686002254,20,26,0,0,F M S,Swansea,0,1.6726705897599459,5.77126500941813,1.8180908747017384,EPL,2015,2015/16,2026-10-09T12:02:48+00:00,F
718,Kyle Naughton,27,1750,0,0.2736861938610673,3,2.022213464602828,8,20,2,1,D S,Swansea,0,0.2736861938610673,6.259629434905946,4.39659991953522,EPL,2015,2015/16,2026-10-09T12:02:48+00:00,D
721,Jordi Amat,8,451,0,0.6412090063095093,0,0.07362979650497437,1,1,0,0,D S,Swansea,0,0.6412090063095093,0.22461909241974354,0.22461909241974354,EPL,2015,2015/16,2026-10-09T12:02:48+00:00,D
722,Kristoffer Nordfeldt,1,90,0,0,0,0,0,0,0,0,GK,Swansea,0,0,0,0,EPL,2015,2015/16,2026-10-09T12:02:48+00:00,GK
726,Vito Mannone,19,1710,0,0,0,0,0,0,2,0,GK,Sunderland,0,0,0.20777370408177376,0.20777370408177376,EPL,2015,2015/16,2026-10-09T12:02:48+00:00,GK
727,DeAndre Yedlin,23,1810,0,0.20718932896852493,1,1.1340486258268356,4,12,2,0,D M S,Sunderland,0,0.20718932896852493,2.8879296984523535,1.674485383555293,EPL,2015,2015/16,2026-10-09T12:02:48+00:00,D
729,John O&#039;Shea,28,2000,0,0.2818367015570402,0,0.5797989964485168,7,1,2,0,D S,Sunderland,0,0.2818367015570402,1.7332274913787842,1.6920524910092354,EPL,2015,2015/16,2026-10-09T12:02:48+00:00,D
736,Younes Kaboul,23,2014,0,0.777892111800611,1,0.8246368728578091,12,6,3,1,D S,Sunderland,0,0.777892111800611,2.9098432417958975,2.7035042252391577,EPL,2015,2015/16,2026-10-09T12:02:48+00:00,D
738,Lee Cattermole,31,2230,0,0.4802329000085592,0,1.7009663991630077,11,23,8,0,M S,Sunderland,0,0.4802329000085592,3.794590956531465,2.3901334600523114,EPL,2015,2015/16,2026-10-09T12:02:48+00:00,M
739,Ola Toivonen,12,668,0,0.816760390996933,2,1.0173840755596757,7,8,1,0,M S,Sunderland,0,0.816760390996933,1.339702290482819,1.0599742783233523,EPL,2015,2015/16,2026-10-09T12:02:48+00:00,M
740,Sebastian Larsson,18,531,0,0.34777030069381,1,0.7345791906118393,7,7,2,0,M S,Sunderland,0,0.34777030069381,1.7659752909094095,1.0161084337159991,EPL,2015,2015/16,2026-10-09T12:02:48+00:00,M
741,Jordan Pickford,2,180,0,0,0,0,0,0,0,0,GK,Sunderland,0,0,0,0,EPL,2015,2015/16,2026-10-09T12:02:48+00:00,GK
744,Steven Berghuis,9,210,0,0.8419065782800317,2,0.8893931917846203,8,8,2,0,S,Watford,0,0.8419065782800317,1.6339530041441321,0.773895712569356,EPL,2015,2015/16,2026-10-09T12:02:48+00:00,S
745,Kasper Schmeichel,38,3420,0,0,0,0.3699235003441572,0,5,2,0,GK,Leicester,0,0,3.289773276075721,2.919850179925561,EPL,2015,2015/16,2026-10-09T12:02:48+00:00,GK
746,Danny Simpson,30,2620,0,0.7629526928067207,0,0.34914609231054783,7,6,3,1,D,Leicester,0,0.7629526928067207,4.6956237107515335,3.740172613412142,EPL,2015,2015/16,2026-10-09T12:02:48+00:00,D
749,Christian Fuchs,32,2706,0,0.8510159999132156,4,4.107187246903777,19,45,4,0,D S,Leicester,0,0.8510159999132156,6.1988860461860895,4.834318170323968,EPL,2015,2015/16,2026-10-09T12:02:48+00:00,D
759,Daniel Amartey,5,98,0,0.3933579921722412,0,0.058609601110219955,1,1,0,0,D S,Leicester,0,0.3933579921722412,1.3948473036289215,1.001487284898758,EPL,2015,2015/16,2026-10-09T12:02:48+00:00,D
760,Marcin Wasilewski,4,300,0,0.02863599918782711,0,0,1,0,2,0,D S,Leicester,0,0.02863599918782711,0.12664209678769112,0.12664209678769112,EPL,2015,2015/16,2026-10-09T12:02:48+00:00,D
761,Gökhan Inler,5,195,0,0.03594139963388443,0,0.029947200790047646,2,1,0,0,M S,Leicester,0,0.03594139963388443,0.44601298682391644,0.38012469187378883,EPL,2015,2015/16,2026-10-09T12:02:48+00:00,M
762,Demarai Gray,12,163,0,0.5406618043780327,1,1.242211502045393,5,6,0,0,M S,Leicester,0,0.5406618043780327,2.4951926581561565,0.8116410858929157,EPL,2015,2015/16,2026-10-09T12:02:48+00:00,M
763,Robert Elliot,21,1890,0,0,0,0.02298929914832115,0,1,1,0,GK,Newcastle United,0,0,1.7296239947900176,1.70663498993963,EPL,2015,2015/16,2026-10-09T12:02:48+00:00,GK
765,Steven Taylor,10,810,0,0.08394379913806915,0,0.11183899641036987,1,2,1,0,D S,Newcastle United,0,0.08394379913806915,1.7559301909059286,1.560147201642394,EPL,2015,2015/16,2026-10-09T12:02:48+00:00,D
774,Siem de Jong,18,434,0,0.9610869996249676,1,0.0683836005628109,8,2,0,0,M S,Newcastle United,0,0.9610869996249676,1.2229401171207428,0.26185260340571404,EPL,2015,2015/16,2026-10-09T12:02:48+00:00,M
776,Seydou Doumbia,3,25,0,0.06874100118875504,0,0,1,0,0,0,S,Newcastle United,0,0.06874100118875504,0.1341239959001541,0.06538280099630356,EPL,2015,2015/16,2026-10-09T12:02:48+00:00,S
777,Emmanuel Rivière,3,64,0,0.2406504973769188,0,0.08394379913806915,3,1,0,0,F S,Newcastle United,0,0.2406504973769188,0.4482399895787239,0.12364590167999268,EPL,2015,2015/16,2026-10-09T12:02:48+00:00,F
778,Henri Saivet,4,150,0,0,0,0.015325600281357765,0,1,0,0,M S,Newcastle United,0,0,0.23047260381281376,0.23047260381281376,EPL,2015,2015/16,2026-10-09T12:02:48+00:00,M
779,Jamie Sterry,1,4,0,0,0,0,0,0,0,0,S,Newcastle United,0,0,0,0,EPL,2015,2015/16,2026-10-09T12:02:48+00:00,S
780,Karl Darlow,9,810,0,0,0,0,0,0,0,0,GK,Newcastle United,0,0,0.15052959695458412,0.15052959695458412,EPL,2015,2015/16,2026-10-09T12:02:48+00:00,GK
785,John Ruddy,27,2430,0,0,0,0,0,0,0,0,GK,Norwich,0,0,0.9111145082861185,0.9111145082861185,EPL,2015,2015/16,2026-10-09T12:02:48+00:00,GK
786,Ivo Pinto,10,811,0,0,0,0.12131320312619209,0,2,0,0,D S,Norwich,0,0,1.3475633338093758,1.302699238061905,EPL,2015,2015/16,2026-10-09T12:02:48+00:00,D
787,Ryan Bennett,22,1842,0,0.57474460080266,0,0.27777039259672165,8,4,7,0,D S,Norwich,0,0.57474460080266,1.7487185904756188,1.589243390597403,EPL,2015,2015/16,2026-10-09T12:02:48+00:00,D
796,Gary O&#039;Neil,27,1738,0,0.8533069975674152,0,0.5954609988257289,11,9,7,1,M S,Norwich,0,0.8533069975674152,4.298285402357578,3.374219039455056,EPL,2015,2015/16,2026-10-09T12:02:48+00:00,M
797,Youssouf Mulumbu,7,374,0,0.14500059932470322,0,0.015224199742078781,3,1,1,0,M S,Norwich,0,0.14500059932470322,0.38622619584202766,0.24410509504377842,EPL,2015,2015/16,2026-10-09T12:02:48+00:00,M
799,Declan Rudd,11,990,0,0,0,0,0,0,2,0,GK,Norwich,0,0,0.28753459826111794,0.28753459826111794,EPL,2015,2015/16,2026-10-09T12:02:48+00:00,GK
801,Graham Dorrans,21,1289,0,0.5596574051305652,1,1.159778194501996,16,15,2,0,M S,Norwich,0,0.5596574051305652,3.570578595623374,2.449030422605574,EPL,2015,2015/16,2026-10-09T12:02:48+00:00,M
803,Ben Foster,15,1350,0,0,0,0,0,0,1,0,GK,West Bromwich Albion,0,0,0.20529609732329845,0.20529609732329845,EPL,2015,2015/16,2026-10-09T12:02:48+00:00,GK
808,Claudio Yacob,34,2862,0,0.17488109972327948,1,0.521934631280601,9,8,8,0,M S,West Bromwich Albion,0,0.17488109972327948,2.266810725443065,1.7137513048946857,EPL,2015,2015/16,2026-10-09T12:02:48+00:00,M
815,Alex Pritchard,3,59,0,0.07596279680728912,0,0,2,0,0,0,S,"Tottenham,West Bromwich Albion",0,0.07596279680728912,0.06576680019497871,0.04007750004529953,EPL,2015,2015/16,2026-10-09T12:02:48+00:00,S
817,Sandro,12,382,0,0.04840079974383116,0,0.11875800043344498,3,1,0,0,M S,West Bromwich Albion,0,0.04840079974383116,0.19589929934591055,0.04429269954562187,EPL,2015,2015/16,2026-10-09T12:02:48+00:00,M
818,Victor Anichebe,10,355,0,1.1712062265723944,0,0.31019119545817375,13,5,0,0,F S,West Bromwich Albion,0,1.1712062265723944,1.362776305526495,0.3371986970305443,EPL,2015,2015/16,2026-10-09T12:02:48+00:00,F
819,James Chester,13,965,0,0,0,0.2575351018458605,0,4,5,0,D S,West Bromwich Albion,0,0,1.168112987652421,1.0365838836878538,EPL,2015,2015/16,2026-10-09T12:02:48+00:00,D
820,Boaz Myhill,23,2070,0,0,0,0,0,0,2,0,GK,West Bromwich Albion,0,0,1.0126017173752189,1.0126017173752189,EPL,2015,2015/16,2026-10-09T12:02:48+00:00,GK
822,Patrick Bamford,13,340,0,0.9378967843949795,0,0.2633689008653164,10,4,0,0,F S,"Crystal Palace,Norwich",0,0.9378967843949795,1.5813653208315372,0.7404285110533237,EPL,2015,2015/16,2026-10-09T12:02:48+00:00,F
823,Vadis Odjidja-Ofoe,10,268,0,0.0819438025355339,2,0.3517073020339012,3,8,2,0,M S,Norwich,0,0.0819438025355339,0.6430150009691715,0.3387905955314636,EPL,2015,2015/16,2026-10-09T12:02:48+00:00,M
827,Juan Iturbe,2,51,0,0.028056200593709946,0,0.012720299884676933,1,1,0,0,S,Bournemouth,0,0.028056200593709946,0.04077649861574173,0,EPL,2015,2015/16,2026-10-09T12:02:48+00:00,S
828,Sylvain Distin,12,841,0,0.06427290011197329,0,0.007175330072641373,2,1,0,0,D S,Bournemouth,0,0.06427290011197329,0.3273781668394804,0.32020286843180656,EPL,2015,2015/16,2026-10-09T12:02:48+00:00,D
829,Marvin Emnes,2,66,0,0.024468600749969482,0,0,1,0,0,0,F S,Swansea,0,0.024468600749969482,0.024468600749969482,0,EPL,2015,2015/16,2026-10-09T12:02:48+00:00,F
830,Leon Britton,25,1532,0,0.10181319899857044,0,0.0973522998392582,5,4,4,0,M S,Swansea,0,0.10181319899857044,2.0542130824178457,1.9618243854492903,EPL,2015,2015/16,2026-10-09T12:02:48+00:00,M
831,Fraser Forster,18,1620,0,0,0,0,0,0,0,0,GK,Southampton,0,0,0.5442584920674562,0.5442584920674562,EPL,2015,2015/16,2026-10-09T12:02:48+00:00,GK
837,Jordy Clasie,22,1574,0,0.48788417503237724,0,0.7646423000842333,14,14,5,0,M S,Southampton,0,0.48788417503237724,3.80957149900496,2.8351563019677997,EPL,2015,2015/16,2026-10-09T12:02:48+00:00,M
844,Jay Rodriguez,12,328,0,1.6927368082106113,0,0.09738940093666315,17,3,1,0,M S,Southampton,0,1.6927368082106113,2.270274292677641,0.5728924982249737,EPL,2015,2015/16,2026-10-09T12:02:48+00:00,M
846,Maarten Stekelenburg,17,1530,0,0,0,0.03636619821190834,0,1,0,0,GK,Southampton,0,0,2.4953489415347576,2.4589827433228493,EPL,2015,2015/16,2026-10-09T12:02:48+00:00,GK
847,Cédric Soares,24,1986,0,0.3194497190415859,2,3.427258152514696,10,26,3,0,D M S,Southampton,0,0.3194497190415859,7.581511978060007,4.793229748494923,EPL,2015,2015/16,2026-10-09T12:02:48+00:00,D
849,Chancel Mbemba,33,2923,0,0.7767010671086609,0,0.2683054096996784,12,4,5,0,D,Newcastle United,0,0.7767010671086609,4.485577578656375,4.202229606918991,EPL,2015,2015/16,2026-10-09T12:02:48+00:00,D
851,Gabriel Obertan,5,279,0,0.07401980087161064,1,0.19208629429340363,3,3,1,0,M S,Newcastle United,0,0.07401980087161064,0.25753870606422424,0.014132900163531303,EPL,2015,2015/16,2026-10-09T12:02:48+00:00,M
854,Cheick Tioté,20,1244,0,0.019212599843740463,0,0.7427316242828965,1,8,5,0,M S,Newcastle United,0,0.019212599843740463,2.947970049455762,2.685065032914281,EPL,2015,2015/16,2026-10-09T12:02:48+00:00,M
855,Cristian Gamboa,1,24,0,0.02293349988758564,0,0,1,0,1,0,S,West Bromwich Albion,0,0.02293349988758564,0.10200399905443192,0.07907070219516754,EPL,2015,2015/16,2026-10-09T12:02:48+00:00,S
856,Jack Butland,31,2790,0,0,0,0.02827339991927147,0,1,0,0,GK,Stoke,0,0,2.1044688941910863,2.076195095665753,EPL,2015,2015/16,2026-10-09T12:02:48+00:00,GK
857,Phil Bardsley,11,813,0,0.1287099989131093,1,0.6606273846700788,7,4,1,0,D S,Stoke,0,0.1287099989131093,2.7825201405212283,2.59415116161108,EPL,2015,2015/16,2026-10-09T12:02:48+00:00,D
858,Philipp Wollscheid,31,2681,0,0.07563971914350986,0,0.32434310019016266,2,5,2,0,D S,Stoke,0,0.07563971914350986,5.346388193778694,5.275284799747169,EPL,2015,2015/16,2026-10-09T12:02:48+00:00,D
859,Geoff Cameron,30,2361,0,0.6193308066576719,0,0.689332882873714,15,9,0,1,D M S,Stoke,0,0.6193308066576719,6.651814606040716,6.3409831412136555,EPL,2015,2015/16,2026-10-09T12:02:48+00:00,D
860,Marc Muniesa,15,1113,0,0.09074109978973866,0,0.22249829955399036,3,5,2,0,D S,Stoke,0,0.09074109978973866,2.0617299899458885,1.9002073928713799,EPL,2015,2015/16,2026-10-09T12:02:48+00:00,D
862,Glenn Whelan,37,3189,0,0.221585800871253,1,0.9305674061179161,11,25,6,0,M,Stoke,0,0.221585800871253,10.518245441839099,9.994908982887864,EPL,2015,2015/16,2026-10-09T12:02:48+00:00,M
867,Stephen Ireland,13,206,0,0.5473723858594894,1,1.6458038538694382,3,8,2,0,S,Stoke,0,0.5473723858594894,2.24130823276937,0.913508627563715,EPL,2015,2015/16,2026-10-09T12:02:48+00:00,S
869,Dionatan Teixeira,1,42,0,0,0,0,0,0,0,0,S,Stoke,0,0,0,0,EPL,2015,2015/16,2026-10-09T12:02:48+00:00,S
870,Jakob Haugaard,5,402,0,0,0,0,0,0,0,0,GK S,Stoke,0,0,1.141381986439228,1.141381986439228,EPL,2015,2015/16,2026-10-09T12:02:48+00:00,GK
872,Peter Crouch,11,446,0,0.3046404980123043,1,0.3946677977219224,7,4,0,0,F S,Stoke,0,0.3046404980123043,1.2113898899406195,0.6094104927033186,EPL,2015,2015/16,2026-10-09T12:02:48+00:00,F
874,Andre Green,2,54,0,0.015768099576234818,0,0.1859554946422577,1,2,0,0,S,Aston Villa,0,0.015768099576234818,0.1150130033493042,0,EPL,2015,2015/16,2026-10-09T12:02:48+00:00,S
879,Jonathan Leko,5,272,0,0,1,0.564852885901928,0,2,0,0,M S,West Bromwich Albion,0,0,0.8997139781713486,0.33486099541187286,EPL,2015,2015/16,2026-10-09T12:02:48+00:00,M
880,Callum McManaman,12,267,0,0.44442828744649887,1,0.24533430114388466,8,8,2,0,M S,West Bromwich Albion,0,0.44442828744649887,0.6491794921457767,0.20713379979133606,EPL,2015,2015/16,2026-10-09T12:02:48+00:00,M
884,Matt Targett,14,1077,0,0.12481280229985714,1,0.36328650638461113,3,6,1,0,D M S,Southampton,0,0.12481280229985714,3.3735072165727615,3.00677952170372,EPL,2015,2015/16,2026-10-09T12:02:48+00:00,D
886,Ryan Shawcross,20,1698,0,0.7236680183559656,0,0.03869260102510452,8,1,2,1,D,Stoke,0,0.7236680183559656,1.7998740803450346,1.7998740803450346,EPL,2015,2015/16,2026-10-09T12:02:48+00:00,D
887,Erik Pieters,35,3101,0,0.1312969047576189,1,2.1706457482650876,5,19,10,0,D,Stoke,0,0.1312969047576189,9.07139937672764,8.080488102510571,EPL,2015,2015/16,2026-10-09T12:02:48+00:00,D
889,Shay Given,3,228,0,0,0,0,0,0,1,0,GK,Stoke,0,0,0.3371117915958166,0.3371117915958166,EPL,2015,2015/16,2026-10-09T12:02:48+00:00,GK
891,Leon Osman,9,206,0,0.13636259734630585,0,0,3,0,0,0,M S,Everton,0,0.13636259734630585,0.2803061977028847,0.2045574001967907,EPL,2015,2015/16,2026-10-09T12:02:48+00:00,M
892,Stephen Kingsley,4,357,0,0.016241900622844696,1,0.6693355739116669,1,2,0,0,D,Swansea,0,0.016241900622844696,0.9202796816825867,0.2651877924799919,EPL,2015,2015/16,2026-10-09T12:02:48+00:00,D
893,Sébastien Pocognoli,1,33,0,0,1,0.16966499388217926,0,2,0,0,S,West Bromwich Albion,0,0,0.16966499388217926,0.07335220277309418,EPL,2015,2015/16,2026-10-09T12:02:48+00:00,S
894,Andre Wisdom,10,827,0,0.1478172019124031,0,0.4556616060435772,2,4,1,0,D S,Norwich,0,0.1478172019124031,2.582524059340358,2.3602333534508944,EPL,2015,2015/16,2026-10-09T12:02:48+00:00,D
895,Mathieu Flamini,16,1084,0,1.114936726167798,0,0.12700709886848927,7,3,3,0,M S,Arsenal,0,1.114936726167798,4.503537509590387,3.279497493058443,EPL,2015,2015/16,2026-10-09T12:02:48+00:00,M
896,Jay Fulton,2,19,0,0,0,0,0,0,0,0,S,Swansea,0,0,0,0,EPL,2015,2015/16,2026-10-09T12:02:48+00:00,S
897,Juanmi,12,140,0,0.36240530014038086,0,0.22366949450224638,5,3,0,0,S,Southampton,0,0.36240530014038086,0.985959991812706,0.39988499879837036,EPL,2015,2015/16,2026-10-09T12:02:48+00:00,S
898,Obbi Oularé,2,2,0,0,0,0,0,0,0,0,S,Watford,0,0,0,0,EPL,2015,2015/16,2026-10-09T12:02:48+00:00,S
899,Kieran Richardson,11,722,0,0.15549749974161386,1,0.16375859826803207,7,4,4,0,D M S,Aston Villa,0,0.15549749974161386,0.8549431152641773,0.6551991123706102,EPL,2015,2015/16,2026-10-09T12:02:48+00:00,D
900,Adama Traoré,10,167,0,0.1319373995065689,1,0.08419380336999893,2,1,1,0,S,Aston Villa,0,0.1319373995065689,0.3410761021077633,0.12494489923119545,EPL,2015,2015/16,2026-10-09T12:02:48+00:00,S
901,Kevin Toner,4,313,0,0.0519183985888958,1,0.04867729917168617,1,1,0,0,D S,Aston Villa,0,0.0519183985888958,0.12069679703563452,0.12069679703563452,EPL,2015,2015/16,2026-10-09T12:02:48+00:00,D
902,Sam Byram,4,286,0,0,0,0.1970272921025753,0,2,3,0,D S,West Ham,0,0,0.26757609471678734,0.07054819911718369,EPL,2015,2015/16,2026-10-09T12:02:48+00:00,D
904,Chris Brunt,22,1802,0,0.6611344888806343,3,2.363816289231181,18,21,7,0,D M S,West Bromwich Albion,0,0.6611344888806343,2.2422037860378623,1.7052833708003163,EPL,2015,2015/16,2026-10-09T12:02:48+00:00,D
905,Marouane Chamakh,10,239,0,0.48428749293088913,0,0.17514710128307343,2,4,1,0,F S,Crystal Palace,0,0.48428749293088913,0.6829480901360512,0.08855319768190384,EPL,2015,2015/16,2026-10-09T12:02:48+00:00,F
906,Manu García,1,9,0,0,0,0,0,0,0,0,S,Manchester City,0,0,0,0,EPL,2015,2015/16,2026-10-09T12:02:48+00:00,S
908,Muhamed Besic,12,547,0,0.09823680203408003,0,0.43992059864103794,4,5,1,0,D M S,Everton,0,0.09823680203408003,0.7725062146782875,0.3412116002291441,EPL,2015,2015/16,2026-10-09T12:02:48+00:00,D
909,Brendan Galloway,15,1230,0,0.4483555927872658,1,0.5782207902520895,8,4,2,0,D S,Everton,0,0.4483555927872658,3.398559760302305,2.901043578982353,EPL,2015,2015/16,2026-10-09T12:02:48+00:00,D
910,Harrison Reed,1,9,0,0,0,0,0,0,0,0,S,Southampton,0,0,0,0,EPL,2015,2015/16,2026-10-09T12:02:48+00:00,S
914,Nabil Bentaleb,5,165,0,0.10239489749073982,0,0.031373798847198486,3,2,1,0,M S,Tottenham,0,0.10239489749073982,0.25851940363645554,0.1561249941587448,EPL,2015,2015/16,2026-10-09T12:02:48+00:00,M
916,Yoan Gouffran,8,220,0,0.3648428972810507,0,0.01938600093126297,3,1,0,0,M S,Newcastle United,0,0.3648428972810507,1.2028889767825603,0.8644790090620518,EPL,2015,2015/16,2026-10-09T12:02:48+00:00,M
920,Matthew Pennington,4,298,0,0.07906969636678696,0,0,2,0,1,0,D,Everton,0,0.07906969636678696,0.16033120080828667,0.14670360460877419,EPL,2015,2015/16,2026-10-09T12:02:48+00:00,D
921,Darron Gibson,7,236,0,0.038846300914883614,1,0.5095470063388348,2,4,3,0,M S,Everton,0,0.038846300914883614,2.534251995384693,2.0148770064115524,EPL,2015,2015/16,2026-10-09T12:02:48+00:00,M
922,Andreas Pereira,4,76,0,0,0,0.17609520629048347,0,3,2,0,S,Manchester United,0,0,0.09594599902629852,0.09594599902629852,EPL,2015,2015/16,2026-10-09T12:02:48+00:00,S
924,Steven Pienaar,4,115,0,0.07480040192604065,0,0.05050420016050339,2,1,0,0,S,Everton,0,0.07480040192604065,0.26565900444984436,0.14035500586032867,EPL,2015,2015/16,2026-10-09T12:02:48+00:00,S
925,Patrick Roberts,1,3,0,0,0,0,0,0,0,0,S,Manchester City,0,0,0,0,EPL,2015,2015/16,2026-10-09T12:02:48+00:00,S
927,Sebastián Coates,16,1231,0,0.47681649029254913,1,0.2198508009314537,6,2,4,0,D S,Sunderland,0,0.47681649029254913,2.01092541590333,1.8753804080188274,EPL,2015,2015/16,2026-10-09T12:02:48+00:00,D
928,Wes Brown,6,540,0,0,0,0,0,0,1,0,D,Sunderland,0,0,1.5405180603265762,1.5405180603265762,EPL,2015,2015/16,2026-10-09T12:02:48+00:00,D
931,Jordi Gómez,6,363,0,0.052657600492239,0,0.08031490352004766,2,2,0,0,M S,Sunderland,0,0.052657600492239,0.21269219741225243,0.19724339619278908,EPL,2015,2015/16,2026-10-09T12:02:48+00:00,M
932,Danny Graham,10,352,0,0.31507470458745956,0,0,4,0,0,0,F M S,Sunderland,0,0.31507470458745956,1.3842313960194588,1.1534624844789505,EPL,2015,2015/16,2026-10-09T12:02:48+00:00,F
933,Brede Hangeland,7,630,0,0.49242429807782173,0,0,5,0,2,0,D,Crystal Palace,0,0.49242429807782173,0.8568926062434912,0.8568926062434912,EPL,2015,2015/16,2026-10-09T12:02:48+00:00,D
937,João Teixeira,1,2,0,0,0,0,0,0,0,0,S,Liverpool,0,0,0,0,EPL,2015,2015/16,2026-10-09T12:02:48+00:00,S
942,Florian Thauvin,13,412,0,0.31052660197019577,0,0.6077729854732752,8,5,1,0,M S,Newcastle United,0,0.31052660197019577,1.1896824669092894,0.3465210050344467,EPL,2015,2015/16,2026-10-09T12:02:48+00:00,M
943,Massadio Haidara,7,554,0,0.046608200296759605,0,0.07469750195741653,3,2,1,0,D S,Newcastle United,0,0.046608200296759605,0.5517044104635715,0.44611601531505585,EPL,2015,2015/16,2026-10-09T12:02:48+00:00,D
944,Glen Johnson,25,2191,0,0.8090794961899519,3,3.0968168638646603,17,18,1,0,D,Stoke,0,0.8090794961899519,7.914552157744765,5.0396794425323606,EPL,2015,2015/16,2026-10-09T12:02:48+00:00,D
945,Marc Wilson,4,257,0,0,0,0.06554070115089417,0,1,0,0,D S,Stoke,0,0,0.4531539976596832,0.3876129984855652,EPL,2015,2015/16,2026-10-09T12:02:48+00:00,D
946,Marco van Ginkel,17,735,0,1.0349852070212364,0,0.11192620173096657,12,5,0,0,M S,Stoke,0,1.0349852070212364,2.4721310511231422,1.5785308051854372,EPL,2015,2015/16,2026-10-09T12:02:48+00:00,M
947,Víctor Ibarbo,4,60,0,0,0,0,0,0,0,0,S,Watford,0,0,0.017513500526547432,0.017513500526547432,EPL,2015,2015/16,2026-10-09T12:02:48+00:00,S
948,Alessandro Diamanti,3,60,0,0.014098400250077248,0,0.20077699422836304,1,2,0,0,S,Watford,0,0.014098400250077248,0.18985730409622192,0.17575930058956146,EPL,2015,2015/16,2026-10-09T12:02:48+00:00,S
949,Giedrius Arlauskis,1,22,0,0,0,0,0,0,0,0,S,Watford,0,0,0,0,EPL,2015,2015/16,2026-10-09T12:02:48+00:00,S
951,Phil Jones,10,524,0,0.058942899107933044,0,0,1,0,0,0,D S,Manchester United,0,0.058942899107933044,1.1276833098381758,1.0687404107302427,EPL,2015,2015/16,2026-10-09T12:02:48+00:00,D
952,Gastón Ramírez,3,25,0,0,1,0.97019281424582,0,2,0,0,S,Southampton,0,0,0,0,EPL,2015,2015/16,2026-10-09T12:02:48+00:00,S
953,Steven Caulker,6,149,0,0.19201359897851944,0,0.012579300440847874,3,1,0,0,D S,"Liverpool,Southampton",0,0.19201359897851944,0.27757759392261505,0.17492400109767914,EPL,2015,2015/16,2026-10-09T12:02:48+00:00,D
954,Kelvin Davis,1,90,0,0,0,0,0,0,0,0,GK,Southampton,0,0,0.0874164029955864,0.0874164029955864,EPL,2015,2015/16,2026-10-09T12:02:48+00:00,GK
956,Andrej Kramaric,2,18,0,0.4252740144729614,0,0.022471699863672256,1,1,0,0,S,Leicester,0,0.4252740144729614,0.4838533140718937,0.058579299598932266,EPL,2015,2015/16,2026-10-09T12:02:48+00:00,S
957,Yann Kermorgant,7,117,0,0.03292449936270714,0,0.026753300800919533,1,1,0,0,S,Bournemouth,0,0.03292449936270714,0.4358735103160143,0.4358735103160143,EPL,2015,2015/16,2026-10-09T12:02:48+00:00,S
958,Tokelo Rantie,3,33,0,0.10429999977350235,0,0.019656699150800705,1,1,0,0,S,Bournemouth,0,0.10429999977350235,0.4992455095052719,0.3752889111638069,EPL,2015,2015/16,2026-10-09T12:02:48+00:00,S
960,Clinton N&#039;Jie,8,171,0,0.3994066081941128,1,0.6547431712970138,6,2,0,0,S,Tottenham,0,0.3994066081941128,1.14137801527977,0.13442499935626984,EPL,2015,2015/16,2026-10-09T12:02:48+00:00,S
961,Jordan Amavi,10,835,0,0.09508189931511879,2,0.8446443090215325,5,7,2,0,D S,Aston Villa,0,0.09508189931511879,1.3680443912744522,0.5126461032778025,EPL,2015,2015/16,2026-10-09T12:02:48+00:00,D
962,José Ángel Crespo,1,90,0,0,0,0,0,0,0,0,D,Aston Villa,0,0,0,0,EPL,2015,2015/16,2026-10-09T12:02:48+00:00,D
963,Eder,13,253,0,0.22083179652690887,0,0.12571940012276173,5,3,0,0,F S,Swansea,0,0.22083179652690887,0.717600105330348,0.5461306106299162,EPL,2015,2015/16,2026-10-09T12:02:48+00:00,F
964,Kyle Bartley,5,283,0,0.11614140123128891,0,0.07690589874982834,2,1,2,0,D S,Swansea,0,0.11614140123128891,0.3558361940085888,0.3558361940085888,EPL,2015,2015/16,2026-10-09T12:02:48+00:00,D
965,Santiago Cazorla,15,1297,0,1.8686606083065271,3,4.38658672105521,24,38,2,1,M,Arsenal,0,1.1074920073151588,11.918342888355255,10.464280039072037,EPL,2015,2015/16,2026-10-09T12:02:48+00:00,M
967,Mathieu Debuchy,2,147,0,0.028445400297641754,0,0.017912400886416435,1,1,0,0,D,Arsenal,0,0.028445400297641754,0.5083019882440567,0.4798559844493866,EPL,2015,2015/16,2026-10-09T12:02:48+00:00,D
970,Mikel Arteta,9,157,0,0.516431987285614,0,0.4725930094718933,1,1,1,0,S,Arsenal,0,0.516431987285614,1.9849794134497643,1.4685523733496666,EPL,2015,2015/16,2026-10-09T12:02:48+00:00,S
973,Paulo Gazzaniga,2,180,0,0,0,0,0,0,0,0,GK,Southampton,0,0,0.020872600376605988,0.020872600376605988,EPL,2015,2015/16,2026-10-09T12:02:48+00:00,GK
974,Yohan Benalouane,4,56,0,0,0,0,0,0,1,0,S,Leicester,0,0,0.025469999760389328,0.025469999760389328,EPL,2015,2015/16,2026-10-09T12:02:48+00:00,S
975,Lee Tomlin,6,298,0,0.208229199051857,0,0.497168704867363,5,7,1,0,M S,Bournemouth,0,0.208229199051857,0.7405246086418629,0.09621739946305752,EPL,2015,2015/16,2026-10-09T12:02:48+00:00,M
977,Tyias Browning,5,299,0,0.22059129923582077,0,0.03941100090742111,2,2,1,0,D S,Everton,0,0.22059129923582077,0.9883925020694733,0.9489815030246973,EPL,2015,2015/16,2026-10-09T12:02:48+00:00,D
981,Kyle Lafferty,1,10,0,0,0,0,0,0,0,0,S,Norwich,0,0,0.015409399755299091,0.015409399755299091,EPL,2015,2015/16,2026-10-09T12:02:48+00:00,S
982,Tim Krul,8,720,0,0,0,0,0,0,0,0,GK,Newcastle United,0,0,0.10725149512290955,0.10725149512290955,EPL,2015,2015/16,2026-10-09T12:02:48+00:00,GK
983,Kevin Mbabu,3,147,0,0.018361499533057213,0,0.10677500069141388,1,1,0,0,D S,Newcastle United,0,0.018361499533057213,0.18000580370426178,0.16164430230855942,EPL,2015,2015/16,2026-10-09T12:02:48+00:00,D
987,Joseph Gomez,5,442,0,0.012446500360965729,1,0.08901439979672432,1,3,3,0,D,Liverpool,0,0.012446500360965729,0.8648072108626366,0.789442203938961,EPL,2015,2015/16,2026-10-09T12:02:48+00:00,D
988,Jordan Rossiter,1,13,0,0,0,0,0,0,0,0,S,Liverpool,0,0,0.055675800889730453,0.055675800889730453,EPL,2015,2015/16,2026-10-09T12:02:48+00:00,S
992,James Wilson,1,6,0,0,0,0,0,0,0,0,S,Manchester United,0,0,0,0,EPL,2015,2015/16,2026-10-09T12:02:48+00:00,S
993,Serge Gnabry,1,10,0,0.05847230181097984,0,0.01400769967585802,2,1,0,0,S,West Bromwich Albion,0,0.05847230181097984,0.03067909926176071,0,EPL,2015,2015/16,2026-10-09T12:02:48+00:00,S
998,Ivan Toney,2,6,0,0,0,0,0,0,0,0,S,Newcastle United,0,0,0,0,EPL,2015,2015/16,2026-10-09T12:02:48+00:00,S
999,Joseph Dodoo,1,17,0,0,0,0,0,0,0,0,S,Leicester,0,0,0,0,EPL,2015,2015/16,2026-10-09T12:02:48+00:00,S
1001,Peter Odemwingie,5,89,0,0.09148639999330044,0,0,2,0,0,0,S,Stoke,0,0.09148639999330044,0.10960070043802261,0.018114300444722176,EPL,2015,2015/16,2026-10-09T12:02:48+00:00,S
1006,Luke Shaw,5,450,0,0.06924629956483841,1,0.6791073977947235,1,4,1,0,D,Manchester United,0,0.06924629956483841,1.3790598697960377,0.7020638547837734,EPL,2015,2015/16,2026-10-09T12:02:48+00:00,D
1007,Steve Sidwell,1,10,0,0,0,0,0,0,0,0,S,Stoke,0,0,0.08865729719400406,0.08865729719400406,EPL,2015,2015/16,2026-10-09T12:02:48+00:00,S
1010,Gary Hooper,2,9,0,0.05795539915561676,0,0,1,0,0,0,S,Norwich,0,0.05795539915561676,0.0858817994594574,0.027926400303840637,EPL,2015,2015/16,2026-10-09T12:02:48+00:00,S
1011,Bradley Johnson,4,144,0,0.7982524037361145,0,0.048721399158239365,10,2,0,0,M S,Norwich,0,0.7982524037361145,0.4015931971371174,0.11377590149641037,EPL,2015,2015/16,2026-10-09T12:02:48+00:00,M
1013,Sam Field,1,1,0,0,0,0,0,0,0,0,S,West Bromwich Albion,0,0,0,0,EPL,2015,2015/16,2026-10-09T12:02:48+00:00,S
1014,Tyler Roberts,1,15,0,0.15334799885749817,0,0,1,0,1,0,S,West Bromwich Albion,0,0.15334799885749817,0,0,EPL,2015,2015/16,2026-10-09T12:02:48+00:00,S
1015,Rushian Hepburn-Murphy,1,1,0,0,0,0,0,0,0,0,S,Aston Villa,0,0,0,0,EPL,2015,2015/16,2026-10-09T12:02:48+00:00,S
1018,Josh Cullen,1,1,0,0,0,0,0,0,0,0,S,West Ham,0,0,0,0,EPL,2015,2015/16,2026-10-09T12:02:48+00:00,S
1022,Pedro Chirivella,1,47,0,0,0,0,0,0,0,0,M,Liverpool,0,0,0.05236930027604103,0.05236930027604103,EPL,2015,2015/16,2026-10-09T12:02:48+00:00,M
1023,Cameron Brannagan,3,110,0,0.07124289870262146,0,0.6725328154861927,1,3,0,0,M S,Liverpool,0,0.07124289870262146,0.8265926763415337,0.8151228725910187,EPL,2015,2015/16,2026-10-09T12:02:48+00:00,M
1024,Tyrone Mings,1,11,0,0,0,0,0,0,0,0,S,Bournemouth,0,0,0,0,EPL,2015,2015/16,2026-10-09T12:02:48+00:00,S
1026,Libor Kozák,4,255,0,0.47155241668224335,0,0.11947640031576157,6,3,0,0,F S,Aston Villa,0,0.47155241668224335,0.40773991122841835,0,EPL,2015,2015/16,2026-10-09T12:02:48+00:00,F
1028,Kevin Nolan,2,59,0,0,0,0,0,0,0,0,F S,West Ham,0,0,0.08250679820775986,0.08250679820775986,EPL,2015,2015/16,2026-10-09T12:02:48+00:00,F
1031,Tony Hibbert,1,43,0,0.05855720117688179,0,0,1,0,0,0,S,Everton,0,0.05855720117688179,0.17723600566387177,0.1186790019273758,EPL,2015,2015/16,2026-10-09T12:02:48+00:00,S
1032,Kieran Dowell,2,74,0,0,0,0.051129300147295,0,1,0,0,M S,Everton,0,0,0.08104240149259567,0.08104240149259567,EPL,2015,2015/16,2026-10-09T12:02:48+00:00,M
1034,Adam Matthews,1,33,0,0,0,0,0,0,0,0,S,Sunderland,0,0,1.0374900102615356,1.0374900102615356,EPL,2015,2015/16,2026-10-09T12:02:48+00:00,S
1036,Jack Wilshere,3,141,0,0.31812000274658203,0,0.11653199791908264,1,1,0,0,M S,Arsenal,0,0.31812000274658203,0.8949851989746094,0.460332989692688,EPL,2015,2015/16,2026-10-09T12:02:48+00:00,M
1037,Cameron Borthwick-Jackson,10,693,0,0.014882500283420086,1,1.0451586116105318,1,7,0,0,D M S,Manchester United,0,0.014882500283420086,4.274606481194496,4.099311405792832,EPL,2015,2015/16,2026-10-09T12:02:48+00:00,D
1042,Tom Davies,2,94,0,0.051129300147295,0,0,1,0,0,0,M S,Everton,0,0.051129300147295,0.2853834917768836,0.23425449337810278,EPL,2015,2015/16,2026-10-09T12:02:48+00:00,M
1043,Callum Connolly,1,33,0,0,0,0,0,0,0,0,S,Everton,0,0,0.01545449998229742,0.01545449998229742,EPL,2015,2015/16,2026-10-09T12:02:48+00:00,S
1045,Matt Grimes,1,90,0,0.0164778009057045,0,0.022287599742412567,1,1,0,0,M,Swansea,0,0.0164778009057045,0.022287599742412567,0,EPL,2015,2015/16,2026-10-09T12:02:48+00:00,M
1046,George Honeyman,1,37,0,0,0,0.06804429739713669,0,1,0,0,S,Sunderland,0,0,0.06804429739713669,0,EPL,2015,2015/16,2026-10-09T12:02:48+00:00,S
1047,Will Keane,1,1,0,0,0,0,0,0,0,0,S,Manchester United,0,0,0,0,EPL,2015,2015/16,2026-10-09T12:02:48+00:00,S
1048,Donald Love,1,54,0,0,0,0,0,0,0,0,S,Manchester United,0,0,0.022390099242329597,0.022390099242329597,EPL,2015,2015/16,2026-10-09T12:02:48+00:00,S
1050,Ryan Allsop,1,41,0,0,0,0,0,0,0,0,S,Bournemouth,0,0,0,0,EPL,2015,2015/16,2026-10-09T12:02:48+00:00,S
1054,Bersant Celina,1,11,0,0,1,0.25564199686050415,0,2,0,0,S,Manchester City,0,0,0.08173099905252457,0.08173099905252457,EPL,2015,2015/16,2026-10-09T12:02:48+00:00,S
1059,Hiram Boateng,1,17,0,0.0218455009162426,0,0,1,0,0,0,S,Crystal Palace,0,0.0218455009162426,0.0218455009162426,0,EPL,2015,2015/16,2026-10-09T12:02:48+00:00,S
1060,Jonathan Williams,1,8,0,0,0,0,0,0,0,0,S,Crystal Palace,0,0,0,0,EPL,2015,2015/16,2026-10-09T12:02:48+00:00,S
1066,Charles N&#039;Zogbia,2,39,0,0,0,0,0,0,0,0,S,Aston Villa,0,0,0,0,EPL,2015,2015/16,2026-10-09T12:02:48+00:00,S
1070,Sullay Kaikai,1,42,0,0.1263190060853958,0,0.36958301067352295,3,2,0,0,S,Crystal Palace,0,0.1263190060853958,0.18547800183296204,0.0341717004776001,EPL,2015,2015/16,2026-10-09T12:02:48+00:00,S
1072,Nick Powell,1,14,0,0,0,0,0,0,0,0,S,Manchester United,0,0,0,0,EPL,2015,2015/16,2026-10-09T12:02:48+00:00,S
1078,Sergi Canos,1,7,0,0,0,0,0,0,0,0,S,Liverpool,0,0,0,0,EPL,2015,2015/16,2026-10-09T12:02:48+00:00,S
1079,Thomas Robson,1,90,0,0,0,0,0,0,0,0,D,Sunderland,0,0,0.09102849662303925,0.09102849662303925,EPL,2015,2015/16,2026-10-09T12:02:48+00:00,D
1080,Rees Greenwood,1,53,0,0,0,0.022984100505709648,0,1,0,0,M,Sunderland,0,0,0.6708940267562866,0.6708940267562866,EPL,2015,2015/16,2026-10-09T12:02:48+00:00,M
1084,Jonjoe Kenny,1,62,0,0.09364970028400421,0,0,1,0,0,0,S,Everton,0,0.09364970028400421,0.09364970028400421,0,EPL,2015,2015/16,2026-10-09T12:02:48+00:00,S
1089,Juan Cuadrado,1,22,0,0.03935319930315018,0,0,1,0,0,0,S,Chelsea,0,0.03935319930315018,0.03935319930315018,0,EPL,2015,2015/16,2026-10-09T12:02:48+00:00,S
